idLU,lemmaName(en),senseDescription(en),idFrame,frameName,idPOS,lemmaName(pt),senseDescription(pt),idLemma(pt)
16412,ersatz,"COD: not real or genuine",760,Artificiality,84,ersatzo,"COD: não real ou genuíno",
16413,phoney,"COD: a fraudulent person or thing. ",760,Artificiality,83,falso,"COD: uma pessoa ou coisa fraudulenta.",
16414,pseudo,"COD: not genuine; fake, pretentious, or insincere. ",760,Artificiality,84,pseudo,"COD: não genuíno; falso, presunçoso ou insincero.",
16415,phoney,"COD: not genuine. ",760,Artificiality,84,Falso.,"COD: não genuíno.",
16418,true,"FN: Not false; Genuine, real, actual",760,Artificiality,84,Verdadeiro.,"FN: Não falso; Genuíno, real, atual",
16419,disingenuous,"FN: having a character that misleads a perceiver as to implications.",760,Artificiality,84,desonesto,"FN: ter um personagem que engana um percepción quanto a implicações.",
33743,actually,"In the real state of affairs.",760,Artificiality,89,"na verdade","No estado das coisas.",
33758,unrealistic,"Unrelated to reality.",760,Artificiality,84,Irrealista,"Desconectado da realidade.",
16420,falsify,"FN: to produce a fake",761,Forging,86,falsificar,"FN: para produzir uma falsificação",
16421,counterfeit,"FN: to create a forgery of an object, usually art or money, intending to pass it off as original",761,Forging,86,falso,"FN: criar uma falsificação de um objeto, geralmente arte ou dinheiro, com a intenção de passá-lo como original",
16422,forge,"COD: produce a fraudulent copy or imitation of.",761,Forging,86,falso,"COD: produz uma cópia fraudulenta ou imitação de.",
16423,fake,"FN: to produce a forgery intending to pass it off as the original",761,Forging,86,falso,"FN: produzir uma falsificação com a intenção de passar como sendo o original",
16425,forgery,"FN: the act of producing a fraudulent copy or imitation of (a banknote, work of art, etc.).",761,Forging,83,falsificação,"FN: o ato de produzir uma cópia fraudulenta ou imitação de (uma nota bancária, obra de arte, etc.).",
16426,forgery,"FN: a fraudulent copy or imitation of (a banknote, work of art, etc.). ",761,Forging,83,falsificação,"FN: cópia fraudulenta de (uma nota bancária, obra de arte, etc.).",
16427,fake,"COD: a person or thing that is not genuine. ",761,Forging,83,falso,"COD: uma pessoa ou coisa que não é genuína.",
16429,impersonate,"COD: pretend to be (another person) for entertainment or fraud",762,Posing_as,86,imitar,"COD: fingir ser (outra pessoa) para entretenimento ou fraude",
16430,masquerade,"COD: pretend to be someone that one is not.",762,Posing_as,86,masquerading,"COD: fingir ser alguém que não se é.",
16431,impersonation,"FN: pretense of being (another person) for entertainment or fraud",762,Posing_as,83,imitação,"FN: pretexto de ser (outra pessoa) para entretenimento ou fraude",
16434,"palm off","COD: sell or dispose of something by misrepresentation or fraud.",763,Passing_off,86,Palmejar,"COD: vender ou se livrar de algo por meio de representação ou fraude.",
16435,imitate,"FN: to behave in a way characteristic of",764,Imitating,86,imitar,"FN: para se comportar de uma maneira característica de",
16436,mimic,"COD: imitate in order to entertain or ridicule.",764,Imitating,86,imitador,"COD: imitar para entreter ou ridicularizar.",
16437,ape,"COD: imitate, especially in an absurd or unthinking way.",764,Imitating,86,ape,"COD: imitar, especialmente de uma maneira absurda ou sem pensamento.",
16438,copy,"COD: imitate the behaviour or style of.",764,Imitating,86,copiar,"COD: imitar o comportamento ou estilo de.",
16443,camouflage,"FN: hide by blending the Hidden_object in with its surroundings",765,Hiding_objects,86,camuflagem,"FN: esgueirear-se misturando o Objeto_oculto com os arredores",
16447,"from to","FN: indicating extreme points of a range.",766,Delimitation_of_diversity,96,"de para","FN: indicando pontos extremos de um intervalo.",
16448,awake,"COD: not asleep.",767,Being_awake,84,acordar,"COD: não dormindo.",
16450,wakeful,"COD: unable or not needing to sleep.",767,Being_awake,84,vigilante,"COD: incapaz ou não necessitando de dormir.",
16452,activate,"COD: make active or operative.",774,Change_operational_state,86,ativar,"COD: faça ativo ou operacional.",
16455,boot,"COD: start (a computer) and put it into a state of readiness for operation.",774,Change_operational_state,86,botas,"COD: iniciar (um computador) e colocá-lo em um estado de prontidão para operação.",
16456,"shut off","FN: turning off, making non-operational",774,Change_operational_state,86,desligue,"FN: desligando, tornando não operacional",
16460,"cut off","FN: cause to stop being in operational.",774,Change_operational_state,86,cortou,"FN: causar para parar de estar em operação.",
34057,fun,"The feeling of pleasure or amusement.",779,Emotions,83,divertido,"O sentimento de prazer ou diversão.",
16463,synopsis,"COD: a brief summary of something.",780,Summarizing,83,sinopse,"COD: uma breve descrição de algo.",
16464,"boil down","FN: give a concise summary.",780,Summarizing,86,"reduzir a um líquido","Forneça um resumo conciso.",
16465,outline,"COD: give a summary of.",780,Summarizing,86,esboço,"COD: fornecer um resumo de.",
16467,undergo,"COD: experience or be subjected to (something unpleasant or arduous).",782,Undergoing,86,submeter-se,"COD: experiência ou ser submetido a (algo desagradável ou árduo).",
16473,institute,"FN: implement something",783,Execute_plan,86,instituto,"FN: implementar algo",
16476,lease,"COD: take (property) on lease; rent. ",785,Renting,86,"contrato de arrendamento","COD: tomar (propriedade) em arrendamento; alugar.",
16478,charter,"COD: hire (an aircraft, ship, or motor vehicle).",785,Renting,86,charter,"COD: contratar (uma aeronave, navio ou veículo motorizado).",
16480,lease,"COD:  grant (property) on lease; let. ",786,Renting_out,86,locação,"COD: concessão (propriedade) por locação; deixar.",
16484,trustworthy,"COD: able to be relied on as honest, truthful, or reliable.",787,Trust,84,"Confiante e confiável","COD: capaz de ser confiável como honesto, verdadeiro ou confiável.",
16485,credulous,"FN: having a tendency to believe that a state of affairs exists without adequate evidence",787,Trust,84,crédulo,"FN: tendo uma tendência a acreditar que um estado de coisas existe sem evidências adequadas",
16487,reliability,"FN: degree to which (something) should be believed.",787,Trust,83,Confiabilidade,"FN: grau em que (algo) deve ser acreditado.",
16491,gullible,"FN: having a tendency to trust a person too readily; easy to deceive",787,Trust,84,"Fácil de enganar","F: tendência em confiar facilmente em uma pessoa; fácil de enganar",
16494,enlist,"FN: join a group, especially a military organization.",788,Becoming_a_member,86,listar,"FN: juntar-se a um grupo, especialmente uma organização militar.",
16495,enroll,"FN: to enter a group, especially by signing up.",788,Becoming_a_member,86,inscrever-se,"FN: para entrar em um grupo, especialmente se inscrevendo-se.",
16496,"sign up","FN: to agree to be a member of a group.",788,Becoming_a_member,86,Inscreva-se,"FN: concordar em ser membro de um grupo.",
16503,terrorist,"COD: a person who uses violence and intimidation in the pursuit of political aims.",790,Terrorism,83,terrorista,"COD: uma pessoa que utiliza violência e intimidação na busca de objetivos políticos.",
