idLU,lemmaName(en),senseDescription(en),idFrame,frameName,idPOS,lemmaName(pt),senseDescription(pt),idLemma(pt)
11553,plenty,"COD: a large or sufficient amount or quantity; more than enough. ",314,Sufficiency,83,muito,"COD: uma grande ou quantidade suficiente; mais do que o suficiente.",
11554,plenty,"COD: fully; sufficiently. ",314,Sufficiency,89,muita,"COD: totalmente; suficientemente.",
11555,plenty,"FN: more than adequate amount or supply",314,Sufficiency,84,muita,"FN: quantidade ou abastecimento mais do que suficiente",
11556,ample,"COD: enough or more than enough; plentiful. ",314,Sufficiency,84,ampla,"COD: suficiente ou mais do que suficiente; abundante.",
3481,traveling,"the movement of people between relatively distant geographical locations, and can involve travel by foot, bicycle, automobile, train, boat, airplane, or other means, with or without luggage, and can be one way or round trip.",315,Travel,83,viajar,"o movimento de pessoas entre locais geográficos relativamente distantes, e pode envolver viagens a pé, de bicicleta, de automóvel, de trem, de barco, de avião ou por outros meios, com ou sem bagagem, e pode ser de ida única ou de ida e volta.",
3482,journeying,"a set amount of travelling, seen as a single unit, a discrete trip, a voyage.",315,Travel,83,"A jornada","Uma quantidade fixa de viagens, vista como uma unidade única, uma viagem discreta, uma viagem.",
3483,"road travel","a road travel is a travel taken on roads.",315,Travel,83,"viagem de carro","A viagem de carro é uma viagem feita por estradas.",
3484,"road trip","a road trip is a journey taken on roads.",315,Travel,83,"viagem de carro","Uma viagem de carro é uma jornada feita em estradas.",
11569,commute,"COD: travel some distance between one' s home and place of work on a regular basis. ",315,Travel,86,comutação,"COD: viajar uma certa distância entre sua casa e seu local de trabalho com regularidade.",
11572,tour,"FN: make a journey for pleasure to several locations",315,Travel,86,tournée,"FN: fazer uma viagem de lazer para vários locais",
11576,junket,"COD:  an extravagant trip, especially one by an official at public expense",315,Travel,83,"jantar de gala","COD: uma viagem extravagante, especialmente por um funcionário público",
11581,flatten,"COD: make flat or flatter.",316,Reshaping,86,Aplanar,"COD: fazer plano ou mais plano.",
11582,crumple,"COD: crush or become crushed so as to become creased and wrinkled",316,Reshaping,86,amassado,"COD: esmagar ou ser esmagado de forma a ficar enrugado e marcado",
11583,squish,"COD: squash.",316,Reshaping,86,Esquisquice,"COD: abacaxi.",
11585,squash,"COD: crush or squeeze (something)so that it becomes flat, soft, or out of shape. ",316,Reshaping,86,espinho,"COD: esmagar ou apertar (algo) de modo que fique achatado, macio ou fora de forma.",
11586,crush,"COD: deform by compressing forcefully or crease or crumple (cloth or paper)",316,Reshaping,86,crush,"COD: deformar ao comprimir com força ou dobrar ou amassar (tecido ou papel)",
11587,warp,"COD: cause to become bent or twisted out of shape, typically from the action of heat or damp. ",316,Reshaping,86,fuso,"COD: causar que se torne dobrado ou torcido fora de forma, tipicamente a partir da ação do calor ou umidade.",
11593,deformation,"FN: causing something to change from its original shape, usually with negative consequences",316,Reshaping,83,deformação,"FN: causar algo mudar de sua forma original, geralmente com consequências negativas",
11594,bend,"FN: to apply force to something causing it to become curved",316,Reshaping,86,curvatura,"FN: aplicar força em algo causando-lhe uma curvatura",
11597,drip,"COD: fall in small drops. ",317,Fluidic_motion,86,gotejar,"COD: cair em gotas pequenas.",
11600,trickle,"COD: flow in a small stream.",317,Fluidic_motion,86,gotejar,"COD: fluxo em um pequeno riacho.",
11601,gush,"COD: send out or flow in a rapid and plentiful stream.",317,Fluidic_motion,86,gotejar,"COD: enviar ou fluir em um fluxo rápido e abundante.",
11604,splash,"COD: fall or be scattered in drops. ",317,Fluidic_motion,86,Splash,"COD: cair ou se espalhar em gotas.",
11606,seep,"COD: (of a liquid) flow or leak slowly through porous material or small holes. ",317,Fluidic_motion,86,permear,"COD: (de um líquido) escorrer ou vazar lentamente através de materiais porosos ou pequenos buracos.",
11607,ooze,"COD: (of a fluid) slowly trickle or seep out. ",317,Fluidic_motion,86,Ooze,"COD: (de um fluido) gotejar ou escorrer lentamente.",
11608,percolate,"COD: filter through a porous surface or substance. ",317,Fluidic_motion,86,percolar,"COD: filtrar através de uma superfície ou substância porosa.",
11613,squirt,"FN: (of a liquid) move rapidly in a stream out of tightly confining container.",317,Fluidic_motion,86,Esguicha,"FN: (de um líquido) mover-se rapidamente em um fluxo de um recipiente confinante apertado.",
11614,spurt,"COD: gush out in a sudden stream. ",317,Fluidic_motion,86,Sprout,"COD: jorrar-se em um fluxo repentino.",
11615,spout,"COD: issue forcibly in a stream. ",317,Fluidic_motion,86,"Boca de água","COD: emitir um som de forma forçada em um fluxo.",
11616,rush,"COD: (of air or a liquid) flow strongly.",317,Fluidic_motion,86,Apressar-se,"COD: (de ar ou líquido) fluir fortemente.",
11618,purl,"COD: flow with a swirling motion and babbling sound. ",317,Fluidic_motion,86,Purl,"COD: fluir com um movimento giratório e som borbulhante.",
11619,spill,"COD: flow over the edge of its container. ",317,Fluidic_motion,86,derramar,"COD: fluxo sobre o limite de seu recipiente.",
11620,stream,"COD: (of liquid) run in a continuous flow. ",317,Fluidic_motion,86,transmissão,"COD: (de líquido) correr em um fluxo contínuo.",
11621,hiss,"FN: (for air) to move producing a sharp sibilant sound",317,Fluidic_motion,86,Sussurro,"FN: (para ar) mover-se produzindo um som agudo e estridente",
11622,pump,"FN: to move in sudden bursts as though caused by a pump",317,Fluidic_motion,86,bombas,"FN: mover-se em explosões repentinas como se fosse causado por uma bomba",
11623,splatter,"FN: to splash",317,Fluidic_motion,86,esguicho,"FN: para dar um mergulho",
11626,rancid,"COD: (of foods containing fat or oil) smelling or tasting unpleasant as a result of being stale",318,Being_rotted,84,rancido,"COD: (de alimentos contendo gordura ou óleo) com cheiro ou gosto desagradável devido ao fato de estarem estragados",
11627,decayed,"FN: rotten",318,Being_rotted,84,decomposição,"FN: podre",
11632,avenger,"FN: a person who takes vengeance for some wrong suffered on their own or somebody else' s behalf",319,Revenge,83,Vingador,"FN: uma pessoa que toma vingança por algum mal sofrido em sua própria ou outra pessoa",
11634,retaliate,"COD: make an attack or assault in return for a similar attack. ",319,Revenge,86,retaliar,"COD: fazer um ataque ou assalto em retorno por um ataque semelhante.",
11637,vengeful,"COD: seeking to harm someone in return for a perceived injury.",319,Revenge,84,Vingativo,"COD: buscando prejudicar alguém em retribuição a uma lesão percebida.",
11638,vindictive,"COD: having or showing a strong or unreasoning desire for revenge",319,Revenge,84,Vindictivo,"COD: tendo ou mostrando um forte ou irracional desejo de vingança",
11639,retribution,"COD: punishment inflicted in the spirit of moral outrage or personal vengeance",319,Revenge,83,retribuição,"COD: punição infligida no espírito de indignação moral ou vingança pessoal",
11640,retaliation,"COD: an attack or assault in return for a similar attack.",319,Revenge,83,revancha,"COD: um ataque ou assalto em retorno por um ataque semelhante.",
11642,revengeful,"COD: eager for revenge. ",319,Revenge,84,vindativo,"COD: ansioso por vingança.",
