idLU,lemmaName(en),senseDescription(en),idFrame,frameName,idPOS,lemmaName(pt),senseDescription(pt),idLemma(pt)
34332,infusion,"A mass created, usually by mixing a solid with a hot liquid.",458,Amalgamation,83,infusão,"A massa criada, geralmente misturando um sólido com um líquido quente.",
14149,alert,"FN: quick to notice and respond",459,Attention,84,alerta,"FN: rápido para notar e responder",
14153,closely,"FN: with full attention.",459,Attention,89,"de perto","FN: com toda a atenção.",
14154,close,"COD: of observation or examination) done in a careful and thorough way",459,Attention,84,Fechar,"(COD: observação ou exame) feito de forma cuidadosa e minuciosa",
14155,"keep a eye","FN: closely watch",459,Attention,86,"Mantenha um olho","FN: observar de perto",
14156,ignore,"FN: to deliberately pay no attention to something",459,Attention,86,Ignore,"FN: não prestar atenção propositadamente em algo",
14157,locate,"FN: to discover the exact of an entity",460,Locating,86,localize,"FN: descobrir o exato de uma entidade",
34386,"get lost","To be unable to find one's position.",460,Locating,86,"Passe longe!","Não conseguir encontrar sua posição.",
34444,"track down","To search and find something.",460,Locating,86,rastrear,"Procurar e encontrar algo.",
14159,"come into the world","FN: be born.",461,Being_born,86,"Vem ao mundo.","FN: nascer.",
14160,born,"FN: existing as a result of birth.",461,Being_born,86,nascido,"FN: existir como resultado do nascimento.",
14162,grimace,"FN: contort one' s face in an expressive way",462,Making_faces,86,Grimace,"FN: distorção do rosto de forma expressiva",
14164,pout,"COD: push one' s lips or bottom lip forward as an expression of petulant annoyance or in order to make oneself look sexually attractive. ",462,Making_faces,86,pout,"COD: empurrar os lábios ou o lábio inferior para frente como uma expressão de irritação caprichosa ou para se tornar sexualmente atraente.",
14165,scowl,"COD: frown in an angry or bad-tempered way.",462,Making_faces,86,carrancha,"COD: franzir o cenho de maneira irritada ou com mau humor.",
14166,smile,"COD: form one' s features into a pleased, friendly, or amused expression, with the corners of the mouth turned up.",462,Making_faces,86,Sorria,"COD: formar um sorriso de satisfação, amizade ou diversão, levantando os cantos da boca.",
14167,smirk,"COD: smile in an irritatingly smug or silly way.",462,Making_faces,86,Smirk,"COD: sorria de uma forma irritantemente arrogante ou boba.",
14175,representation,"COD: an image, model, or other depiction of something.",463,Communicate_categorization,83,representação,"COD: uma imagem, modelo ou outra representação de algo.",
14178,redefine,"COD: define again or differently.",463,Communicate_categorization,86,redefine,"COD: define de novo ou de maneira diferente.",
14179,redefinition,"COD: redefinition is a derivative of redefine",463,Communicate_categorization,83,redefinição,"COD: redefinição é um derivado de redefinir",
14180,characterization,"COD: characterization is a derivative of characterize",463,Communicate_categorization,83,caracterização,"COD: caracterização é um derivado de caracterizar",
14182,paint,"COD: give a description of (something).",463,Communicate_categorization,86,pinte,"COD: dar uma descrição de (algo).",
14183,cast,"FN: portray",463,Communicate_categorization,86,cast,"FN: retratar",
14184,"make out to be","FN: to porttay something as being in a specified category",463,Communicate_categorization,86,"fazer parecer","FN: retratar algo como sendo de uma categoria especificada",
14185,chill,"COD: make cold. ",464,Change_of_temperature,86,fria,"COD: fazer frio.",
14186,cool,"FN: reach or approach a fairly low temperature",464,Change_of_temperature,86,legal,"FN: atingir ou se aproximar de uma temperatura relativamente baixa",
14189,reheat,"FN: to become warm once again by being subjected to an energy source which gives out heat",464,Change_of_temperature,86,reaquecer,"FN: para se aquecer novamente ao ser submetido a uma fonte de energia que emite calor",
14191,"cool off","FN: cause a relative decrease in temperature",464,Change_of_temperature,86,Acalme-se.,"FN: causa um relativo diminuição da temperatura",
14192,win,"COD: a victory, especially in a game or contest",465,Finish_competition,83,vencer,"COD: uma vitória, especialmente em um jogo ou competição",
14193,victorious,"COD: having won a victory; triumphant",465,Finish_competition,84,vencedor,"COD: tendo conquistado uma vitória; triunfante",
14199,tie,"COD:  a result in a game or match in which two or more competitors have tied",465,Finish_competition,83,amarrar,"COD: resultado de um jogo ou partida em que dois ou mais competidores empataram",
14201,draw,"COD: a game or match that ends with the scores even.",465,Finish_competition,83,desenhar,"COD: um jogo ou partida que termina com os pontuações empatados.",
14205,blare,"FN: cause to make a loud harsh sound",466,Cause_to_make_noise,86,Blare,"FN: causar um som alto e estridente",
14207,clang,"FN: cause to make a resonant metallic sound",466,Cause_to_make_noise,86,clang,"FN: causar um som metálico ressonante",
14210,tinkle,"FN: cause to make a light, clear ringing sound.",466,Cause_to_make_noise,86,Tinklar,"FN: causar um som claro e apito.",
14212,ringer,"FN: a person who rings something.",466,Cause_to_make_noise,83,"Aviso de chamada","FN: uma pessoa que toca algo.",
14213,ring,"COD: cause to make a clear resonant or vibrating sound",466,Cause_to_make_noise,86,anel,"COD: causar um som claro, ressonante ou vibrante",
14215,honk,"FN: cause to emit a honk.",466,Cause_to_make_noise,86,"Fazer barulho com o carro.","FN: causar um apito.",
14216,toot,"FN: cause to make a toot.",466,Cause_to_make_noise,86,toar,"FN: causa para fazer um toot.",
14217,beep,"FN: to cause something to emit a short, high-pitched sound",466,Cause_to_make_noise,86,beeper,"FN: causar algo emitir um som agudo e curto",
14218,clash,"FN: to strike objects together, causing a loud noise",466,Cause_to_make_noise,86,clash,"FN: bater objetos juntos, causando um barulho alto",
14220,toll,"FN: to ring a bell repeatedly ",466,Cause_to_make_noise,86,toll,"FN: tocar um sino repetidamente",
14221,trumpet,"FN: to cause something to make a loud sound, as of a trumpet",466,Cause_to_make_noise,86,trompete,"FN: fazer algo produzir um som alto, como de uma trombeta",
14222,splash,"COD: a small quantity of liquid that has splashed on to a surface",467,Measure_by_action,83,Splash,"COD: uma pequena quantidade de líquido que salpicou numa superfície",
14223,bite,"COD: a piece cut off by biting.",467,Measure_by_action,83,morder,"COD: uma peça cortada por mordida.",
14224,pinch,"COD: an amount of an ingredient that can be held between fingers and thumb.",467,Measure_by_action,83,pinch,"COD: uma quantidade de um ingrediente que pode ser mantida entre o dedo indicador e o dedo médio.",
14226,grate,"COD: make an unpleasant rasping sound.",468,Friction,86,grato,"COD: fazer um som desagradável e raspante.",
14227,squeal,"FN: to rub against another object causing a long, high-pitched noise",468,Friction,86,Squeal,"FN: esfregar-se contra outro objeto causando um barulho alto e longo",
14228,scrunch,"FN: to come into contact with another entity, causing a loud, crunching noise to be emitted",468,Friction,86,Scrunch,"FN: entrar em contato com outra entidade, causando um barulho alto e estalado",
14229,screech,"FN: to come into contact with another entity causing a high-pitched, shrill sound to be emitted",468,Friction,86,Grite,"FN: entrar em contato com outra entidade causando um som agudo e estridente",
14232,sizzle,"FN: to make a hissing sound in or as if in roasting or frying",469,Absorb_heat,86,Sizzle,"FN: fazer um som de assobio ou como se estivesse assando ou fritando",
14235,simmer,"FN: to cook slowly in a liquid just below the boiling point in a closed dish or pan",469,Absorb_heat,86,Simmer,"FN: cozinhar lentamente em um líquido apenas abaixo do ponto de ebulição em uma tigela ou frigideira fechada",
14237,stew,"FN: to become boiled slowly or by simmering heat",469,Absorb_heat,86,stew,"FN: para ficar fervendo lentamente ou com calor brando",
14238,boil,"FN: to be cooked by immersing in a boiling liquid",469,Absorb_heat,86,Ferva,"FN: para ser cozido por imersão em um líquido fervente",
14239,scorch,"FN: become burnt and crispy on the surface or edges.",469,Absorb_heat,86,escaldar,"FN: ficar queimado e crocante na superfície ou nas bordas.",
14240,sear,"FN: become burned by intense heat, usually from a metal Heat_source",469,Absorb_heat,86,sear,"FN: ficar queimado por calor intenso, geralmente de uma fonte de calor metálico",
14241,singe,"FN: be burnt lightly or superficially, usually by a flame.",469,Absorb_heat,86,Singe,"FN: queimar levemente ou superficialmente, geralmente por uma chama.",
14243,blanch,"FN: to cook by being immersed for a short period of time in boiling water",469,Absorb_heat,86,blanch,"FN: cozinhar por imersão em água fervente por um curto período de tempo",
14245,broil,"FN: to cook by being subjected to intense heat ",469,Absorb_heat,86,grillar,"FN: cozinhar por estar sujeito a calor intenso",
