idLU,lemmaName(en),senseDescription(en),idFrame,frameName,idPOS,lemmaName(pt),senseDescription(pt),idLemma(pt)
7915,necktie,"COD: another term for tie",123,Clothing,83,gravata,"COD: outro termo para empate",
7916,neckwear,"COD: mass noun items worn around the neck, such as collars or ties, collectively. ",123,Clothing,83,"cinto de couro","COD: itens de vestuário que se usam ao redor do pescoço, como colarinhos ou gravatas, coletivamente.",
7917,cummerbund,"COD: a sash worn around the waist, especially as part of a man' s formal evening suit. ",123,Clothing,83,cummerbund,"COD: uma faixa usada na cintura, especialmente como parte de um terno formal noturno para homens.",
7918,scarf,"COD: pl. scarves or scarfs a length or square of fabric worn around the neck or head. ",123,Clothing,83,Echarpe,"COD: pl. lenços ou xales um comprimento ou quadrado de tecido usado ao redor do pescoço ou da cabeça.",
7919,shawl,"COD: a piece of fabric worn by women over the shoulders or head or wrapped round a baby. ",123,Clothing,83,Xale,"COD: uma peça de tecido usada pelas mulheres sobre os ombros ou cabeça ou enrolada em um bebê.",
7920,bow-tie,"COD: a necktie in the form of a bow.",123,Clothing,83,gravata,"COD: uma gravata em forma de laço.",
7921,pantyhose,"COD: women' s thin nylon tights. ",123,Clothing,83,meias-arrumadas,"COD: meias-calças de nylon finas para mulheres.",
7922,garter,"COD: a band worn around the leg to keep up a stocking or sock",123,Clothing,83,garter,"COD: uma banda usada na perna para manter uma meia ou meias",
7923,panties,"COD: informal legless underpants worn by women and girls; knickers. ",123,Clothing,83,calcinhas,"COD: cueca sem pernas usada por mulheres e meninas; calcinha.",
7924,knickers,"COD: a woman' s or girl' s undergarment, covering the body from the waist or hips to the top of the thighs and having two holes for the legs. ",123,Clothing,83,culottes,"COD: uma peça de roupa íntima feminina, que cobre o corpo desde a cintura ou quadris até o topo das coxas, e possui duas aberturas para as pernas.",
7925,sweater,"COD: a pullover with long sleeves. [Clothing] ",123,Clothing,83,suéter,"COD: uma malha com mangas longas.",
7926,jumper,"COD: Brit. a pullover or sweater",123,Clothing,83,jumper,"COD: Brit. uma camiseta ou suéter",
7927,cardigan,"COD: a knitted jumper fastening with buttons down the front. ",123,Clothing,83,cardigã,"COD: um suéter tricotado com botões na frente.",
7928,pullover,"COD: a knitted garment put on over the head and covering the top half of the body. ",123,Clothing,83,Suéter,"COD: uma peça de roupa tricotada vestida sobre a cabeça e cobrindo a metade superior do corpo.",
7929,blazer,"FN: a jacket not forming part of a suit",123,Clothing,83,blazer,"FN: uma jaqueta não fazendo parte de um terno",
7934,bathrobe,"COD: a dressing gown, especially one made of towelling. (Cdn query) ",123,Clothing,83,"roupão de banho","COD: um roupão, especialmente feito de toalha. (Consulta CDN)",
7935,apron,"COD: a protective garment covering the front of one' s clothes and tied at the back. [Clothing] ",123,Clothing,83,apronos,"COD: uma peça de roupa protetora que cobre a parte da frente das roupas e é amarrada pelas costas.",
7936,miniskirt,"COD: a very short skirt. ",123,Clothing,83,minissaia,"COD: uma saia muito curta.",
7937,fishnet,"FN: a fabric with an open mesh resembling a fishing net (modifier) or stockings made out of such a material.",123,Clothing,83,"rede de pesca","FN: um tecido com uma malha aberta semelhante a uma rede de pesca (modificador) ou meias feitas desse material.",
7938,legwarmers,"COD: a pair of tubular knitted garments covering the legs from ankle to knee or thigh.  (listed as leg warmers)",123,Clothing,83,"meias de compressão","COD: um par de peças tubulares de tricô que cobrem as pernas, desde o tornozelo até o joelho ou coxa. (listados como meias-calças)",
7939,regalia,"COD: the distinctive clothing and trappings of high office, worn at formal occasions. ",123,Clothing,83,regalia,"COD: as roupas distintivas e os acessórios de alta posição, usados em ocasiões formais.",
7942,attire,"COD: mass noun clothes, especially fine or formal ones",123,Clothing,83,atrair,"COD: substantivo massivo roupas, especialmente finas ou formais",
7943,vestment,"FN: a robe worn by the clergy",123,Clothing,83,vestimento,"FN: um manto usado pelo clero",
7944,livery,"COD: a special uniform worn by a servant, an official, or a member of a City Company. [Clothing] ",123,Clothing,83,"cabo de cor","COD: um uniforme especial usado por um servo, um oficial ou um membro de uma Companhia da Cidade. [Vestuário]",
7946,garment,"COD: an item of clothing",123,Clothing,83,vestuário,"COD: um item de vestuário",
7947,undergarment,"COD: an article of underclothing. ",123,Clothing,83,ouvir,"COD: um artigo de vestuário interior.",
7948,underclothing,"FN: clothing worn under others next to the skin.",123,Clothing,83,"roupa interior","FN: vestuário usado por baixo de outros, próximo à pele.",
7949,underclothes,"COD: clothes worn under others next to the s",123,Clothing,83,"roupa interior","COD: roupas vestidas debaixo de outras ao lado da roupa",
7950,underwear,"COD: mass noun clothing worn under other clothes next to the skin. ",123,Clothing,83,"roupa interior","COD: substantivo massivo de roupas usadas sob outras roupas, ao lado da pele.",
7951,togs,"COD: informal for clothing",123,Clothing,83,toga,"COD: informal para vestuário",
7952,undies,"COD: informal articles of underwear. ",123,Clothing,83,undies,"COD: artigos íntimos informais.",
7954,pinafore,"FN: a collarless, sleeveless dress worn over a blouse or jumper",123,Clothing,83,Pinafore,"FN: um vestido sem gola nem mangas usado por cima de uma blusa ou suéter",
7955,mitten,"COD: a glove with two sections, one for the thumb and the other for all four fingers. [Clothing] ",123,Clothing,83,"luva de malha","COD: luvas com duas partes, uma para o polegar e a outra para os outros quatro dedos. [Roupas]",
7958,bodice,"COD: a woman' s sleeveless undergarment, often laced at the front. [Clothing] ",123,Clothing,83,busto,"COD: o vestido sem mangas de uma mulher, muitas vezes rendado na frente. [Roupas]",
7959,corset,"COD: tightly fitting undergarment extending from below the chest to the hips, worn to shape the figure. or support a weak or injured back.",123,Clothing,83,corsete,"COD: indumentária ajustada que se estende desde abaixo do peito até às ancas, usada para modelar o corpo ou apoiar uma coluna fraca ou lesionada.",
7960,parka,"COD: a large windproof hooded jacket for use in cold weather. ",123,Clothing,83,Parka,"COD: uma grande jaqueta com capuz à prova de vento para uso em clima frio.",
7961,windbreaker,"COD: US trademark a windcheater. [Clothing] ",123,Clothing,83,"jaqueta de vento","COD: US marca de patente um windcheater. [Roupas]",
7962,windcheater,"COD: chiefly Brit. a wind-resistant jacket with a close-fitting neck, waistband, and cuffs. [Clothing] ",123,Clothing,83,"ventilador de teto","COD: principalmente britânico, uma jaqueta resistente ao vento com pescoço, cintura e punhos ajustados. [Roupas]",
7963,raincoat,"COD: a long coat made from waterproofed or water-resistant fabric. ",123,Clothing,83,"casaco de chuva","CÓD: um casaco longo feito de tecido impermeável ou resistente à água.",
7964,pyjama,"COD: (as pyjamas) a suit of loose trousers and jacket for sleeping in",123,Clothing,83,pijama,"COD: (como pijamas) um conjunto de calças soltas e casaco para dormir",
7965,nightie,"COD: informal a nightdress. ",123,Clothing,83,"camisola de noite","COD: pijama.",
7966,nightdress,"COD: a light, loose garment worn by a woman or girl in bed. ",123,Clothing,83,"vestido de dormir","COD: uma roupa leve e solta usada por uma mulher ou menina na cama.",
7967,nightgown,"COD: a nightdress.",123,Clothing,83,"vestido de dormir","COD: um pijama.",
7968,nightwear,"COD: mass noun clothing worn in bed. ",123,Clothing,83,"roupa de dormir","COD: substantivo massivo de roupa usada na cama.",
7969,lingerie,"COD: mass noun women' s underwear and nightclothes. ",123,Clothing,83,lingerie,"COD: substantivo em massa mulheres's lingerie e roupas de noite.",
7970,camisole,"COD: a woman' s loose-fitting undergarment for the upper body. ",123,Clothing,83,camisola,"COD: uma peça de roupa interior solta e confortável para o corpo superior feminino.",
7973,overall,"FN: (also overalls) a loose-fitting coat or pair of dungarees worn over ordinary clothes for protection",123,Clothing,83,globalmente,"FN: (também overalls) um casaco solto ou par de calças de trabalho vestidas por cima das roupas ordinárias para proteção",
7974,coverall,"COD: also coveralls a full-length protective outer garment, typically with a zip at the front. ",123,Clothing,83,tudo-o-mundo,"COD: também cobre-túnis é uma roupa de proteção de comprimento total, geralmente com um zíper na frente.",
7975,garb,"COD: clothing or dress, especially of a distinctive or special kind ",123,Clothing,83,garbo,"COD: vestuário ou vestido, especialmente de um tipo distinto ou especial",
7976,smock,"FN: a loose blouse or dress-like garment whose the upper part is gathered in smocking",123,Clothing,83,"Camisa de força","FN: uma blusa ou vestido solto cujo topo é reunido em rendas",
7977,sundress,"COD: a light, loose sleeveless dress, typically having a wide neckline and thin shoulder straps. ",123,Clothing,83,"vestido de verão","COD: um vestido solto e sem mangas, geralmente com uma gola larga e finas alças de ombro.",
7978,bra,"COD: a woman' s undergarment worn to support the breasts.",123,Clothing,83,bra,"COD: uma peça de roupa interior feminina usada para sustentar os seios.",
7979,brassiere,"COD: full form of bra.",123,Clothing,83,sutiã,"COD: forma abreviada de sutiã.",
7980,teddy,"FN: A piece of lingerie resembling a leotard or a bathing suit in cut.",123,Clothing,83,teddy,"FN: Uma peça de lingerie que se assemelha a um maiô ou uma roupa de banho em corte.",
7981,tights,"COD:  a close-fitting garment made of a knitted yarn, covering the legs, hips and bottom.",123,Clothing,83,"Meias justas","COD: uma peça de roupa justa, feita de um fio trançado, cobrindo as pernas, os quadris e o bumbum.",
7982,jumpsuit,"COD: a garment incorporating trousers and a sleeved top in one piece",123,Clothing,83,macacão,"COD: uma peça de roupa que incorpora calças e uma parte superior com mangas em uma única peça",
7984,kaftan,"FN: a long, loosely fitted, tunic-like dress, worn by either men or women",123,Clothing,83,caftã,"FN: um vestido longo e solto, semelhante a uma túnica, usado por homens ou mulheres",
7987,motley,"COD: mass noun historical the particoloured costume of a jester. ",123,Clothing,83,mosaico,"COD: substantivo massivo histórico o trapo colorido de um palhaço.",
7988,get-up,"COD: informal a style or arrangement of dress, especially an elabora",123,Clothing,83,Levantar,"COD: estilo informal de vestimenta, especialmente um elaborado",
7990,surplice,"COD: a loose white linen vestment worn over a cassock by clergy and choristers at Christian church services. ",123,Clothing,83,súplice,"COD: uma vestimenta branca solta de linho usada sobre um casaco por clérigos e coristas em serviços cristãos de igreja.",
7992,welly,"COD: short for wellington.",123,Clothing,83,Bem.,"COD: abreviação de Wellington.",
7993,wellington,"COD: ly Brit. a knee-length waterproof rubber or plastic boot. ",123,Clothing,83,wellington,"COD: luvas de borracha ou plástico impermeáveis até ao joelho.",
7995,sandal,"COD: a light shoe with an openwork upper or straps attaching the sole to the foot. ",123,Clothing,83,sandal,"COD: um calçado leve com parte superior perfurada ou tiras que prendem a sola ao pé.",
7996,sneaker,"COD: mer. a soft shoe worn for sports or casual occasions. ",123,Clothing,83,sneaker,"COD: mer. um calçado de couro macio usado para esportes ou ocasiões casuais.",
7998,boot,"a sturdy item of footwear covering the foot and ankle, and sometimes the lower leg. The shoes worn by the players and referees.",123,Clothing,83,bota,"Um calçado robusto que cobre o pé e o tornozelo, e às vezes a perna inferior. Os sapatos usados pelos jogadores e árbitros.",
7999,shoe,"COD: a covering for the foot having a sturdy sole and not reaching above the ankle. ",123,Clothing,83,Sapatos,"COD: um cobertor para o pé com sola robusta e que não chega acima do tornozelo.",
8000,gumboot,"COD:  chiefly Brit. a long rubber boot; a wellington ",123,Clothing,83,"botina de borracha","COD: principalmente Brit. uma bota de borracha comprida; um wellington",
8001,clog,"COD: a shoe with a thick wooden sole. ",123,Clothing,83,entupimento,"COD: um sapato com sola de madeira grossa.",
8002,footwear,"COD: shoes, boots, and other coverings for the feet ",123,Clothing,83,calçados,"COD: calçados, botas e outros revestimentos para os pés",
8003,sari,"COD: pl. saris or sarees a garment consisting of a length of cotton or silk elaborately draped around the body, traditionally worn by women from the Indian subcontinent. ",123,Clothing,83,sari,"COD: pl. saris ou sarees uma peça de vestuário que consiste em um comprimento de algodão ou seda elaborado envolto ao corpo, tradicionalmente usado por mulheres do subcontinente indiano.",
8004,sarong,"COD: a garment consisting of a long piece of cloth wrapped round the body and tucked at the waist or under the armpits, traditionally worn in SE Asia and now also by Western women. ",123,Clothing,83,sarong,"COD: uma peça de roupa composta por um pedaço longo de tecido enrolado ao redor do corpo e preso na cintura ou sob as axilas, tradicionalmente usada no Sudeste Asiático e agora também por mulheres ocidentais.",
8006,abaya,"COD: a full-length, sleeveless outer garment worn by Arabs. ",123,Clothing,83,abáia,"COD: uma vestimenta externa comprida e sem mangas usada pelos árabes.",
8007,jerkin,"COD:  a sleeveless jacket",123,Clothing,83,jérson,"COD: uma jaqueta sem mangas",
8008,crinoline,"COD: historical a stiffened or hooped petticoat worn to make a long skirt stand out. [Clothing] ",123,Clothing,83,crinolina,"COD: uma saia-fusta estofada ou com aro usada para fazer uma saia longa ficar mais volumosa. [Roupas]",
8009,muff,"COD: a short tube made of fur or other warm material into which the hands are placed for warmth. ",123,Clothing,83,muff,"COD: um tubo curto feito de peles ou outro material quente no qual as mãos são colocadas para calor.",
8010,cowl,"FN: a cloak with wide sleeves",123,Clothing,83,colarinho,"FN: um manto com mangas largas",
8011,tutu,"COD: a female ballet dancer' s costume consisting of a bodice and an attached skirt incorporating numerous layers of fabric, this being either short and stiff and projecting horizontally from the waist (the classical tutu) or long, soft, and bell-shaped (the romantic tutu). ",123,Clothing,83,Tutu.,"COD: o figurino de uma bailarina de balé feminino, consistindo em um corset e uma saia anexa com múltiplas camadas de tecido, sendo esta curta e rígida e projetando horizontalmente a partir da cintura (o tutu clássico) ou longa, macia e em forma de sino (o tutu romântico).",
8013,polo-neck,"COD: Brit. a high, close-fitting, turned-over collar on a sweater.  (listed as polo neck)",123,Clothing,83,"gola polo","COD: Brit. um colarinho alto e ajustado em um suéter, virado para dentro. (listado como gola polo)",
8014,g-string,"COD: a skimpy undergarment covering the genitals, consisting of a narrow strip of cloth attached to a waistband. ",123,Clothing,83,g-string,"COD: uma peça íntima justa cobrindo os genital, consistindo em uma tira estreita de tecido anexada a uma cintura.",
