idLU,lemmaName(en),senseDescription(en),idFrame,frameName,idPOS,lemmaName(pt),senseDescription(pt),idLemma(pt)
9643,amerce,"FN: to fine an amount that is fixed by a court",200,Fining,86,amerce,"FN: a multa é uma quantia fixa imposta por um tribunal",
9658,fortnight,"COD: a period of two weeks.",201,Measure_duration,83,"duzentas e cinco","COD: um período de duas semanas.",
9659,"a while","FN: a long time",201,Measure_duration,83,"há um tempo","FN: há muito tempo",
9660,nanosecond,"FN: one billionth of a second",201,Measure_duration,83,nanosssegundo,"FN: um bilionésimo de segundo",
9662,execute,"COD: carry out a sentence of death on (a condemned person). ",202,Execution,86,Execute,"COD: executar uma sentença de morte em (uma pessoa condenada).",
9664,executioner,"COD: an official who executes condemned criminals. ",202,Execution,83,carrasco,"COD: um oficial que executa criminosos condenados.",
9665,hangman,"COD: an executioner who hangs condemned people. ",202,Execution,83,"O relâmpago.","COD: um carrasco que enforca pessoas condenadas.",
9666,headsman,"COD: an executioner who beheaded prisoners. ",202,Execution,83,ceifeiro,"COD: um carrasco que decapitava prisioneiros.",
9667,"firing squad","COD: a group of soldiers detailed to shoot a condemned person. ",202,Execution,83,"esquadra de fuzilamento","COD: um grupo de soldados designado para atirar em uma pessoa condenada.",
9670,guillotine,"COD: execute by guillotine. ",202,Execution,86,guilhotina,"COD: executar por guilhotina.",
9671,guillotining,"FN: the act of beheading somebody with a guillotine.",202,Execution,83,guilhotina,"FN: o ato de decapitar alguém com uma guilhotina.",
9673,hanging,"FN: the event of hanging a person",202,Execution,83,pendurado,"FN: o evento de enforcar uma pessoa",
9674,pseudonym,"COD: a fictitious name, especially one used by an author",205,Being_named,83,pseudônimo,"COD: um nome fictício, especialmente aquele usado por um autor",
9677,surname,"COD: a hereditary name common to all members of a family, as distinct from a forename",205,Being_named,83,Sobrenome,"COD: um nome hereditário comum a todos os membros de uma família, distinto de um prenome",
9679,"maiden name","COD: the surname that a married woman used before she was married. ",205,Being_named,83,"nome de solteira","COD: o sobrenome que uma mulher casada usava antes de se casar.",
9681,"family name","COD:  a surname",205,Being_named,83,Sobrenome,"COD: um sobrenome",
9682,"nom de plume","COD: a pen name",205,Being_named,83,"nom de plume","COD: um pseudônimo",
9683,"nom de guerre","COD: an assumed name under which a person engages in combat. ",205,Being_named,83,"nome de guerra","COD: um nome assumido sob o qual uma pessoa se envolve em combate.",
9684,moniker,"COD: a name. ",205,Being_named,83,moniker,"COD: um nome.",
9685,"pen name","COD: a literary pseudonym.",205,Being_named,83,pseudônimo,"COD: um pseudônimo literário.",
9687,"last name","COD: one' s surname. ",205,Being_named,83,Sobrenome,"COD: o sobrenome de uma pessoa.",
9688,"middle name","COD: a person' s name placed after the first name and before the surname. ",205,Being_named,83,"nome do meio","COD: uma pessoa nome colocado após o primeiro nome e antes do sobrenome.",
9689,"stage name","COD: a name assumed for professional purposes by an actor",205,Being_named,83,"nome artístico","COD: um nome assumido para fins profissionais por um ator",
9690,alias,"COD:  a false or assumed identity. ",205,Being_named,83,alias,"COD: uma identidade falsa ou assumida.",
9692,entitled,"FN: named",205,Being_named,84,entitulado,"FN: nomeado",
9694,codename,"FN: secret name usually given by an official government agency.",205,Being_named,83,codinome,"FN: nome secreto geralmente dado por uma agência governamental oficial.",
9695,codenamed,"FN: having as codename",205,Being_named,84,codinomeado,"FN: com o código de nome",
9696,"pet name","FN: a term of endearment used to refer to somebody",205,Being_named,83,"apelido carinhoso","FN: um termo carinhoso usado para se referir a alguém",
9697,cognomen,"COD:  an extra personal name given to an ancient Roman citizen, functioning rather like a nickname and often passed down from father to son.  [",205,Being_named,83,cognome,"COD: um nome pessoal adicional dado a um cidadão romano antigo, funcionando mais como um apelido e muitas vezes passado de pai para filho.",
9698,agnomen,"FN: an additional cognomen given to a Roman citizen, mostly in recognition of achievement",205,Being_named,83,agnome,"FN: um sobrenome adicional dado a um cidadão romano, principalmente em reconhecimento de conquista",
9699,by-name,"FN: a nickname",205,Being_named,83,"por nome","FN: um apelido",
9700,caconym,"FN: an erroneously given name, especially in a classification system",205,Being_named,83,cacônimo,"FN: um nome incorreto dado, especialmente em um sistema de classificação",
9701,praenomen,"COD:   the first or personal name given to a citizen of ancient Rome",205,Being_named,83,prenome,"COD: o primeiro ou nome pessoal dado a um cidadão de Roma antiga",
9702,misnomer,"COD:  a wrong or inaccurate name or term",205,Being_named,83,mísnomeu,"COD: nome ou termo errado ou impreciso",
9703,"married name","FN: the name a person acquires as a consequence of getting married",205,Being_named,83,"nome conjugal","FN: o nome que uma pessoa adquire como consequência de se casar",
9704,allonym,"FN: the name of a person assumed by an author ",205,Being_named,83,álio,"FN: o nome de uma pessoa assumida por um autor",
9705,soubriquet,"COD: a person' s nickname",205,Being_named,83,soubriquet,"COD: o apelido de uma pessoa",
9706,nee,"FN: used to introduce a woman' s maiden name",205,Being_named,84,Não,"FN: usado para introduzir o sobrenome de solteira de uma mulher",
9707,"brand name","COD: a name given by the maker to a product or range of products.",205,Being_named,83,"nome de marca","COD: um nome dado pelo fabricante a um produto ou gama de produtos.",
9708,patronymic,"COD: a name derived from the name of a father or ancestor, e.g. Johnson, O' Brien, Ivanovich.",205,Being_named,83,patrônico,"COD: um nome derivado do nome de um pai ou ancestral, p.ex., Johnson, O'Brien, Ivanovich.",
9709,metronymic,"COD:  a name derived from the name of a mother or female ancestor",205,Being_named,83,Metronímico,"COD: um nome derivado do nome de uma mãe ou ancestral feminina",
9710,"trivial name","FN: the name of something in popular rather than technical or scientific speech",205,Being_named,83,"nome trivial","FN: o nome de algo em discurso popular em vez de técnico ou científico",
9711,eponym,"COD:  a word or name derived from the name of a person.",205,Being_named,83,Eponímia,"COD: uma palavra ou nome derivado do nome de uma pessoa.",
9712,"also known as","FN: used to introduce an alternative name for an entity",205,Being_named,84,"também conhecido como","FN: usado para introduzir um nome alternativo para uma entidade",
9713,aka,"COD: also known as",205,Being_named,84,"também conhecido como","COD: também conhecido como",
9715,nameless,"COD:  having no name or no known name",205,Being_named,84,"sem nome","COD: sem nome ou conhecido",
9716,known,"FN: used to introduce a name for an entity",205,Being_named,84,conhecida,"FN: usado para introduzir um nome para uma entidade",
9718,designated,"FN: having as a name.",205,Being_named,84,designado,"FN: ter um nome.",
9719,"full name","FN: the entire legal name of a person (which may include a first, middle, and last name)",205,Being_named,83,"nome completo","FN: o nome completo de uma pessoa (que pode incluir primeiro, meio e último nomes)",
9724,weekday,"COD: a day of the week other than Sunday or Saturday",206,Calendric_unit,83,"Dia da semana","COD: um dia da semana, exceto domingo ou sábado",
9726,weeknight,"FN: a night of the week exclusive of Saturday and Sunday",206,Calendric_unit,83,"Noite de semana","FN: uma noite da semana, excluindo sábado e domingo",
9727,dawn,"COD: the first appearance of light in the sky before sunrise",206,Calendric_unit,83,alba,"COD: a primeira aparição de luz no céu antes do nascer do sol",
9729,noon,"COD: twelve o' clock in the day; midday",206,Calendric_unit,83,meia-noite,"COD: doze do dia; meio-dia",
9737,yesterday,"COD: the day before today",206,Calendric_unit,83,ontem,"COD: o dia anterior a hoje",
9738,tomorrow,"COD: the day after today",206,Calendric_unit,83,amanhã,"COD: o dia após hoje",
9739,midday,"COD: the middle of the day; noon",206,Calendric_unit,83,meio-dia,"COD: meio-dia; meio-dia",
9741,dusk,"COD: the darker stage of twilight",206,Calendric_unit,83,Crepúsculo,"COD: a fase mais escura do crepúsculo",
9743,eve,"COD: the evening or day before a religious festival",206,Calendric_unit,83,eve,"COD: a noite ou o dia antes de um festival religioso",
9746,midnight,"COD: twelve o' clock at night; the middle of the night",206,Calendric_unit,83,meia-noite,"COD: meia-noite; meio da noite",
