idLU,lemmaName(en),senseDescription(en),idFrame,frameName,idPOS,lemmaName(pt),senseDescription(pt),idLemma(pt)
4289,infer,"COD: deduce from evidence and reasoning rather than from explicit statements.",18,Coming_to_believe,86,Inferir,"COD: deduz de evidências e raciocínio em vez de declarações explícitas.",
4290,inference,"COD: a conclusion reached on the basis of evidence and reasoning.",18,Coming_to_believe,83,Inferência,"COD: uma conclusão alcançada com base em evidências e raciocínio.",
4293,realize,"COD: become fully aware of as a fact; understand clearly.",18,Coming_to_believe,86,realize,"COD: tornar-se plenamente consciente de como um fato; compreender claramente.",
4297,"puzzle out","FN: figure out",18,Coming_to_believe,86,"Desvendar o mistério",Descobrir,
4301,speculate,"COD: form a theory or conjecture without firm evidence.",18,Coming_to_believe,86,especular,"COD: formular uma teoria ou conjetura sem evidências firmes.",
4306,discriminate,"COD: recognize a distinction.",19,Differentiation,86,discriminar,"COD: reconhecer uma distinção.",
4307,discrimination,"COD: recognition and understanding of the difference between one thing and another",19,Differentiation,83,discriminação,"COD: reconhecimento e compreensão da diferença entre uma coisa e outra",
4310,"tell apart","FN: distinguish.",19,Differentiation,86,diferencie,"FN: distinguir.",
4313,"tell from","FN: distinguish some thing from another",19,Differentiation,86,"diga de","FN: distinguir alguma coisa de outra",
4314,distinguishable,"FN: able to be separated into separate identities.",19,Differentiation,84,distinguível,"FN: capaz de ser separado em identidades separadas.",
4318,corroborate,"COD: confirm or give support to (a statment or theory)",20,Evidence,86,corroborar,"COD: confirmar ou dar apoio a (uma afirmação ou teoria)",
4319,demonstrate,"COD:  clearly show the existence or truth of. ",20,Evidence,86,Demonstre,"COD: mostrar claramente a existência ou verdade de.",
4321,evince,"COD: reveal the presence of; indicate (a quality or feeling). ",20,Evidence,86,evince,"COD: revelar a presença de; indicar (uma qualidade ou sentimento).",
4325,substantiate,"COD: provide evidence to support or prove the truth of. ",20,Evidence,86,substantiar,"COD: fornecer evidências para apoiar ou provar a verdade de.",
4328,disprove,"FN: to prove something to be false as a piece of evidence",20,Evidence,86,Desprovar,"FN: provar que algo é falso como evidência",
4329,contradict,"FN: the truth of (a statement) by asserting the opposite",20,Evidence,86,contradiz,"FN: a verdade de (uma afirmação) ao afirmar o contrário",
4330,argue,"FN: to be evidence for a conclusion",20,Evidence,86,argumentar,"FN: ser evidência para uma conclusão",
4336,imply,"COD: (of a fact or occurrence) suggest as a logical consequence.",20,Evidence,86,implica,"COD: (de um fato ou ocorrência) sugerir como uma consequência lógica.",
4339,illustrate,"COD: serve as an example of.",20,Evidence,86,ilustrar,"COD: serve como um exemplo de.",
4340,"point to","FN: (of some fact or state of affairs) to provide evidence for a conclusion.",20,Evidence,86,"apontar para","FN: (de algum fato ou estado de coisas) fornecer evidência para uma conclusão.",
4343,tell,"FN: to be evidence for a conclusion",20,Evidence,86,diga,"FN: ser evidência para uma conclusão",
4344,"rule out","FN: to be rejected from a list of possible options by a non-agentive entity",20,Evidence,86,excluir,"FN: ser rejeitado de uma lista de opções possíveis por uma entidade não-agenteiva",
4346,assure,"FN: (of a fact or situation) show (someone) that something is true.",20,Evidence,86,assegure,"FN: (de um fato ou situação) mostrar (a alguém) que algo é verdadeiro.",
29352,correspond,"be a sign or symptom of; strongly imply.",20,Evidence,86,corresponde,"ser um sinal ou sintoma de; implicar fortemente.",
4347,anticipate,"COD: regard as probable",21,Expectation,86,antecipar,"COD: como provável",
4348,await,"COD: wait for",21,Expectation,86,aguarde,"Cod: espere por",
4352,predictable,"COD: able to be predicted",21,Expectation,84,previsível,"CAP: capaz de ser previsto",
4354,unforeseeable,"FN: which cannot be foreseen",21,Expectation,84,Inesperado,"FN: que não pode ser previsto",
4355,foreseeable,"FN: able to be anticipated",21,Expectation,84,previsível,"FN: capaz de ser antecipado",
4358,premonition,"COD: a strong feeling that something is about to happen.",21,Expectation,83,premonição,"COD: uma forte sensação de que algo está prestes a acontecer.",
4359,unexpected,"COD: not expected or regarded as likely to happen.",21,Expectation,84,inesperado,"COD: não esperado ou considerado como provável de acontecer.",
4362,concoct,"COD: create or devise (a story or plan)",22,Coming_up_with,86,concoctar,"COD: criar ou inventar (uma história ou plano)",
4363,concoction,"FN: the process or result of creating or devising (a story or plan)",22,Coming_up_with,83,coção,"FN: o processo ou resultado de criar ou inventar (uma história ou plano)",
4364,contrivance,"COD: the action of devising or planning something using skill and artifice. ",22,Coming_up_with,83,Artifício,"COD: a ação de inventar ou planejar algo usando habilidade e artifício.",
4365,contrive,"COD: devise or plan using skill and artifice",22,Coming_up_with,86,artificar,"COD: dispositivo ou plano usando habilidade e engenhosidade",
4370,hatch,"COD: conspire to devise (a plot or plan).",22,Coming_up_with,86,hatch,"COD: conspirar para elaborar (um plano ou projeto).",
4371,improvise,"COD: produce or make (something) from whatever is available.",22,Coming_up_with,86,improvisar,"COD: produzir ou fazer (algo) com o que está disponível.",
4374,"come up","FN: invent; make up (an idea, a story, etc.)",22,Coming_up_with,86,"Chegar até aqui","Inventar; criar (uma ideia, uma história, etc.)",
4376,"think up","FN: come up with (an idea, a story, etc.)",22,Coming_up_with,86,"Pensar em","FN: venha com (uma ideia, uma história, etc.)",
30719,"come up (with)","FN: invent; make up (an idea, a story, etc.)",22,Coming_up_with,86,"vir com (algo)","Inventar; criar (uma ideia, uma história, etc.)",
4380,admiration,"FN: positive response (emotional or spoken) to the good qualities of someone or something",23,Judgment,83,admiração,"FN: resposta positiva (emocional ou falada) às qualidades boas de alguém ou algo",
4382,admiring,"FN: feeling admiration",23,Judgment,84,Admirando,"Sentindo admiração",
4385,appreciation,"FN: Perceptive recognition of value, significance or qualities.",23,Judgment,83,Apreciação,"FN: Reconhecimento perceptivo do valor, da importância ou das qualidades.",
