idLU,lemmaName(en),senseDescription(en),idFrame,frameName,idPOS,lemmaName(pt),senseDescription(pt),idLemma(pt)
15989,growth-oriented,"FN: specifically designed for or placing particular attention on economic growth.",687,Emphasizing,84,"orientado para o crescimento","FN: especificamente projetado para ou colocando atenção especial no crescimento econômico.",
15991,accentuate,"FN: to place emphasis on something",687,Emphasizing,86,acentuado,"FN: para colocar ênfase em algo",
15993,emphasize,"FN: convey the importance of",688,Convey_importance,86,enfatize,"FN: transmitir a importância de",
15994,underline,"COD: stress.",688,Convey_importance,86,sublinhar,"COD: estresse.",
15995,underscore,"FN: stress, underline.",688,Convey_importance,86,sublinhado,"FN: estresse, sublinhado.",
15999,cache,"COD: store in a cache.",689,Storing,86,cache,"COD: armazenar em cache.",
16005,autochthonous,"FN: having originated where encountered",690,Indigenous_origin,84,Autóctone,"FN: tendo originado onde encontrado",
16007,non-native,"FN: not of indigenous origin to an area",690,Indigenous_origin,84,"não nativo","FN: não de origem indígena para uma área",
16012,insecure,"FN: not secure",691,Being_at_risk,84,inseguro,"FN: não seguro",
16013,unsafe,"FN: not safe or secure; in danger.",691,Being_at_risk,84,inseguro,"FN: não seguro ou protegido; em perigo.",
16016,vulnerable,"COD: exposed to being attacked or harmed, either physically or emotionally.",691,Being_at_risk,84,frágil,"COD: exposto a ser atacado ou prejudicado, seja fisicamente ou emocionalmente.",
16020,susceptibility,"FN: a structural vulnerability; often impossible to defend against",691,Being_at_risk,83,susceptibilidade,"FN: uma vulnerabilidade estrutural; muitas vezes impossível de se defender contra",
16021,susceptible,"FN: exhibiting likelihood of being vulnerable to a particular entity or action",691,Being_at_risk,84,susceptível,"FN: exibindo probabilidade de ser vulnerável a uma entidade ou ação específica",
34861,"safe and sound","the quality of being unharmed.",691,Being_at_risk,96,"Seguro e salvo","a qualidade de estar ileso.",
16023,"bide its time","FN: to wait for an opportunity to do something",692,Waiting,86,"Espere o momento certo.","FN: esperar por uma oportunidade para fazer algo",
16025,decisive,"FN: (of the outcome of a contest) having a wide margin",693,Margin_of_resolution,84,decisivo,"FN: (do resultado de um concurso) com uma margem ampla",
16026,decisiveness,"FN: the fact of (an outcome) having a wide margin",693,Margin_of_resolution,83,decisividade,"FN: o fato de (um resultado) ter uma margem ampla",
16027,close,"FN: (of an outcome) having a small margin",693,Margin_of_resolution,84,feche,"FN: (de um resultado) com pequena margem",
16028,narrowly,"FN: with a small margin.",693,Margin_of_resolution,89,apertadamente,"FN: com uma pequena margem.",
16045,leftist,"FN: a left-wing person",695,People_along_political_spectrum,83,esquerdista,"FN: uma pessoa de esquerda",
16046,conservative,"FN: (in a political context) a person favouring free enterprise, private ownership, and socially conservative ideas.",695,People_along_political_spectrum,83,conservador,"FN: (em um contexto político) uma pessoa que favorece o livre empreendimento, propriedade privada e ideias socialmente conservadoras.",
16048,far-left,"FN: a group or party favouring particularly radical, reforming, or socialist views.",695,People_along_political_spectrum,83,far-left,"FN: um grupo ou festa que favorece especialmente visões radicais, reformadoras ou socialistas.",
16049,"far left","FN: a group or party favouring particularly radical, reforming, or socialist views.",695,People_along_political_spectrum,83,"far left","FN: um grupo ou festa que favorece especialmente visões radicais, reformadoras ou socialistas.",
16050,ammunition,"COD:  a supply or quantity of bullets and shells",696,Ammunition,83,munições,"COD: uma oferta ou quantidade de balas e cartuchos",
16051,ammo,"COD: ammunition",696,Ammunition,83,ammo,"Codificação: munição",
16052,ordnance,"FN: ammunition for heavy weapons (including missiles and large rounds)",696,Ammunition,83,Ordnance,"FN: munições para armas pesadas (incluindo mísseis e projéteis grandes)",
16053,round,"COD: the amount of ammunition needed to fire one shot",696,Ammunition,83,redondo,"COD: a quantidade de munição necessária para disparar um tiro",
16059,renege,"COD: go back on a promise, undertaking, or contract.",697,Going_back_on_a_commitment,86,Renego,"COD: voltar atrás em uma promessa, compromisso ou contrato.",
16062,import,"COD: the action or process of importing.",698,Importing,83,importar,"COD: a ação ou processo de importar.",
16063,import,"COD: an imported commodity, article, or service.",698,Importing,83,importar,"COD: uma mercadoria, artigo ou serviço importado.",
16064,exportation,"FN: the act of moving goods out of an area for purposes of sale.",699,Exporting,83,exportação,"FN: o ato de mover bens de uma área para fins de venda.",
16065,export,"COD: send (goods or services) to another country for sale.",699,Exporting,86,exportar,"COD: enviar (mercadorias ou serviços) para outro país para venda.",
16066,export,"COD: the exporting of goods or services. ",699,Exporting,83,exportar,"COD: a exportação de bens ou serviços.",
16067,export,"COD:  an exported commodity, article, or service.",699,Exporting,83,exportar,"COD: uma mercadoria, artigo ou serviço exportado.",
16068,reform,"COD:  the action or process of reforming.",701,Reforming_a_system,83,reformar,"COD: a ação ou processo de reformar.",
16072,restructure,"FN: change the organization of a system.",701,Reforming_a_system,86,restruturar,"FN: mudar a organização de um sistema.",
16076,"high-water mark","COD: a maximum recorded level or value.",703,Extreme_point,83,"maré alta","COD: o nível ou valor máximo registrado.",
16077,"high point","FN: a point of high development or power",703,Extreme_point,83,"ponto alto","FN: um ponto de alto desenvolvimento ou poder",
16078,"low point","FN: a point of low development or power",703,Extreme_point,83,"ponto baixo","FN: um ponto de baixo desenvolvimento ou poder",
16079,zenith,"COD: the time at which something is most powerful or successful.",703,Extreme_point,83,zenito,"COD: o momento em que algo é mais poderoso ou bem-sucedido.",
16080,nadir,"COD: the lowest or most unsuccessful point",703,Extreme_point,83,raro,"COD: o ponto mais baixo ou menos bem-sucedido",
16082,coalition,"COD: a temporary alliance, especially of political parties forming a government.",704,Alliance,83,coalizão,"COD: uma aliança temporária, especialmente de partidos políticos que formam um governo.",
16084,wait,"FN: temporarily refrain from",705,Holding_off_on,86,Espera.,"FN: temporariamente abster-se de",
16085,waver,"FN: be unable to firmly settle on one of several options",707,Waver_between_options,86,waver,"FN: não conseguir estabelecer firmemente em uma das várias opções",
16086,vacillate,"COD: waver between different opinions or actions.",707,Waver_between_options,86,vacilar,"COD: vacilar entre diferentes opiniões ou ações.",
16087,waffle,"COD:  fail to make up one' s mind.",707,Waver_between_options,86,wafel,"COD: não conseguir tomar uma decisão.",
16088,"go back and forth","FN: waver between ",707,Waver_between_options,86,"Ir e vir","FN: vacilar entre",
16089,flip-flop,"COD: make an abrupt reversal of policy.",707,Waver_between_options,86,meia-pata,"COD: fazer uma reversão brusca de política.",
16090,dither,"COD: be indecisive.",707,Waver_between_options,86,dithir,"COD: seja indeciso.",
16092,true,"FN: conforming to the real state of affairs.",708,Actually_occurring_entity,84,Verdadeiro.,"FN: de acordo com o estado real das coisas.",
16093,rash,"COD: acting or done impetuously, without careful consideration.",709,Rashness,84,"erupção cutânea","COD: impetuoso, impulsivo ou feito de forma precipitada e sem consideração cuidadosa.",
16095,impetuous,"COD: acting or done quickly and rashly.",709,Rashness,84,impetuoso,"COD: agindo ou feito rapidamente e de forma impulsiva.",
16097,precipitate,"COD: done, acting, or occurring suddenly or without careful consideration.",709,Rashness,84,precipitar,"COD: feito, agindo ou ocorrendo de repente ou sem consideração cuidadosa.",
16098,precipitous,"FN: acting with undue haste.",709,Rashness,84,precipitoso,"FN: agindo com pressa indevida.",
16100,self,"FN: used to emphasize a particular thing, person, or group already mentioned.",710,Proper_reference,83,próprio,"FN: usado para enfatizar uma coisa, pessoa ou grupo já mencionados.",
