idLU,lemmaName(en),senseDescription(en),idFrame,frameName,idPOS,lemmaName(pt),senseDescription(pt),idLemma(pt)
16504,ecoterrorism,"FN: the use or threat of use of destructive force upon the environment or natural resources in order to coerce a government.",790,Terrorism,83,ecoterrorismo,"FN: uso ou ameaça de uso de força destrutiva sobre o ambiente ou os recursos naturais para coagir um governo.",
16506,ecoterrorist,"FN: a person who threatens to destroy natural resources or the environment in order to coerce governments.",790,Terrorism,83,ecoterrorista,"FN: uma pessoa que ameaça destruir os recursos naturais ou o meio ambiente para coagir governos.",
16507,bioterrorism,"FN: terrorism using biological weapons as a means of harm.",790,Terrorism,83,bioterrorismo,"FN: terrorismo usando armas biológicas como meio de dano.",
16508,bioterrorist,"FN: a person who uses biological weapons as a means to inflict harm for political gain.",790,Terrorism,83,bioterrorista,"FN: uma pessoa que utiliza armas biológicas como meio de causar dano para ganho político.",
16509,ecoterrorist,"FN: a terrorist primarily concerned with advancing pro-environmental causes.",790,Terrorism,83,ecoterrorista,"FN: um terrorista preocupado principalmente em promover causas pró-ambientais.",
16510,ecoterrorism,"FN: the use or threat of violent acts in order to advance pro-environmental causes.",790,Terrorism,83,ecoterrorismo,"FN: o uso ou ameaça de atos violentos para avançar causas pró-ambientais.",
16516,funds,"COD: financial resources.",791,Money,83,fundos,"COD: recursos financeiros.",
16521,sterling,"FN: money, esp. in the U.K.",791,Money,83,sterling,"FN: dinheiro, especialmente no Reino Unido",
39386,allowance,"money that is given regularly to someone.",791,Money,83,abono,"Dinheiro dado regularmente a alguém.",
16525,unsafe,"COD: not safe; dangerous.",792,Risky_situation,84,inseguro,"COD: não seguro; perigoso.",
16527,risky,"FN: involving the chance of a negative outcome.",792,Risky_situation,84,Risco,"FN: envolvendo a chance de um resultado negativo.",
16531,riskily,"FN: incurring risk; exhibiting risky behavior.",792,Risky_situation,89,Riscadamente,"FN: incorrer em risco; exibir comportamento arriscado.",
16535,abbreviate,"COD: shorten.",796,Change_event_duration,86,abreviar,"COD: abreviar.",
16536,"drag out","COD: protract something unnecessarily.",796,Change_event_duration,86,dragar,"COD: projetar algo desnecessariamente.",
16539,"cut short","FN: abbreviate, stop prior to completion.",796,Change_event_duration,86,encurtar,"FN: abreviar, parar antes da conclusão.",
16540,shorten,"COD: decrease the duration of something.",796,Change_event_duration,86,encurtar,"COD: diminuir a duração de algo.",
16541,slow,"FN: to increase the duration of something",796,Change_event_duration,86,lento,"FN: para aumentar a duração de algo",
16542,thrive,"COD: prosper; flourish.",797,Thriving,86,prosperar,"COD: próspero; florescente.",
16543,flourish,"COD: grow or develop in a healthy or vigorous way.",797,Thriving,86,florescência,"COD: crescer ou desenvolver de forma saudável ou vigorosa.",
16544,prosper,"COD: succeed or flourish, especially financially; thrive.",797,Thriving,86,prosperar,"COD: ter sucesso ou prosperar, especialmente financeiramente; florescer.",
16545,languish,"FN: be in a weakened, unactive or depreciated state.",797,Thriving,86,Languir,"FN: estar em um estado enfraquecido, inativo ou depreciado.",
16546,slump,"FN: a period of inactivity.",797,Thriving,83,"cabo de guarda","FN: um período de inatividade.",
16547,do,"FN: be (in the specified desirable or undesirable state).",797,Thriving,86,de,"FN: ser (no estado desejado ou indesejado especificado).",
34227,unlivable,"Conditions that make a place or situation impossible to live in.",797,Thriving,84,Inaceitável,"Condições que tornam um lugar ou situação impossível de se viver.",
16551,fortify,"FN: make stronger, more able to resist or exert force.",798,Cause_change_of_strength,86,fortificar,"FN: tornar mais forte, mais capaz de resistir ou exercer força.",
16554,weaken,"FN: make weak.",798,Cause_change_of_strength,86,enfraquecer,"FN: fazer fraco.",
16555,"beef up","FN: to strengthen something",798,Cause_change_of_strength,86,"Aumentar o tamanho de uma imagem ou arquivo para que fique maior e com mais detalhes.","FN: para fortalecer algo",
16556,buttress,"COD: support or strengthen",799,Change_resistance,86,buttress,"COD: apoio ou reforço",
16557,bulwark,"FN: provide with a stronger defense; fortify.",799,Change_resistance,86,bulwark,"Fornecer com uma defesa mais forte; fortificar.",
16558,brace,"COD: make stronger or firmer with wood, iron, etc.",799,Change_resistance,86,brace,"COD: fortalecer ou firmar com madeira, ferro, etc.",
16559,means,"COD: an action or system by which a result is achieved.",800,Means,83,significa,"COD: uma ação ou sistema pelo qual um resultado é alcançado.",
16567,"course of action","FN: way of dealing with a problem",800,Means,83,"curso de ação","FN: modo de lidar com um problema",
16569,"modus operandi","COD: a way of doing something.",800,Means,83,"Modus Operandi","COD: uma maneira de fazer algo.",
16570,"nuts and bolts","FN: the basic means by which something is normally achieved. ",800,Means,83,"porcas e parafusos","FN: os meios básicos pelos quais algo é normalmente alcançado.",
16575,on,"FN: by use of",800,Means,90,um,"FN: por uso de",
34168,somehow,"Referring to uncertainty of the means used to perform an action.",800,Means,89,"alguma forma","Referindo-se à incerteza dos meios utilizados para realizar uma ação.",
16578,"ride out","COD: come safely through something.",801,Surviving,86,cavalgar,"COD: passe com segurança por algo.",
16580,survival,"FN: the state of being alive or existing",801,Surviving,83,sobrevivência,"FN: o estado de estar vivo ou existente",
16583,colonist,"COD: a settler in or inhabitant of a colony.",802,Colonization,83,colono,"COD: o colonizador ou habitante de uma colônia.",
16586,settlement,"COD: the action or process of settling.",802,Colonization,83,"acordo extrajudicial","COD: a ação ou processo de liquidação.",
16587,settlement,"FN: a place where colonists establish a community",802,Colonization,83,"acordo extrajudicial","FN: um lugar onde os colonos estabelecem uma comunidade",
16588,settler,"COD: a person who settles in an area, especially one with no or few previous inhabitants.",802,Colonization,83,colono,"COD: uma pessoa que se estabelece em uma área, especialmente uma com poucos ou nenhum habitante anterior.",
16590,populate,"COD: form the population of (a place).",802,Colonization,86,populado,"COD: forma a população de (um lugar).",
16591,repopulate,"FN: to grow a population again in an area after previous population that decreased or dispersed. ",802,Colonization,86,repopular,"FN: para aumentar a população novamente em uma área após uma população anterior que diminuiu ou se dispersou.",
31029,colonization,"W: The process of colonizing or taking over.",802,Colonization,83,colonização,"W: O processo de colonização ou tomada.",
16594,dominant,"COD: most important, powerful, or influential.",803,Dominate_situation,84,dominante,"COD: mais importante, poderoso ou influente.",
34202,male-dominant,"Dominated by the male population.",803,Dominate_situation,84,"masculino dominante","Dominado pela população masculina.",
16597,dominate,"FN: control, rule, or influence.",804,Dominate_competitor,86,domine,"FN: controle, regra ou influência.",
16599,dominant,"COD: most important, powerful, or influential. ",804,Dominate_competitor,84,dominante,"COD: mais importante, poderoso ou influente.",
16600,strongman,"COD: a leader who rules by the exercise of threats, force, or violence.",804,Dominate_competitor,83,"homem forte","COD: um líder que governa pelo exercício de ameaças, força ou violência.",
