idLU,lemmaName(en),senseDescription(en),idFrame,frameName,idPOS,lemmaName(pt),senseDescription(pt),idLemma(pt)
13604,ban,"COD: officially or legally prohibit. ",1398,Prohibiting_or_licensing,86,proibido,"COD: proibir oficialmente ou legalmente.",
13608,outlaw,"COD: ban. ",1398,Prohibiting_or_licensing,86,proibido,"COD: ban.",
13609,ban,"COD: an official or legal prohibition. ",1398,Prohibiting_or_licensing,83,ban,"COD: uma proibição oficial ou legal.",
13610,prohibition,"COD: the action of prohibiting. ",1398,Prohibiting_or_licensing,83,proibição,"COD: a ação de proibir.",
13613,entitle,"FN: allow some state of affairs",1398,Prohibiting_or_licensing,86,intitular,"FN: permitir algum estado de coisas",
33747,let,"To license, allow something to happen.",1398,Prohibiting_or_licensing,86,deixe,"Licenciar, permitir que algo aconteça.",
18506,come,"FN: end up (in a situation).",1401,Transition_to_a_situation,86,comem,"FN: acabar (com uma situação).",
14764,"end up","FN: become (as the result of a process).",1402,Transition_to_a_state,86,"Acabar com","FN: tornar-se (como resultado de um processo).",
33151,"come out","come to a specified state",1402,Transition_to_a_state,86,"Vem à tona","Chegar a um estado especificado",
18492,transmogrify,"FN: change completely into something else.",1404,Undergo_transformation,86,Transmogrificar,"FN: mudar completamente em algo mais.",
18493,transubstantiate,"FN: change into a different substance, esp. of the Eucharist, change into the body and blood of Christ.",1404,Undergo_transformation,86,transubstituir,"FN: mudar para uma substância diferente, especialmente da Eucaristia, mudar para o corpo e sangue de Cristo.",
25790,armchair,"an upholstered chair with armrests.",1414,Furniture,83,"Poltrona reclinável","uma cadeira estofada com apoios de braços.",
31134,stool,"a seat without a back or arms, typically resting on three or four legs or on a single pedestal.",1414,Furniture,83,banquinho,"uma cadeira sem encosto ou braços, geralmente descansando em três ou quatro pernas ou sobre um único pedestal.",
31135,desk,"a piece of furniture with a flat or sloped surface and typically with drawers, at which one can read, write, or do other work.",1414,Furniture,83,escrivaninha,"Uma peça de mobiliário com uma superfície plana ou inclinada e tipicamente com gavetas, onde se pode ler, escrever ou fazer outros trabalhos.",
31138,furniture,"large movable equipment, such as tables and chairs, used to make a house, office, or other space suitable for living or working.",1414,Furniture,83,mobiliário,"Mobiliário grande e móvel, como mesas e cadeiras, utilizado para tornar uma casa, escritório ou outro espaço adequado para viver ou trabalhar.",
33548,bathtub,"A long plastic, metal, or ceramic container that is filled with water so that you can sit or lie in it to wash your whole body.",1414,Furniture,83,banheira,"Uma longa caixa de plástico, metal ou cerâmica que é preenchida com água para que você possa sentar ou deitar nela para lavar todo o seu corpo.",
34357,migrant,"A person who leaves their home society to live in another one.",1417,People_by_social_framing,83,migratório,"Uma pessoa que deixa sua sociedade natal para viver em outra.",
34425,expat,"Another way of saying expatriate. Describes people that live in a country that is different from the one they were born.",1417,People_by_social_framing,83,expato,"Outro jeito de dizer expatriado. Descreve pessoas que vivem em um país diferente do que nasceram.",
24795,dessert,"A sweet confection served as the last course of a meal.",1423,Food_service,83,dessert,"Uma confeitaria doce foi servida como o prato final de uma refeição.",
25952,check-out,"the act of paying a lodging for the accommodation period.",1424,Tourist_departure_lodging,83,checkout,"o ato de pagar um alojamento pelo período de hospedagem",
33537,scale,"An instrument for weighing, originally a simple balance ( a pair of scales ) but now usually a device with an electronic or other internal weighing mechanism.",1426,Utensils,83,escala,"Um instrumento de pesagem, originalmente um simples balança (um par de balanças) mas agora geralmente um dispositivo com um mecanismo de pesagem eletrônico ou outro.",
33538,saucer,"A shallow dish, typically having a circular indentation in the center, on which a cup is placed.",1426,Utensils,83,saucer,"Uma tigela rasa, tipicamente com uma depressão circular no centro, na qual uma xícara é colocada.",
33596,tray,"a flat receptacle used for serving.",1426,Utensils,83,tray,"um recipiente achatado utilizado para servir.",
33498,refrigerator,"An appliance or compartment which is artificially kept cool and used to store food and drink. ",1427,Appliances,83,refrigerador,"Um aparelho ou compartimento que é artificialmente mantido frio e usado para armazenar alimentos e bebidas.",
33499,toaster,"An electrical device for making toast.",1427,Appliances,83,torradeira,"Um aparelho elétrico para torrar pão.",
33506,blender,"An electric mixing machine used in food preparation for liquidizing, chopping, or pureeing.",1427,Appliances,83,blender,"Uma máquina de mistura elétrica utilizada na preparação de alimentos para liquidificar, picar ou amassar.",
33507,dishwasher,"A machine for washing dishes automatically.",1427,Appliances,83,lavavidas,"Uma máquina para lavar louça automaticamente.",
33508,heater,"A device for warming the air or water.",1427,Appliances,83,aquecedor,"Um aparelho para aquecer o ar ou a água.",
33509,mixer,"An electrical appliance for mixing foods.",1427,Appliances,83,Misturador,"Um aparelho elétrico para misturar alimentos.",
34239,"vacuum cleaner","An electric apparatus created with the purpose of cleaning a house.",1427,Appliances,83,"aspirador de pó","Um aparelho elétrico criado com o propósito de limpar uma casa.",
34371,observer,"A person who is observing a situation, people, or event.",1430,People_by_transitory_activity,83,observar,"Uma pessoa que está observando uma situação, pessoas ou evento.",
34347,enviable,"The quality of being possible to be envied.",1433,Personality_traits,84,Invejável,"A qualidade de ser possível de ser invejado.",
29710,become,"FN: end up being",1435,Becoming,86,tornar-se,"Acaba por ser",
29711,turn,"FN: change in nature, state, form, or color.",1435,Becoming,86,gire,"FN: mudança na natureza, estado, forma ou cor.",
29712,insurrection,"COD:  a rising in open resistance to established authority",1436,Reject_leadership,83,insurreição,"COD: a ascensão da resistência aberta contra a autoridade estabelecida",
29713,mutiny,"COD: an open revolt against constituted authority, especially by soliders or sailors against their officers.",1436,Reject_leadership,83,mutina,"COD: uma revolta aberta contra a autoridade constituída, especialmente por soldados ou marinheiros contra seus oficiais.",
29714,mutiny,"COD:  revolt",1436,Reject_leadership,86,mutina,"COD: revolt",
29715,rebellion,"COD: n. open reisitance to authority, esp. organized armed resistance to an established government.",1436,Reject_leadership,83,revolta,"COD: n. resistência aberta à autoridade, especialmente resistência armada organizada a um governo estabelecido.",
29716,revolt,"COD:  an attempt to end the authority of a person or body by rebelling.",1436,Reject_leadership,83,revoltar,"COD: uma tentativa de acabar com a autoridade de uma pessoa ou órgão por meio de rebelião.",
29718,uprising,"COD: an act of resistance or rebellion.",1436,Reject_leadership,83,revolta,"COD: um ato de resistência ou rebelião.",
