idLU,lemmaName(en),senseDescription(en),idFrame,frameName,idPOS,lemmaName(pt),senseDescription(pt),idLemma(pt)
6108,roar,"COD: make or utter a full, deep, prolonged sound as made by a lion, natural force, or engine",63,Make_noise,86,rugir,"COD: fazer ou emitir um som completo, profundo e prolongado como feito por um leão, força da natureza ou motor",
6109,rustle,"COD: make a soft, muffled crackling sound like that caused by the movement of dry leaves or paper.",63,Make_noise,86,Sussurrar,"COD: faça um som de estalo suave e abafado, como o causado pelo movimento de folhas secas ou papel.",
6111,screech,"FN: make a high-pitched, shrill sound",63,Make_noise,86,Grite,"FN: fazer um som agudo e estridente",
6113,sizzle,"FN: make a hissing sound as when food is frying or roasting",63,Make_noise,86,Sizzle,"FN: faça um som de assobio como quando a comida está fritando ou assando",
6114,snarl,"COD: growl with bared teeth",63,Make_noise,86,Rugido,"COD: rosnar com os dentes expostos",
6115,snicker,"COD: snigger",63,Make_noise,86,Snicar,"COD: risada",
6116,snigger,"COD: give such a laugh.",63,Make_noise,86,"Rir de forma maliciosa e maliciosa","COD: dar tal risada.",
6117,snore,"COD: make such a sound while asleep.",63,Make_noise,86,Roncar,"COD: fazer tal som enquanto dorme.",
6118,snort,"FN: make a noise by inhaling forcefully through a constricted nasal passage.",63,Make_noise,86,Snort,"FN: fazer barulho ao inalar com força através de uma passagem nasal restrita.",
6119,sob,"COD: cry making loud, convulsive gasps.",63,Make_noise,86,sob,"COD: gritos convulsivos e estridentes.",
6120,sough,"COD: (of the wind, sea, etc.) make a moaning, whistling, or rushing sound.",63,Make_noise,86,Sought,"COD: (do vento, do mar, etc.) fazer um som de gemido, assobio ou estalo.",
6121,squawk,"COD: (of a bird) make a loud, harsh noise.",63,Make_noise,86,Saque!,"COD: (de um pássaro) fazer um barulho alto e agudo.",
6122,squeak,"COD: make a short, high-pitched sound or cry",63,Make_noise,86,Squeak,"COD: fazer um som curto e agudo ou chorar",
6123,squeal,"COD: to make or utter a long, high-pitched cry or noise",63,Make_noise,86,Squeal,"COD: fazer ou proferir um longo e alto gemido ou barulho",
6124,thump,"FN: (of a person' s heart or pulse) beat or pulsate strongly",63,Make_noise,86,Thump,"FN: (do coração ou pulso de uma pessoa) bater ou pulsar fortemente",
6125,thunder,"FN: make a resounding loud deep noise",63,Make_noise,86,Trovão,"FN: faça um barulho profundo e ensurdecedor",
6126,tinkle,"FN: to produce a light, clear ringing sound.",63,Make_noise,86,Tinkle,"FN: produzir um som claro e vibrante.",
6127,titter,"COD: to give a short, half-suppressed laugh",63,Make_noise,86,Titer,"COD: para dar uma curta, meio suprimida risada",
6128,toll,"COD: (with reference to a bell) sound or cause to sound with a slow, uniform succession of strokes.",63,Make_noise,86,toll,"COD: (referindo-se a um sino) soar ou causar para soar com uma sequência lenta e uniforme de golpes.",
6129,trumpet,"FN: make a loud, trumpetlike sound (eg, by blowing one' s nose or by elephants making their cries)",63,Make_noise,86,trompete,"FN: fazer um som alto e de trombeta (por exemplo, soprando o nariz ou os elefantes fazendo seus grunhidos).",
6130,tweet,"COD: make a chirping noise.",63,Make_noise,86,tweet,"COD: fazer um barulho de chiado.",
6131,twitter,"COD: (of a bird) make a series of light tremulous sounds.",63,Make_noise,86,Twitter,"COD: (de um pássaro) fazer uma série de sons trêmulos leves.",
6132,ululate,"COD: howl or wail, typically to express grief. ",63,Make_noise,86,Ulular,"COD: uivar ou gemer, tipicamente para expressar tristeza.",
6134,whimper,"FN: to cry or sob softly and intermittently",63,Make_noise,86,Sussurrar,"FN: para chorar ou suspirar suavemente e intermitentemente",
6135,whine,"COD: give or make a whine.",63,Make_noise,86,queixar-se,"COD: dar ou fazer um reclame.",
6136,whinny,"FN: for a horse to make a gentle, high-pitched neighing sound",63,Make_noise,86,Whinny,"FN: para um cavalo fazer um som de relinchar suave e agudo",
6137,whisper,"COD:  rustle or murmur softly.",63,Make_noise,86,sussurrar,"COD: sussurrar ou murmurar suavemente.",
6139,yammer,"COD: talk loudly and incessantly.",63,Make_noise,86,Yammer,"COD: falar alto e incessantemente.",
6140,yap,"COD:  give a sharp, shrill bark",63,Make_noise,86,Yap,"COD: latir alto e agudo",
6141,yelp,"COD: utter a yelp or yelps.",63,Make_noise,86,yelp,"COD: uivar ou uivas.",
6142,yodel,"COD: practise a form of singing or calling marked by rapid alternation between the normal voice and falsetto.",63,Make_noise,86,Yodeler,"COD: uma forma de canto ou chamada marcada por uma rápida alternância entre a voz normal e o falsete.",
6143,yowl,"COD: to make a loud wailing cry of pain or distress",63,Make_noise,86,Miau,"COD: fazer um grito alto e lamentável de dor ou angústia",
6144,crepitate,"COD: make a crackling sound.",63,Make_noise,86,crepitante,"COD: faça um som de trincamento.",
6146,clack,"COD: make or cause to make a sharp sound as of a hard object striking another.",63,Make_noise,86,clique,"COD: fazer ou causar um som agudo como de um objeto duro atingindo outro.",
6147,sploosh,"FN: make a deep sound, as of a large object falling forcefully into water. ",63,Make_noise,86,Sploosh,"FN: fazer um som profundo, como de um grande objeto caindo com força na água.",
6149,ring,"FN: make a clear noise, as from a bell.",63,Make_noise,86,anel,"FN: fazer um barulho claro, como de uma campainha.",
6151,beep,"FN: make a high-pitched electronic noise",63,Make_noise,86,Beep,"FN: fazer um zumbido eletrônico agudo",
6152,"hem and haw","FN: to make noises indicating indecision",63,Make_noise,86,"hem e haw","FN: fazer barulhos indicando indecisão",
6153,boom,"FN: make a loud, deep sound.",63,Make_noise,86,Puff!,"FN: fazer um som alto e profundo.",
6156,honk,"FN: to emit a loud sound, as that of a goose or a car horn",63,Make_noise,86,Pita,"FN: emitir um som alto, como o de uma gansa ou de um apito de carro",
6158,toot,"FN: to emit a short, sharp sound",63,Make_noise,86,Tutu,"FN: emitir um som curto e agudo",
41229,sonar,,63,Make_noise,83,Soar,,
6168,overhear,"COD: hear accidentally or secretly. ",64,Perception_experience,86,"ouvir escondido","COD: ouvir acidentalmente ou secretamente.",
6170,witness,"FN: to see an event occur, especially as a bystander. ",64,Perception_experience,86,testemunha,"FN: ver um evento ocorrer, especialmente como um observador passivo.",
34886,"point of view","The opinion of someone, or the way one sees something.",64,Perception_experience,96,"ponto de vista","A opinião de alguém ou a forma como uma pessoa vê algo.",
39380,daydream,"to spend time thinking pleasant thoughts about something you would prefer to be doing or something you would like to achieve in the future.",64,Perception_experience,86,"sonhar acordado","Gasta tempo pensando em pensamentos agradáveis sobre algo que você gostaria de estar fazendo ou algo que você gostaria de alcançar no futuro.",
6174,feel,"COD: a sensation given by an object or material when touched. ",65,Sensation,83,sentir,"COD: a sensação que se tem ao tocar em um objeto ou material.",
6175,feeling,"COD: an emotional state or reaction",65,Sensation,83,sentindo-se,"COD: um estado emocional ou reação",
6177,fragrance,"COD: a pleasant, sweet smell or perfume",65,Sensation,83,fragrância,"COD: um cheiro agradável, doce ou perfume",
6184,reek,"COD: a foul smell.",65,Sensation,83,rechear,"COD: um cheiro ruim.",
6189,sight,"COD: the action or fact of seeing someone or something",65,Sensation,83,sight,"COD: a ação ou fato de ver alguém ou algo",
6195,whiff,"COD: a smell that is smelt only briefly or faintly.",65,Sensation,83,"Sopa de letras","COD: um cheiro que é sentido apenas brevemente ou de forma fraca.",
6199,coup,"COD: a violent or illegal seizure of power",66,Change_of_leadership,83,"golpe de estado","COD: uma tomada de poder violenta ou ilegal",
6200,elect,"COD: choose (someone) to hold a position, especially public office, by voting. ",66,Change_of_leadership,86,eletricidade,"COD: escolher (alguém) para ocupar uma posição, especialmente um cargo público, por votação.",
