idLU,lemmaName(en),senseDescription(en),idFrame,frameName,idPOS,lemmaName(pt),senseDescription(pt),idLemma(pt)
22045,stationhouse,"Building which serves to accommodate police officers;A building serving as the headquarters of a branch of the police force.;The headquarters of a police force or unit for a specific district; a police station.;An area headquarters for police.;",1264,Police,83,"casa de estação","Edifício que serve de alojamento para policiais;Um edifício que serve como sede de um ramo da força policial;A sede de uma força ou unidade policial para um distrito específico; uma delegacia de polícia;Um quartel-general para a área de polícia.",
22046,"station house","A building serving as the headquarters of a branch of the police force.;The headquarters of a police force or unit for a specific district; a police station.;An area headquarters for police.;",1264,Police,83,"casa de estação","Um edifício que serve como sede de um departamento ou força policial; uma delegacia de polícia. Um local de sede para a polícia.",
22047,"police headquarters","A building serving as the headquarters of a branch of the police force.;The headquarters of a police force or unit for a specific district; a police station.;An area headquarters for police.;A building which serves to accommodate police officers.;A station that serves as headquarters for police in a particular district; serves as a place from which policemen are dispatched and to which arrested persons are brought;",1264,Police,83,"sede da polícia","Um edifício que serve de sede para uma filial da força policial. ;A sede de uma força ou unidade policial para um distrito específico; uma delegacia de polícia. ;Uma sede para a área policial. ;Um edifício que serve de abrigo para policiais. ;Uma estação que serve de sede para a polícia em um distrito específico; serve como um local do qual os policiais são despachados e para o qual as pessoas presas são levadas;",
22048,"police force","The force of policemen and officers;",1264,Police,83,"força policial","A força de policiais e oficiais;",
22049,constabulary,"The force of policemen and officers;",1264,Police,83,constabilidade,"A força de policiais e oficiais;",
22051,"police service","The force of policemen and officers;Branch of the government which is charged with the preservation of public order, the promotion of public health and safety, and the prevention, detection, and punishment of crimes.;",1264,Police,83,"serviço de polícia","A força de policiais e oficiais;Ramificação do governo que é encarregada da preservação da ordem pública, a promoção da saúde pública e segurança, e a prevenção, detecção e punição de crimes.",
22052,"police departments","Constabulary may have several definitions: A civil, non-paramilitary force consisting of police officers called constables.;A police force is a constituted body of persons empowered by the state to enforce the law, protect property, and limit civil disorder.;",1264,Police,83,"departamentos de polícia","A polícia pode ter várias definições: uma força civil não paramilitar composta por policiais chamados de policiais; uma força policial é um corpo constituído de pessoas autorizadas pelo Estado a fazer cumprir a lei, proteger bens e limitar os distúrbios civis.",
1035,check-in,"the procedure of registering at a lodge",1266,Arrival_at_lodge,83,"cadastro de entrada","o procedimento de se registrar em um albergue",
3058,gangplank,"the act of passengers and crew getting off of a ship or aircraft. Debarcation or disembarkation is the process of leaving a ship or aircraft, or removing goods from a ship or aircraft.",1268,Arrival_at_destination,83,gangplank,"a ação de passageiros e tripulantes descerem de um navio ou aeronave. Desembarque ou desembarque é o processo de sair de um navio ou aeronave, ou remover mercadorias de um navio ou aeronave.",
3059,"going ashore","the act of disembarking.",1268,Arrival_at_destination,83,"ir para terra","a ação de desembarcar.",
3060,landing,"debarkation from a boat or ship.",1268,Arrival_at_destination,83,pouso,"Desembarque de um barco ou navio.",
1050,crime,"illegal act, usually violent, against a victim",1269,Crime,83,crimine,"ato ilegal, geralmente violento, contra uma vítima",
23968,"dance the samba","it is when the person dances the rhythm samba.",1270,Go_dancing,86,"dançar o samba","É quando a pessoa dança o ritmo samba.",
21657,snowslide,"An avalanche is a rapid flow of snow down a sloping surface.;",1276,Natural_disaster,83,"esqui de neve","Uma avalancha é um fluxo rápido de neve por uma superfície inclinada.",
21658,twister,"Violently rotating column of air that is in contact with both the earths surface and a cumulonimbus cloud;A violent windstorm characterized by a twisting, funnel-shaped cloud.;A tornado.;",1276,Natural_disaster,83,twister,"Coluna de ar violentamente giratória que está em contato com a superfície da Terra e uma nuvem cumulus;Uma tempestade de vento violenta caracterizada por uma nuvem em forma de funil, torcendo;Um tornado;",
21664,"submarine earthquake","An earthquake at the sea bed;",1276,Natural_disaster,83,"terremoto submarino","Um terremoto no fundo do mar.",
21665,"undersea earthquake","An earthquake at the sea bed;",1276,Natural_disaster,83,"terremoto submarino","Um terremoto no fundo do mar;",
21666,tsunami,"A submarine, undersea, or underwater earthquake is an earthquake that occurs underwater at the bottom of a body of water, especially an ocean.;An earthquake whose epicentre is beneath the sea;",1276,Natural_disaster,83,tsunami,"Um terremoto submarino, ou abissal, é um terremoto que ocorre debaixo d'água, no fundo de um corpo aquático, especialmente um oceano. Um terremoto cuja epicentro está sob o mar.",
3406,check-in,"the act of reporting your presence (as at an airport or a hotel).",1278,Tourist_departure_locality,83,"Registro de entrada","O ato de comunicar sua presença (como em um aeroporto ou hotel).",
22002,"airline boarding","The act of passengers and crew getting aboard a ship or aircraft;Boarding is the entry of passengers onto a vehicle, usually in public transportation.;Embarkation is the process of loading a passenger ship or an airplane with passengers or military personnel, related to and overlapping with individual boarding on aircraft and ships.;",1278,Tourist_departure_locality,83,"embarque em companhias aéreas","O ato de passageiros e tripulantes embarcarem em um navio ou aeronave;
Embarcação é o ato de os passageiros entrarem em um veículo, geralmente no transporte público;
Embarkação é o processo de carregar uma embarcação de passageiros ou uma aeronave com passageiros ou militares, relacionado e sobrepondo-se ao embarque individual em aeronaves e navios.",
22003,"airplane boarding","Boarding is the entry of passengers onto a vehicle, usually in public transportation.;Embarkation is the process of loading a passenger ship or an airplane with passengers or military personnel, related to and overlapping with individual boarding on aircraft and ships.;",1278,Tourist_departure_locality,83,"embarque em avião","Embarcar é o ato de embarcar passageiros em um veículo, geralmente no transporte público; Desembarcar é o processo de descarregar um navio ou avião com passageiros ou militares, relacionado e sobrepondo-se ao embarque individual em aeronaves e navios.",
1131,linesman,"the auxiliary referee, who runs along the sidelines of the field and help the referee in taking decisions.",1279,Referees,83,"Ajudante de árbitro","O árbitro assistente, que corre ao longo das laterais do campo e ajuda o árbitro na tomada de decisões.",
1133,"fourth official","the auxiliary referee whose role is to manage substitutions and show signs informing about the added time.",1279,Referees,83,"quarta oficial","o árbitro assistente cuja função é gerenciar as substituições e sinalizar os sinais informando sobre o tempo adicional.",
1135,"referee trio","the referee and his two linesman.",1279,Referees,83,"árbitro trio","O árbitro e seus dois árbitros de linha.",
21600,ref,"person in charge of ensuring that the match develops according to the rules of the game.",1279,Referees,83,ref,"A pessoa responsável por garantir que o jogo se desenrole de acordo com as regras do jogo.",
2965,jock,"a person trained to compete in sports.",1281,Athletes,83,jogueador,"Uma pessoa treinada para competir em esportes.",
27516,contestant,"a person who takes part in a competition, usually a professional competition or a game show on television.",1281,Athletes,83,concorrente,"Uma pessoa que participa de uma competição, geralmente uma competição profissional ou um jogo de televisão.",
27517,contender,"a person who participates in a competition.",1281,Athletes,83,contender,"uma pessoa que participa de uma competição.",
27520,squad,"a group of players of a sport.",1281,Athletes,83,quadrilha,"um grupo de jogadores de um esporte.",
31233,peloton,"the main group or pack of riders in cycling.",1281,Athletes,83,peloton,"a principal grupo ou rebanho de ciclistas em ciclismo.",
1141,defender,"in football or soccer, it is the position of the athlete who acts in front of the goalkeeper in the defensive position of the team.",1282,Athletes_by_position,83,defender,"Em futebol ou futebol, é a posição do atleta que age à frente do goleiro na posição defensiva da equipe.",
1142,forward,"in football or soccer, it is the position of the athlete who acts in offensive positions, scoring goals and assisting his teammates.",1282,Athletes_by_position,83,avançar,"No futebol ou no futebol, é a posição do atleta que age em posições ofensivas, marcando gols e auxiliando seus companheiros de equipe.",
1145,sweeper,"in football or soccer, it is the position of the athlete who acts as the spare defender of a team.",1282,Athletes_by_position,83,varrer,"No futebol ou no futebol, é a posição do atleta que atua como reserva do defensor de um time.",
1148,reserve,"it is the position of the athlete who does not start a match but is waiting to support the team and to come into play if necessary.",1282,Athletes_by_position,83,reservar,"É a posição do atleta que não inicia uma partida, mas espera para apoiar a equipe e entrar em jogo se necessário.",
1149,regular,"player who is lined up in the beginning of the match.",1282,Athletes_by_position,83,regular,"jogador que está alinhado no início da partida.",
1150,winger,"in certain sports, such as football, field hockey, ice hockey, handball, rugby union, lacrosse and rugby league, the term winger is the name of a position. An offensive player who plays on either side of the center.",1282,Athletes_by_position,83,winger,"Em certos esportes, como futebol, hóquei no campo, hóquei no gelo, handebol, rúgbi, lacrosse e rúgbi liga, o termo ""winger"" é o nome de uma posição. Um jogador ofensivo que joga dos lados do centro.",
3027,keeper,"in water polo, it is position of the athlete who defends the goal area and deflects the throws to the goal. In handball, it is the position of the athlete who defends the goal with almost each part of the body. The only player who can touch the ball with the feet. In field hockey, it is the position of the athlete who protects the goal and cannot grasp the ball with their hands. In football or soccer, it is the position of the athlete who saves the ball when it goes to the goal to avoid the goal.",1282,Athletes_by_position,83,guardião,"No polo aquático, é a posição do atleta que defende a área do gol e desvia os arremessos em direção ao gol. No handebol, é a posição do atleta que defende o gol usando quase qualquer parte do corpo. O único jogador que pode tocar na bola com os pés. No hóquei em campo, é a posição do atleta que protege o gol e não pode segurar a bola com as mãos. No futebol ou futebol, é a posição do atleta que salva a bola quando ela vai em direção ao gol para evitar o gol.",
3032,"center mid","a midfielder is an association football position.",1282,Athletes_by_position,83,"centro médio","um meio-campista é uma posição de futebol de associação.",
