idLU,lemmaName(en),senseDescription(en),idFrame,frameName,idPOS,lemmaName(pt),senseDescription(pt),idLemma(pt)
5414,"make it","FN: manage to arrive (at the planned or expected time)",48,Arriving,86,"Faça isso.","FN: conseguir chegar (na hora prevista ou esperada)",
5415,descend,"FN: come to a place en masse (of a temporary nuisance).",48,Arriving,86,descender,"FN: ir a um lugar em massa (de uma molestia temporária).",
5418,influx,"COD: the arrival or entry of large numbers of people or things.",48,Arriving,83,afluxo,"COD: a chegada ou entrada de grandes números de pessoas ou coisas.",
23933,"get to","to reach a destination.",48,Arriving,86,"chegar a","chegar a um destino.",
5423,cast,"FN: send forth by throwing",49,Cause_motion,86,casto,"FN: Enviar por meio de lançamento",
5424,catapult,"COD: hurl or launch with or as if with a catapult.",49,Cause_motion,86,catapulta,"COD: arremeter ou lançar com ou como se fosse com uma catapulteira.",
5425,chuck,"COD: throw (something) carelessly or casually",49,Cause_motion,86,Chuck,"COD: jogar (algo) descuidado ou casualmente",
5426,drag,"COD: pull along forcefully, roughly, or with difficulty",49,Cause_motion,86,drag,"COD: puxar com força, de forma áspera ou com dificuldade",
5427,fling,"COD: throw forcefully; hurl",49,Cause_motion,86,flerte,"COD: lançar com força; arremessar",
5436,toss,"COD:  throw lightly or casually",49,Cause_motion,86,toss,"COD: jogar levemente ou casualmente",
5437,tug,"FN: to pull (something) hard and suddenly, causing it to move ",49,Cause_motion,86,tugue,"FN: puxar (algo) forte e de repente, fazendo-o se mover",
5438,yank,"COD: pull with a jerk.",49,Cause_motion,86,Yank,"COD: puxar com força.",
5447,haul,"COD: pull or drag with effort or force.",49,Cause_motion,86,carregamento,"COD: puxar ou arrastar com esforço ou força.",
5449,knock,"FN: to push suddenly on something",49,Cause_motion,86,Aperte,"FN: empurrar de repente algo",
5450,punt,"FN: to kick something as if it were a football",49,Cause_motion,86,pont,"FN: chutar algo como se fosse uma bola de futebol",
5452,jerk,"FN: pull quickly and forcefully",49,Cause_motion,86,"taco de gente","FN: puxar rapidamente e com força",
5453,propel,"FN: cause to move by means of some force",49,Cause_motion,86,propeler,"FN: causar movimento por meio de alguma força",
5459,slam,"FN: to throw forcefully",49,Cause_motion,86,slam,"FN: arremessar com força",
5461,rake,"FN: move (something) using a rake.",49,Cause_motion,86,raque,"FN: mover (algo) usando uma pá.",
5462,impel,"FN: to drive or cause to move onward; impart motion to",49,Cause_motion,86,impeler,"FN: fazer mover ou causar que se mova para a frente; comunicar movimento",
5463,wrench,"FN: to pull, jerk, or twist suddenly and forcibly",49,Cause_motion,86,"Chave de fenda","FN: puxar, sacudir ou torcer repentinamente e com força",
5465,lift,"FN: to move or bring (something) upward from the ground or other support to a higher position",49,Cause_motion,86,levante-se,"FN: mover ou trazer (algo) para cima do chão ou de outro suporte para uma posição mais alta",
5469,escort,"COD: accompany as an escort.",50,Cotheme,86,escortar,"COD: Acompanhar como escolta.",
5478,track,"COD: follow the course or movements of",50,Cotheme,86,rastrear,"COD: seguir o curso ou movimentos de",
5481,pursuer,"FN: somebody who follows another person in order to catch or attack",50,Cotheme,83,perseguidor,"FN: alguém que segue outra pessoa com o objetivo de pegá-la ou atacá-la",
5486,guided,"FN: led by (someone or something) through an area. ",50,Cotheme,84,guiado,"FN: liderado por (alguém ou algo) através de uma área.",
5488,"dog steps","FN: to follow in a disturbingly determined fashion.",50,Cotheme,96,"escadas para cachorro","FN: seguir de forma perturbadoramente determinada.",
5490,"lead the way","FN: lead (some unspecified individual or individuals) to a location along a specific path.  Although this LU, at first glance, appears to be an example of the Way Construction (see Constructicon entry), it differs in form (fixed ""the"" before ""way"", never a possessive as is usual for the Way Construction) and in meaning (the omitted Cotheme is DNI, not the INI that is usual for omitted direct objects in the Way Construction; the Goal or Path is also omissable unlike the Way Construction).",50,Cotheme,86,"Mostre o caminho.","FN: levar (alguma pessoa ou pessoas não especificadas) a um local ao longo de um caminho específico. Embora este LU, à primeira vista, pareça ser um exemplo da Construção do Caminho (ver entrada Constructicon), difere em forma (o ""o"" fixo antes do ""caminho"", nunca um possessivo como é usual na Construção do Caminho) e em significado (o Cotheme omitido é DNI, não o INI que é usual para objetos diretos omitidos na Construção do Caminho; o Objetivo ou Caminho também pode ser omitido, ao contrário da Construção do Caminho).",
5491,decamp,"COD: depart suddenly or secretly.",51,Departing,86,deslocar-se,"COD: partir de repente ou em segredo.",
5498,vamoose,"COD: depart hurriedly.",51,Departing,86,Vamos!,"COD: partiu precipitadamente.",
5500,skedaddle,"FN: to depart quickly",51,Departing,86,Esquisadinho,"FN: partir rapidamente",
5504,emerge,"FN: come out (from a hidden position).",51,Departing,86,emerge,"FN: vir à tona (de uma posição escondida).",
34325,"come out","To leave a place.",51,Departing,86,"vir à tona","Sair de um lugar.",
5508,clear,"COD: free of any obstructions or unwanted objects",52,Emptying,86,claro,"COD: livre de quaisquer obstruções ou objetos indesejados",
