idLU,lemmaName(en),senseDescription(en),idFrame,frameName,idPOS,lemmaName(pt),senseDescription(pt),idLemma(pt)
4583,covenant,"COD: a solemn agreement",27,Commitment,83,covenant,"COD: um acordo solene",
4584,covenant,"COD: agree or pay by solemn agreement",27,Commitment,86,covenant,"COD: concordar ou pagar por acordo solene",
4585,oath,"COD: a solemn promise, often invoking a divine witness, as to the truth of something or as a commitment to future action",27,Commitment,83,jura,"COD: uma promessa solene, muitas vezes invocando um testemunho divino, em relação à verdade de algo ou como um compromisso com a ação futura",
4586,pledge,"COD: a solemn promise or undertaking",27,Commitment,83,promessa,"COD: uma promessa ou compromisso solene",
4587,pledge,"COD: solemnly undertake to do or give something",27,Commitment,86,promessa,"COD: assumir solenemente o compromisso de fazer ou dar algo",
4588,promise,"COD: an assurance that one will do something or that something will happen",27,Commitment,83,promessa,"COD: uma garantia de que alguém fará algo ou que algo acontecerá",
4589,promise,"FN: to provide an assurance that one will do something or that something will happen",27,Commitment,86,promessa,"FN: para dar uma garantia de que alguém fará algo ou que algo acontecerá",
4596,vow,"COD: a solemn promise.",27,Commitment,83,vow,"COD: uma promessa solene.",
4597,commit,"COD: to obligate or pledge oneself",27,Commitment,86,cometer,"COD: se obrigar ou comprometer-se",
4598,commitment,"COD: a pledge or undertaking.",27,Commitment,83,compromisso,"COD: uma promessa ou compromisso.",
4599,vow,"COD: solemnly promise to do something.",27,Commitment,86,vow,"COD: prometer solenemente fazer algo.",
4602,confer,"COD: have discussions.",28,Discussion,86,confer,"COD: têm discussões.",
4613,interlocutor,"COD: a person who takes part in a dialogue",28,Discussion,83,interlocutor,"COD: uma pessoa que participa de um diálogo",
4614,discussant,"FN: somebody who participates in a formal discussion",28,Discussion,83,discutante,"FN: alguém que participa de uma discussão formal",
4616,negotiate,"COD: try to reach an agreement or compromise by discussion with others",28,Discussion,86,negociar,"COD: tente chegar a um acordo ou compromisso por meio de discussão com os outros",
4617,talk,"COD: formal discussions or negotiations over a period.",28,Discussion,83,falar,"COD: discussões ou negociações formais ao longo de um período.",
4619,talk_(to),"FN: discuss or confer with another about something",28,Discussion,86,"falar (a)","FN: discutir ou conferir com outro sobre algo",
4620,"talk over","FN: to talk about a plan or o problem, usually spending considerable time",28,Discussion,86,"falar por cima","FN: falar sobre um plano ou problema, geralmente passando um tempo considerável",
34365,haggle,"To discuss about the price of items.",28,Discussion,86,Negociar,"Discutir sobre o preço dos itens.",
4624,formulation,"COD: the action of formulating.",29,Encoding,83,formulação,"COD: a ação de formular.",
4629,wording,"COD: the words used to express something; the way in which something is expressed.",29,Encoding,83,terminação,"COD: as palavras usadas para expressar algo; a maneira como algo é expresso.",
4630,phrasing,"FN: the way a text is formulated",29,Encoding,83,frasear,"FN: a forma como um texto é formulado",
4632,express,"FN: to covey an emotion or message in a specified manner",29,Encoding,86,express,"FN: para transmitir uma emoção ou mensagem de uma maneira especificada",
4633,cast,"COD: arrange and present in a specified form or style.",29,Encoding,86,cast,"COD: organizar e apresentar em uma forma ou estilo especificado.",
4638,nod,"FN: lower and raise one' s head slightly and briefly to convey a message",30,Gesture,86,Sim.,"FN: abaixar e levantar ligeiramente e brevemente a cabeça para transmitir uma mensagem",
4644,babble,"COD: talk rapidly and continuously in a foolish, excited, or incomprehensible way",32,Communication_manner,86,babble,"COD: falar rapidamente e continuamente de uma maneira estúpida, empolgada ou ininteligível",
4645,bluster,"COD: talk in a loud, aggressive, or indignant way with little effect",32,Communication_manner,86,blaster,"COD: falar de maneira alta, agressiva ou indignada com pouco efeito",
4646,chant,"COD: say or shout repeatedly in a sing-song tone",32,Communication_manner,86,canção,"COD: dizer ou gritar repetidamente em um tom de canto",
4647,chatter,"COD: talk rapidly or incessantly about trivial matters",32,Communication_manner,86,chatter,"COD: falar rapidamente ou incessantemente sobre assuntos triviais",
4648,drawl,"COD: speak in a slow, lazy way with prolonged vowel sounds",32,Communication_manner,86,drawl,"COD: fale de forma lenta, preguiçosa, com vogais alongadas",
4649,gabble,"COD: talk rapidly and unintelligibly.",32,Communication_manner,86,gabble,"COD: falar rapidamente e de forma incompreensível.",
4650,gibber,"COD: speak rapidly and unintelligibly, typically through fear or shock.",32,Communication_manner,86,Gibber,"COD: falar rapidamente e de forma incompreensível, geralmente por medo ou choque.",
4651,jabber,"COD: talk rapidly and excitedly but with little sense.",32,Communication_manner,86,jabber,"COD: falar rapidamente e empolgado, mas com pouco sentido.",
4652,lisp,"COD: to speak in a manner in which ' s'  is pronounced like ' th'  in ' thick'  and ' z'  is pronounced like ' th'  in ' this' ",32,Communication_manner,86,lispe,"COD: para falar de uma maneira em que 's' é pronunciado como 'th' em 'thick' e 'z' é pronunciado como 'th' em 'this",
4654,mumble,"COD: say something indistinctly and quietly.",32,Communication_manner,86,murmurar,"COD: diga algo de forma indistinta e baixa.",
4655,mutter,"COD:  say in a barely audible voice.",32,Communication_manner,86,murmurar,"COD: diga em um sussurro quase inaudível.",
4656,natter,"COD: chat casually.",32,Communication_manner,86,Chatear,"COD: bate papo descontraído.",
4657,prattle,"COD: talk at length in a foolish or inconsequential way.",32,Communication_manner,86,baboseira,"COD: falar por muito tempo de maneira tola ou sem importância.",
4661,simper,"FN: to speak with a silly, self-conscious, coy smile.",32,Communication_manner,86,simper,"FN: falar com um sorriso bobo, autoconsciente e malicioso.",
4663,slur,"FN: speak or articulate speech indistinctly.",32,Communication_manner,86,slur,"FN: falar ou articular a fala de forma indistinta.",
4664,stammer,"COD: speak with sudden involuntary pauses and a tendency to repeat the initial letters of words. ",32,Communication_manner,86,gaguejar,"COD: fala com pausas involuntárias e repetições das letras iniciais das palavras.",
4665,stutter,"COD: talk with continued involuntary repetition of sounds, especially initial consonants. ",32,Communication_manner,86,gaguejar,"COD: conversa com repetição involuntária contínua de sons, especialmente consoantes iniciais.",
4666,whisper,"COD: speak very softly using one' s breath rather than one' s throat. ",32,Communication_manner,86,sussurrar,"COD: falar muito suavemente usando o ar em vez da garganta.",
4667,blabber,"FN: to speak foolishly or excessively ",32,Communication_manner,86,baboseira,"FN: falar de maneira estúpida ou excessiva",
4668,babble,"COD: foolish, excited, or confused talk.",33,Communication_noise,83,babble,"COD: conversa estúpida, empolgada ou confusa.",
4669,bark,"COD: utter (a command or question) abruptly or aggressively",33,Communication_noise,86,latido,"COD: proferir (uma ordem ou pergunta) abruptamente ou agressivamente",
4671,bellow,"FN: to communicate a statement using a loud, deep voice",33,Communication_noise,86,abaixo,"FN: para comunicar uma declaração usando uma voz alta e profunda",
4672,bleat,"COD: speak or complain in a weak or foolish way.",33,Communication_noise,86,Bla-bla,"COD: falar ou reclamar de uma maneira fraca ou tola.",
4673,bray,"FN: issue a loud, harsh cry.",33,Communication_noise,86,bra,"FN: emitir um grito alto e agudo.",
4674,burble,"COD: speak unintelligibly and at unnecessary length.",33,Communication_noise,86,borbulhar,"COD: fala de forma ininteligível e em demasia.",
4675,cackle,"COD: talk inconsequentially and at length.",33,Communication_noise,86,Cacarear,"COD: falar de maneira inconsequente e por longos períodos.",
4676,chirp,"COD: say something in a lively and cheerful way.",33,Communication_noise,86,Tique-taque,"COD: diga algo de forma animada e alegre.",
4679,cluck,"COD: express fussy concern about.",33,Communication_noise,86,clique,"COD: expressa preocupação preguiçosa sobre.",
4680,coo,"COD: (of a person) speak in a soft gentle voice.",33,Communication_noise,86,coo,"COD: (de uma pessoa) falar com uma voz suave e gentil.",
