idLU,lemmaName(en),senseDescription(en),idFrame,frameName,idPOS,lemmaName(pt),senseDescription(pt),idLemma(pt)
31395,discus,"the discus is plate-shaped. It is made mainly of rubber but
also has a metallic or wooden rim and core to make up the
required weights.",1327,Sports_equipment,83,Discutir,"A disco é em forma de prato. É feito principalmente de borracha, mas também tem um
borda metálica ou madeira e núcleo para fazer o peso necessário.",
31396,goggles,"sports equipment that protects the eyes from the aggressions caused by chemical components of the swimming pools.",1327,Sports_equipment,83,"óculos de mergulho","Equipamentos esportivos que protegem os olhos das agressões causadas pelos componentes químicos das piscinas.",
31401,"mouth guard","equipment used for mouth protection in certain sports.",1327,Sports_equipment,83,"proteção bucal","equipamentos usados para proteção bucal em certos esportes.",
31402,"head guard","equipment used for head protection in certain sports.",1327,Sports_equipment,83,guardia-cabeça,"equipamento usado para proteção da cabeça em certos esportes.",
31403,"ear protector","equipment used for ear protection in certain sports.",1327,Sports_equipment,83,"protetor auricular","equipamentos usados para proteção auditiva em certos esportes.",
31404,skateboard,"a board on wheels used in sport of the same name.",1327,Sports_equipment,83,skateboard,"Uma prancha sobre rodas utilizada no esporte do mesmo nome.",
31883,baton,"in the relay events, it is the cylindrical equipment that each member of a team must carry with them throughout the race and hand over to the next member of their team.",1327,Sports_equipment,83,Baton,"Nos eventos de revezamento, é o equipamento cilíndrico que cada membro de uma equipe deve carregar com eles durante toda a corrida e passar para o próximo membro de sua equipe.",
33497,ski,"Each of a pair of long, narrow pieces of hard, flexible material, typically pointed and turned up at the front, fastened under the feet for travelling over snow.",1327,Sports_equipment,83,esqui,"Cada uma de um par de peças longas e estreitas de material duro e flexível, geralmente pontiagudas e viradas para cima na frente, presas sob os pés para viajar sobre a neve.",
33524,dumbbell,"A short bar with a weight at each end, used typically in pairs for exercise or muscle-building.",1327,Sports_equipment,83,"Bola de ginástica","Uma barra curta com um peso em cada extremidade, usada tipicamente em pares para exercícios ou construção muscular.",
33525,paddle,"A short pole with a broad blade at one or both ends, used without a rowlock to move a small boat or canoe through the water.",1327,Sports_equipment,83,paddles,"Uma vara curta com uma lâmina larga em um ou ambos os extremos, usada sem uma linha de remos para mover um pequeno barco ou canoa através da água.",
33526,parachute,"A cloth canopy which fills with air and allows a person or heavy object attached to it to descend slowly when dropped from an aircraft, or which is released from the rear of an aircraft on landing to act as a brake.",1327,Sports_equipment,83,paraquedas,"Uma tenda de tecido que enche de ar e permite que uma pessoa ou objeto pesado preso a ela desça lentamente quando lançada de um avião, ou que é liberada da parte traseira de um avião na hora do pouso para atuar como um freio.",
21716,combat,"the act of fighting. Any contest or struggle.",1328,Sports_event,83,combatir,"O ato de lutar. Qualquer competição ou luta.",
21717,fight,"the act of fighting. Any contest or struggle.",1328,Sports_event,83,lutar,"o ato de lutar. Qualquer competição ou luta.",
29504,games,"sports competitions held between a group of teams in various sports and disciplines.",1328,Sports_event,83,Jogos,"Competições esportivas realizadas entre um grupo de equipes em vários esportes e disciplinas.",
29505,olympics,"each edition of the Olympic Games.",1328,Sports_event,83,Olimpíadas,"Cada edição dos Jogos Olímpicos.",
31410,race,"a competition between runners, horses, vehicles, boats, etc., to see which is the fastest in covering a set course.",1328,Sports_event,83,raça,"Uma competição entre corredores, cavalos, veículos, barcos, etc., para ver qual é o mais rápido em cobrir um percurso definido.",
31902,"return game","the second game that takes place on the field that is a team's home.",1328,Sports_event,83,"retorno do jogo","o segundo jogo que acontece no campo que é o lar de uma equipe.",
31903,"return match","the second game that takes place on the field that is a team's home.",1328,Sports_event,83,"retorno de correspondência","O segundo jogo que acontece no campo que é o lar de uma equipe.",
31904,rematch,"the second game that takes place on the field that is a team's home.",1328,Sports_event,83,rematch,"o segundo jogo que acontece no campo que é o lar de uma equipe",
32153,"second leg","the second game that takes place on the field that is a team's home.",1328,Sports_event,83,"segunda perna","O segundo jogo que acontece no campo que é o lar de uma equipe.",
32154,"first leg","the first game that takes place on the field that belongs to the opposing team.",1328,Sports_event,83,"primeira perna","o primeiro jogo que acontece no campo que pertence à equipe adversária.",
32155,relay,"a running or swimming race between two or more teams in which each person in the team runs or swims part of the race.",1328,Sports_event,83,repetidor,"Uma corrida ou natação entre duas ou mais equipes em que cada pessoa na equipe corre ou nada parte da corrida.",
3178,"sliding tackle","a player, in order to take the ball from an opponent, glides with his both legs forward to the opponent, throwing him to the ground.",1329,Direct_fouls,83,"Tackle deslizante","Um jogador, para tirar a bola de um adversário, desliza com as duas pernas na frente do adversário, atirando-o ao chão.",
3179,tackle,"the player, violently, uses his own strength to take the ball from the opponent.",1329,Direct_fouls,83,tackles,"O jogador, violentamente, usa sua própria força para tirar a bola do oponente.",
31075,"take down","in football, it is the infraction in which a player knocks down one of his opponents.",1329,Direct_fouls,86,"Tire isso do ar","No futebol, é a infração em que um jogador derruba um de seus adversários.",
31078,splashing,"at the water polo, it is the infraction that generates the exclusion of the infringer when he throws water on the rival's face.",1329,Direct_fouls,83,borrifar,"No polo aquático, é a infração que gera a exclusão do infrator quando ele joga água no rosto do adversário.",
32149,"slide tackle","a player, in order to take the ball from an opponent, glides with his both legs forward to the opponent, throwing him to the ground.",1329,Direct_fouls,86,"Taco de escorregar","O jogador desliza com as duas pernas na frente do adversário para tirar-lhe a bola, atirando-o no chão.",
3180,"offside offense","when the ball is passed to a player that is closer to the opponent's goal line than both the ball and the second last player of the opposing team.",1330,Indirect_fouls,83,off-side,"quando a bola é passada para um jogador que está mais próximo da linha de gol do adversário do que tanto a bola quanto o penúltimo jogador do time adversário.",
3181,interference,"the act of hindering or obstructing or impeding.",1330,Indirect_fouls,83,interferência,"O ato de impedir ou obstruir ou dificultar.",
3187,offside,"also offsides, it is a rule used by several different team sports regulating aspects of player positioning.",1330,Indirect_fouls,83,"Fora de jogo","também fora de jogo, é uma regra usada por vários esportes em equipe diferentes regulando aspectos da posição dos jogadores.",
21729,double-faulting,"in tennis, it is two successive faults in serving resulting in the loss of the point.",1330,Indirect_fouls,83,"falha dupla","No tênis, é dois erros consecutivos no saque resultando na perda do ponto.",
31167,"double hit","infraction when the athlete touches the ball twice consecutively.",1330,Indirect_fouls,83,"duplo impacto","Infringência quando o atleta toca na bola duas vezes consecutivas.",
31168,"double touch","infraction when the athlete touches the ball twice consecutively.",1330,Indirect_fouls,83,"toque duplo","infração quando o atleta toca na bola duas vezes consecutivamente.",
31169,"false start","the advantage that the athlete tries to take when starting the race before the other competitors.",1330,Indirect_fouls,83,"falsa partida","A vantagem que o atleta tenta obter ao iniciar a corrida antes dos outros competidores.",
31170,"have a false start","to have the advantage that the athlete tries to take when starting the race before the other competitors.",1330,Indirect_fouls,86,"ter um começo falso","ter a vantagem que o atleta tenta tomar quando inicia a corrida antes dos outros concorrentes.",
31173,carry,"in volleyball, beach volleyball, tennis and badminton, it is when the player retains the ball or pushes the ball while retaining it too much.",1330,Indirect_fouls,83,levar,"No voleibol, vôlei de praia, tênis e badminton, é quando o jogador retém a bola ou empurra a bola enquanto a retém demais.",
31175,"foot fault","in tennis, it is the infraction committed when the server changes his position walking or running, even if small movements of the foot are allowed; or touch the bottom line or the field with their feet; or touch the area outside the imaginary extension of the lateral line with their feet; or touch the imaginary extension of the central mark with their feet.",1330,Indirect_fouls,83,"falta de passo","No tênis, é a infração cometida quando o servidor muda sua posição andando ou correndo, mesmo que pequenos movimentos do pé sejam permitidos; ou tocar a linha de fundo ou o campo com os pés; ou tocar a área fora da extensão imaginária da lateral da linha com os pés; ou tocar a extensão imaginária da marca central com os pés.",
31176,"penetrate under the net","in sports such as tennis, badminton, volleyball and beach volleyball, it is the infraction committed when the athlete crosses the net towards the opponent's side with some part of their body or with some instrument such as the racket.",1330,Indirect_fouls,86,"penetrar abaixo da rede","Em esportes como tênis, badminton, vôlei e vôlei de praia, é a infração cometida quando o atleta cruza a rede em direção ao lado do oponente com alguma parte do corpo ou com algum instrumento, como a raquete.",
31177,"penetration under the net","in sports such as tennis, badminton, volleyball and beach volleyball, it is the infraction committed when the athlete crosses the net towards the opponent's side with some part of their body or with some instrument such as the racket.",1330,Indirect_fouls,83,"penetração abaixo da rede","Em esportes como tênis, badminton, vôlei e vôlei de praia, é a infração cometida quando o atleta cruza a rede em direção ao lado do oponente com alguma parte do corpo ou com algum instrumento como a raquete.",
3423,voyager,"a person who changes location to have fun.",1338,People_by_leisure_activity,83,Viajar,"Uma pessoa que muda de local para se divertir.",
3424,wayfarer,"a traveler to a distant land, especially one who travels by sea.",1338,People_by_leisure_activity,83,wayfarer,"Um viajante para uma terra distante, especialmente um que viaja pelo mar.",
25543,sunbather,"a person that goes to the beach, lake or river with the purpose of rest and entertain.",1338,People_by_leisure_activity,83,"banhista de sol","Uma pessoa que vai à praia, ao lago ou ao rio com o propósito de descanso e entretenimento.",
25544,merrymaker,"a person who is attending the carnival parties and makes parties.",1338,People_by_leisure_activity,83,Festeiro,"Uma pessoa que está participando das festas de carnaval e faz as festas.",
25545,reveler,"a person who is attending the carnival parties and makes parties.",1338,People_by_leisure_activity,83,revelar,"Uma pessoa que está participando das festas de carnaval e faz as festas.",
25546,reveller,"a person who is attending the carnival parties and makes parties.",1338,People_by_leisure_activity,83,reveller,"uma pessoa que frequenta as festas de carnaval e faz festas.",
31147,gambler,"a person who gambles.",1338,People_by_leisure_activity,83,gambler,"Uma pessoa que aposta.",
34303,costumer,"A person who is buying something.",1338,People_by_leisure_activity,83,costumer,"Uma pessoa que está comprando algo.",
34860,"jet setter","A person who starts trends.",1338,People_by_leisure_activity,83,"Jet setter","Uma pessoa que inicia tendências.",
2980,bowman,"an athlete who practices archery.",1341,Athletes_by_sport,83,bowman,"Um atleta que pratica tiro com arco.",
2986,boxer,"an athlete who practices boxing.",1341,Athletes_by_sport,83,boxer,"Um atleta que pratica boxe.",
2993,swordsman,"an athlete who practices fencing.",1341,Athletes_by_sport,83,espadachim,"Um atleta que pratica esgrima.",
2995,lifter,"an athlete who practices weightlifting.",1341,Athletes_by_sport,83,levador,"Um atleta que pratica levantamento de peso.",
2998,wrestler,"an athlete who practices wrestling.",1341,Athletes_by_sport,83,wrestler,"Um atleta que pratica luta.",
2999,grappler,"an athlete who practices wrestling.",1341,Athletes_by_sport,83,grudista,"um atleta que pratica luta.",
3000,matman,"an athlete who practices wrestling.",1341,Athletes_by_sport,83,matman,"um atleta que pratica luta.",
