idLU,lemmaName(en),senseDescription(en),idFrame,frameName,idPOS,lemmaName(pt),senseDescription(pt),idLemma(pt)
17932,humble,"FN: Of or pertaining to common people, but with a positive connotation.",1105,Social_desirability,84,humilde,"FN: De ou relacionado ao povo comum, mas com conotação positiva.",83207
17934,low,"FN: Of or pertaining to a social class that is low in a heirarchy.",1105,Social_desirability,84,baixo,"FN: De ou relacionado a uma classe social baixa em uma hierarquia.",73318
17945,"break out","FN: set a captive free against the wishes of the captor.",1109,Breaking_out_captive,86,Quebrar,"FN: libertar um refém contra os desejos do captor.",116887
17948,particular,"COD: Denoting an individual member of a specified group or class.",1110,Specific_individual,84,particular,"COD: denotando um membro individual de um grupo ou classe especificada.",87110
17958,share,"FN: to have a feature in common ",1111,Commonality,86,compartilhar,"FN: ter uma característica em comum",120660
17959,soldier,"COD: a person who serves in an army.",1112,Member_of_military,83,soldado,"COD: uma pessoa que serve em um exército.",10782
17960,marine,"FN: a member of a marine corps.",1112,Member_of_military,83,marinha,"FN: um membro da marinha.",37223
17965,commando,"FN: member of military unit designed for rapid and aggressive operations.",1112,Member_of_military,83,comando,"FN: membro de uma unidade militar projetada para operações rápidas e agressivas.",17756
17973,prison,"FN: (with ""in"") confined to a prison as punishment (as ""in prison"", ""go to prison"", ""out of prison"", etc.)",1115,Being_incarcerated,83,prisão,"FN: (com ""em"") confinado a uma prisão como punição (""em prisão"", ""ir para a prisão"", ""sair da prisão"", etc.)",10697
17975,jail,"FN: incarcerated, confined to a jail as punishment (as ""in jail"", ""go to jail"", ""out of jail"", etc.)",1115,Being_incarcerated,83,prisão,"FN: encarcerado, confinado a uma prisão como punição (como ""na prisão"", ""ir para a prisão"", ""sair da prisão"", etc.)",10697
17980,serve,"FN: to be incarcarated for an offense; for this LU, a specific period of time must be mentionned. (See also: serve time.v)",1115,Being_incarcerated,86,servir,"FN: ser encarcerado por uma ofensa; para este LU, um período de tempo específico deve ser mencionado. (Veja também: servir tempo. v)",116867
17984,friendly,"FN: belonging to the same side as an assumed individual or party.",1117,Friendly_or_hostile,84,amigável,"FN: Pertencente ao mesmo lado de um indivíduo ou partido pressuposto.",73407
17985,hostile,"FN: belonging to an opposing side.",1117,Friendly_or_hostile,84,hostil,"FN: pertencente a um lado oposto.",73428
34154,welcoming,"The attribute of being open to different people, things or ideas.",1117,Friendly_or_hostile,84,Acolhedor,"A característica de estar aberto a pessoas, coisas ou ideias diferentes.",73952
17992,operate,"FN: be militarily active or perform military actions.",1118,Military_operation,86,operar,"FN: ser ativo militarmente ou realizar ações militares.",120722
17995,counter-attack,"FN: to attack another in response to their attack.",1119,Counterattack,86,contra-ataque,"FN: atacar outro em resposta ao seu ataque.",211
17998,spokesman,"FN: a male spokesperson",1120,Representative,83,porta-voz,"FN: um porta-voz masculino",9081
18001,spokeswoman,"FN: a female spokesperson",1120,Representative,83,porta-voz,"FN: uma porta-voz feminina",9081
18002,spokesperson,"FN: a person who advocates for and speaks on behalf of another or an organization",1120,Representative,83,porta-voz,"FN: uma pessoa que defende e fala em nome de outra ou de uma organização",9081
34140,symbolic,"An action, event or entity that serves as a symbol.",1120,Representative,84,simbólico,"Um ato, evento ou entidade que serve como símbolo.",89845
18004,book,"COD: reserve (accomodation, a ticket, etc.)",1121,Reserving,86,livro,"COD: reserva (hospedagem, bilhete, etc.)",8572
18008,book,"FN: the records of the accounts of a business (usually plural); any other binded pages which contain recorded data",1122,Records,83,livro,"FN: os registros das contas de um negócio (geralmente plural); quaisquer outras páginas encadernadas que contenham dados registrados",8572
18009,log,"FN: a book in which data is recorded",1122,Records,83,Registro,"FN: um livro no qual os dados são registrados",10685
18010,record,"FN: an entity in which events or data are recorded",1122,Records,83,registro,"FN: uma entidade na qual eventos ou dados são registrados",10685
18011,journal,"FN: a book in which data is kept",1122,Records,83,diário,"FN: um livro em que os dados são mantidos",19725
18012,recording,"FN: information that is stored on a medium",1122,Records,83,registro,"FN: informação armazenada em um meio",10685
34443,medium,"A type of instrument used to stores the record.",1122,Records,83,meio,"Um tipo de instrumento usado para armazenar o registro.",763
18014,common,"COD: (of a share) entitling its holder to dividends which vary in amount depending on the forturnes of the company.  Compare with PREFERRED.

FN: also entitles the stockholder to voting rights.",1123,Capital_stock,84,comum,"COD: (de uma ação) que confere ao seu detentor direitos a dividendos, os quais variam de acordo com o desempenho da empresa. Compare-se com PREFERRED.

FN: também confere ao acionista direitos de voto.",73168
18017,preferred,"COD: (of a share) entitles the holder to a fixed dividend whose payment takes priority over that of ordinary share dividends.",1123,Capital_stock,84,preferido,"COD: (de uma ação) dá ao titular o direito a um dividendo fixo, cujo pagamento tem prioridade sobre o de dividendos ordinários.",87902
18021,control,"FN: a subject or group of subjects in an experiment which are left untreated and are then compared with treated subjects in order to validate or invalidate a hypothesis",1124,Experimentation,83,controle,"FN: um sujeito ou grupo de sujeitos em um experimento que são deixados sem tratamento e então comparados com sujeitos tratados a fim de validar ou invalidar uma hipótese",37441
18026,test,"FN: to conduct an experiment in order to prove a hypothesis right or wrong",1124,Experimentation,86,teste,"FN: realizar um experimento para provar uma hipótese certa ou errada",9320
18027,experiment,"FN: to determine whether a  hypothesis is correct by conducting a test or experiment ",1124,Experimentation,86,experimentar,"FN: determinar se uma hipótese é correta realizando um teste ou experimento",117310
18028,subject,"FN: an individual who is being studied in an experiment",1124,Experimentation,83,assunto,"FN: um indivíduo que está sendo estudado em um experimento",10673
