idLU,lemmaName(en),senseDescription(en),idFrame,frameName,idPOS,lemmaName(pt),senseDescription(pt),idLemma(pt)
9846,boil,"FN: cook by immersing in boiling water ",212,Apply_heat,86,Fervurar,"F: cozinhar por imersão em água fervente",
9847,simmer,"COD: stay or cause to stay just below boiling point while bubbling gently",212,Apply_heat,86,"Ferva suavemente","COD: permanecer ou causar permanecer apenas abaixo do ponto de ebulição enquanto borbulha suavemente",
9852,singe,"FN: burn superficially",212,Apply_heat,86,Afilar,"FN: queimar superficialmente",
9853,sear,"COD: burn or scorch with a sudden intense heat.",212,Apply_heat,86,sear,"COD: queimar ou carbonizar com um calor intenso súbito.",
9856,frying,"FN: the process of cooking in hot fat or oil",212,Apply_heat,83,fritar,"FN: o processo de cozimento em gordura ou óleo quente",
9858,boiling,"FN: the process of cooking by immersing in boiling water",212,Apply_heat,83,Fervendo,"FN: o processo de cozimento por imersão em água fervente",
9859,roasting,"FN: the process of cooking by prolonged exposure to heat in an oven or over a fire. ",212,Apply_heat,83,assando,"FN: o processo de cozimento por exposição prolongada ao calor em um forno ou sobre uma fogueira.",
9860,melting,"FN: the process of liquifying through warmth or heat",212,Apply_heat,83,derretendo,"FN: o processo de liquificação através do calor ou do calor",
9862,broiling,"FN: the process of cooking by exposure to direct heat",212,Apply_heat,83,grillar,"FN: o processo de cozimento por exposição ao calor direto",
9863,toasting,"FN: the process of cooking or browning by exposure to radiant heat",212,Apply_heat,83,Tostando,"FN: o processo de cozimento ou douramento por exposição a calor radiante",
9864,simmering,"FN: causing to stay just below boiling point while bubbling gently",212,Apply_heat,83,"Fervendo suavemente","FN: causando para ficar apenas abaixo do ponto de ebulição enquanto borbulha suavemente",
9865,steaming,"FN: the process of cooking by heating in steam from boiling water",212,Apply_heat,83,vaporizar,"FN: o processo de cozimento por aquecimento em vapor de água fervente",
9866,stewing,"FN: the process of cooking slowly in liquid in a closed dish or pan",212,Apply_heat,83,"cozinhar em molho","FN: o processo de cozinhar lentamente em líquido em um recipiente ou frigideira fechada",
9867,baking,"FN: the process of cooking food by dry heat, typically in an oven",212,Apply_heat,83,"Fazer assar","FN: o processo de cozimento de alimentos por calor seco, tipicamente em um forno",
9868,cooking,"FN: the act of preparing food through the use of heat",212,Apply_heat,83,cozinhar,"FN: o ato de preparar alimentos através do uso de calor",
9869,acromegaly,"COD: abnormal growth of the hands, feet, and face, caused by overproduction of growth hormone by the pituitary gland",215,Health_conditions,83,acromegalía,"COD: crescimento anormal das mãos, pés e rosto, causado pela sobreprodução de hormônio do crescimento pela glândula pituitária",
9873,asphyxia,"COD: a condition arising when the body is deprived of oxygen, causing unconsciousness or death",215,Health_conditions,83,asfixia,"COD: uma condição que surge quando o corpo é privado de oxigênio, causando inconsciência ou morte",
9874,asthma,"COD: a respiratory condition marked by attacks of spasm in the bronchi of the lungs, causing difficulty in breathing and usually associated with allergic reaction",215,Health_conditions,83,astma,"COD: uma condição respiratória caracterizada por ataques de espasmo nos brônquios dos pulmões, causando dificuldade para respirar e geralmente associada a uma reação alérgica",
9881,cholangitis,"FN: inflammation of the bile ducts.",215,Health_conditions,83,cholangite,"FN: inflamação dos ductos biliares.",
9882,cholecystitis,"FN: inflammation of the gallbladder, usually caused by the presence of gallstones.",215,Health_conditions,83,Cholecistite,"FN: inflamação da vesícula biliar, geralmente causada pela presença de cálculos biliares.",
9888,conjunctivitis,"COD: inflammation of the conjunctiva",215,Health_conditions,83,conjunctivite,"COD: inflamação da conjuntiva",
9895,diverticulosis,"COD: a condition in which diverticula are present in the intestine without signs of inflammation",215,Health_conditions,83,diverticulose,"COD: uma condição na qual os divertículos estão presentes no intestino sem sinais de inflamação",
9896,dysmenorrhoea,"COD: painful menstruation",215,Health_conditions,83,dismenorreia,"COD: menstruação dolorosa",
9898,flu,"COD: influenza or any similar, milder infection",215,Health_conditions,83,flu,"COD: influenza ou qualquer infecção semelhante, mais branda",
9908,jaundice,"COD: yellowing of the skin due to an excess of bile pigments in the blood",215,Health_conditions,83,jaundice,"COD: amarelamento da pele devido a um excesso de pigmentos biliares no sangue",
9909,leprosy,"COD:  a contagious bacterial disease that affects the skin, mucous membranes, and nerves, causing discoloration and lumps on the skin and, in severe cases, disfigurement and deformities",215,Health_conditions,83,lepra,"COD: uma doença bacteriana contagiosa que afeta a pele, as membranas mucosas e os nervos, causando descoloração e nódulos na pele e, em casos graves, desfiguração e deformidades",
9912,measles,"COD: an infectious viral disease causing fever and a red rash, typically occurring in childhood",215,Health_conditions,83,medicina,"COD: uma doença viral infecciosa que causa febre e uma erupção cutânea vermelha, geralmente ocorrendo na infância",
9914,menorrhagia,"COD: abnormally heavy bleeding at menstruation",215,Health_conditions,83,Menorrhagia,"COD: sangramento anormalmente pesado na menstruação",
9915,polio,"COD: short for poliomyelitis",215,Health_conditions,83,polio,"COD: abreviatura de poliomielite",
9923,strongylosis,"FN: infestation of strongyle worms.",215,Health_conditions,83,strongilose,"FN: infestação de vermes fortes.",
9930,rubella,"COD: a contagious viral disease, with symptoms like mild measles; German measles",215,Health_conditions,83,rubéola,"COD: uma doença viral contagiosa, com sintomas como sarampo leve; sarampo alemão",
9932,"bacterial meningitis","FN: an infection of the fluid of a person' s spinal cord and the fluid that surrounds the brain caused by a bacteria (as opposed to a virus)",215,Health_conditions,83,"meningite bacteriana","FN: uma infecção do fluido da medula espinhal e do fluido que envolve o cérebro causada por uma bactéria (em oposição a um vírus)",
9933,"german measles","COD: another term for rubella.",215,Health_conditions,83,"sarampo alemão","COD: outro termo para rubéola.",
9939,stenosis,"COD: the abnormal narrowing of a passage in the body.",215,Health_conditions,83,estenoses,"COD: o estreitamento anormal de um conduto no corpo.",
9941,ill,"COD: not in full health; unwell.",215,Health_conditions,84,doença,"COD: não em plena saúde; doente.",
9942,unwell,"COD: ill.",215,Health_conditions,84,indisposta,"COD: il.",
9944,plague,"COD: a contagious bacterial disease characterized by fever and delirium, typically with the formation of buboes (see bubonic plague) and sometimes infection of the lungs (pneumonic plague).  ",215,Health_conditions,83,praga,"COD: uma doença bacteriana contagiosa caracterizada por febre e delírio, geralmente com formação de abcessos (ver peste bubônica) e às vezes infecção dos pulmões (peste pneumônica).",
9945,malnourishment,"FN: the state of not being poorly nourished becuase of lack of food. ",215,Health_conditions,83,mal-nutrição,"FN: o estado de não estar mal nutrido por falta de comida.",
