idLU,lemmaName(en),senseDescription(en),idFrame,frameName,idPOS,lemmaName(pt),senseDescription(pt),idLemma(pt)
13620,"hold forth","FN: to talk about something at length",426,Speak_on_topic,86,"falar com ardor","FN: falar sobre algo por muito tempo",
13621,expatiate,"COD: speak or write at length or in detail",426,Speak_on_topic,86,expatiar,"COD: falar ou escrever extensivamente ou em detalhes",
13622,ramble,"COD: talk or write at length in a confused or inconsequential way",426,Speak_on_topic,86,baboseira,"COD: falar ou escrever extensivamente de maneira confusa ou sem sentido",
13623,"go on","COD: talk at great or excessive length",426,Speak_on_topic,86,Continue.,"COD: falar por muito ou excessivamente longo tempo",
13627,address,"COD:  speak formally to.",426,Speak_on_topic,86,endereço,"COD: falar formalmente com.",
13628,address,"FN: talk",426,Speak_on_topic,83,endereço,Falar,
13630,pontificate,"COD: express one' s opinions in a pompous and dogmatic way.",426,Speak_on_topic,86,pontificar,"COD: expressa suas opiniões de maneira pomposa e dogmática.",
13632,tell,"FN: speak on a given topic (used almost or entirely exclusively with the word ' of' )",426,Speak_on_topic,86,diga,"FN: falar sobre um determinado tópico (usado quase ou exclusivamente com a palavra 'de')",
13633,henchman,"COD: a faithful follower or political supporter, especially one prepared to engage in crime or dishonest practices.",427,Subordinates_and_superiors,83,Capanga,"COD: um fiel seguidor ou apoiador político, especialmente um que esteja disposto a se envolver em práticas criminosas ou desonestas.",
13634,minion,"COD: a follower or underling of a powerful person, especially a servile or unimportant one.",427,Subordinates_and_superiors,83,minion,"COD: um seguidor ou subalterno de uma pessoa poderosa, especialmente um servil ou insignificante.",
13635,underling,"COD: a subordinate.",427,Subordinates_and_superiors,83,subordinado,"COD: o subordinante.",
13636,lackey,"COD: a servant, especially a liveried footman or manservant.",427,Subordinates_and_superiors,83,escravo,"COD: o criado, especialmente o criado fardado ou o mordomo.",
13637,subordinate,"COD: a person under the authority or control of another",427,Subordinates_and_superiors,83,Subordinado,"COD: uma pessoa sob a autoridade ou controle de outra",
13640,superior,"COD: a person of superior rank.",427,Subordinates_and_superiors,83,superior,"COD: uma pessoa de rangue superior.",
13642,hireling,"COD: a person who is hired, especially for morally dubious or illegal work.",427,Subordinates_and_superiors,83,clérigo,"COD: uma pessoa contratada, especialmente para trabalhos moralmente questionáveis ou ilegais.",
13643,goon,"FN: a ruffian employed to harm or threaten people ",427,Subordinates_and_superiors,83,gão,"FN: um marginal empregado para prejudicar ou ameaçar as pessoas",
13644,paxman,"FN: type of personal guard of a lord that enjoys an extremely close personal relationship with his charge.",427,Subordinates_and_superiors,83,Paxman,"FN: tipo de guarda pessoal de um senhor que desfruta de um relacionamento extremamente próximo com seu protetor.",
13645,stooge,"COD: a subordinate used by another to do routine or unpleasant work.",427,Subordinates_and_superiors,83,Bobo.,"COD: um subordinado usado por outro para fazer trabalho rotineiro ou desagradável.",
13646,senior,"COD: high or higher in rank or status.",427,Subordinates_and_superiors,84,sênior,"COD: alto ou mais alto em rangos ou status.",
13647,junior,"COD: low or lower in rank or status.",427,Subordinates_and_superiors,84,junior,"COD: baixo ou menor em posto ou condição.",
13654,merit,"COD: deserve or be worthy of",429,Deserving,86,mérito,"Merece ou ser digno de",
13655,warrant,"COD:  justify or necessitate",429,Deserving,86,warrantar,"COD: justificar ou necessitar",
13656,warrant,"COD: justification or authority",429,Deserving,83,warranta,"COD: justificação ou autoridade",
13657,grounds,"COD: factors forming a basis for action or the justification for a belief",429,Deserving,83,fundos,"COD: fatores que formam uma base para ação ou justificativa para uma crença",
13658,worth,"COD: deserving to be treated or regarded in the way specified",429,Deserving,84,"Vale a pena.","COD: merecedor de ser tratado ou considerado da maneira especificada",
13659,deserve,"FN: merit",429,Deserving,86,merece,"FN: mérito",
13661,justify,"COD:  be a good reason for.",429,Deserving,86,justificar,"COD: ser um bom motivo para.",
13662,claim,"FN: something claimed as property, particularly a piece of land.",430,Claim_ownership,83,reclamar,"FN: algo reivindicado como propriedade, particularmente um pedaço de terra.",
13665,dibs,"COD: the right to share or choose something.",430,Claim_ownership,83,Dibs,"COD: o direito de compartilhar ou escolher algo.",
3405,"visa run","document issued by a country allowing the holder to enter this country.;An endorsement made in a passport that allows the bearer to enter the country issuing it.",431,Documents,83,"corrida de visto","Documento emitido por um país que permite ao titular entrar neste país;Endosso feito em um passaporte que permite ao portador entrar no país emissor.",
13667,passport,"cOD: an official document issued by a government, certifying the holder' s identity and citizenship and entitling them to travel abroad under its protection.",431,Documents,83,passeport,"cOD: um documento oficial emitido por um governo, que atesta a identidade e a cidadania do titular e o habilita a viajar para o exterior sob sua proteção.",
13668,subpoena,"COD: a writ ordering a person to attend a court.",431,Documents,83,subpoena,"COD: o mandado que ordena que uma pessoa compareça a um tribunal.",
13669,warrant,"COD: an official authorization enabling the police or some other body to make an arrest, search premises, etc.",431,Documents,83,warrantar,"COD: uma autorização oficial que permite à polícia ou a algum outro órgão fazer uma prisão, revistar locais, etc.",
13670,certificate,"COD: an official document attesting or recording a particular fact or event, a level of achievement, the fulfilment of a legal requirement, etc. ",431,Documents,83,certificado,"COD: um documento oficial que atesta ou registra um fato ou evento específico, um nível de realização, o cumprimento de uma exigência legal, etc.",
13673,summons,"COD: an order to appear in a law court. ",431,Documents,83,intimações,"COD: uma ordem para comparecer a um tribunal de direito.",
13676,lease,"FN: a contract by which one party conveys land, goods, or property to another for a specified time.",431,Documents,83,"contrato de arrendamento","FN: um contrato pelo qual uma parte transfere terra, bens ou propriedade para outra por um período de tempo especificado.",
13680,charter,"COD: a written grant by a sovereign or legislature, by which a body such as a university is created or its rights and privileges defined.",431,Documents,83,charter,"COD: uma concessão escrita por um soberano ou legislatura, pela qual um corpo como uma universidade é criado ou seus direitos e privilégios definidos.",
13682,deposition,"COD: a statement to be used as evidence.",431,Documents,83,deposição,"COD: uma declaração a ser usada como evidência.",
13683,brief,"COD: a summary of the facts and legal points in a case given to a barrister to argue in court								",431,Documents,83,breve,"COD: um resumo dos fatos e pontos legais de um caso dado a um advogado para argumentar em tribunal",
13685,affidavit,"COD:  a written statement confirmed by oath or affirmation, for use as evidence in court.",431,Documents,83,afidamento,"COD: uma declaração escrita confirmada por juramento ou afirmação, para ser usada como evidência em tribunal.",
13691,finding,"FN: a conclusion reached as a result of a trial",431,Documents,83,encontrando,"FN: uma conclusão alcançada como resultado de um julgamento",
13694,orders,"FN: a legal written document that specifies the rules to be followed",431,Documents,83,ordens,"FN: um documento escrito que especifica as regras a serem seguidas",
13696,permit,"COD: an official document giving permission to do something.",431,Documents,83,permitir,"COD: um documento oficial que concede permissão para fazer algo.",
13703,"business card","FN: a small card containing the name of a person, and information about the company associated with them, usually including the person' s position in the company, typically exchanged between people meeting for business purposes.",431,Documents,83,"cartão de visita","FN: um pequeno cartão contendo o nome de uma pessoa e informações sobre a empresa associada a ela, geralmente incluindo a posição da pessoa na empresa, normalmente trocada entre pessoas que se encontram por fins comerciais.",
21679,pact,"A written agreement between two states or sovereigns;",431,Documents,83,pacto,"Um acordo escrito entre dois estados ou soberanos;",
21681,"international agreement","A written agreement between two states or sovereigns;",431,Documents,83,"acordo internacional","Um acordo escrito entre dois estados ou soberanos;",
25323,"certificate of vaccination","document that attests that the barer was vaccinated against one or more diseases.",431,Documents,83,"certificado de vacinação","documento que atesta que o portador foi vacinado contra uma ou mais doenças.",
25329,memo,"brief summary of all that was read, listened or observed for future eventual consult.",431,Documents,83,memo,"Resumo breve de tudo o que foi lido, ouvido ou observado para eventuais consultas futuras.",
25330,summary,"a list of legal facts that enables legal argumentation.",431,Documents,83,resumo,"Uma lista de fatos jurídicos que possibilita o argumento jurídico.",
13704,melee,"COD: a confused crowd or scuffle.",432,Fighting_activity,83,Melee,"COD: uma multidão confusa ou uma briga.",
13705,free-for-all,"COD: a disorganized or unrestricted situation or event in which everyone may take part, especially a fight or discussion.",432,Fighting_activity,83,"Tudo à vontade","COD: uma situação ou evento desorganizado e não restrito no qual todos podem participar, especialmente uma briga ou discussão.",
13706,affray,"COD: a breach of the peace by fighting in a public place. ",432,Fighting_activity,83,afogar,"COD: uma violação da paz por lutar em um lugar público.",
13707,fray,"COD: a battle or fight",432,Fighting_activity,83,fray,"COD: uma batalha ou luta",
13709,donnybrook,"COD: a heated argument. ",432,Fighting_activity,83,Donnybrook,"COD: uma discussão acalorada.",
13710,fracas,"COD: a noisy disturbance or quarrel.",432,Fighting_activity,83,fracas,"COD: uma perturbação barulhenta ou uma briga.",
13712,annihilate,"FN: to kill, esp. a large proportion of a group",433,Killing,86,aniquilate,"FN: matar, especialmente uma grande proporção de um grupo",
13714,behead,"FN: to kill by chopping off the head",433,Killing,86,decapitar,"FN: matar cortando a cabeça",
13716,exterminate,"FN: to kill in large numbers or completely. ""We have to exterminate the termites in the garage.""",433,Killing,86,exterminar,"FN: matar em grande número ou completamente. ""Temos que exterminar os cupins na garagem.",
