idLU,lemmaName(en),senseDescription(en),idFrame,frameName,idPOS,lemmaName(pt),senseDescription(pt),idLemma(pt)
11132,stick,"FN: become adhered to something.",280,Becoming_attached,86,barra,"FN: tornar-se aderido a algo.",813
11141,fastened,"FN: the state of being attached to something else",281,Being_attached,84,apertado,"FN: o estado de estar ligado a algo mais",73962
11157,stick,"COD: adhere or cause to adhere.",281,Being_attached,86,fio,"COD: aderir ou causar para aderir.",22433
11160,adhere,"FN: to be sticking to something",281,Being_attached,86,aderir,"FN: estar se agarrando a algo",122263
11161,adhesion,"FN: the state of adhering.",281,Being_attached,83,adesão,"FN: o estado de aderência.",12234
11166,prove,"COD: demonstrate by evidence or argument the truth or existence of",282,Reasoning,86,prova,"COD: demonstrar pela evidência ou argumento a verdade ou existência de",670
11167,reason,"FN: to think about something using a logical process",282,Reasoning,86,razão,"FN: pensar em algo usando um processo lógico",6557
11169,show,"FN: argue, demonstrate, or prove that something is the case.",282,Reasoning,86,exibir,"FN: argumentar, demonstrar ou provar que algo é verdade.",130013
11171,argument,"COD: a set of reasons given in support of something",282,Reasoning,83,argumento,"COD: um conjunto de razões dadas em apoio de algo",11002
11173,case,"COD: a set of facts or arguments supporting one side of a debate or controversy",282,Reasoning,83,caso,"COD: um conjunto de fatos ou argumentos que apoiam um lado de um debate ou controvérsia",6570
11174,demonstration,"COD: the action of demonstrating something.",282,Reasoning,83,Demonstração,"COD: a ação de demonstrar algo.",19071
11175,reasoning,"FN: an explanation ",282,Reasoning,83,razão,"FN: uma explicação",6557
11176,drench,"COD: wet thoroughly; soak",283,Cause_to_be_wet,86,Enxaguar,"COD: molhar bem; embebecer",121121
11177,soak,"COD: make extremely wet",283,Cause_to_be_wet,86,Embeber,"COD: fazer extremamente molhado",127754
11185,hydrate,"COD:  cause to absorb or combine with water.",283,Cause_to_be_wet,86,hidratação,"COD: causa de absorver ou combinar com água.",24235
11187,sop,"COD:  soak up liquid.",283,Cause_to_be_wet,86,sopa,"COD: absorver líquido.",1981
11194,living,"FN: the human beings who are alive",284,Dead_or_alive,83,lar,"FN: os seres humanos que estão vivos",9153
11198,live,"FN: to possess organic life",284,Dead_or_alive,86,viver,"FN: possuir vida orgânica",116906
32130,mortal,"subject to death; having a transitory life.",284,Dead_or_alive,84,Morto,"subjetivo à morte; tendo uma vida transitória.",74105
11206,impact,"COD: to come into contact with another object forcibly. ",285,Impact,86,impacto,"COD: entrar em contato com outro objeto de forma forçada.",8063
11207,hit,"COD: (of a moving object or body) come into contact with (someone or something stationary) quickly and forcefully. ",285,Impact,86,acertar,"COD: entrar em contato com (uma pessoa ou coisa estacionária) rapidamente e com força.",117230
11209,run,"FN: (somthing) move toward and hit another thing ",285,Impact,86,Correr,"FN: (algo) se mover em direção a e atingir outra coisa",116883
11210,smack,"FN: to strike with a sharp slap",285,Impact,86,Chutar,"FN: atingir com um tapa forte",117021
11212,bump,"COD: knock or run into with a jolt. ",285,Impact,86,Acidente,"COD: bater ou tropeçar com um choque.",49
11219,smash,"COD: hit or collide with forcefully. ",285,Impact,86,esmagar,"COD: colidir ou atingir com força.",129515
11220,strike,"COD: come into forcible contact with. ",285,Impact,86,greve,"COD: entrar em contato forçado com.",23778
11222,impact,"COD: the action of one object coming forcibly into contact with another. ",285,Impact,83,impacto,"COD: a ação de um objeto entrar em contato com outro de forma violenta.",8063
11233,slap,"COD: hit against with the sound of such an action. ",285,Impact,86,Chutar,"COD: acertar contra com o som de tal ação.",117021
11238,patter,"COD: a repeated light tapping",285,Impact,86,padrão,"COD: um leve bater repetitivo",9396
