idLU,lemmaName(en),senseDescription(en),idFrame,frameName,idPOS,lemmaName(pt),senseDescription(pt),idLemma(pt)
17615,door,"FN: a swinging barrier between the interior and exterior of a vehicule. ",1021,Vehicle_subpart,83,porta,"FN: uma barreira giratória entre o interior e o exterior de um veículo.",9361
17617,seat,"FN: the interior location designed to seat passengers travelling in a vehicule. ",1021,Vehicle_subpart,83,assento,"FN: o local interno projetado para acomodar passageiros viajando em um veículo.",14172
17623,hood,"FN: the hinged barrier at the front of a vehicule which serves to cover the engine compartment. ",1021,Vehicle_subpart,83,capuz,"FN: a barreira articulada na frente de um veículo que serve para cobrir o compartimento do motor.",16461
17625,part,"FN: a component of a vehicle that has a distinct function",1021,Vehicle_subpart,83,parte,"FN: um componente de um veículo que tem uma função distinta",2040
17629,rate,"FN: the scale along which the total cost of a transaction is calculated",1023,Price_per_unit,83,taxa,"FN: a escala na qual o custo total de uma transação é calculado",34424
17630,rate,"FN: a number comparing a quantity of something relative to a more general group",1024,Proportion,83,taxa,"FN: um número que compara uma quantidade de algo relativo a um grupo mais geral",34424
17631,complex,"FN: a highly intricate arrangement of the subparts or units of a larger entity",1025,System_complexity,84,complexo,"FN: uma configuração altamente intrincada das subpartes ou unidades de uma entidade maior",78328
17633,byzantine,"FN: an overly intricate arrangement or plan. ",1025,System_complexity,84,bizantino,"FN: um arranjo ou plano excessivamente intrincado.",73703
17651,power,"FN: the influence that an entity has over others",1028,Authority,83,poder,"FN: a influência que uma entidade tem sobre os outros",8064
17657,dominion,"FN: the power or right of governing and controlling",1028,Authority,83,domínio,"FN: o poder ou direito de governar e controlar",20028
17658,part,"FN: an object that serves a distinct function in a complex artifact, especially of machines.",1029,Artifact_subpart,83,parte,"FN: um objeto que serve a uma função distinta em um artefato complexo, especialmente de máquinas.",2040
17662,strike,"FN: delete from a written record by drawing a line through or erasing",1031,Erasing,86,greve,"FN: apagar de um registo escrito desenhando uma linha através ou apagando",23778
17667,kill,"FN: remove or delete from a store of information",1031,Erasing,86,matar,"FN: remover ou excluir de um repositório de informações",121055
17668,strike,"FN: (of a less powerful group) to carry out an activity intended to change the actions or policies of a more powerful group or organization, usually involving disruption of the normal funtions of the more powerful group",1032,Political_actions,86,greve,"FN: (de um grupo menos poderoso) realizar uma atividade destinada a mudar as ações ou políticas de um grupo ou organização mais poderosa, geralmente envolvendo interrupção das funções normais do grupo mais poderoso",23778
30977,march,"FN: walk in some public place with a group in order to show opposition to policies of a powered elite.",1032,Political_actions,83,março,"FN: andar em algum lugar público com um grupo para mostrar oposição às políticas de uma elite poderosa.",1184
30979,demonstration,"FN: gathering to show opposition.",1032,Political_actions,83,Demonstração,"FN: reunião para mostrar oposição.",19071
17673,style,"FN: a general form that an artwork resembles",1033,Artistic_style,83,estilo,"FN: uma forma geral que uma obra de arte se assemelha",8749
17674,sound,"FN: a style of a piece of music",1033,Artistic_style,83,som,"FN: um estilo de uma peça musical",11037
17675,look,"FN: a style of a fashon designer",1033,Artistic_style,83,olhar,"FN: um estilo de um designer de moda",8954
17676,order,"FN: a style of classical architechture ",1033,Artistic_style,83,pedido,"FN: um estilo de arquitetura clássica",7361
34050,visual,"An artistic style that can be experienced by the experiencer's vision sense.",1033,Artistic_style,84,visual,"Um estilo artístico que pode ser experimentado pelo sentido visual do experimentador.",73930
17681,amidst,"FN: in the middle of; surrounded by",1034,Contrary_circumstances,90,entre,"FN: no meio de; rodeado por",146583
17684,trail,"FN: collection of changes along an inferred continuous line that indicate the path taken by a moving entity.",1035,Leaving_traces,83,caminhada,"FN: coleção de alterações ao longo de uma linha contínua inferida que indicam o caminho percorrido por uma entidade em movimento.",6810
17688,strike,"FN: a phenomenon has a transient effect upon an experiencer causing some type of cognitive evaluation or response. ",1036,Enter_awareness,86,greve,"FN: um fenômeno tem um efeito transitório sobre um experimentador causando algum tipo de avaliação ou resposta cognitiva.",23778
17690,hit,"FN: a phenomenon has a transient effect upon an experiencer causing some type of cognitive evaluation or response.",1036,Enter_awareness,86,acertar,"FN: um fenômeno tem um efeito transitório sobre um experimentador causando algum tipo de avaliação ou resposta cognitiva.",117230
30969,"occur (to)","FN: suddenly become known (to someone).",1036,Enter_awareness,86,ocorrer,"FN: tornar-se conhecido (para alguém) de repente.",120948
30970,"come (to)","FN: become obvious (to someone).",1036,Enter_awareness,86,comer,"FN: ficar óbvio (para alguém).",116924
17699,serve,"FN: to carry out a functions and duties (for a finite amount of time) associated with an role or office.",1039,Serving_in_capacity,86,servir,"FN: exercer funções e deveres (por um tempo finito) associados a uma função ou cargo.",116867
30981,function,"FN: be used (as some useful object).",1040,Function,86,função,"FN: ser utilizado (como algum objeto útil).",4
17705,pertinent,"FN: significant in terms of the current topic of discussion",1042,Being_relevant,84,pertinente,"FN: significativo em termos do atual tópico de discussão",87442
17706,play,"FN: to be relevant for",1042,Being_relevant,86,brincar,"Ser relevante para",117309
34328,relevance,"The quality of being relevant.",1042,Being_relevant,83,relevância,"A qualidade de ser relevante.",32115
17707,great,"FN: particularly adept, influentual, or important",1043,Notability,84,ótimo,"FN: particularmente hábil, influente ou importante",73156
17710,state,"FN: general descriptive term of a phase of matter. ",1044,Thermodynamic_phase,83,estado,"FN: termo descritivo geral de uma fase da matéria.",6657
17711,phase,"FN: a general term for the phase of matter. ",1044,Thermodynamic_phase,83,fase,"FN: termo geral para a fase da matéria.",6597
17713,live,"FN: survive a situation by using or consuming.",1045,Subsisting,86,viver,"FN: sobreviver a uma situação usando ou consumindo.",116906
