idLU,lemmaName(en),senseDescription(en),idFrame,frameName,idPOS,lemmaName(pt),senseDescription(pt),idLemma(pt)
11341,personnel,"COD: people employed in an organization or engaged in an organized undertaking",295,Employing,83,pessoal,"COD: pessoas empregadas em uma organização ou envolvidas em uma empresa organizada",8997
11343,employment,"FN: the action of employing",295,Employing,83,emprego,"FN: o ato de empregar",20558
11344,worker,"COD: a person who works.",295,Employing,83,trabalhador,"COD: uma pessoa que trabalha.",9568
11345,"sign on","FN: commit oneself to employment",296,Get_a_job,86,assinar,"FN: comprometer-se com o emprego",121152
11346,"hire on","FN: take a job",296,Get_a_job,86,contratar,"FN: assumir um emprego",117037
11347,quit,"COD: resign from (a job). ",297,Quitting,86,parar,"COD: renunciar a (um emprego).",116969
11348,resign,"COD: voluntarily leave a job or position of office. ",297,Quitting,86,renunciar,"COD: renunciar voluntariamente a um emprego ou cargo.",121139
11354,"step down","COD: withdraw or resign from a position or office.",297,Quitting,86,diminuir,"COD: retirar-se ou renunciar a uma posição ou cargo.",120616
11355,leave,"FN: quit a job",297,Quitting,86,sair,"FN: deixar um emprego",116884
11356,dismiss,"COD: discharge from employment. ",298,Firing,86,dissolver,"COD: demissão por justa causa.",127542
11360,fire,"COD: dismiss from a job. ",298,Firing,86,fogo,"COD: dispensar de um emprego.",10788
11362,sack,"COD: dismiss from employment. ",298,Firing,86,saco,"COD: dispensar do emprego.",32770
11363,terminate,"COD: end the employment of. ",298,Firing,86,encerrar,"COD: acabar com o emprego de.",117073
11373,discharge,"FN: to dismiss someone from employment",298,Firing,86,descarga,"FN: dispensar alguém do emprego",19282
11380,skin,"COD: the peel or outer layer of a fruit or vegetable or a thin outermost layer",299,Part_inner_outer,83,pele,"COD: a casca ou camada externa de uma fruta ou vegetal ou uma camada externa fina",29851
11383,center,"COD: a point in the middle of something that is equally distant from all of its sides, ends, or surfaces",299,Part_inner_outer,83,centro,"COD: um ponto no meio de algo que é igualmente distante de todos os seus lados, extremidades ou superfícies",6688
11384,exterior,"COD: the outer surface or structure of something. ",299,Part_inner_outer,83,exterior,"COD: a superfície externa ou estrutura de algo.",10661
11386,interior,"COD: the interior part of something",299,Part_inner_outer,83,interior,"COD: parte interna de algo",2132
11388,middle,"COD: a middle point or position. ",299,Part_inner_outer,83,meio,"COD: um ponto ou posição média.",763
11390,shell,"FN: the hard protective outer case of a mollusc or crustacean, turtle, egg, seed, kernel, etc.",299,Part_inner_outer,83,Cachorro,"FN: a dura capa protetora de um molusco ou crustáceo, tartaruga, ovo, semente, grão, etc.",677
11391,surface,"COD: the outside part or uppermost layer of something.",299,Part_inner_outer,83,superfície,"COD: a parte externa ou camada superior de algo.",10641
11392,central,"FN: of or on a position near a point equidistant to the edges of a spatial entity",299,Part_inner_outer,84,central,"FN: de ou em uma posição próxima de um ponto equidistante dos limites de uma entidade espacial",73905
32142,core,"the central, innermost, or most essential part of anything.",299,Part_inner_outer,83,núcleo,"o núcleo, o centro ou a parte mais essencial de qualquer coisa.",10730
11394,sheet,"FN: a flat , frequently rectangular portion of a substance",300,Shapes,83,folha,"FN: uma parte plana e frequentemente retangular de uma substância",10698
11395,coil,"COD: a length of something wound in a joined sequence of concentric rings. ",300,Shapes,83,bobina,"COD: uma extensão de algo enrolado em uma sequência conjunta de anéis concêntricos.",15459
11397,stick,"COD: a long, thin object or piece of something",300,Shapes,83,fita,"COD: um objeto longo e fino ou peça de algo",845
11400,ribbon,"COD: a long, narrow strip of something. ",300,Shapes,83,fita,"COD: uma longa e estreita faixa de algo.",845
11401,expanse,"COD: a wide continuous area of something, typically land or sea. ",300,Shapes,83,extensão,"COD: uma ampla área contínua de algo, geralmente terra ou mar.",6611
11402,circle,"COD: round plane figure whose boundary consists of points equidistant from the centre.",300,Shapes,83,círculo,"COD: figura geométrica plana cuja fronteira consiste em pontos igualmente distantes do centro.",8576
11404,length,"COD: a stretch or piece of something. ",300,Shapes,83,comprimento,"COD: uma extensão ou peça de algo.",17857
11409,row,"FN: a line (often occurring adjacent to other rows)",300,Shapes,83,fila,"FN: uma linha (geralmente ocorrendo ao lado de outras linhas)",9371
11410,triangle,"FN: a three-sided geometric shape",300,Shapes,83,triângulo,"FN: uma forma geométrica de três lados",35170
11412,v,"FN: shaped like the letter ' V' ",300,Shapes,83,v,"FN: com formato de letra 'V",1064
11421,edge,"COD: the outside limit of an object, area, or surface.",301,Boundary,83,borda,"COD: o limite externo de um objeto, área ou superfície.",7767
11422,line,"FN: a boundary (between)",301,Boundary,83,linha,"FN: o limite (entre)",402
11424,inning,"COD: each division of a game during which both sides have a turn at batting",303,Part_ordered_segments,83,entrada,"COD: cada divisão de um jogo durante o qual ambos os lados têm uma vez no bastão",274
11425,chapter,"COD: a main division of a book. ",303,Part_ordered_segments,83,capítulo,"COD: uma divisão principal de um livro.",16445
11426,act,"COD: a main division of a play, ballet, or opera.",303,Part_ordered_segments,83,ato,"COD: uma divisão principal de uma peça, balé ou ópera.",8559
11427,book,"COD: a main division of a literary work or of the Bible.",303,Part_ordered_segments,83,livro,"COD: uma divisão principal de uma obra literária ou da Bíblia.",8572
11429,level,"FN: a parition of vertical space of some material, quantity, or mass. ",303,Part_ordered_segments,83,nível,"FN: uma partição de espaço vertical de algum material, quantidade ou massa.",28854
11431,damp,"COD: slightly wet. ",304,Being_wet,84,úmido,"COD: ligeiramente úmido.",74064
