idLU,lemmaName(en),senseDescription(en),idFrame,frameName,idPOS,lemmaName(pt),senseDescription(pt),idLemma(pt)
14246,brown,"FN: to become brown as a result of cooking",469,Absorb_heat,86,marrom,"FN: ficar moreno por causa de cozinhar",
14247,char,"FN: to become blacked by absorbing heat",469,Absorb_heat,86,caractere,"FN: ficar preto por absorver calor",
14248,coddle,"FN: to become cooked by heating in water below the boiling point",469,Absorb_heat,86,acudecer,"FN: tornar-se cozido por aquecimento em água abaixo do ponto de ebulição",
14251,parboil,"FN: to cook partially by being boiled",469,Absorb_heat,86,Parboilizar,"FN: cozinhar parcialmente por fervura",
14252,poach,"FN: to become cooked by simmering in liquid",469,Absorb_heat,86,Pochar,"FN: tornar-se cozido por fervura em líquido",
14257,babble,"COD: the sound of babbling.",470,Sounds,83,babble,"COD: o som de balbuciar.",
14258,bark,"COD: the sharp explosive cry of a dog, fox, or seal.",470,Sounds,83,latido,"COD: o agudo e explosivo uivo de um cão, raposa ou focas.",
14260,beep,"COD: a short, high-pitched sound emitted by electronic equipment or a vehicle horn.",470,Sounds,83,Bip,"COD: um som curto e agudo emitido por equipamentos eletrônicos ou pelo apito de um veículo.",
14261,bellow,"COD: a loud, deep shout or sound.",470,Sounds,83,abaixo,"COD: um grito ou som alto e profundo.",
14262,blare,"COD: a loud, harsh sound.",470,Sounds,83,Blare,"COD: um som alto e forte.",
14264,bleat,"FN: a weak, wavering cry made by, or similar to that made by a sheep or goat",470,Sounds,83,Bla-bla,"FN: um gemido fraco e vacilante feito por uma ovelha ou cabra, ou semelhante ao que é feito por elas",
14265,boom,"COD: a loud, deep, resonant sound.",470,Sounds,83,Bum!,"COD: um som alto, profundo e ressonante.",
14266,bray,"COD: the loud, harsh cry of a donkey.",470,Sounds,83,bra,"COD: o barulhento e rude choro de um burro.",
14267,burble,"FN: continuous murmuring noise",470,Sounds,83,borbulhar,"FN: zumbido contínuo",
14269,cackle,"COD: a cackling sound.",470,Sounds,83,Cacarear,"COD: um som de risada.",
14270,caw,"COD: the harsh cry of a rook, crow, or similar bird.",470,Sounds,83,Cau,"COD: o forte grito de um corvo ou de uma ave semelhante.",
14271,chatter,"COD: a series of short quick high-pitched sounds",470,Sounds,83,chatter,"COD: uma série de sons curtos, rápidos e agudos",
14272,cheep,"FN: a shrill squeaky cry made by, or similar to that made by a young bird",470,Sounds,83,barato,"FN: um choro agudo e estridente feito por, ou semelhante ao feito por uma ave jovem",
14273,chirp,"COD: a chirping sound.",470,Sounds,83,Chicote,"COD: um som de pito.",
14275,clack,"COD: a clacking sound",470,Sounds,83,clique,"COD: um som de rangendo",
14276,clang,"COD: a loud, resonant metallic sound.",470,Sounds,83,clang,"COD: um som alto e ressonante de metal.",
14279,click,"FN: a short, sharp sound as of two metallic or plastic objects coming smartly into contact",470,Sounds,83,clique,"FN: um som curto e agudo como de dois objetos metálicos ou plásticos entrando em contato com força",
14280,clink,"COD: a sharp ringing sound, such as that made when metal or glass are struck.",470,Sounds,83,clique,"COD: um som agudo de sino, como o feito quando o metal ou o vidro são atingidos.",
14282,coo,"COD: a cooing sound.",470,Sounds,83,coo,"COD: um som de coo.",
14284,creak,"COD: a creaking sound.",470,Sounds,83,crepitar,"COD: um som rangente.",
14285,crunch,"COD: a crunching sound.",470,Sounds,83,crunch,"COD: um som de ranger.",
14287,gasp,"COD: a convulsive catching of breath",470,Sounds,83,Gasp,"COD: um cisco de respiração convulsiva",
14288,giggle,"COD: a laugh of such a kind.",470,Sounds,83,Gaguejar,"COD: uma risada desse tipo.",
14289,growl,"COD: a growling sound.",470,Sounds,83,Grrr,"COD: um som rosnado.",
14291,guffaw,"COD: a loud and boisterous laugh.",470,Sounds,83,Gaffar,"COD: um riso alto e barulhento.",
14292,gurgle,"COD: a gurgling sound.",470,Sounds,83,Gurgule,"COD: um som borbulhante.",
14293,hiss,"FN: a hissing sound (when human, made in disapproval)",470,Sounds,83,Sussurro,"FN: um som de assobio (quando humano, feito em desaprovação)",
14294,hoot,"FN: a low musical sound made by an owl or a similar sound made by a horn, siren, etc.",470,Sounds,83,Uíte!,"FN: um som musical baixo feito por uma coruja ou um som semelhante feito por uma sirene, chifres, etc.",
14295,hum,"COD: a low, steady continuous sound.",470,Sounds,83,um,"COD: um som baixo e contínuo e estável.",
14296,mew,"COD: a mewing noise.",470,Sounds,83,miau,"COD: o som de miados.",
14297,moan,"FN: a long, low sound, typically expressing grief",470,Sounds,83,Sussurro,"FN: um som longo e baixo, geralmente expressando tristeza",
14301,peep,"COD: a weak, high-pitched sound made by a young bird or mammal.",470,Sounds,83,Espiar,"COD: um som fraco e agudo feito por um jovem pássaro ou mamífero.",
14303,plop,"COD: a short sound as of a small, solid object dropping into water without a splash. ",470,Sounds,83,Plop,"COD: um som curto como de um pequeno objeto sólido caindo na água sem fazer borbulha.",
14304,plunk,"COD: a plunking sound.",470,Sounds,83,plunk,"COD: um som de estalo.",
14305,purr,"COD: a purring sound.",470,Sounds,83,Ronronar,"COD: um som de ronronar.",
14306,quack,"COD: the characteristic harsh sound made by a duck.",470,Sounds,83,Piu!,"COD: o som característico e áspero feito por um pato.",
14307,rap,"FN: the sound of a quick, sharp knock or blow",470,Sounds,83,rap,"FN: o som de um golpe rápido e forte",
14308,rasp,"COD: a harsh, grating noise.",470,Sounds,83,raspar,"COD: um barulho forte e estridente.",
14309,roar,"COD: a full, deep, prolonged sound as made by a lion, natural force, or engine",470,Sounds,83,rugir,"COD: um som completo, profundo e prolongado como o feito por um leão, força natural ou motor",
14310,rustle,"COD: a rustling sound.",470,Sounds,83,Sussurrar,"COD: um som de rangido.",
14311,scrape,"COD: an act or sound of scraping.",470,Sounds,83,Rascunhar,"COD: um ato ou som de arranhar.",
14312,screech,"COD: a loud, harsh, piercing cry or sound. ",470,Sounds,83,Grite,"COD: um grito ou som alto, forte e penetrante.",
14313,scrunch,"COD: a loud crunching noise",470,Sounds,83,Enrolar,"COD: um barulho alto de rangendo",
14314,sizzle,"COD: an instance or the sound of sizzling.",470,Sounds,83,Sizzle,"COD: um exemplo ou o som de estalar.",
14315,slap,"COD: an act or sound of slapping.",470,Sounds,83,Chacoalhão,"COD: um ato ou som de socar.",
14316,smack,"COD: a sharp blow or slap, typically one given with the palm of the hand.",470,Sounds,83,Bater,"COD: um golpe forte ou uma bofetada, geralmente dada com o punho da mão.",
14317,snarl,"COD: an act or sound of snarling.",470,Sounds,83,rosnar,"COD: um ato ou som de rosnar.",
14318,snigger,"COD: a smothered or half-suppressed laugh.",470,Sounds,83,Snigger,"COD: um riso sufocado ou meio suprimido.",
14319,snore,"COD: a snorting or grunting sound in a person' s breathing while they are asleep.",470,Sounds,83,Roncar,"COD: um som de espirro ou rangido na respiração de uma pessoa enquanto ela dorme.",
14320,snort,"FN: an explosive sound made by the sudden forcing of breath through the nose",470,Sounds,83,Snort,"FN: um som explosivo produzido pela respiração repentina forçada através do nariz",
14321,sob,"COD: an act or sound of sobbing.",470,Sounds,83,abaixo,"COD: um ato ou som de chorar.",
14322,sough,"FN: a moaning, whistling, or rushing sound",470,Sounds,83,sought,"FN: um som de gemido, assobio ou estalo",
14323,squawk,"COD: an act of squawking.",470,Sounds,83,Squeak,"COD: um ato de chilrear.",
14324,thump,"COD: a heavy dull blow or noise",470,Sounds,83,Thump,"COD: um golpe pesado e entorpecido ou barulho",
14325,squeal,"COD: a long, high-pitched cry or noise",470,Sounds,83,Squeal,"COD: um longo e agudo uivo ou barulho",
14326,thunder,"COD: a loud rumbling or crashing noise heard after a lightning flash due to the expansion of rapidly heated air.",470,Sounds,83,trovão,"COD: um barulho alto e estridente ou de choque ouvido após um relâmpago devido à expansão do ar aquecido rapidamente.",
14327,tinkle,"COD: a tinkling sound.",470,Sounds,83,Tinker,"COD: um som de sino.",
14328,titter,"COD: a short, half-suppressed laugh",470,Sounds,83,Titer,"COD: um breve, meio-reprimido riso",
14329,toll,"COD: a single ring of a bell",470,Sounds,83,tolho,"COD: um único anel de uma campainha",
14330,trumpet,"COD:  the loud cry of an elephant",470,Sounds,83,trompete,"COD: o forte choro de um elefante",
14331,tweet,"COD: the chirp of a small or young bird.",470,Sounds,83,tweet,"COD: o chiado de um pássaro pequeno ou jovem.",
14332,twitter,"COD: a twittering sound.",470,Sounds,83,Twitter,"COD: um som zunindo.",
14333,wail,"FN: a prolonged high-pitched sound",470,Sounds,83,Gritar,"FN: um som agudo prolongado",
14334,whimper,"FN: a series of low, feeble sounds expressive of fear, pain, or discontent",470,Sounds,83,Sussurro,"FN: uma série de sons baixos e fracos expressivos de medo, dor ou descontentamento",
14335,whine,"COD: a long, high-pitched unpleasant sound.",470,Sounds,83,Queixar-se,"COD: um som alto e desagradável de longa duração.",
14336,whinny,"COD: a gentle, high-pitched neigh.",470,Sounds,83,Whinny,"COD: um relinchar suave e agudo.",
14338,yammer,"COD: loud and sustained noise.",470,Sounds,83,yammer,"COD: ruído alto e sustentado.",
14339,yap,"COD: a sharp, shrill bark.",470,Sounds,83,Sim.,"COD: um latido agudo e estridente.",
14340,yelp,"COD: a short sharp cry, especially of pain or alarm.",470,Sounds,83,yelp,"COD: um grito curto e agudo, especialmente de dor ou alarme.",
14341,yodel,"COD: a song or call delivered in such a way.",470,Sounds,83,Yodeler,"COD: uma canção ou chamada entregue de tal maneira.",
14342,yowl,"COD: a loud wailing cry of pain or distress",470,Sounds,83,Miau,"COD: um grito alto e lamentável de dor ou angústia",
14345,bang,"COD: a sudden loud, sharp noise.",470,Sounds,83,BANG!,"COD: um barulho repentino, alto e agudo.",
41933,sonar,,470,Sounds,83,Soar,,
