idLU,lemmaName(en),senseDescription(en),idFrame,frameName,idPOS,lemmaName(pt),senseDescription(pt),idLemma(pt)
15168,rest,"FN: remain in a particular location, especially after having been placed there.",556,State_continue,86,descanso,"FN: permanecer em uma localização específica, especialmente depois de ter sido colocado lá.",8558
15169,renew,"COD: resume or re-establish after an interruption.",557,Activity_resume,86,renovar,"COD: resumo ou restabeleça após uma interrupção.",117227
15171,restart,"COD: start again",557,Activity_resume,86,reiniciar,"COD: comece de novo",117152
15173,requirement,"FN: an entity or situation which is required",558,Being_necessary,83,requisito,"FN: uma entidade ou situação que é necessária",32249
15175,needed,"FN: indispensable",558,Being_necessary,84,Preciso,"FN: indispensável",73656
15179,basic,"FN: the simplest, essential",558,Being_necessary,84,básico,"FN: o mais simples, essencial",77145
34858,basic,"The minnimum necessary for something.",558,Being_necessary,84,básico,"O mínimo necessário para algo.",77145
15182,plan,"COD: a detailed proposal for doing or achieving something.",559,Project,83,plano,"COD: uma proposta detalhada para fazer ou alcançar algo.",8787
15183,scheme,"COD: a systematic plan or arrangement for attaining some particular object or putting a particular idea into effect.",559,Project,83,esquema,"COD: um plano ou arranjo sistemático para atingir algum objetivo específico ou colocar uma ideia específica em prática.",21549
15185,raw,"COD: (of a material or substance) in its natural state; not processed.",560,Degree_of_processing,84,cru,"COD: (de um material ou substância) em seu estado natural; não processado.",79056
15201,voluntary,"FN: non-compulsory.",564,Being_obligatory,84,voluntário,"FN: não obrigatório.",91783
15202,exchange,"COD: give something and receive something else, especially of the same kind, in return.",565,Exchange,86,câmbio,"COD: dar algo e receber outra coisa, especialmente do mesmo tipo, em troca.",152
15203,trade,"FN: exchange",565,Exchange,86,comércio,"FN: troca",6842
15205,exchange,"COD: an act or the action of exchanging.",565,Exchange,83,câmbio,"COD: um ato ou o ato de troca.",152
15206,swap,"COD: an act of exchanging one thing for another.",565,Exchange,83,Troca,"COD: um ato de trocar uma coisa por outra.",609
15207,trade,"COD: a transfer; an exchange.",565,Exchange,83,comércio,"COD: a transferência; uma troca.",6842
15209,change,"FN: to exchange",565,Exchange,86,mudar,"FN: para trocar",117286
34863,return,"The act or situation of giving something in exchange for eny other thing.",565,Exchange,83,retorno,"O ato ou situação de dar algo em troca de qualquer outra coisa.",32344
15212,"take place","COD: replace",566,Take_place_of,86,ocorrer,"COD: substituir",120948
15215,succeed,"COD: take over an office, title, etc. from (someone). This LU emaphasizes the time aspect of the Take_place_of acion. ",566,Take_place_of,86,sucesso,"COD: assumir um escritório, título, etc. de (alguém). Este LU enfatiza o aspecto temporal da ação Take_place_of.",8994
15217,change,"FN: become different",567,Undergo_change,86,mudança,"FN: tornar-se diferente",6549
15221,swing,"FN: to suddenly change a course of action or emotion",567,Undergo_change,86,balanço,"FN: mudar de repente um curso de ação ou emoção",14756
15225,shift,"FN: to undergo change relatively rapidly, often between multiple states.",567,Undergo_change,86,mudança,"FN: sofrer uma mudança relativamente rápida, muitas vezes entre vários estados.",6549
33166,revolution,,567,Undergo_change,83,revolução,,6546
34341,revolutionise,"A deep and profound change.",567,Undergo_change,86,revolucionar,"Uma mudança profunda e profunda.",133933
34362,adapt,"To undergo the changes demanded to survive in determined conditions.",567,Undergo_change,86,adaptar,"Submetendo-se às mudanças exigidas para sobreviver em condições determinadas.",121146
15228,change,"FN: discontinue use of and begin use of another",568,Change_tool,86,mudar,"FN: interromper o uso de e iniciar o uso de outro",117286
15229,transfer,"COD: change to another place, route, or means of transport during a journey.",568,Change_tool,86,transferir,"COD: mudança para outro lugar, rota ou meio de transporte durante uma jornada.",120711
15230,switch,"FN: change affiliation (to a provider of a service)",568,Change_tool,86,mudar,"FN: alteração de afiliação (para um provedor de serviço)",117286
15231,swap,"FN: exchange one tool for another available tool.",568,Change_tool,86,Trocar,"FN: trocar uma ferramenta por outra disponível.",117185
15232,trade,"FN: switch one item (tool, accessory, etc.) for another.",568,Change_tool,86,comércio,"FN: trocar um item (ferramenta, acessório, etc.) por outro.",6842
15234,into,"FN: relating a location to a goal of motion; goal is inside some type of border",571,Goal,90,em,"FN: relacionado a um local com um objetivo de movimento; o objetivo está dentro de algum tipo de fronteira",146475
15246,outside,"FN: not inside (of).",572,Interior_profile_relation,90,fora,"FN: não está dentro (de).",146654
469,exchange,"to receive money in one currency in exchange for money in a different currency",577,Exchange_currency,86,câmbio,"Receber dinheiro em uma moeda em troca de dinheiro em outra moeda",152
15249,change,"FN: to exchange into another currency",577,Exchange_currency,86,mudar,"FN: trocar por outra moeda",117286
15250,convert,"COD: change (money, stocks, or units in which a quantity is expressed) into others of a different kind.",577,Exchange_currency,86,Converter,"COD: mudar (dinheiro, ações ou unidades em que uma quantidade é expressa) para outros de um tipo diferente.",117216
15254,work,"COD: (of a machine or system) function, especially properly or effectively.",586,Being_operational,86,trabalho,"COD: (de uma máquina ou sistema) função, especialmente adequadamente ou eficazmente.",6625
