idLU,lemmaName(en),senseDescription(en),idFrame,frameName,idPOS,lemmaName(pt),senseDescription(pt),idLemma(pt)
10522,expire,"COD:  exhale (air) from the lung.",247,Breathing,86,expirar,"COD: expirar (ar) dos pulmões.",116904
10529,evacuate,"COD: leave (a dangerous place). ",248,Escaping,86,evacuar,"COD: sair (de um lugar perigoso).",129948
10533,scarper,"FN: flee, run away",248,Escaping,86,Escapar,"FN: fugir, correr",120918
10537,evacuation,"FN: An organized and often mandatory escape.",248,Escaping,83,evacuação,"FN: Uma fuga organizada e muitas vezes obrigatória.",21909
10540,dodge,"COD: cunningly avoid doing or paying. ",249,Avoiding,86,desvio,"COD: evitar astutamente de fazer ou pagar.",8709
10542,escape,"COD: succeed in eluding (something dangerous or undesirable)",249,Avoiding,86,fuga,"COD: ter sucesso em eludir (algo perigoso ou indesejável)",1061
10545,sidestep,"COD: avoid dealing with or discussing",249,Avoiding,86,Contornar,"COD: evitar lidar ou discutir com",125296
10546,skirt,"COD: avoid dealing with. ",249,Avoiding,86,saia,"COD: evite lidar com.",9767
10549,evasion,"FN: to act of eluding something",249,Avoiding,83,evasão,"FN: o ato de desviar-se de algo",21922
10551,forgo,"COD:  go without (something desirable).",249,Avoiding,86,renunciar,"COD: ir sem (algo desejável).",121139
10552,"shrink from","COD: be averse to or unwilling to do (something).",249,Avoiding,86,recuar,"COD: ser avesso ou relutante em fazer (algo).",133423
10553,desist,"FN: to abstain from doing something",249,Avoiding,86,desistir,"FN: abster-se de fazer algo",121106
10556,evade,"COD: escape or avoid, especially by guile or trickery",250,Evading,86,evitar,"COD: escapar ou evitar, especialmente por artimanhas ou truques",120648
10557,evasion,"FN: the act of eluding capture or a person intending to capture",250,Evading,83,evasão,"FN: o ato de eludir captura ou uma pessoa que pretende capturar",21922
10559,elude,"COD: evade or escape from, typically in a skilful or cunning way. ",250,Evading,86,evitar,"COD: evadir ou escapar de, tipicamente de uma maneira habilidosa ou astuta.",120648
10562,flee,"FN: run away while being pursued",250,Evading,86,fugir,"FN: correr enquanto é perseguido",117347
10567,vibrate,"COD: cause to move with small movements rapidly to and fro.",251,Cause_to_move_in_place,86,vibrar,"COD: causar movimentos rápidos e pequenos para e trás.",135082
10568,shake,"FN: cause to tremble or vibrate or move something forcefully up and down or back and forth.",251,Cause_to_move_in_place,86,agitar,"FN: causar para tremer ou vibrar ou mover algo com força para cima e para baixo ou para frente e para trás.",121123
10569,swing,"COD: move or cause to move back and forth or from side to side while or as if suspended",251,Cause_to_move_in_place,86,balanço,"COD: mover ou causar para se mover para frente e para trás ou de um lado para o outro enquanto ou como se estivesse suspenso",14756
10570,seesaw,"COD: change rapidly and repeatedly from one state or position to another and back again. ",251,Cause_to_move_in_place,86,balanço,"COD: muda rapidamente e repetidamente de um estado ou posição para outro e volta ao estado inicial.",14756
10571,turn,"COD: move or cause to move in a circular direction wholly or partly around an axis. ",251,Cause_to_move_in_place,86,virar,"COD: mover ou causar que se mova em um movimento circular totalmente ou parcialmente ao redor de um eixo.",120706
10573,squeeze,"COD: firmly press from opposite or all sides, typically with the fingers.",251,Cause_to_move_in_place,86,espremer,"COD: pressionar firmemente de lados opostos ou todos, tipicamente com os dedos.",129692
10576,roll,"FN: to move something by turning over and over",251,Cause_to_move_in_place,86,rolar,"FN: para mover algo girando-o repetidamente",117232
10577,wave,"FN: to move something back and forth with a swaying motion while remaining fixed to one point",251,Cause_to_move_in_place,86,onda,"FN: mover algo de um lado para o outro com um movimento balançado enquanto permanece fixo em um ponto",1122
10584,vegetable,"COD: 1. a plant or part of a plant used as food. [Food] ",252,Food,83,vegetal,"COD: 1. uma planta ou parte de uma planta usada como alimento. [Alimentação]",1242
10585,carrot,"COD:  a tapering orange-coloured root eaten as a vegetable",252,Food,83,carroça,"COD: raiz em forma de funil alaranjada consumida como vegetal",8758
10592,veal,"COD: mass noun the flesh of a calf, used as food. ",252,Food,83,Vaca,"COD: substantivo massivo a carne de um vitelo, usada como alimento.",8720
10634,fat,"COD: such a substance, or a similar one made from plants, used in cooking. [Food] ",252,Food,83,gordura,"COD: tal substância ou uma semelhante feita à base de plantas utilizada na culinária. [Alimentos]",23632
10635,oil,"FN: with modifier any of various viscous liquids which are insoluble in water but soluble in organic solvents and are obtained from animals or plants, as used for cooking",252,Food,83,óleo,"FN: com modificador qualquer de vários líquidos viscos que são insolúveis em água, mas solúveis em solventes orgânicos e são obtidos de animais ou plantas, como usados para cozinhar",36639
