idLU,lemmaName(en),senseDescription(en),idFrame,frameName,idPOS,lemmaName(pt),senseDescription(pt),idLemma(pt)
18030,fugitive,"FN: a person on the run from law enforcement.",1125,Fugitive,83,fugitivo,"FN: uma pessoa que está foragida da lei.",6870
18039,blockade,"FN: prevent access to an area.",1127,Change_accessibility,86,bloqueio,"FN: impedir acesso a uma área.",1042
18043,"block off","FN: place barriers to entering or exiting an area or building.",1127,Change_accessibility,86,bloqueio,"FN: colocar barreiras para entrar ou sair de uma área ou prédio.",1042
18044,blockade,"FN: an act of preventing access to an area.",1127,Change_accessibility,83,bloqueio,"FN: um ato de impedir o acesso a uma área.",1042
18045,quarter,"FN: a part of town characterized by the people who live or work there.",1128,Locale_by_characteristic_entity,83,quarto,"FN: uma parte da cidade caracterizada pelas pessoas que lá vivem ou trabalham.",1220
18047,belt,"FN: an elongated region characterized by the entities or activities carried out in the region.",1128,Locale_by_characteristic_entity,83,cintura,"FN: uma região alongada caracterizada pelas entidades ou atividades realizadas na região.",17365
18056,develop,"FN: to progress from one biological state to another",1133,Ontogeny,86,desenvolver,"FN: progredir de um estado biológico para outro",120712
18057,development,"FN:  the advancement of an organism from one stage to another",1133,Ontogeny,83,desenvolvimento,"FN: o avanço de um organismo de uma etapa para outra",8926
18059,grow,"FN: to develop from one biological stage to another (not specifically pertaining to the size of an entity, but usually entails it)
",1133,Ontogeny,86,crescer,"FN: desenvolver-se de uma fase biológica para outra (não especificamente referindo-se ao tamanho de uma entidade, mas geralmente envolve isso)",117331
18060,growth,"FN: the development from one biological stage to another (not specifically pertaining to the size of an entity, but usually entails it)",1133,Ontogeny,83,crescimento,"FN: o desenvolvimento de uma etapa biológica para outra (não especificamente relacionado ao tamanho de uma entidade, mas geralmente envolve isso)",6653
18062,order,"FN: to request an object from someone, usually in exchange for money",1134,Request_entity,86,pedido,"FN: pedir um objeto de alguém, geralmente em troca de dinheiro",7361
18068,phylum,"FN: the taxonomic grouping ranking just below Kingdom; organisms are grouped into phyla based on evolutionary relatedness",1135,Biological_classification,83,filamento,"FN: o agrupamento taxonômico que se situa logo abaixo do Reino; os organismos são agrupados em filos com base na relação evolutiva",22478
18069,class,"FN: the taxonomic group ranking just below Phylum",1135,Biological_classification,83,classe,"FN: o grupo taxonômico que se encontra logo abaixo do Filo",8577
18070,order,"FN: the taxonomic group ranking just below Class",1135,Biological_classification,83,pedido,"FN: o grupo taxonômico que ocupa o nível logo abaixo da Classe",7361
18073,genus,"FN: one of the lowest-ranking taxonomic class, situated between Family and Species",1135,Biological_classification,83,género,"FN: uma das classes taxonômicas de menor classificação, situada entre Família e Espécie",23357
18075,domain,"FN: the highest-ranked level of taxonomic classification",1135,Biological_classification,83,domínio,"FN: o nível mais alto de classificação taxonômica",20028
18076,variety,"FN: a subdivision of a species with distinctive characteristics; in botany, used as a subdivsion of subspecies; in other fields, sometimes equivalent to subspecies",1135,Biological_classification,83,variedade,"FN: uma subdivisão de uma espécie com características distintas; em botânica, usado como subdivisão de subespécie; em outros campos, às vezes equivalente a subespécie",6634
18081,unstable,"FN: not stable; unsteady",1136,Precariousness,84,instável,"FN: não estável; instável",74060
18082,unsteady,"FN: not steady or firm; shaky",1136,Precariousness,84,instável,"FN: não estável ou firme; tremulo",74060
18089,order,"FN: a state of non-confusion; the opposite of chaos",1137,Chaos,83,pedido,"FN: um estado de não-confusão; o oposto do caos",7361
18094,patient,"FN: a person under the care of a medical professional.",1138,Medical_interaction_scenario,83,paciente,"FN: uma pessoa sob os cuidados de um profissional médico.",9487
18095,doctor,"FN: a person licensed to provide the widest range of treatment and most definitive medical advice.",1138,Medical_interaction_scenario,83,doutor,"FN: uma pessoa licenciada para fornecer o escopo mais amplo de tratamento e mais definitivo de conselhos médicos.",20075
18097,surgeon,"FN: a physician who specializes in physically intervening with the inside of a patient' s body.",1138,Medical_interaction_scenario,83,cirurgião,"FN: um médico que se especializa em intervir fisicamente no interior do corpo de um paciente.",17400
3673,leave,,1139,Temporary_leave,86,sair,,116884
18099,absence,"FN: a missed responsibility or duty, usually referring to a work day or school period",1139,Temporary_leave,83,ausência,"FN: uma responsabilidade ou dever perdido, geralmente referindo-se a um dia de trabalho ou período escolar",14394
18112,dim,"FN: having only a small amount of light",1140,Level_of_light,84,diminuto,"FN: tendo apenas uma pequena quantidade de luz",73631
18113,black,"FN:  completely devoid of light",1140,Level_of_light,84,preto,"FN: completamente privado de luz",73272
18117,bright,"FN: having a relatively large amount of light",1140,Level_of_light,84,brilhante,"FN: tendo uma quantidade relativamente grande de luz",73306
18118,sunny,"FN: brightly lit by the sun",1140,Level_of_light,84,ensolarado,"FN: brilhantemente iluminado pelo sol",80791
18119,lighted,"FN: eminating a level of light",1140,Level_of_light,84,Iluminado,"FN: emitindo um nível de luz",73308
18122,shady,"FN: blocking light, usually from the sun",1140,Level_of_light,84,Sombrio,"FN: bloqueio de luz, geralmente do sol",73859
18123,optimistic,"FN: having a good outlook",1141,Attitude_description,84,otimista,"FN: ter uma boa perspectiva",86864
18126,positive,"FN: having an optimistic outlook",1141,Attitude_description,84,positivo,"FN: ter uma visão otimista",87794
18128,hopeless,"FN: having a pessimistic outloock; lacking hope",1141,Attitude_description,84,desesperado,"FN: ter uma visão pessimista; falta de esperança",79664
18129,dark,"FN: having a depressed or gloomy attitude",1141,Attitude_description,84,escuro,"FN: ter uma atitude deprimida ou sombria",73328
34197,negativity,"An attitude that is not positive.",1141,Attitude_description,83,negatividade,"Uma atitude que não é positiva.",28572
34334,attitude,"A way or manner of interacting with life.",1141,Attitude_description,83,atitude,"Um jeito ou modo de interagir com a vida.",10725
34424,desperate,"Feeling without hope.",1141,Attitude_description,84,desesperado,"Sentindo sem esperança.",79664
