idLU,lemmaName(en),senseDescription(en),idFrame,frameName,idPOS,lemmaName(pt),senseDescription(pt),idLemma(pt)
7307,apparatus,"COD: the equipment needed for a particular activity or purpose (mass noun)",97,Gizmo,83,aparelho,"COD: o equipamento necessário para uma atividade ou propósito específico (substantivo em massa)",13584
7309,utensil,"COD: a tool or container, especially for household use. ",97,Gizmo,83,utensílio,"COD: uma ferramenta ou recipiente, especialmente para uso doméstico.",35604
7310,instrument,"COD: a tool or implement, especially for precision work",97,Gizmo,83,instrumento,"COD: uma ferramenta ou instrumento, especialmente para trabalho de precisão",25115
7313,appliance,"COD: a device designed to perform a  specific task",97,Gizmo,83,aparelho,"COD: um dispositivo projetado para realizar uma tarefa específica",13584
7315,machine,"COD: an apparatus using or applying mechanical power and having several parts, each with a definite function and together performing a particular task.",97,Gizmo,83,máquina,"COD: um aparelho que utiliza ou aplica força mecânica e possui várias partes, cada uma com uma função definida e juntas realizando uma tarefa específica.",27111
7320,system,"FN: a complex machine whose parts are working together as a mechanism or interconnecting network",97,Gizmo,83,sistema,"FN: uma máquina complexa cujos componentes funcionam juntos como um mecanismo ou rede interconectada",6580
7323,core,"COD: the central part of a nuclear reactor, which contains the fissile material. ",97,Gizmo,83,núcleo,"COD: a parte central de um reator nuclear, que contém o material físsil.",10730
7324,player,"FN: a machine that reads and decodes digital information. ",97,Gizmo,83,jogador,"FN: uma máquina que lê e decodifica informações digitais.",383
7325,range,"FN: kitchen stove; used for cooking food.",97,Gizmo,83,faixa,"FN: fogão de cozinha; usado para cozinhar alimentos.",856
7327,level,"FN: a deviced used to determine whether a surface is perfectly horizontol. ",97,Gizmo,83,nível,"FN: um dispositivo usado para determinar se uma superfície é perfeitamente horizontal.",28854
34311,computer,"An electronic machine used for storing, organizing, and accessing information, doing calculations, and controlling other machines.",97,Gizmo,83,computador,"Um aparelho eletrônico usado para armazenar, organizar e acessar informações, fazer cálculos e controlar outras máquinas.",686
7329,examination,"COD: a formal test of [knowledge or] proficiency in a subject or skill",98,Examination,83,exame,"COD: um teste formal de [conhecimento ou] proficiência em um assunto ou habilidade",10649
7330,test,"COD: subject to a test (of proficiency)",98,Examination,86,teste,"COD: sujeito a um teste (de proficiência)",9320
7331,assessment,"FN: determination of someone' s skills",98,Examination,83,avaliação,"FN: determinação de habilidades de alguém",10757
7333,exam,"COD: short for examination: a formal test of proficiency in a subject or skill",98,Examination,83,Exame,"COD: abreviação de exame: uma prova formal de proficiência em um assunto ou habilidade",10649
7334,tall,"FN: how far the distance is from the base of an object to its top-most point (used with a number)",99,Dimension,84,alto,"FN: qual é a distância da base de um objeto até seu ponto mais alto (usado com um número)",73280
7335,high,"FN: (of a measurement) vertically upward from some baseline",99,Dimension,84,alto,"FN: (de uma medida) verticalmente para cima de alguma linha base",73280
7336,wide,"COD: of great or more than average width. ",99,Dimension,84,Amplo,"COD: de grande ou mais que média largura.",73313
7339,deep,"FN: how far the distance is from the top of an object to its bottom surface (used with a number)",99,Dimension,84,profundo,"FN: qual é a distância da parte superior de um objeto até sua superfície inferior (usado com um número)",73314
7340,long,"FN: in length. ",99,Dimension,84,longo,"FN: em comprimento.",73317
7345,width,"COD: the measurement or extent of something from side to side; the lesser of two or the least of three dimensions of a body",99,Dimension,83,largura,"COD: a medida ou extensão de algo de um lado para o outro; o menor de dois ou o menos de três dimensões de um corpo",8868
7348,weigh,"FN: (of an entity) have a weight of (a specific measure). ",99,Dimension,86,pesar,"FN: (de uma entidade) ter um peso de (uma medida específica).",132627
7349,measure,"FN: (of an entity) have a size, width, length, etc. specified as (a particular quantity).",99,Dimension,86,medida,"FN: (de uma entidade) ter um tamanho, largura, comprimento, etc., especificado como (uma quantidade específica).",6651
7350,weight,"COD: a body' s relative mass or the quantity of matter contained by it, giving rise to a downward force; heaviness. ",99,Dimension,83,peso,"COD: massa relativa do corpo ou quantidade de matéria contida nele, dando origem a uma força descendente; peso.",808
7356,grand,"COD: large, ambitious, or impressive in scope or scale.",99,Dimension,84,grande,"COD: grande, ambicioso ou impressionante em alcance ou escala.",73203
7357,work,"COD: the exertion of force overcoming resistance or producing molecular change",99,Dimension,83,trabalho,"COD: a aplicação de força que supera a resistência ou produz mudança molecular",6625
7359,across,"FN: indicating that a measurement of length from one side of an object to the other pertains to a horizontal dimension perpendicular to the longest axis.",99,Dimension,89,"através de","FN: indicando que uma medição de comprimento de um lado do objeto ao outro se refere a uma dimensão horizontal perpendicular ao eixo mais longo.",139818
7370,camp,"COD: lodge temporarily, especially in a tent or caravan while on holiday. ",100,Residence,86,acampamento,"COD: acomodar-se temporariamente, especialmente em uma tenda ou caravana enquanto estiver de férias.",7362
7371,squat,"COD: unlawfully occupy an uninhabited building or area of land. ",100,Residence,86,Agachamento,"COD: ocupar ilegalmente um edifício ou área de terra desocupada.",1996
7380,room,"COD: share lodgings, especially at a college or similar institution",100,Residence,86,quarto,"COD: compartilhar acomodações, especialmente em uma faculdade ou instituição semelhante",1220
7389,tutor,"FN: a teacher, typically one who teaches a single pupil or a very small group",101,Education_teaching,83,tutor,"FN: um professor, tipicamente aquele que ensina um único aluno ou um pequeno grupo",35399
7391,tutee,"COD: a student or pupil of a tutor",101,Education_teaching,83,tutor,"COD: o aluno ou pupilo de um tutor",35399
7395,study,"COD: acquire knowledge on.",101,Education_teaching,86,Estudo,"COD: adquirir conhecimento em.",7592
7396,tutor,"COD: act as a tutor to",101,Education_teaching,86,tutor,"COD: atue como um tutor",35399
7397,coach,"COD: train or teach as a coach.",101,Education_teaching,86,treinador,"COD: treinar ou ensinar como um treinador.",604
7400,school,"COD: train in a particular skill or activity.",101,Education_teaching,86,escola,"COD: treinar em uma habilidade ou atividade específica.",6593
7401,train,"FN: teach a particular skill or type of behaviour through regular practice and instruction.",101,Education_teaching,86,treino,"FN: ensinar uma habilidade ou tipo específico de comportamento através da prática regular e instrução.",35134
7402,training,"FN: instruction in a particular skill or field.",101,Education_teaching,83,treinamento,"FN: instrução em uma habilidade ou campo específico.",2033
7403,instruct,"COD: to teach",101,Education_teaching,86,instruir,"COD: para ensinar",131114
