idLU,lemmaName(en),senseDescription(en),idFrame,frameName,idPOS,lemmaName(pt),senseDescription(pt),idLemma(pt)
8384,muscular,"COD: having well-developed muscles. ",143,Body_description_holistic,84,muscular,"COD: tendo músculos bem desenvolvidos.",74086
8391,lithe,"COD: slim, supple, and graceful. ",143,Body_description_holistic,84,liso,"COD: magro, flexível e gracioso.",85050
8392,plump,"COD: rather fat. ",143,Body_description_holistic,84,cheio,"COD: bastante gordo.",73468
8395,hefty,"COD: large, heavy, and powerful. ",143,Body_description_holistic,84,pesado,"COD: grande, pesado e poderoso.",73315
8398,male,"COD: of the sex that can beget offspring by fertilization or insemination; masculine",143,Body_description_holistic,84,masculino,"COD: do sexo que pode procriar por fertilização ou inseminação; masculino",85475
8414,chain,"COD: a connected flexible series of metal links used for fastening, pulling, etc., or in jewellery. ",144,Accoutrements,83,cadeia,"COD: uma série flexível e conectada de ligações metálicas usadas para fixar, puxar, etc., ou em joalheria.",16046
8422,hat,"COD: a shaped covering for the head, typically with a brim and a crown. ",144,Accoutrements,83,chapéu,"COD: um cobertura moldada para a cabeça, tipicamente com borda e coroa.",2006
8424,cap,"COD: a soft, flat hat without a brim and usually with a peak. ",144,Accoutrements,83,tampa,"COD: um chapéu macio e achatado sem borda e geralmente com uma ponta.",34317
8425,bonnet,"COD: a woman' s or child' s hat tied under the chin and with a brim framing the face. ",144,Accoutrements,83,boné,"COD: um chapéu de mulher ou de criança amarrado sob o queixo e com uma borda moldando o rosto.",15550
8447,veil,"COD: a piece of fine material worn to protect or conceal the face",144,Accoutrements,83,véu,"COD: uma peça de material fino usada para proteger ou esconder o rosto",1126
8450,belt,"COD: a strip of leather or other material worn around the waist to support or hold in clothes or to carry weapons.",144,Accoutrements,83,cintura,"COD: uma tira de couro ou outro material usado na cintura para sustentar ou segurar roupas ou para transportar armas.",17365
8462,medal,"COD: a metal disc with an inscription or design, awarded to acknowledge distinctive achievement or made to commemorate an event. ",144,Accoutrements,83,medalha,"COD: uma placa metálica com inscrição ou desenho, concedida para reconhecer um feito distinto ou feita para comemorar um evento.",27418
8463,medallion,"COD: a piece of jewellery in the shape of a medal, worn as a pendant. ",144,Accoutrements,83,medalha,"COD: uma joia em forma de medalha, usada como pingente.",27418
8466,armband,"COD: a band worn around the upper arm to hold up a shirtsleeve or as a form of identification. ",144,Accoutrements,83,braçadeira,"COD: uma banda usada no braço superior para segurar uma manga ou como forma de identificação.",138
8467,armlet,"COD: a bracelet worn round the upper arm. ",144,Accoutrements,83,braçadeira,"COD: uma pulseira usada no braço superior.",138
8471,helmet,"COD: a hard or padded protective hat. ",144,Accoutrements,83,capacete,"COD: um capacete duro ou acolchoado de proteção.",834
8472,gorget,"COD: an article of clothing or piece of armour covering the throat",144,Accoutrements,83,garganta,"COD: um artigo de vestuário ou peça de armadura que cobre o pescoço",59006
8481,shower,"COD: wash oneself in a shower. ",145,Grooming,86,chuveiro,"COD: lavar-se no chuveiro.",9338
8482,pluck,"COD: pull some of the hairs from (one' s eyebrows) to make them look neater",145,Grooming,86,Pular,"COD: puxe alguns pelos das sobrancelhas para deixá-las mais arrumadas",120904
