idLU,lemmaName(en),senseDescription(en),idFrame,frameName,idPOS,lemmaName(pt),senseDescription(pt),idLemma(pt)
6802,badger,"COD: repeatedly and annoyingly ask (someone) to do something",85,Manipulate_into_doing,86,paca,"COD: pedir repetidamente e irritantemente que alguém faça algo",
6803,trick,"COD: deceive or outwit with cunning or skill",85,Manipulate_into_doing,86,truco,"COD: enganar ou superar com astúcia ou habilidade",
6804,flatter,"COD: avish compliments on, especially in order to further one' s own interests",85,Manipulate_into_doing,86,flatter,"COD: avish compliments on, especially in order to further one's own interests",
6805,lure,"COD: tempt to do something or to go somewhere",85,Manipulate_into_doing,86,"Isso é um verbo em inglês que significa ""lure"". A tradução para o português é ""isolar"".","COD: tentação de fazer algo ou ir para algum lugar",
6806,cheat,"COD: act dishonestly or unfairly in order to gain an advantage",85,Manipulate_into_doing,86,trapaça,"COD: agir de forma desonesta ou injusta para obter vantagem",
6809,blackmail,"COD: use threats or unfair manipulation in an attempt to influence someone' s actions",85,Manipulate_into_doing,86,extorsão,"COD: uso de ameaças ou manipulação injusta em uma tentativa de influenciar as ações de alguém",
6812,fool,"COD: trick, deceive, or dupe.",85,Manipulate_into_doing,86,tolo,"COD: truque, enganar ou enganar.",
6814,hustle,"FN: to pressure or coerce (someone) to buy or do something",85,Manipulate_into_doing,86,"fazer um baita trabalho","FN: pressionar ou coagir (alguém) para comprar ou fazer algo",
6816,fight,"COD: an act of fighting",86,Hostile_encounter,83,lutar,"COD: um ato de luta",
6818,spat,"COD: a petty quarrel",86,Hostile_encounter,83,espata,"COD: uma briga mesquinha",
6823,row,"COD: an acrimonious quarrel",86,Hostile_encounter,83,"barco"" ou ""embarcação","COD: uma disputa amarga",
6824,fighting,"FN: a struggle for victory or mastery between two or more people, animals, or forces.",86,Hostile_encounter,83,lutar,"FN: uma luta por vitória ou domínio entre duas ou mais pessoas, animais ou forças.",
6828,skirmish,"COD: an episode of irrgular or unpremeditated fighting, especially between small or outlying parts of armies",86,Hostile_encounter,83,"especialização em terminologia linguística","COD: um episódio de luta irregular ou não planejada, especialmente entre pequenas ou distantes partes dos exércitos",
6829,combat,"COD: fighting, especially between armed forces",86,Hostile_encounter,83,combatir,"COD: luta, especialmente entre forças armadas",
6831,stalemate,"COD: a situation in which further progress by opposing parties seems impossible",86,Hostile_encounter,83,Empate,"COD: uma situação em que o progresso adicional por parte das partes opostas parece impossível",
6833,strife,"COD: angry or bitter disagreement; conflict",86,Hostile_encounter,83,litígio,"COD: desentendimento ou discórdia amarga; conflito",
6837,clash,"COD:  (of two opposing groups) come abruptly into violent conflict. ",86,Hostile_encounter,86,clash,"COD: (de dois grupos opostos) entra abruptamente em conflito violento.",
6846,standoff,"COD: a deadlock between two equally matched opponents. ",86,Hostile_encounter,83,"estaca de tiro","COD: um impasse entre dois oponentes igualmente qualificados.",
6847,showdown,"COD: a final test or confrontation intended to settle a dispute. ",86,Hostile_encounter,83,showdown,"COD: o teste ou confronto final destinado a resolver uma disputa.",
6848,wrangling,"FN: long and complicated arguing",86,Hostile_encounter,83,Discórdia,"FN: argumento longo e complicado",
6849,tiff,"COD: informal a quarrel. ",86,Hostile_encounter,83,tifo,"COD: informal uma briga.",
6850,fistfight,"COD: a fight with the fists",86,Hostile_encounter,83,"Luta de punho","COD: uma briga com os punhos",
6851,firefight,"COD: a battle using guns rather than bombs or other weapons.",86,Hostile_encounter,83,tiro-teim,"COD: uma batalha usando armas de fogo em vez de bombas ou outras armas.",
6853,dust-up,"COD: a fight or quarrel.",86,Hostile_encounter,83,poeira-de-ar,"COD: uma briga ou discussão.",
6855,cw,"FN: chemical warfare",86,Hostile_encounter,83,cw,"FN: guerra química",
6857,bw,"FN: biological warfare",86,Hostile_encounter,83,bw,"Guerra biológica",
6859,tussle,"COD: a vigorous struggle or scuffle.",86,Hostile_encounter,83,Tussle,"COD: uma luta vigorosa ou confusão.",
6861,infighting,"FN: fighting at close quarters",86,Hostile_encounter,83,"infiltração interna","FN: combate corpo a corpo",
6863,engagement,"FN: a battle between military forces.",86,Hostile_encounter,83,compromisso,"FN: uma batalha entre forças militares.",
6865,purloin,"FN: to steal, often in violation of trust",87,Theft,86,purloinar,"FN: roubar, muitas vezes em violação de confiança",
6868,pilfer,"COD: steal (things of little value).",87,Theft,86,pilferar,"COD: roubar (coisas de pouco valor).",
6869,swipe,"COD: steal.",87,Theft,86,swipe,"COD: roubar.",
6871,pinch,"COD: (informal) steal.",87,Theft,86,pinch,"COD: (informal) roubar.",
6874,pickpocket,"COD: a person who steals from people' s pockets",87,Theft,83,bolsão,"COD: uma pessoa que rouba dos bolsos das pessoas",
6875,cutpurse,"COD: archaic term for pickpocket",87,Theft,83,curtura,"COD: termo arcaico para ladrão de carteira",
6876,pilferer,"FN: person who steals small amounts or items.",87,Theft,83,pilferador,"FN: pessoa que rouba pequenas quantidades ou itens.",
6877,snatcher,"FN: a person who steals or kidnaps.",87,Theft,83,apreender,"FN: uma pessoa que rouba ou sequestra.",
6879,thieving,"FN: the act of stealing.",87,Theft,83,Ladrão!,"FN: o ato de roubar.",
6881,light-fingered,"FN: skilled at or given to petty thievery.",87,Theft,84,"boca leve","FN: habilidoso em ou dado a pequenos furtos.",
6882,thieving,"FN: skilled at commiting theft.",87,Theft,84,Ladrão!,"FN: habilidoso em cometer roubos.",
6884,nick,"COD: (informal) steal",87,Theft,86,nick,"COD: (informal) roubar",
6885,embezzle,"COD: steal or misapproriate (money placed in one' s trust or under one' s control).",87,Theft,86,embezzar,"COD: roubar ou mal apropriar (dinheiro colocado sob a confiança ou controle de alguém).",
6886,misappropriate,"COD: dishonestly or unfairly take for one' s own use.",87,Theft,86,"aproveitar indevidamente","COD: tomar de forma desonesta ou injusta para uso próprio.",
6887,shoplift,"FN: to steal goods from a store while pretending to be a customer.",87,Theft,86,"roubar na loja","FN: roubar mercadorias de uma loja fingindo ser um cliente.",
6889,shoplifter,"FN: a person stealing goods from a store while pretending to be a customer.",87,Theft,83,"Ladrão de lojas","FN: uma pessoa que rouba mercadorias de uma loja fingindo ser um cliente.",
6890,shoplifting,"FN: the act of stealing goods from a store while pretending to be a customer",87,Theft,83,Furtar,"FN: o ato de roubar mercadorias de uma loja fingindo ser um cliente",
6891,pilfering,"FN: the act of stealing a small amount or item, often over and over again",87,Theft,83,roubar,"FN: o ato de roubar uma pequena quantidade ou item, muitas vezes repetidamente",
6893,embezzlement,"FN: the act of stealing by putting to one' s own use (money held in trust for some other person or group of persons).",87,Theft,83,embezzlement,"FN: o ato de roubar colocando-se a próprio uso (dinheiro mantido em confiança para alguma outra pessoa ou grupo de pessoas).",
6894,embezzler,"FN: a person who steals by putting to his own use (money held in trust for some other person or group of persons).",87,Theft,83,embezzlar,"FN: uma pessoa que rouba colocando para seu próprio uso (dinheiro mantido em confiança para alguma outra pessoa ou grupo de pessoas).",
6895,peculation,"COD: the embezzlement of public funds.",87,Theft,83,peculação,"COD: apropriação de fundos públicos.",
6896,misappropriation,"FN: a dishonest use of something as one' s own.",87,Theft,83,"aproprição indevida","FN: uso desonesto de algo como se fosse seu.",
6897,larceny,"COD: theft of personal property.",87,Theft,83,larcência,"COD: roubo de propriedade pessoal.",
6898,snatch,"COD: an act of snatching.",87,Theft,83,apreender,"COD: um ato de arrancar.",
6899,stealing,"FN: the act of taking something away illegally.",87,Theft,83,roubar,"FN: o ato de tirar algo ilegalmente.",
6900,pickpocket,"FN: steal from people' s pockets",87,Theft,86,"bolsa de goteira","FN: roubar nos bolsos das pessoas",
6902,flog,"FN: steal",87,Theft,86,flog,"FN: roubar",
6903,abstract,"FN: steal (euphemistic)",87,Theft,86,abstrato,"FN: roubar",
