idLU,lemmaName(en),senseDescription(en),idFrame,frameName,idPOS,lemmaName(pt),senseDescription(pt),idLemma(pt)
5213,revolt,"COD: cause to feel disgust.",41,Stimulate_emotion,86,revoltar,"COD: causar repulsa.",117346
5215,repel,"COD: be repulsive or distasteful to.",41,Stimulate_emotion,86,repelir,"COD: ser repugnante ou desagradável para.",133705
5218,traumatize,"COD: cause a deeply distressing experience. ",41,Stimulate_emotion,86,traumatizar,"COD: causar uma experiência profundamente perturbadora.",134832
5219,interest,"COD: excite the curiosity or attention of. ",41,Stimulate_emotion,86,interesse,"COD: excitar a curiosidade ou atenção de.",6636
5221,offend,"COD: cause to feel hurt or resentful. ",41,Stimulate_emotion,86,ofender,"COD: causar sentimentos de dor ou ressentimento.",132210
5224,perturb,"COD: make anxious or unsettled. ",41,Stimulate_emotion,86,perturbar,"COD: causar ansiedade ou inquietação",121699
5231,trouble,"FN: a feeling of being disturbed",41,Stimulate_emotion,83,problema,"FN: um sentimento de perturbamento",6620
5232,fulfill,"FN: give satisfaction",41,Stimulate_emotion,86,cumprir,"FN: satisfação",116873
5235,arouse,"FN: stimulate or exhilarate",41,Stimulate_emotion,86,despertar,"FN: estimular ou excitar",127169
5237,appeal,"FN: please or attract",41,Stimulate_emotion,86,recurso,"Por favor ou atrair",31909
5238,worry,"FN: cause to feel nervous, scared, or doubtful about something in the future",41,Stimulate_emotion,86,preocupação,"FN: causar sentimentos de nervosismo, medo ou dúvida sobre algo no futuro",9099
5239,harass,"FN: annoy ",41,Stimulate_emotion,86,assediar,"FN: irritar",123657
5240,engage,"FN: captivate",41,Stimulate_emotion,86,envolver,"FN: fascinar",120771
5241,stagger,"FN: shock",41,Stimulate_emotion,86,tropeçar,"FN: choque",134909
5242,destroy,"FN: cause emotional damage to ",41,Stimulate_emotion,86,destruir,"FN: causar danos emocionais a",127378
5243,demolish,"FN: to destory (a person) emotionally",41,Stimulate_emotion,86,demolir,"FN: destruir emocionalmente (uma pessoa)",125688
5245,encourage,"FN: inspire, reassure.",41,Stimulate_emotion,86,encorajar,"FN: inspire, reconforte.",128317
5246,wound,"FN: cause emotional pain or damage.",41,Stimulate_emotion,86,ferida,"FN: causar dor ou dano emocional.",22366
5247,kill,"COD: cause to feel unsatified or unhappy",41,Stimulate_emotion,86,matar,"COD: causar insatisfação ou infelicidade",121055
34353,ease,"To calm a sentient entity's emotion.",41,Stimulate_emotion,86,facilidade,"Para acalmar uma entidade consciente de suas emoções.",22105
5252,delight,"COD: take great pleasure in.",42,Experiencer_focused_emotion,86,alegria,"COD: tomar grande prazer em.",11028
5253,despair,"COD: lose or be without hope",42,Experiencer_focused_emotion,86,desespero,"COD: perder ou ficar sem esperança",8881
5256,dislike,"COD: feel distaste for or hostility towards.",42,Experiencer_focused_emotion,86,desgosto,"COD: sentir aversão por ou hostilidade em relação a.",8883
5257,dread,"COD: anticipate with great apprehension or fear.",42,Experiencer_focused_emotion,86,pavor,"COD: antecipar com grande apreensão ou medo.",6617
5258,empathize,"COD: understand and share the feelings of another",42,Experiencer_focused_emotion,86,Empatia,"COD: compreender e compartilhar os sentimentos de outra pessoa",8884
5260,envy,"COD: feel envy of",42,Experiencer_focused_emotion,86,Inveja,"COD: sentir inveja de",8885
5261,fear,"COD: be afraid of; feel anxiety on behalf of",42,Experiencer_focused_emotion,86,Medo,"COD: ter medo de; sentir ansiedade em nome de",6563
5266,love,"COD: like very much.",42,Experiencer_focused_emotion,86,amor,"COD: gostar muito.",6568
5267,mourn,"COD: feel deep sorrow following the death or loss of.",42,Experiencer_focused_emotion,86,Lutar,"COD: sentir profunda tristeza após a morte ou perda de.",117219
5269,regret,"COD: feel or express sorrow, repentance, or disappointment over.",42,Experiencer_focused_emotion,86,arrependimento,"COD: sentir ou expressar tristeza, arrependimento ou decepção.",6859
5270,relish,"FN: take great pleasure in",42,Experiencer_focused_emotion,86,delícia,"FN: tomar grande prazer em",8555
5271,resent,"COD: feel bitterness or indignation at.",42,Experiencer_focused_emotion,86,ressentimento,"COD: sentir amargura ou indignação em relação a.",8888
5272,rue,"FN: to feel compassion for; pity",42,Experiencer_focused_emotion,86,rua,"FN: sentir compaixão por; pena",872
5276,empathetic,"FN: showing empathy",42,Experiencer_focused_emotion,84,Empático,"FN: mostrando empatia",73425
5278,savour,"COD: with obj. appreciate and enjoy the taste of (good food or drink)or enjoy or appreciate to the full. ",42,Experiencer_focused_emotion,86,sabor,"COD: com objeto de apreciar e desfrutar do gosto (de boa comida ou bebida), ou desfrutar ou apreciar até ao limite.",6731
5282,scared,"FN: afraid",42,Experiencer_focused_emotion,84,assustado,"FN: medo",73689
5283,dread,"COD: great fear or apprehension",42,Experiencer_focused_emotion,83,pavor,"COD: grande medo ou apreensão",6617
5293,abhorrence,"FN: the act or feeling of abhorring",42,Experiencer_focused_emotion,83,aborrecimento,"FN: o ato ou sentimento de abominar",9098
5300,fond,"COD:  having an affection or liking for.",42,Experiencer_focused_emotion,84,fundo,"COD: tendo uma afeição ou gosto por.",82412
5304,fulfillment,"FN: satisfaction.",42,Experiencer_focused_emotion,83,realização,"FN: satisfação.",6614
