idLU,lemmaName(en),senseDescription(en),idFrame,frameName,idPOS,lemmaName(pt),senseDescription(pt),idLemma(pt)
11643,retributive,"FN: relating to retribution",319,Revenge,84,retributivo,"FN: relacionado à retribuição",
11644,"get even","FN: inflict on another person similar harm or injury to what they inflicted on you previously",319,Revenge,86,"Fazer justiça com as próprias mãos","FN: infligir a outra pessoa um dano ou ferimento semelhante ao que ela infligiu a você anteriormente",
11645,retributory,"FN: of or relating to retribution",319,Revenge,84,retributório,"FN: de ou relacionado à retribuição",
11647,payback,"COD: an act of revenge",319,Revenge,83,"Retorno financeiro","COD: um ato de vingança",
11650,corrode,"COD: be destroyed or damaged (metal or other hard material) slowly by chemical action. ",320,Corroding,86,corrói,"COD: ser destruído ou danificado (metais ou outros materiais duros) lentamente por ação química.",
11651,oxidize,"FN: to become combined with oxygine resulting in corrosion ",320,Corroding,86,oxidizar,"FN: tornar-se combinado com oxigênio resultando em corrosão",
11652,bias,"COD: inclination or prejudice for or against one thing or person",321,Partiality,83,viés,"COD: inclinação ou preconceito a favor de ou contra algo ou alguém",
11654,impartial,"COD: treating all rivals or disputants equally. ",321,Partiality,84,imparcial,"COD: tratando todos os rivais ou disputantes de forma igual.",
11655,partiality,"FN: the quality or state of being partial to one side in a dispute",321,Partiality,83,Parcialidade,"FN: a qualidade ou estado de ser parcial para um lado em uma disputa",
11656,impartiality,"FN: the state or quality of being impartial to both sides in a dispute",321,Partiality,83,imparcialidade,"FN: o estado ou qualidade de ser imparcial para ambos os lados em uma disputa",
11658,neutrality,"FN: impartiality between two sides in a dispute",321,Partiality,83,neutralidade,"FN: imparcialidade entre duas partes em uma disputa",
11659,favor,"FN: treat one side preferentially",321,Partiality,86,"por favor","FN: tratar um lado preferencialmente",
11661,bias,"COD: influence unfairly; prejudice.",321,Partiality,86,Viés,"COD: influenciar de forma injusta; preconceito.",
11663,prejudiced,"FN: Having a pre-formed bias about something.  ",321,Partiality,84,preconceituoso,"FN: Ter um preconceito pré-formado sobre algo.",
11666,corrode,"COD: destroy or damage (metal or other hard material) slowly by chemical action. ",322,Corroding_caused,86,corrói,"COD: destruir ou danificar (metais ou outros materiais duros) lentamente por ação química.",
11667,oxidize,"COD: cause to combine with oxygen. ",322,Corroding_caused,86,oxidizar,"COD: causar para combinar com oxigênio.",
11670,flake,"COD: split or cause to split into flakes. ",323,Grinding,86,floco,"COD: dividir ou causar que divida em flocos.",
11671,pulverize,"COD: reduce to fine particles. ",323,Grinding,86,pulverizar,"COD: reduzir a partículas finas.",
11672,grind,"COD: reduce to small particles or powder by crushing",323,Grinding,86,moer,"COD: reduzir a partículas ou pó pequenos, amassando",
11673,crumble,"COD: cause (something, especially food) to crumble. ",323,Grinding,86,crumble,"COD: causar (algo, especialmente comida) para desmoronar.",
11674,crush,"COD: pulverize by compressing forcefully. ",323,Grinding,86,crush,"COD: pulverizar comprimindo com força.",
11675,mill,"COD: grind in a building with machinery for grinding grain into flour ",323,Grinding,86,mil,"COD: moer em um edifício com máquinas para moer grãos em farinha",
11676,grate,"COD: reduce (food) to small shreds by rubbing it on a grater. ",323,Grinding,86,grato,"COD: reduza (alimento) a pequenos pedaços esfregando-o em um ralador.",
11678,crunch,"COD: crush (a hard or brittle foodstuff) with the teeth, making a marked grinding sound. ",323,Grinding,86,crunch,"COD: esmagar (uma comida dura ou frágil) com os dentes, fazendo um som de trituração distinto.",
11681,mastication,"FN: the process of chewing",323,Grinding,83,Masticação,"FN: o processo de mastigar",
11682,mash,"COD: reduce or beat to a mash. ",323,Grinding,86,amasso,"COD: reduzir ou bater até ficar em puré.",
11683,pulp,"COD: crush into a pulp. ",323,Grinding,86,pulpa,"COD: esmagar em purê.",
11687,"settle on","COD: reach an agreement or decision about (an argument or problem)",324,Choosing,86,"chegar a um acordo sobre","COD: chegar a um acordo ou decisão sobre (um argumento ou problema)",
11688,elect,"COD: opt for or choose to do something. ",324,Choosing,86,eleito,"COD: optar por ou escolher fazer algo.",
11691,opt,"COD:  make a choice.",324,Choosing,86,opte,"COD: faça uma escolha.",
11692,pick,"FN: a selected option",324,Choosing,83,escolher,"FN: uma opção selecionada",
34047,vote,"To give or register a vote that represents a chosen entity.",324,Choosing,86,voto,"Dar ou registrar um voto que representa uma entidade escolhida.",
11693,compare,"COD: be similar to or have a specified relationship with another thing or person: ",325,Evaluative_comparison,86,Compare,"COD: ser semelhante ou ter uma relação especificada com outra coisa ou pessoa:",
11694,"measure up","COD: reach the required or expected standard. ",325,Evaluative_comparison,86,medir-se,"COD: alcançar o padrão exigido ou esperado.",
11696,match,"COD: a person or thing able to contend with another as an equal. ",325,Evaluative_comparison,83,combinar,"COD: uma pessoa ou coisa capaz de competir com outra como igual.",
11698,equal,"COD: be equal or equivalent to",325,Evaluative_comparison,86,igual,"COD: ser igual ou equivalente a",
11700,"stack up","COD: measure up; compare.",325,Evaluative_comparison,86,empilhar-se,"COD: medir; comparar.",
34409,relatively,"In comparison to other entities. ",325,Evaluative_comparison,89,relativamente,"Em comparação com outras entidades.",
11701,pathetic,"COD: miserably inadequate",326,Desirability,84,"Pobre e lamentável.","COD: absolutamente inadequado",
11702,superb,"FN: being of outstanding quality",326,Desirability,84,superb,"FN: ser de qualidade excepcional",
11707,pitiful,"FN: of very poor or inadequate quality",326,Desirability,84,"Pobre coitado.","FN: de muito pobre ou inadequada qualidade",
11712,splendid,"COD: excellent.",326,Desirability,84,splendide,"COD: excelente.",
11715,astonishing,"FN: surprisingly good",326,Desirability,84,assombroso,"FN: surpreendentemente bom",
11718,magnificent,"COD: very good; excellent",326,Desirability,84,magnificente,"COD: muito bom; excelente",
11724,first-rate,"COD: of the best class, quality, or condition; excellent.",326,Desirability,84,"primeira classe","COD: da melhor classe, qualidade ou condição; excelente.",
11726,good,"COD: having the required qualities ",326,Desirability,84,Bom.,"COD: tendo as qualidades necessárias",
11732,okay,"COD: satisfactory, but not especially good",326,Desirability,84,"Tudo bem.","COD: satisfatório, mas não especialmente bom",
11735,second-rate,"COD: of mediocre or inferior quality. ",326,Desirability,84,"de segunda categoria","COD: de qualidade medíocre ou inferior.",
11736,third-rate,"COD: of inferior or very poor quality.",326,Desirability,84,"terceiro escalão","COD: de qualidade inferior ou muito pobre.",
11737,astounding,"FN: very good",326,Desirability,84,assombroso,"FN: muito bom",
