idLU,lemmaName(en),senseDescription(en),idFrame,frameName,idPOS,lemmaName(pt),senseDescription(pt),idLemma(pt)
8485,wax,"COD: remove hair from (a part of the body) by applying wax and then peeling it off with the hairs. ",145,Grooming,86,cera,"COD: remove pelos de (uma parte do corpo) aplicando cera e depois arrancando-a com os pelos.",
8486,comb,"FN: draw a comb through (hair)",145,Grooming,86,escova,"FN: desenhe uma escova em (cabelo)",
8489,pedicure,"COD: a cosmetic treatment of the feet and toenails",145,Grooming,83,Pédicure,"COD: um tratamento cosmético dos pés e unhas",
8490,ablution,"COD: formal &or. humorous an act of washing. ",145,Grooming,83,Ablução,"COD: formal & ou. humorístico um ato de lavar.",
8491,moisturize,"COD: with obj. make (something, especially the skin) less dry",145,Grooming,86,hidrate,"COD: com objeto fazer (algo, especialmente a pele) menos seca",
8494,facial,"COD: a beauty treatment for the face",145,Grooming,83,facial,"COD: um tratamento de beleza para o rosto",
8497,brush,"FN: polish one' s teeth",145,Grooming,86,escova,"FN: escovar os dentes",
8498,brush,"FN: run a brush through one' s hair in order to smooth, remove tangles, or arrange",145,Grooming,86,escova,"FN: passe um pente através do cabelo para alisar, remover emaranhados ou organizar",
8499,plait,"COD: form into a plait or plaits.",145,Grooming,86,plait,"COD: formar uma trança ou tranças.",
8500,file,"FN: smoothe down (especially nails).",145,Grooming,86,arquivo,"FN: suavizar (especialmente unhas).",
8501,naked,"COD: without clothes.",146,Wearing,84,nu,"COD: sem roupa.",
8502,nude,"COD: wearing no clothes. ",146,Wearing,84,nu,"COD: usando roupa nenhuma.",
8503,unclad,"COD: unclothed; naked. ",146,Wearing,84,desvestido,"COD: nu; despido.",
8505,shoeless,"FN: wearing no shoes.",146,Wearing,84,"sem sapatos","FN: sem calçados.",
8506,sockless,"FN: wearing no socks.",146,Wearing,84,"sem meias","FN: sem meias.",
8507,nakedness,"FN: the state of being naked.",146,Wearing,83,nu,"FN: o estado de estar nu.",
8508,nudity,"FN: the state of being nude.",146,Wearing,83,nudidade,"FN: o estado de estar nu.",
8509,clad,"COD: clothed. ",146,Wearing,84,clada,"COD: vestido.",
8510,clothed,"FN: wearing clothes",146,Wearing,84,vestido,"FN: vestindo roupas",
8512,dressed,"FN: wearing clothes",146,Wearing,84,vestido,"FN: vestindo roupas",
8514,bare,"COD: (of a person or part of the body) not clothed or covered. ",146,Wearing,84,nu,"COD: (de uma pessoa ou parte do corpo) não vestido ou coberto.",
8515,bare,"COD: with obj. uncover (a part of the body) and expose it to view. ",146,Wearing,86,desnudo,"COD: com o objeto, descobrir (uma parte do corpo) e expor à vista.",
8517,barelegged,"FN: without a covering for one' s legs",146,Wearing,84,"com as pernas nuas","FN: sem cobertura para as pernas de alguém",
8518,bare-chested,"FN: without a covering for one' s chest. ",146,Wearing,84,"peito nu","FN: sem cobertura para o peito de um.",
8519,hatless,"FN: wearing no hat.",146,Wearing,84,desabrigado,"FN: sem usar chapéu.",
8520,coatless,"FN: wearing no coat.",146,Wearing,84,"sem casaco","FN: sem casaco.",
8521,shirtless,"FN: wearing no shirt",146,Wearing,84,"sem camisa","FN: sem camisa",
8523,undressed,"COD: wearing no clothes; naked. ",146,Wearing,84,desvestido,"COD: vestindo nenhuma roupa; nu.",
8524,topless,"COD:  having or leaving the breasts uncovered. ",146,Wearing,84,topless,"COD: com ou deixando os seios descobertos.",
8526,hooded,"COD: having or wearing a hood. ",146,Wearing,84,capuzado,"COD: tendo ou usando um capuz.",
8527,undress,"COD: the state of being naked or only partially clothed. ",146,Wearing,83,despir-se,"COD: o estado de estar nu ou apenas parcialmente vestido.",
8528,costumed,"FN: wearing a costume",146,Wearing,84,trajeado,"FN: vestindo um fantasia",
8529,garbed,"FN: wearing garb",146,Wearing,84,vestido,"FN: vestindo armaduras",
8530,unclothed,"FN: without clothes",146,Wearing,84,desvestido,"FN: sem roupas",
8531,bare-armed,"FN: wearing no clothing on the arms.",146,Wearing,84,"sem mangas","FN: sem vestuário nos braços.",
8532,bare-breasted,"FN: without clothing over one' s breasts",146,Wearing,84,"desnuda até os seios","FN: sem vestuário sobre os seios",
8533,hatted,"FN: wearing a hat.",146,Wearing,84,chapéu,"FN: usando um chapéu.",
8535,braless,"FN: without a bra",146,Wearing,84,"sem sutiã","FN: sem sutiã",
8536,robed,"FN: wearing a robe",146,Wearing,84,robed,"FN: usando um manto",
8537,attired,"FN: wearing attire",146,Wearing,84,vestido,"FN: vestindo roupas",
8538,gloved,"FN: wearing a glove/gloves.",146,Wearing,84,luvas,"FN: usando um luvas.",
8539,gloveless,"FN: without a glove/gloves.",146,Wearing,84,"sem luvas","FN: sem luvas.",
8540,"have on","FN: wear",146,Wearing,86,"ter em","FN: usar",
8541,"with on","FN: wearing",146,Wearing,96,"com um","FN: usando",
8542,"have got on","FN: wear",146,Wearing,86,temos,"FN: usar",
8545,"decked out","FN: dressed finely ",146,Wearing,84,deckado,"FN: vestido finamente",
8546,"dolled up","FN: dressed attractively",146,Wearing,84,"vestido para matar","FN: vestido atraentemente",
8550,swathed,"FN: wrapped (in something) so as to clothe",146,Wearing,84,Envoltos.,"FN: envolto (em algo) de forma a vestir",
39578,lo,,146,Wearing,92,lo,,
8551,smile,"COD: an act of smiling; a smiling expression",147,Facial_expression,83,Sorria,"COD: um ato de sorrir; uma expressão sorridente",
8552,grimace,"COD: an ugly, twisted expression on a person' s face, typically expressing disgust, pain, or wry amusement. ",147,Facial_expression,83,Grimace,"COD: uma expressão feia e torcida no rosto de alguém, geralmente expressando nojo, dor ou ironia divertida.",
8554,frown,"COD:  [verb] furrow one' s brows in an expression indicating disapproval, displeasure, or concentration. [noun] an expression of this type",147,Facial_expression,83,Catar,"COD: [verbo] franzir a testa em uma expressão indicando desaprovação, desgosto ou concentração. [substantivo] uma expressão desse tipo",
8556,smirk,"COD: a smug or silly smile. ",147,Facial_expression,83,Smirk,"COD: um sorriso arrogante ou tolo.",
8557,rictus,"COD: a fixed grimace or grin. ",147,Facial_expression,83,Rictus.,"COD: uma expressão fixa ou um sorriso largo.",
8559,scowl,"COD: an angry or bad-tempered expression. ",147,Facial_expression,83,"carregar o rosto","COD: uma expressão de raiva ou temperamento ruim.",
8561,snarl,"FN: an act or sound of snarling [growling with bared teeth], quite often used for the bared-teeth configuration of the lips alone.",147,Facial_expression,83,Snarlar,"FN: um ato ou som de rosnar [guinchar com os dentes expostos], frequentemente usado para a configuração dos dentes expostos das lábios.",
8562,sneer,"FN: a contemptuous or mocking smile, remark, or tone (in this frame, only the facial expression.)",147,Facial_expression,83,sner,"FN: um sorriso, uma observação ou um tom de desprezo ou sarcástico (neste quadro, apenas a expressão facial).",
8563,pout,"COD: a pouting expression; (i.e. push[ing] one' s lips or bottom lip forward as an expression of petulant annoyance or in order to make oneself look sexually attractive). ",147,Facial_expression,83,pout,"COD: uma expressão de birra; (ou seja, empurrar os lábios ou o lábio inferior para frente como uma expressão de irritação infantil ou para parecer sexualmente atraente).",
8566,continue,"COD: persist in an activity or process. ",148,Activity_ongoing,86,Continue.,"COD: persistir em uma atividade ou processo.",
8567,"carry on","COD: continue an activity or task.",148,Activity_ongoing,86,Continue.,"COD: continue uma atividade ou tarefa.",
8570,"keep on","continue performing an activity, may be iterative or continuous, object may be omitted by DNI. ",148,Activity_ongoing,86,Continue.,"Continue a realizar uma atividade, pode ser iterativa ou contínua, o objeto pode ser omitido pelo DNI.",
8572,"keep up","Ccontinue performing an activity at the same pace. ",148,Activity_ongoing,86,"Mantenha o ritmo.","Continue realizando uma atividade no mesmo ritmo.",
8576,complete,"COD: finish making or doing",149,Activity_finish,86,completo,"COD: terminar de fazer ou fazer",
8578,"tie up","FN: bring something to a satisfactory conclusion",149,Activity_finish,86,amarre,"FN: levar algo a uma conclusão satisfatória",
8580,graduate,"FN: To finish completely, often referring to attendance at an educational institution",149,Activity_finish,86,formando,"FN: Para terminar completamente, muitas vezes referindo-se à frequência em uma instituição de ensino",
8581,stop,"COD: discontinue an action, practice, or habit.",150,Activity_stop,86,pare,"COD: interromper uma ação, prática ou hábito.",
8583,discontinue,"COD: stop doing, providing, or making.",150,Activity_stop,86,Interrompa,"COD: parar de fazer, fornecer ou fazer.",
