idLU,lemmaName(en),senseDescription(en),idFrame,frameName,idPOS,lemmaName(pt),senseDescription(pt),idLemma(pt)
16104,embrace,"COD: accept or support (a belief or change) willingly.",711,Adopt_selection,86,abracar,"COD: aceitar ou apoiar (uma crença ou mudança) de bom grado.",121903
16106,intelligence,"FN: politically or militarily valuable information, often gathered by covert means.",712,Information,83,inteligência,"FN: informações politicamente ou militarmente valiosas, muitas vezes reunidas por meios clandestinos.",6574
16108,dirt,"COD: scandalous or sordid information or material.",712,Information,83,selo,"COD: informações ou materiais escandalosos ou lascivos.",10835
16111,dope,"COD: information.",712,Information,83,droga,"COD: informação.",20105
16114,data,"COD: facts and statistics used for reference or analysis.",712,Information,83,data,"COD: fatos e estatísticas usados para referência ou análise.",18897
34273,fact,"A statement that represents the actual state of affairs.",712,Information,83,fato,"Uma declaração que representa o estado atual das coisas.",6637
16124,"up to","FN: until and possibly beyond",714,Continued_state_of_affairs,90,até,"FN: até e possivelmente além",146585
16128,still,"COD: even now or at a particular time",714,Continued_state_of_affairs,89,ainda,"COD: agora mesmo ou em um momento específico",139990
16129,high,"COD: a high point, level, or figure.",715,Extreme_value,83,alto,"COD: um ponto alto, nível ou figura.",59440
16141,know,"COD: be familiar or friendly with.",716,Familiarity,86,saber,"COD: ser familiar ou amigável com.",117281
16146,seal,"COD: a device or substance used to join two things together or render something impervious.",717,Fastener,83,selo,"COD: um dispositivo ou substância usada para unir duas coisas ou tornar algo impermeável.",10835
16147,button,"COD: a small disc or knob sewn on to a garment, either to fasten it by being pushed through a buttonhole or for decoration.",717,Fastener,83,botão,"COD: um pequeno disco ou botão costurado na roupa, seja para prendê-la ao ser inserido em uma abertura ou para decoração.",697
16148,buckle,"COD: a flat rectangular or oval frame with a hinged pin, used for joining the ends of a belt or strap.",717,Fastener,83,cintura,"COD: uma moldura retangular ou oval plana com um pino articulado, usada para unir as extremidades de uma correia ou cinta.",17365
16151,dwindle,"FN: diminish to near or total disappearance",718,Proliferating_in_number,86,diminuir,"FN: diminuição até quase ou total desaparecimento",120616
16158,point,"FN: make someone aware of some fact (in support of a point), usually with out or to. ",720,Adducing,86,ponto,"FN: fazer alguém tomar conhecimento de algum fato (em apoio a um ponto), geralmente sem ou para.",487
16159,name,"COD: specify (a sum, time, or place)",720,Adducing,86,nome,"COD: especificar (uma soma, tempo ou lugar)",6830
16162,teem,"FN: be abundant (in).",721,Abundance,86,tem,"FN: seja abundante (em).",135234
16175,unemployment,"COD: the number or proportion of unemployed people.",725,Unemployment_rate,83,desemprego,"COD: o número ou proporção de pessoas desempregadas.",19370
16176,joblessness,"FN: the number or proportion of jobless people.",725,Unemployment_rate,83,desemprego,"FN: o número ou proporção de pessoas desempregadas.",19370
16177,employment,"FN: as opposed to unemployment, the number or proportion of employed people.",725,Unemployment_rate,83,emprego,"FN: ao contrário do desemprego, o número ou proporção de pessoas empregadas.",20558
16180,judiciary,"COD: the judicial authorities of a country.",726,Judicial_body,83,Judiciário,"COD: as autoridades judiciais de um país.",10740
16183,question,"COD: a problem requiring resolution.",727,Point_of_dispute,83,pergunta,"COD: um problema que requer resolução.",30006
16190,complex,"COD: an interlinked system; a network.",729,System,83,complexo,"COD: um sistema interligado; uma rede.",6716
16205,resuscitate,"COD: make active or vigorous again.",732,Rejuvenation,86,ressuscitar,"COD: faça ativo ou vigoroso novamente.",133840
