idLU,lemmaName(en),senseDescription(en),idFrame,frameName,idPOS,lemmaName(pt),senseDescription(pt),idLemma(pt)
15883,military,"FN: the armed forces, particularly of a nation.",672,Military,83,militar,"FN: as forças armadas, especialmente de uma nação.",36740
15884,force,"COD: an organized body of military personnel, police, or workers.",672,Military,83,força,"COD: um corpo organizado de militares, policiais ou trabalhadores.",6665
15888,army,"COD: an organized military force equipped for fighting on land.",672,Military,83,Exército,"COD: uma força militar organizada equipada para lutar em terra.",8566
15902,withdrawal,"FN: the act of ending participation in an activity or being a member of a team or organization",674,Withdraw_from_participation,83,retirada,"FN: o ato de encerrar a participação em uma atividade ou ser membro de um time ou organização",6871
15903,"pull out","COD: withdraw from an undertaking.",674,Withdraw_from_participation,86,tirar,"COD: retirar-se de um empreendimento.",117182
30842,withdraw,"COD: cease to participate in an activity or be a member of a team or organization.",674,Withdraw_from_participation,86,retirar,"COD: cessar de participar em uma atividade ou ser membro de uma equipe ou organização.",120753
15908,accomplish,"COD: achieve or complete successfully.",675,Accomplishment,86,conseguir,"COD: alcançar ou completar com sucesso.",116853
15914,effect,"FN: to cause something to be done",675,Accomplishment,86,efeito,"FN: fazer algo ser feito",8062
15915,submit,"COD: present (a proposal or application) for consideration or judgement.",676,Submitting_documents,86,enviar,"COD: presente (uma proposta ou aplicação) para consideração ou julgamento.",116940
15926,deal,"FN: take action to resolve a problem.",678,Resolve_problem,86,trato,"FN: tomar medidas para resolver um problema.",35106
15927,fix,"FN: solve a problem so that a state of normalcy returns.",678,Resolve_problem,86,fixar,"FN: resolva um problema para que um estado de normalidade retorne.",130267
15933,result,"COD: an item of information or a quantity or formula obtained by experiment or calculation.",678,Resolve_problem,83,resultado,"COD: um item de informação ou uma quantidade ou fórmula obtida por experimento ou cálculo.",6613
15934,answer,"COD: the solution to a problem or dilemma.",678,Resolve_problem,83,resposta,"COD: a solução para um problema ou dilema.",32291
15937,detour,"FN: cause to take a different route so as to avoid some location",679,Redirecting,86,desvio,"FN: causar para tomar uma rota diferente a fim de evitar algum local",8709
15938,divert,"COD: cause to change course or take a different route.",679,Redirecting,86,divertir,"COD: causar uma mudança de direção ou tomar um caminho diferente.",116951
15939,condition,"COD: a state of affairs that must exist before something else is possible.",680,Terms_of_agreement,83,condição,"COD: um estado de coisas que deve existir antes que outra coisa seja possível.",6652
15949,"used up","FN: exhausted",681,Used_up,84,usado,"FN: Exausto",91411
15950,exhausted,"FN: (of resources or reserves) used up  completely.",681,Used_up,84,exausto,"FN: (de recursos ou reservas) esgotado completamente.",73875
15959,full,"COD: not lacking or omitting anything; complete.",683,Completeness,84,cheio,"COD: completo, sem falta ou omissão de nada.",73468
15962,power,"COD: energy that is produced by mechanical, electrical, or other means.",684,Electricity,83,poder,"COD: energia produzida por meios mecânicos, elétricos ou outros.",8064
15966,juice,"COD: electrical energy.",684,Electricity,83,Suco,"COD: energia elétrica.",1961
15987,focus,"COD: pay particular attention to.",687,Emphasizing,86,foco,"COD: preste atenção especial a.",22665
