idLU,lemmaName(en),senseDescription(en),idFrame,frameName,idPOS,lemmaName(pt),senseDescription(pt),idLemma(pt)
17078,invade,"FN: aggressively enter into a region.",901,Invading,86,invade,"FN: entrar agressivamente em uma região.",
17080,overrun,"FN: invade an area in great numbers",901,Invading,86,atravessado,"FN: invade uma área em grandes números",
17081,invader,"FN: a person who aggressively intrudes into a region",901,Invading,83,invasor,"FN: uma pessoa que invade agressivamente uma região",
17083,resist,"FN: withstand an offending force",904,Repel,86,resista,"FN: suportar uma força ofensiva",
17084,"dry up","FN: FN: To lose moisture and become completely dried out.",906,Becoming_dry,86,Seque,"FN: Para perder umidade e ficar completamente seco.",
17085,exsiccate,"FN: to dehydrate",906,Becoming_dry,86,exsiccar,"FN: desidratar",
17087,dry,"FN: to lose moisture",906,Becoming_dry,86,seco,"FN: perder umidade",
17090,go,"FN: be at and attend an event",907,Attending,86,vá,"FN: estar e participar de um evento",
17096,forget,"FN: leave something behind unintentionally.",908,Abandonment,86,esqueça,"FN: deixar algo para trás sem querer.",
17102,insult,"FN: To act or speak in such a way as to spark offended feelings in another",910,Cause_emotion,86,insulto,"FN: Agir ou falar de uma forma que ofenda os sentimentos de outra pessoa",
17103,affront,"FN: insult",910,Cause_emotion,83,enfrentar,"FN: insulto",
17105,insult,"FN: a statement intended to be insulting",910,Cause_emotion,83,insulto,"FN: uma declaração destinada a ser insultuosa",
17111,jubilant,"FN: joyful and high-spirited",911,Emotions_by_stimulus,84,jubilante,"FN: alegre e de bom ânimo",
30997,moving,"Google: producing strong emotion, especially sadness or sympathy",911,Emotions_by_stimulus,84,mover-se,"Google: produzindo emoções fortes, especialmente tristeza ou simpatia",
17114,fulfilled,"Fn: fully realized or at maximum potential",912,Emotions_success_or_failure,84,Cumprido,"Fn: totalmente realizado ou no potencial máximo",
17120,infatuated,"FN: having intense and ridiculous fondness for something",913,Mental_stimulus_exp_focus,84,infatuado,"FN: ter um forte e ridículo afeto por algo",
17121,enthralled,"FN: fascinated; beguiled",913,Mental_stimulus_exp_focus,84,Encantado.,"Fascinado; encantado",
17122,captivated,"FN: intensly attracted to and held by",913,Mental_stimulus_exp_focus,84,captivado,"FN: intensamente atraído e segurado por",
17123,engrossed,"FN: wrapped up in with complete attention",913,Mental_stimulus_exp_focus,84,Engrossado,"FN: envolto em com atenção completa",
17124,absorbed,"FN: totally focused in on",913,Mental_stimulus_exp_focus,84,absorvido,"FN: totalmente focado em",
17125,lost,"FN: totally absorbed by",913,Mental_stimulus_exp_focus,84,perdi,"FN: totalmente absorvido por",
17132,drudgery,"FN: burdensome monotomy",914,Emotions_of_mental_activity,83,"Trabalho monótono e repetitivo.","FN: monotomia tediosa",
17134,relish,"FN: get pleasure from",914,Emotions_of_mental_activity,86,Relish,"FN: obter prazer de",
17137,luxuriate,"FN: indulge in and enjoy",914,Emotions_of_mental_activity,86,luxuriar,"FN: indulgência e prazer",
17139,groove,"FN: enjoy.",914,Emotions_of_mental_activity,86,groove,"FN: aproveite.",
17144,absorbing,"FN: engrossing; capturing the attention of",915,Mental_stimulus_stimulus_focus,84,absorvente,"FN: envolvente; cativante",
17145,engrossing,"FN: consuming all one' s attention",915,Mental_stimulus_stimulus_focus,84,Engraçado.,"FN: consumindo toda a atenção de alguém",
17149,pity,"FN: feel badly for another' s misfortune",916,Others_situation_as_stimulus,86,pity,"FN: sentir-se mal pela infelicidade de outra pessoa",
17153,frustrated,"FN: irritated over dissapointments",917,Annoyance,84,frustrado,"FN: irritado com decepções",
31018,"sick and tired","FN: irritated by",917,Annoyance,84,"doente e cansado","FN: irritado por",
31019,"tired (of)","FN: frustrated or bored by",917,Annoyance,84,"cansado (de)","FN: frustrado ou entediado por",
17158,terrified,"FN: a state of intense fear",920,Fear,84,terrificado,"FN: um estado de medo intenso",
17161,afraid,"FN: scared",920,Fear,84,Medo,"FN: assustado",
17164,freaked,"FN: scared (casual)",920,Fear,84,"Fiquei louco.","FN: assustado (casual)",
