idLU,lemmaName(en),senseDescription(en),idFrame,frameName,idPOS,lemmaName(pt),senseDescription(pt),idLemma(pt)
9440,high,"COD: euphoric, especially from the effects of drugs or alcohol",192,Intoxication,84,alto,"COD: euforico, especialmente dos efeitos de drogas ou álcool",73280
9448,trip,"COD: a hallucinatory experience caused by taking a psychedelic drug.",192,Intoxication,83,viagem,"COD: uma experiência alucinatória causada pelo uso de uma droga psicodélica.",618
9455,up,"COD: towards a higher place or position. ",193,Direction,89,acima,"COD: em direção a um lugar ou posição mais elevada.",139829
9464,down,"FN: towards a lower position.",193,Direction,89,abaixo,"FN: em direção a uma posição mais baixa.",139903
9476,discipline,"COD: punish or rebuke formally for an offence. ",194,Rewards_and_punishments,86,disciplina,"COD: punir ou repreender formalmente por uma ofensa.",6588
9478,penalty,"COD: a punishment imposed for breaking a law, rule, or contract",194,Rewards_and_punishments,83,penalidade,"COD: uma punição imposta por quebrar uma lei, regra ou contrato",1212
9489,couple,"COD: two individuals of the same sort considered together",196,Cardinal_numbers,83,casal,"COD: duas pessoas do mesmo tipo consideradas juntas",8692
9491,score,"COD: a group or set of twenty",196,Cardinal_numbers,83,pontuação,"COD: um grupo ou conjunto de vinte",1020
