idLU,lemmaName(en),senseDescription(en),idFrame,frameName,idPOS,lemmaName(pt),senseDescription(pt),idLemma(pt)
15557,intercontinental,"COD: relating to or travelling between continents.",623,Range,84,intercontinental,"COD: relativo a ou viajando entre continentes.",
15558,sight,"FN: extent of vision (including metaphorical): in sight of land, out of sight of the enemy, in his sight",623,Range,83,sight,"FN: extensão de visão (incluindo metafórica): à vista do território, fora da vista do inimigo, à vista dele",
15565,manifest,"COD: clear or obvious to the eye or mind.",625,Obviousness,84,manifestar,"COD: claro ou óbvio para os olhos ou mente.",
15566,visible,"COD: able to be perceived or noticed easily",625,Obviousness,84,visível,"COD: capaz de ser percebido ou notado facilmente",
15568,unclear,"COD: not obvious, definite, or certain.",625,Obviousness,84,Desclaro.,"COD: não óbvio, definitivo ou certo.",
15570,clearly,"COD: obviously; without doubt.",625,Obviousness,89,claramente,"COD: obviamente; sem dúvida.",
15571,obviously,"FN: readily deducible or perceivable.",625,Obviousness,89,obviamente,"FN: prontamente deduzível ou perceptível.",
15572,clarity,"COD:   the state or quality of being clear, distinct, and easily perceived or understood. ",625,Obviousness,83,clareza,"COD: o estado ou qualidade de ser claro, distinto e facilmente percebido ou compreendido.",
15573,clearly,"COD: with clarity.",625,Obviousness,89,claramente,"COD: com clareza.",
15576,"stand out","FN: be highly noticeable.",625,Obviousness,86,"se destacar","FN: ser altamente perceptível.",
15578,extradite,"COD: hand over (a person accused or convicted of a crime) to the jurisdiction of the foreign state in which the crime was committed.",626,Extradition,86,extraditar,"COD: entregar (uma pessoa acusada ou condenada por um crime) à jurisdição do estado estrangeiro no qual o crime foi cometido.",
15579,extradition,"FN: the act of giving up a person suspected or convicted of a crime to the jurisdiction of the place where the crime was committed.",626,Extradition,83,extradição,"FN: o ato de entregar uma pessoa suspeita ou condenada por um crime à jurisdição do local onde o crime foi cometido.",
15589,brotherhood,"FN: a fraternity of men joined by like interests",627,Organization,83,Irmandade,"FN: uma fraternidade de homens unidos por interesses semelhantes",
15594,order,"FN: an group of people joined for a common purpose",627,Organization,83,encomenda,"FN: um grupo de pessoas unidas por um propósito comum",
34037,"news channel","Television, internet or radio channels dedicated to delivering news and information.",627,Organization,83,"canal de notícias","Canais de televisão, internet ou rádio dedicados a transmitir notícias e informações.",
15601,reinstate,"FN: bring a process back into an active state.",628,Cause_to_resume,86,reintegração,"FN: levar um processo de volta para um estado ativo.",
15602,resume,"FN: to cause a process to begin again after a pause",628,Cause_to_resume,86,resumo,"FN: causar um processo para começar novamente após uma pausa",
15603,need,"COD: require (something) because it is essential or very important rather than just desirable.",629,Needing,86,preciso,"COD: exigir (algo) porque é essencial ou muito importante em vez de apenas desejável.",
15604,require,"FN: have a believe that some object or state is necessary for some other (desirable) state to obtain.",629,Needing,86,requer,"FN: acredite que algum objeto ou estado é necessário para que outro (desejado) estado seja obtido.",
15605,need,"FN: a necessary or required circumstances or situation.",629,Needing,83,Preciso,"FN: circunstâncias ou situação necessárias ou exigidas.",
15607,adjustment,"FN: A (relatively) small change made in some part of a complex system made in order to cause it to function better.",630,Adjusting,83,Ajuste,"FN: Uma (relativamente) pequena mudança feita em alguma parte de um sistema complexo, feita com o objetivo de fazê-lo funcionar melhor.",
15609,tweak,"FN: A very small change made in some part of a complex system made in order to cause it to function better.",630,Adjusting,83,Ajustar,"FN: Uma pequena mudança muito feita em alguma parte de um sistema complexo feito para fazê-lo funcionar melhor.",
15610,calibrate,"FN: To adjust something to make it accord with a standard or norm.",630,Adjusting,86,Calibre,"FN: Ajustar algo para torná-lo conforme com um padrão ou norma.",
15611,calibration,"FN: the act of adjusting something so that it will accord with a norm or standard.",630,Adjusting,83,calibração,"FN: o ato de ajustar algo para que ele concorde com uma norma ou padrão.",
15612,rank,"a level within a hierarchy of merit.",631,Rank,83,ranque,"um nível dentro de uma hierarquia de mérito.",
15615,order,"FN: a level within a hierarchy of merit",631,Rank,83,encomenda,"Nível de função: um nível dentro de uma hierarquia de mérito",
15617,baseline,"FN: Relative starting point",631,Rank,83,"linha de base","Ponto inicial relativo",
15618,reassurance,"FN: an act that allays doubts and fears",632,Reassuring,83,reassuração,"FN: um ato que acalma dúvidas e medos",
15619,reassure,"COD: allay the doubts and fears of",632,Reassuring,86,reassure,"COD: apaziguar as dúvidas e medos de",
15620,rank,"FN: to occupy a (given) rank in a hierarchy.",633,Occupy_rank,86,ranque,"FN: ocupar um (dado) posto numa hierarquia.",
15622,top,"FN: the uppermost ranking",633,Occupy_rank,84,cima,"FN: o mais alto escalão",
15633,need,"FN: be required in order to avoid negative consequences, usually physical",635,Required_event,86,preciso,"FN: será necessário para evitar consequências negativas, geralmente físicas",
15634,"had better","COD: would find it wiser to.",635,Required_event,86,"era melhor","COD: acharia mais sábio em.",
15635,better,"FN: would find it wiser to.",635,Required_event,86,melhor,"FN: acharia mais sábio em.",
15638,gotta,"COD: have got to. ",635,Required_event,86,"Tenho que","COD: têm de.",
15640,oughta,"FN: ought to",635,Required_event,86,deveria,deveria,
15641,"have to","FN: must.",635,Required_event,86,"tem que","FN: deve.",
15643,"ought to","FN: should.",635,Required_event,86,deveria,"FN: deveria.",
15645,"be supposed","COD: be required or expected to do something.",635,Required_event,86,"suposto ser","COD: ser exigido ou esperado para fazer algo.",
15646,best,"FN: had better; ought to",635,Required_event,86,melhor,"FN: tinha melhor; devia",
15648,shall,"FN: indicates an obligated or determined event",635,Required_event,86,deverá,"FN: indica um evento obrigatório ou determinado",
15649,should,"FN: have an obligation to",636,Desirable_event,86,deveria,"FN: tem uma obrigação de",
15650,"ought to","FN: have an obligation to",636,Desirable_event,86,deveria,"FN: têm uma obrigação de",
15653,"good idea","FN: be a desirable course of action",636,Desirable_event,83,"Boa ideia.","Ser uma ação desejável do curso",
15654,"have to","FN: must",636,Desirable_event,86,"tem que","FN: deve",
15656,"be supposed to","COD: be required or expected to do something.",636,Desirable_event,86,"suposto para ser","COD: será exigido ou esperado para fazer algo.",
34333,breeding-ground,"A place with lots of possibilities.",636,Desirable_event,83,"terreno de reprodução","Um lugar com muitas possibilidades.",
34335,uprooted,"To be in contrary circumstances.",636,Desirable_event,84,arrancado,"Estar em circunstâncias contrárias.",
39615,mg,,636,Desirable_event,83,mg,,
15658,"weigh anchor","COD: take up the anchor when ready to sail",637,Getting_vehicle_underway,86,"Pular o cabo do âncora","COD: levantar âncora quando pronto para zarpar",
15659,"cast off","COD: set a boat or ship free from her moorings.",637,Getting_vehicle_underway,86,Desamarre,"COD: soltar um barco ou navio de seus cabos.",
