idLU,lemmaName(en),senseDescription(en),idFrame,frameName,idPOS,lemmaName(pt),senseDescription(pt),idLemma(pt)
31653,hit,"strike another athlete.",1357,Interactive_moves,86,acertar,"Atacar outro atleta.",117230
31654,strike,"to hit or to make certain movements in fights.",1357,Interactive_moves,86,greve,"Atingir ou fazer certos movimentos em lutas.",23778
31656,attack,"act of one fighter hitting the other with attack strikes.",1357,Interactive_moves,86,ataque,"ato de um lutador acertando o outro com ataques.",90
31663,grasp,"hold the opponent with your hands during combat.",1357,Interactive_moves,86,apreender,"Segure o oponente com as mãos durante o combate.",120946
31664,pitch,"in fights, it is to throw the opponent away or against the ground.",1357,Interactive_moves,83,apresentação,"Em lutas, é lançar o oponente para longe ou contra o chão.",9460
31666,grappling,"hold the opponent with your hands during combat.",1357,Interactive_moves,83,"luta corporal","Segure o oponente com as mãos durante o combate.",70304
31667,counter,"to return a punch especially by a boxer.",1357,Interactive_moves,86,contador,"retornar um soco especialmente por um boxeador.",9773
31668,"counter attack","to retaliate the attack suffered by the opponent athlete or team.",1357,Interactive_moves,86,contra-ataque,"Retaliação ao ataque sofrido pelo atleta ou equipe adversária.",211
31670,parry,"in boxing, it is to return a punch. In fencing, it is the defensive action to deflect or block the opponent's weapon in its course of attack using its own weapon.",1357,Interactive_moves,86,Desviar,"No boxe, é devolver um soco. No esgrima, é a ação defensiva de desviar ou bloquear a arma do oponente em seu curso de ataque usando sua própria arma.",120820
31671,clinch,"in boxing, it is when the two boxers are holding or supporting each other without exchanging blows.",1357,Interactive_moves,83,Clínica,"Em boxe, é quando os dois lutadores estão segurando ou apoiando um ao outro sem trocar golpes.",17520
31675,takedown,"make the opponent fall to the ground.",1357,Interactive_moves,83,takedown,"Fazer o oponente cair no chão.",1170
31679,swing,"in boxing, it is the blow applied from top to bottom, from the side, aiming at the opponent's face.",1357,Interactive_moves,83,balanço,"No boxe, é o golpe aplicado de cima para baixo, de lado, visando a cara do oponente.",14756
31682,return,"in tennis, it is a response from the opponent's serve, a hit that hits the serve.",1357,Interactive_moves,86,retorno,"No tênis, é uma resposta do saque do oponente, um golpe que atinge o saque.",32344
31683,return,"in tennis, it is a response from the opponent's serve, a hit that hits the serve.",1357,Interactive_moves,83,retorno,"No tênis, é uma resposta do saque do oponente, um golpe que atinge o saque.",32344
31684,straight,"a jab is a type of punch used in the martial arts. A short straight punch.",1357,Interactive_moves,83,direito,"Um soco é um tipo de socada usada nas artes marciais. Um soco reto e curto.",8946
31686,dodge,"in boxing and fights in general, it is the act of dodging the opponent's blows.",1357,Interactive_moves,83,desvio,"Em boxe e em lutas em geral, é o ato de desviar dos golpes do oponente.",8709
31687,dodge,"in boxing and fights in general, it is the act of dodging the opponent's blows.",1357,Interactive_moves,86,desvio,"Desviar os golpes do oponente em boxe e em lutas em geral.",8709
31688,drop,"make the opponent fall to the ground.",1357,Interactive_moves,83,drop,"Fazer o oponente cair no chão.",1175
31689,drop,"make the opponent fall to the ground.",1357,Interactive_moves,86,drop,"Faça o oponente cair no chão.",1175
31692,"lift off","remove the opponent from the ground in the fight.",1357,Interactive_moves,86,decolagem,"Remover o oponente do chão na luta.",1177
31693,lift,"remove the opponent from the ground in the fight.",1357,Interactive_moves,86,elevar,"Remova o oponente do chão na luta.",120683
32117,set,"a volleyball action in which a player lifts the ball for another to attack and throws it to the opponent's side.",1357,Interactive_moves,83,conjunto,"O voleibol em que um jogador levanta a bola para outro atacar e joga para o lado do oponente.",8693
32157,pin,"to force someone or something to stay in a particular place by putting weight on him, her, or it.",1357,Interactive_moves,86,pino,"Forçar alguém ou algo a ficar em um lugar específico colocando peso sobre ele, ela ou isso.",30283
21947,tuck,"a straight sword with a narrow blade and two edges.",1358,Sports_disciplines,83,doce,"Uma espada reta com uma lâmina estreita e duas bordas.",1310
21949,foil,"a rapier is a slender, sharply pointed sword used in fencing.",1358,Sports_disciplines,83,folha,"A espada de esgrima é uma espada fina e pontiaguda usada no esgrima.",10698
28187,discipline,"a subtype of a sport.",1358,Sports_disciplines,83,disciplina,"Uma subcategoria de um esporte.",6588
29415,sprint,"sprint runs include short distances (100m, 200m or 400m) and the purpose of all of them is, starting from a crouching position on the starting blocks, to cover the defined distance as quickly as possible.",1358,Sports_disciplines,83,Sprint,"Os sprints incluem distâncias curtas (100m, 200m ou 400m), e o objetivo de todos eles é, partindo de uma posição agachada nos blocos de largada, cobrir a distância definida o mais rápido possível.",1065
