idLU,lemmaName(en),senseDescription(en),idFrame,frameName,idPOS,lemmaName(pt),senseDescription(pt),idLemma(pt)
12478,expiate,"COD: atone for (guilt or sin).",358,Atonement,86,expiar,"COD: compensar (culpa ou pecado).",
12479,expiation,"FN: the act of atoning for (guilt or sin).",358,Atonement,83,expiacão,"FN: o ato de expiar (culpa ou pecado).",
12480,expiatory,"FN: (of an act) done in atonement",358,Atonement,84,expiatório,"FN: (de um ato) feito em expiação",
12481,expiator,"FN: a person who atones for guilt or sin",358,Atonement,83,expiatório,"FN: uma pessoa que se arrepende de culpa ou pecado",
12482,atoner,"FN: a person who atones for a sin or guilt",358,Atonement,83,atoner,"FN: uma pessoa que atona por um pecado ou culpa",
12484,heroin,"COD: a highly addictive analgesic drug derived from morphine, often used illicitly as a narcotic",359,Intoxicants,83,heroína,"COD: uma droga analgésica altamente viciante derivada da morfina, frequentemente usada ilegalmente como um narcótico",
12486,opium,"COD: an addictive drug prepared from the juice of a poppy (Papaver somniferum), used illicitly as a narcotic and occasionally in medicine as an analgesic",359,Intoxicants,83,ópio,"COD: uma droga viciante preparada a partir do suco de uma papoula (Papaver somniferum), usada ilegalmente como um narcótico e ocasionalmente na medicina como um analgésico",
12487,lsd,"COD: a synthetic crystalline compound, lysergic acid diethylamide, which is a powerful hallucinogenic drug.",359,Intoxicants,83,LSD,"COD: um composto cristalino sintético, ácido lisérgico dietilamida, que é uma droga alucinógena poderosa.",
12489,mescaline,"COD: a hallucinogenic compound present in the peyote cactus. ",359,Intoxicants,83,mescalina,"COD: um composto alucinógeno presente no cacto de peyote.",
12490,ecstasy,"COD: an illegal amphetamine-based synthetic drug with euphoric effects",359,Intoxicants,83,Éxtase,"COD: uma droga sintética baseada em anfetamina ilegal com efeitos euforizantes",
12491,methamphetamine,"COD: a synthetic drug with more rapid and lasting effects than amphetamine, used illegally as a stimulant. ",359,Intoxicants,83,Metampetamina,"COD: uma droga sintética com efeitos mais rápidos e duradouros do que a anfetamina, usada ilegalmente como estimulante.",
12492,cannabis,"COD: a dried preparation or resinous extract made from a plant, used (generally illegally) as a psychotropic drug (chiefly in cigarettes)",359,Intoxicants,83,cannabis,"COD: uma preparação seca ou extrato resinoso obtido de uma planta, usado (geralmente ilegalmente) como uma droga psicotrópica (principalmente em cigarros)",
12493,amphetamine,"COD: a synthetic mood-altering drug, used illegally as a stimulant",359,Intoxicants,83,ampiseta,"COD: uma droga sintética que altera o humor, usada ilegalmente como estimulante",
12494,barbiturate,"COD: any of a class of sedative drugs derived from barbituric acid. ",359,Intoxicants,83,barbitúrico,"COD: qualquer de uma classe de sedativos derivados do ácido barbitúrico.",
12495,sedative,"FN: a drug that promotes calm",359,Intoxicants,83,sedativo,"FN: um medicamento que promove calma",
12496,tranquillizer,"FN: a drug with a sedative effect",359,Intoxicants,83,tranquilizador,"FN: um medicamento com efeito sedativo",
12497,dope,"COD: an illegal drug, especially cannabis or (US) heroin",359,Intoxicants,83,doping,"COD: uma droga ilegal, especialmente cannabis ou (EUA) heroína",
12499,coke,"COD: informal term for cocaine.",359,Intoxicants,83,Coca,"COD: termo informal para cocaína.",
12500,upper,"COD: a stimulating drug, especially amphetamine. ",359,Intoxicants,83,superior,"COD: uma droga estimulante, especialmente anfetamina.",
12501,downer,"COD: a depressant or tranquillizing drug",359,Intoxicants,83,depressivo,"COD: uma droga depressiva ou tranquilizante",
12504,freebase,"COD: cocaine that has been purified by heating with ether, taken by inhaling the fumes or smoking the residue.",359,Intoxicants,83,freebase,"COD: cocaína purificada pelo aquecimento com éter, consumida inalando os vapores ou fumando o resíduo.",
12507,hallucinogen,"COD: a drug causing hallucinations",359,Intoxicants,83,Hallucinógeno,"COD: uma droga que causa alucinações",
12511,ketamine,"COD: a synthetic compound used as an anaesthetic and analgesic drug and also illicitly as a hallucinogen. ",359,Intoxicants,83,Ketamina,"COD: um composto sintético usado como anestésico e analgésico, além de ser usado ilegalmente como uma droga alucinógena.",
12513,codeine,"COD: a sleep-inducing and analgesic drug derived from morphine. ",359,Intoxicants,83,codinona,"COD: um medicamento sedativo e analgésico derivado da morfina.",
12514,inhalant,"COD: a solvent or other material producing vapour that is inhaled by drug abusers",359,Intoxicants,83,Inalatório,"COD: um solvente ou outro material que produz vapor inalado por usuários de drogas",
12518,hashish,"COD: cannabis",359,Intoxicants,83,Hashish,"CD: canabis",
12519,peyote,"FN: a hallucinogenic drug prepared from a small, soft, blue-green spineless cactus, native to Mexico and the southern US, containing mescaline",359,Intoxicants,83,peyote,"FN: uma droga alucinógena preparada a partir de um pequeno cacto sem espinhos, de cor azul-verde, nativo do México e dos EUA meridionais, contendo mescalina",
12520,snuff,"COD: powdered tobacco that is sniffed up the nostril. ",359,Intoxicants,83,Snuff,"COD: tabaco em pó que é inalado pelo nariz.",
34295,joint,"Usually a cigarette made with cannabis.",359,Intoxicants,83,articulações,"Traduzido: Geralmente um cigarro feito com cannabis.",
12525,abet,"COD: encourage or assist (someone) to do something wrong, in particular to commit a crime. ",360,Assistance,86,abetar,"COD: incentivar ou ajudar (alguém) a fazer algo errado, especialmente cometer um crime.",
12534,cater,"COD:  provide with what is needed or required.",360,Assistance,86,cater,"COD: fornecer com o que é necessário ou exigido.",
12539,"aid and abet","COD: encourage or assist (someone) to do something wrong, in particular to commit a crime.",360,Assistance,86,"ajuda e conivência","COD: incentivar ou ajudar (alguém) a fazer algo errado, especialmente cometer um crime.",
34118,"look after","The act of take care, being vigilant for something.",360,Assistance,96,"cuidar de","O ato de tomar cuidado, estar vigilante por algo.",
12546,obligation,"COD: an act or course of action to which a person is morally or legally bound",361,Being_obligated,83,obrigatoriedade,"COD: um ato ou curso de ação ao qual uma pessoa está moralmente ou legalmente obrigada",
12548,assignment,"FN: a task or duty assigned to someone",361,Being_obligated,83,atribuição,"FN: uma tarefa ou dever atribuído a alguém",
12554,imposition,"FN: something imposed, as a burden or duty",361,Being_obligated,83,imposição,"FN: algo imposto, como uma carga ou dever",
29457,"have to","be forced to, must.",361,Being_obligated,86,"tem que","ser forçado a, deve.",
12555,wart,"COD: a small, hard, benign growth on the skin, caused by a virus",362,Body_mark,83,warto,"COD: um pequeno crescimento duro e benigno na pele, causado por um vírus",
12557,blackhead,"COD: a plug of sebum in a hair follicle, darkened by oxidation",362,Body_mark,83,Peso-cabeça,"COD: uma gota de sebo em um folículo capilar, escurecida pela oxidação",
12558,scar,"COD: a mark left on the skin or within body tissue after the healing of a wound or burn",362,Body_mark,83,escaro,"COD: uma marca deixada na pele ou nos tecidos corporais após a cicatrização de uma ferida ou queimadura",
12559,mole,"COD: a small dark blemish on the skin caused by a high concentration of melanin. ",362,Body_mark,83,mole,"COD: uma pequena mancha escura na pele causada por uma alta concentração de melanina.",
12561,birthmark,"COD: a coloured mark on the body which is there from birth. ",362,Body_mark,83,"marca de nascimento","COD: uma marca colorida no corpo que está presente desde o nascimento.",
12562,freckle,"COD: a small light brown spot on the skin, often becoming more pronounced through exposure to the sun",362,Body_mark,83,"mancha de sol","COD: uma pequena mancha castanha clara na pele, que geralmente se torna mais evidente com a exposição ao sol",
12563,zit,"FN: a pimple",362,Body_mark,83,zitão,"FN: uma espinha",
12564,boil,"COD: an inflamed pus-filled swelling on the skin. ",362,Body_mark,83,Fervura,"COD: uma inflamação na pele repleta de pus.",
12566,blister,"COD: a small bubble on the skin filled with serum and typically caused by friction or burning or a similar swelling, filled with air or fluid, on a surface. ",362,Body_mark,83,blister,"COD: uma pequena bolha na pele preenchida com soro e geralmente causada por atrito ou queimadura ou um inchaço semelhante, preenchido com ar ou fluido, em uma superfície.",
12568,"love bite","COD: temporary red mark on the skin caused by biting or sucking during sexual play. ",362,Body_mark,83,"mordida de amor","COD: marca vermelha temporária na pele causada por morder ou sugar durante o jogo sexual.",
12569,"liver spot","COD: a small brown spot on the skin, especially as caused by a skin condition such as lentigo. ",362,Body_mark,83,"mancha de hepatite","COD: uma pequena mancha marrom na pele, especialmente como causada por uma condição da pele, como lentigines.",
12572,"cold sore","COD: an inflamed blister in or near the mouth, caused by infection with the herpes simplex virus.",362,Body_mark,83,"soro frio","COD: uma ferida inflamada ou perto da boca, causada por infecção com o vírus do herpes simples.",
12574,sore,"COD: a raw or painful place on the body. ",362,Body_mark,83,Doloroso,"COD: um lugar dolorido ou sensível no corpo.",
12575,bedsore,"COD: a sore that develops as a result of lying in bed in one position for a prolonged period. ",362,Body_mark,83,"ferida de leishmaniose","COD: uma dor que se desenvolve como resultado de ficar deitado na mesma posição por um período prolongado.",
12576,acne,"FN: numerous red pimples resulting from inflamed sebaceous glands. ",362,Body_mark,83,acne,"FN: numerosos pimos vermelhos resultantes de glândulas sebáceas inflamadas.",
12579,randy,"COD: sexually aroused or excited.",363,Biological_urge,84,randi,"COD: sexualmente excitado ou estimulado.",
12580,hungry,"FN: feeling a sensation of the body which (generally) signals the need for more food.",363,Biological_urge,84,fome,"FN: sentir uma sensação do corpo que (geralmente) sinaliza a necessidade de mais comida.",
12581,thirsty,"COD: feeling thirst. ",363,Biological_urge,84,sede,"COD: sentir sede.",
12582,horny,"COD: sexually aroused",363,Biological_urge,84,"Com vontade de sexo.","COD: sexualmente estimulado",
