idLU,lemmaName(en),senseDescription(en),idFrame,frameName,idPOS,lemmaName(pt),senseDescription(pt),idLemma(pt)
10219,teem,"COD: be full of or swarming with.",237,Abounding_with,86,tem,"COD: estar repleto de ou cheio de.",135234
10226,swarm,"COD: move in or form a swarm, or move somewhere in large numbers.",237,Abounding_with,86,enxame,"COD: entrar ou formar um enxame, ou se mover em grande número para algum lugar.",8698
10229,blanketed,"FN: covered (in, with)",237,Abounding_with,84,abrangente,"FN: coberto (com, em)",74294
10232,coated,"FN: layered or covered (with,in) something",237,Abounding_with,84,revestido,"FN: em camadas ou coberto (com, em) algo",89157
10273,studded,"FN: decorated with studs or other similar objects",237,Abounding_with,84,Estrelado,"FN: decorado com espinhas ou outros objetos semelhantes",81431
10291,down,"COD: consume (a drink)",238,Ingestion,86,baixar,"COD: consumir (uma bebida)",124062
10292,sip,"COD: Drink (something) by taking small mouthfuls.  ""I sat sipping coffee.""",238,Ingestion,86,sopa,"COD: Bebida (algo) tomando pequenas bocas. ""Eu sentei bebendo café.",1981
10295,nosh,"FN: have a snack",238,Ingestion,86,comida,"FN: tem um lanche",199
10296,feast,"COD: Eat and drink sumptuously. ""The men would congregate and feast after hunting.""",238,Ingestion,86,festa,"COD: Comer e beber com extravagância. ""Os homens se reuniam e faziam uma festa depois da caça.",6638
10297,feed,"COD: eat",238,Ingestion,86,alimentação,"COD: comer",9434
10298,snack,"COD: no obj. eat a snack. ",238,Ingestion,86,lanche,"COD: no obj. comer um lanche.",9519
10299,breakfast,"FN: eat (some food as) the first meal of the day. ""She breakfasted on fried bread and bacon.""",238,Ingestion,86,"Café da manhã","FN: comer (alguma comida como) a primeira refeição do dia. ""Ela tomou café da manhã de pão frito e bacon.",1306
10300,lunch,"COD: no obj., with adverbial eat lunch. ",238,Ingestion,86,Almoço,"COD: no obj., com advérbio comer almoço.",1305
10302,ingest,"COD: with obj. take (food or drink) into the body by swallowing or absorbing it. ",238,Ingestion,86,ingestão,"COD: com objeto tomar (alimento ou bebida) no corpo por engolir ou absorver.",25022
10310,sip,"COD: a small mouthful of liquid",238,Ingestion,83,sopa,"COD: uma pequena boca de líquido",1981
10314,have,"COD: eat or drink",238,Ingestion,86,ter,"COD: comer ou beber",116847
10316,quaff,"COD: drink (something) heartily",238,Ingestion,86,Chamar,"COD: beber (algo) com entusiasmo",117316
