idLU,lemmaName(en),senseDescription(en),idFrame,frameName,idPOS,lemmaName(pt),senseDescription(pt),idLemma(pt)
15167,stay,"COD: remain in the same place.",556,State_continue,86,fique,"COD: permanecer no mesmo lugar.",
15170,resume,"FN: to cause to begin again or continue after a pause or interruption",557,Activity_resume,86,resumo,"FN: causar para começar de novo ou continuar depois de uma pausa ou interrupção",
15178,essential,"COD: absolutely necessary; extremely important",558,Being_necessary,84,essencial,"COD: absolutamente necessário; extremamente importante",
34375,extra,"The unnecessary, what is beyond the basic.",558,Being_necessary,84,extra,"O desnecessário, o que vai além do básico.",
34420,extra,"Not necessary.",558,Being_necessary,83,extra,"Não necessário.",
15184,unprocessed,"FN: not having undergone processing.",560,Degree_of_processing,84,inprocessado,"FN: não tendo sido processado.",
15186,enriched,"FN: having undergone enrichment processing.",560,Degree_of_processing,84,enriquecido,"FN: tendo sido submetido ao processo de enriquecimento.",
15187,processed,"COD: having undergone processing.",560,Degree_of_processing,84,processado,"COD: tendo sido processado.",
34294,pre-rolled,"The state of being made into a roll previously.",560,Degree_of_processing,84,prerrolado,"O estado de ser feito em um rolo anteriormente.",
15188,toxic,"COD: poisonous",563,Toxic_substance,84,tóxico,"COD: venenoso",
15189,toxin,"FN: a poisonous substance",563,Toxic_substance,83,toxina,"FN: uma substância tóxica",
15191,poisonous,"COD: producing or of the nature of poison",563,Toxic_substance,84,venenosos,"COD: produzindo ou da natureza de veneno",
15193,venomous,"COD: secreting or capable of injecting venom.",563,Toxic_substance,84,Venenosos,"COD: Secreção ou capaz de injetar veneno.",
15197,incumbent,"COD: necessary for (someone) as duty or responsibility",564,Being_obligatory,84,incumbente,"COD: necessário para (alguém) como dever ou responsabilidade",
15198,behoove,"FN: to be necessary for",564,Being_obligatory,86,precisa,"FN: ser necessário para",
15199,binding,"COD: (of an agreement) involving a contractual obligation",564,Being_obligatory,84,vinculante,"COD: (de um acordo) que envolve uma obrigação contratual",
15208,switch,"COD: exchange.",565,Exchange,86,muda,"COD: troca.",
15214,"do duty","COD: serve or act as a substitute for",566,Take_place_of,86,"Cumprir o dever","COD: serve ou atua como substituto de",
15222,plummet,"FN: change rapidly for the worse",567,Undergo_change,86,plummito,"FN: mudar rapidamente para pior",
15223,changeable,"COD: liable to unpredictable variation.",567,Undergo_change,84,mudável,"COD: suscetível a variação imprevisível.",
15227,go,"FN: change from one state to another.",567,Undergo_change,86,vá,"FN: mudança de um estado para outro.",
15237,inside,"FN: within (the boundaries a profiled region)",572,Interior_profile_relation,90,dentro,"No limite de (a região perfisada)",
15242,amid,"FN: surrounded by (a large or notable entity or entities).",572,Interior_profile_relation,90,amid,"FN: cercado por (uma grande ou notável entidade ou entidades).",
15245,"in among","FN: located with (a collection of objects) surrounding in an irregular, jumbled, and possibly entangled fashion",572,Interior_profile_relation,90,"em entre","FN: localizado com (uma coleção de objetos) cercado de forma irregular, confusa e possivelmente entrelaçada",
15247,"outside the wire","FN: outside a military base in a combat region.",572,Interior_profile_relation,89,"fora do fio","FN: fora de uma base militar em uma região de combate.",
34042,abroad,"Outside the current location.",572,Interior_profile_relation,89,abroad,"Fora da localização atual.",
21719,"exchange rate","The charge for exchanging currency of one country for currency of another;",577,Exchange_currency,83,"taxa de câmbio","A taxa para trocar moeda de um país por moeda de outro.",
21720,"currency conversion rate","The value of one exchange currency unit relative to another exchange currency unit.;A classification that groups exchange rates.;The rate at which the currency of one country or region can be traded against that of another country or region.;The multiplier used for converting the base currency of the Web site to the buyer currency or supplier currency.;",577,Exchange_currency,83,"taxa de câmbio","O valor de uma unidade da moeda de câmbio em relação a outra unidade da moeda de câmbio;
Uma classificação que agrupa as taxas de câmbio;
A taxa na qual a moeda de um país ou região pode ser negociada contra a de outro país ou região;
O multiplicador utilizado para converter a moeda base do site na moeda compradora ou fornecedora.",
15252,busted,"FN: not working.",586,Being_operational,84,Arranjado.,"FN: não está funcionando.",
15253,down,"COD: (of a computer system) out of action",586,Being_operational,84,baixar,"COD: (de um sistema de computador) fora de ação",
