idLU,lemmaName(en),senseDescription(en),idFrame,frameName,idPOS,lemmaName(pt),senseDescription(pt),idLemma(pt)
17922,"suicide bomber","FN: an assailant who detonates a bomb, killing him- or herself and causing death or injury to those nearby.",1103,Suicide_attack,83,"bombardeiro suicida","FN: um agressor que detona uma bomba, matando-se e causando morte ou lesão a quem estiver por perto.",
17923,"suicide attacker","FN: a person who attacks by employing a means that results in his or her own death.",1103,Suicide_attack,83,"Atacante suicida","FN: uma pessoa que ataca usando um meio que resulta em sua própria morte.",
17924,kamikaze,"FN: a soldier (typically a pilot) who executes a suicide attack.",1103,Suicide_attack,83,kamikaze,"FN: um soldado (tipicamente um piloto) que executa um ataque suicida.",
17925,rcied,"FN: remote control IED; an improvized bomb which is detonated at a distance by a wireless signal.",1104,Distant_operated_IED,83,rcied,"FN: controle remoto de IED; uma bomba improvisada que é detonada à distância por um sinal sem fio.",
17926,cwied,"FN: command wire IED; an explosive device detonated at a distance via an electrical signal.",1104,Distant_operated_IED,83,Cuidado!,"FN: comando fio IED; um dispositivo explosivo detonado à distância por um sinal elétrico.",
17927,"command ied","FN: a roadside bomb rigged to detonate when it receives a remote command.",1104,Distant_operated_IED,83,"Comando IED","FN: uma bomba de estrada preparada para explodir quando recebe um comando remoto.",
17931,plebeian,"FN: Of or pertaining to common people with a negative connotation.",1105,Social_desirability,84,plebeio,"FN: De ou relacionado ao povo comum com conotação negativa.",
17933,pedestrian,"FN: Of or pertaining to common people, esp. with a negative implication.",1105,Social_desirability,84,pedestre,"FN: De ou relacionado ao povo comum, especialmente com uma implicação negativa.",
17935,proletarian,"FN: Of or related to the Proletariat, a term popularized by Marx to refer to the working class.",1105,Social_desirability,84,proletário,"FN: De ou relacionado ao proletariado, um termo popularizado por Marx para se referir à classe trabalhadora.",
17937,working-class,"FN: Of or pertaining to the Proletariat, in contrast to management.",1105,Social_desirability,84,"classe trabalhadora","FN: De ou relacionado ao proletariado, em contraste com a gestão.",
17938,upper-class,"FN: Of or pertaining to a rank high in some social heirarchy.",1105,Social_desirability,84,"classe alta","FN: De ou relacionado a um posto alto em alguma hierarquia social.",
17940,"firing point","FN: location from which a remote detonated bomb is activated.",1106,Firing_point,83,"ponto de disparo","FN: local de onde uma bomba remota é ativada.",
17941,capture,"FN: take under one' s control and prevent from escaping.",1107,Taking_captive,86,capturar,"FN: tomar sob controle e impedir de escapar.",
17942,"take captive","FN: take into custody.",1107,Taking_captive,86,"tomar como refém","FN: tomar em custódia.",
17943,secure,"FN: take under custody.",1107,Taking_captive,86,seguro,"FN: tomar sob custódia.",
17944,capture,"FN: the event of taking someone or something captive.",1107,Taking_captive,83,capturar,"FN: o evento de capturar alguém ou algo.",
17947,free,"FN: To release from confinement imposed.by others",1109,Breaking_out_captive,86,grátis,"FN: Para libertar de confinamento imposto por outros",
31016,emancipate,"FN: to set free from legal, social, or political restrictions",1109,Breaking_out_captive,86,emancipar,"FN: libertar de restrições legais, sociais ou políticas",
17950,certain,"COD: Specific but not explicitly named or stated.",1110,Specific_individual,84,certa,"COD: Específico, mas não explicitamente nomeado ou declarado.",
17951,mutual,"FN: being possessed by more than one individual.",1111,Commonality,84,mutual,"FN: possuído por mais de uma pessoa.",
17952,shared,"FN: Used by multiple entities, for multiple purposes, or in multiple ways.",1111,Commonality,84,compartilhado,"FN: Utilizado por múltiplas entidades, para múltiplos propósitos ou de múltiplas maneiras.",
17956,"in common","FN: A group is said to have something ""in common"" when each member of the goupr possesses that thing.",1111,Commonality,84,"em comum","FN: Diz-se que um grupo tem algo ""em comum"" quando cada membro do grupo possui essa coisa.",
17957,collective,"FN: A Commonality is possessed by the Entities yet not necessarily possessed by each individual in the group. For example, ""Americans'  collective bargaining power"" does not necessarily imply that each American has bargaining power apart from the group.",1111,Commonality,84,coletivo,"FN: A Comum é possuída pelas Entidades, mas não necessariamente possuída por cada indivíduo no grupo. Por exemplo, ""o poder de negociação coletiva dos americanos"" não implica necessariamente que cada americano tenha poder de negociação separado do grupo.",
17961,sailor,"FN: a member of a navy.",1112,Member_of_military,83,náutico,"FN: um membro da marinha.",
17962,airman,"FN: a member of the air force, especially of the US or UK.",1112,Member_of_military,83,airman,"FN: um membro da força aérea, especialmente dos EUA ou Reino Unido.",
17963,troop,"FN: a member of the armed forces, often referring to soliders.",1112,Member_of_military,83,tropa,"FN: membro das forças armadas, muitas vezes referindo-se a soldados.",
17964,"service member","FN: a member of the armed forces.",1112,Member_of_military,83,"membro das forças armadas","FN: membro das forças armadas.",
17968,signaller,"FN: a military specialist in communications.",1113,People_by_military_specialty,83,sinalizador,"FN: um especialista militar em comunicações.",
17969,infantryman,"FN: a soldier trained in fighting on foot and face-to-face with the enemy.",1113,People_by_military_specialty,83,infantário,"FN: um soldado treinado para lutar em pé e cara a cara com o inimigo.",
17970,captivity,"FN: a state of relative immobility caused by external forces.",1114,Being_in_captivity,83,captividade,"FN: um estado de imobilidade relativa causado por forças externas.",
17971,prisoner,"FN: an individual in another' s captivity.",1114,Being_in_captivity,83,prisioneiro,"FN: um indivíduo em outra captura.",
17972,incarcerated,"FN: imprisoned.",1115,Being_incarcerated,84,Prisioneiro,"FN: preso.",
17977,inmate,"FN: an incarcerated individual.",1115,Being_incarcerated,83,prisioneiro,"FN: um indivíduo encarcerado.",
17978,"serve time","FN: to be incarcarated for an offense.",1115,Being_incarcerated,86,"tempo de serviço","FN: ser encarcerado por um crime.",
17981,"behind bars","FN: in jail or prison.",1115,Being_incarcerated,89,"atrás das grades","FN: na prisão ou na cadeia.",
17982,"do time","FN: (slang) be incarcerated.",1115,Being_incarcerated,96,"do time","FN: (slang) ser encarcerado.",
17983,spring,"FN: set free from confinement.",1116,Freeing_from_confinement,86,primavera,"FN: solto da confinamento.",
17986,friendly,"FN: a person sympathetic or aligned to another' s side (especially in military conflicts).",1117,Friendly_or_hostile,83,amigável,"FN: uma pessoa simpática ou alinhada com o lado de outra (especialmente em conflitos militares).",
17987,hostile,"FN: an individual opposed to another side (especially in military contexts).",1117,Friendly_or_hostile,83,hostil,"FN: um indivíduo oposto a outro lado (especialmente em contextos militares).",
29408,opposing,"who or what is opposed; antagonist, opponent. Competitor, competitor, rival.",1117,Friendly_or_hostile,84,opondo-se,"Quem ou o que se opõe; antagonista, oponente. Concorrente, rival.",
34141,"stand for","The act of situation to represent or defend something.",1120,Representative,86,"significa ""significar","O ato de situar para representar ou defender algo.",
18007,booking,"FN: arrangement to receive a service at a particular time.",1121,Reserving,83,reservar,"FN: arranjo para receber um serviço em um horário específico.",
18013,share,"COD: any of the equal parts into which a company' s capital is divided.",1123,Capital_stock,83,compartilhar,"COD: qualquer das partes iguais em que o capital de uma empresa é dividido.",
18018,stock,"COD: the capital raised by a company through the issue and subscription of shares.",1123,Capital_stock,83,acção,"COD: o capital levantado por uma empresa através da emissão e subscrição de ações.",
18019,ordinary,"FN: Synonymous with ""common"" as in ""common stock"".",1123,Capital_stock,84,ordinário,"F: Sinônimo de ""comum"" como em ""ações comuns"".",
18020,voting,"FN: Synonymous with ""common"" as in ""common stock"".",1123,Capital_stock,84,votação,"F: Sinônimo de ""comum"" como em ""ação comum"".",
18022,"control group","FN:  a group of subjects in an experiment which are left untreated and are then compared with treated subjects in order to validate or invalidate a hypothesis",1124,Experimentation,83,"grupo de controle","FN: um grupo de sujeitos em um experimento que são deixados sem tratamento e então comparados com sujeitos tratados a fim de validar ou invalidar uma hipótese",
18023,experiment,"FN: a test under controlled conditions conducted in order to prove or disprove a hypothesis",1124,Experimentation,83,experimentar,"FN: um teste em condições controladas realizado com o objetivo de provar ou refutar uma hipótese",
18024,study,"FN: an experiment conducted under controlled conditions in order to prove or disprove a hypothesis",1124,Experimentation,83,estudar,"FN: um experimento realizado em condições controladas para provar ou refutar uma hipótese",
