idLU,lemmaName(en),senseDescription(en),idFrame,frameName,idPOS,lemmaName(pt),senseDescription(pt),idLemma(pt)
12209,nice,"COD: (of a person) good-natured; kind. ",342,Social_interaction_evaluation,84,legal,"COD: (de uma pessoa) de bom caráter; gentil.",73570
12215,genial,"COD: friendly and cheerful. ",342,Social_interaction_evaluation,84,Genial,"COD: amigável e alegre.",82598
12217,ungracious,"COD: not gracious. ",342,Social_interaction_evaluation,84,desagradável,"COD: não gracioso.",73441
12231,warm,"COD: having or showing enthusiasm, affection, or kindness.",342,Social_interaction_evaluation,84,quente,"COD: tendo ou mostrando entusiasmo, afeto ou bondade.",73635
12232,smart,"FN: disrespectful and bold",342,Social_interaction_evaluation,84,inteligente,"FN: desrespeitoso e ousado",84214
12235,maturity,"FN: quality of behaving in a manner typical of individuals considered to be mentally or emotionally well-developed",342,Social_interaction_evaluation,83,maturidade,"FN: qualidade de se comportar de maneira típica de indivíduos considerados mental ou emocionalmente bem desenvolvidos",8059
12243,about,"COD: on the subject of; concerning",343,Topic,90,"cerca de","COD: sobre o assunto de; a respeito de",146588
12244,concern,"COD: relate to; be about. ",343,Topic,86,preocupação,"COD: relacionar-se com; estar sobre.",9099
12248,cover,"COD: deal with (a subject). ",343,Topic,86,cobertura,"COD: lidar com (um sujeito).",9169
12250,treat,"FN: deal with some topic",343,Topic,86,tratar,"FN: lidar com algum tópico",120628
12260,chance,"COD: risk. ",344,Daring,86,chance,"COD: risco.",173
12261,hazard,"COD: risk to chance. ",344,Daring,86,perigo,"COD: risco de chance.",30027
12262,dare,"COD: take the risk of. ",344,Daring,86,dar,"COD: assumir o risco de.",116844
12263,venture,"COD: undertake a risky or daring journey or course of action. ",344,Daring,86,empreendimento,"COD: embarcar em uma jornada arriscada ou ousada ou um curso de ação.",9607
12264,risk,"COD: act in such a way as to incur the risk of. ",344,Daring,86,risco,"COD: agir de uma forma que incorra no risco de.",6562
12265,risk,"COD: the possibility that something unpleasant will happen. ",344,Daring,83,risco,"COD: a possibilidade de algo desagradável acontecer.",6562
12266,chance,"COD: a possibility of something happening. ",344,Daring,83,chance,"COD: uma possibilidade de algo acontecer.",173
12278,"a pain","FN: a very difficult task",345,Difficulty,83,dor,"FN: uma tarefa muito difícil",9197
12283,arduous,"COD: difficult and tiring",345,Difficulty,84,arduo,"COD: difícil e cansativo",91918
