idLU,lemmaName(en),senseDescription(en),idFrame,frameName,idPOS,lemmaName(pt),senseDescription(pt),idLemma(pt)
12846,manufacture,"COD: make (something) on a large scale using machinery. ",377,Manufacturing,86,fabricação,"COD: fazer (algo) em larga escala usando máquinas.",22097
12849,make,"FN: form by putting parts together or combining substances. ",377,Manufacturing,86,fazer,"FN: forma por juntar partes ou combinar substâncias.",116954
12851,manufacturer,"FN: the company or person that makes (something) on a large scale using machinery",377,Manufacturing,83,fabricante,"FN: a empresa ou pessoa que produz (algo) em grande escala usando máquinas",37755
12859,maker,"FN: party responsible for manufacturing.",377,Manufacturing,83,fabricante,"FN: responsável pela fabricação.",37755
12863,film-maker,"COD: a person who directs or produces films for the cinema or television.",378,Behind_the_scenes,83,cineasta,"COD: uma pessoa que dirige ou produz filmes para o cinema ou televisão.",17344
12864,director,"COD: a person who directs a film, play, etc.",378,Behind_the_scenes,83,diretor,"COD: uma pessoa que dirige um filme, peça, etc.",9040
12865,producer,"FN: a person who administers the financial and managerial aspects of a film or broadcast or the staging of a play.",378,Behind_the_scenes,83,produtor,"FN: uma pessoa que administra os aspectos financeiros e gerenciais de um filme ou transmissão ou a encenação de uma peça.",2138
12866,direct,"COD: supervise and control (a film, play, or other production).",378,Behind_the_scenes,86,direto,"COD: supervisionar e controlar (um filme, peça ou outra produção).",1051
12867,produce,"COD: administer the financial and managerial aspects of (a film or broadcast) or the staging of (a play).",378,Behind_the_scenes,86,produzir,"COD: administrar os aspectos financeiros e de gestão de (um filme ou transmissão) ou a encenação de (uma peça).",117326
12868,shoot,"COD: film or photograph (a scene, film, etc.).",378,Behind_the_scenes,86,tiro,"COD: filme ou fotografe (uma cena, um filme, etc.)",38
12869,film,"COD: make a film of; record on film. ",378,Behind_the_scenes,86,filme,"COD: fazer um filme de; gravar em filme.",9372
12870,score,"COD: a written representation of a musical composition showing all the vocal and instrumental parts.",378,Behind_the_scenes,83,pontuação,"COD: uma representação escrita de uma composição musical mostrando todas as partes vocais e instrumentais.",1020
12872,compose,"FN: create a musical piece",378,Behind_the_scenes,86,compor,"FN: crie uma peça musical",120718
30956,choreographer,"FN: person who plans how performers dance in a performance.",378,Behind_the_scenes,83,coreógrafo,"FN: pessoa que planeja como os intérpretes dançam em uma apresentação.",18287
34056,busk,"The act of using a hat or container to receive money from passers while performing a sort of art in the streets.",380,Receiving,86,busca,"O ato de usar um chapéu ou recipiente para receber dinheiro de pedestres enquanto se faz uma espécie de arte nas ruas.",15893
12890,presage,"COD:   an omen or portent.",381,Omen,83,Previsão,"COD: uma profecia ou presságio.",30917
12894,bode,"COD:  be a portent of a good or bad outcome. ",381,Omen,86,Bode,"COD: ser um presságio de um resultado bom ou ruim.",15476
12896,harbinger,"COD:   a person or thing that announces or signals the approach of something.",381,Omen,83,Previsão,"COD: uma pessoa ou coisa que anuncia ou sinaliza a aproximação de algo.",30917
12898,foretell,"FN: to signal a future event",381,Omen,86,prever,"FN: para sinalizar um evento futuro",132962
12906,threaten,"FN: indicate something less than desireable.",381,Omen,86,ameaçar,"FN: indica algo menos que desejável.",117293
12907,star,"have a principal role in a film, play, etc. To have someone as a principal performer. ",382,Performers_and_roles,86,estrela,"Ter um papel principal em um filme, peça, etc. Ter alguém como intérprete principal.",9362
12908,act,"COD: perform a fictional role in a play or film. ",382,Performers_and_roles,86,ato,"COD: desempenhe um papel fictício em uma peça ou filme.",8559
12914,lead,"COD: the chief part in a play or film. ",382,Performers_and_roles,83,chumbo,"COD: a parte principal de uma peça ou filme.",17257
12919,feature,"COD: have as an important actor or participant. ",382,Performers_and_roles,86,característica,"COD: ter como um ator ou participante importante.",60889
12922,part,"COD: a role played by an actor or actress.",382,Performers_and_roles,83,parte,"COD: um papel interpretado por um ator ou atriz.",2040
12924,appear,"FN: to perform in a play or film ",382,Performers_and_roles,86,aparecer,"FN: para atuar em uma peça ou filme",117262
29317,performance,"a generic name to represent shows of the most diverse genres.",382,Performers_and_roles,83,performance,"um nome genérico para representar programas de diferentes gêneros.",11014
12925,fracture,"FN: cause to end up in multiple pieces.",383,Cause_to_fragment,86,fratura,"FN: causar para acabar em pedaços múltiplos.",10748
12926,rend,"COD: tear to pieces. ",383,Cause_to_fragment,86,renda,"COD: rasgue em pedaços.",32166
12929,shiver,"COD: break into shivers.",383,Cause_to_fragment,86,tremer,"COD: entrar em pedaços.",134845
12931,fragment,"FN: cause to break into small, usually sharp-edged pieces (i.e. fragments).",383,Cause_to_fragment,86,fragmento,"FN: causar que se quebre em pequenos pedaços, geralmente afiados (ou seja, fragmentos).",8816
12933,smash,"FN: cause to break into pieces by hitting violently.",383,Cause_to_fragment,86,esmagar,"FN: causar para quebrar em pedaços por bater violentamente.",129515
12934,shred,"COD:  tear or cut into shreds. ",383,Cause_to_fragment,86,rasgar,"COD: rasgar ou cortar em pedaços.",117200
12935,rip,"FN: separate into pieces by tearing",383,Cause_to_fragment,86,rasgar,"FN: separar em pedaços rasgando",117200
12936,tear,"COD: pull or rip apart or to pieces.",383,Cause_to_fragment,86,rasgar,"COD: puxar ou rasgar ou em pedaços.",117200
12937,"rip up","COD: tear something into small pieces. ",383,Cause_to_fragment,86,rasgar,"COD: rasgar algo em pedaços pequenos.",117200
12939,"tear up","FN: rip into many small pieces.",383,Cause_to_fragment,86,rasgar,"FN: rasgar em muitos pedaços pequenos.",117200
12946,chip,"FN: break chips from a hard material such as ice.",383,Cause_to_fragment,86,chip,"FN: quebrar pedaços de um material duro como o gelo.",8855
12948,dissolve,"FN: cause (a solid) to come apart in solution.",383,Cause_to_fragment,86,dissolver,"FN: causar (a uma substância sólida) para se separar em solução.",127542
