idLU,lemmaName(en),senseDescription(en),idFrame,frameName,idPOS,lemmaName(pt),senseDescription(pt),idLemma(pt)
16312,embarkation,"FN: the act of embarking on a vessel or aircraft",745,Board_vehicle,83,embarque,"FN: o ato de embarcar em um navio ou aeronave",268
16313,embarkment,"COD: the act of passengers and crew getting aboard a ship or aircraft",745,Board_vehicle,83,embarque,"COD: a ação de passageiros e tripulantes embarcarem em um navio ou aeronave",268
16315,disembark,"FN: leave a vehicle, usually a ship, aircraft, or train.",746,Disembarking,86,desembarque,"FN: deixar um veículo, geralmente um navio, avião ou trem.",251
16320,alight,"COD: descend from public transport.",746,Disembarking,86,Descer,"COD: descende de transporte público.",120903
16322,disembarkation,"FN: the act of getting off a ship, aircraft, or train",746,Disembarking,83,desembarque,"FN: o ato de desembarcar de um navio, avião ou trem",251
16323,get,"FN: exit a vehicle",746,Disembarking,86,obter,"FN: sair de um veículo",117118
16326,"head out","FN: to begin motion away from a location",747,Getting_underway,86,Sair,"FN: para iniciar um movimento longe de um local",116884
30949,"get underway","FN: begin moving, usually beginning a long trip in a large vehicle or as part of an expedition.",747,Getting_underway,86,Começar,"FN: começar a se mover, geralmente começando uma longa viagem em um grande veículo ou como parte de uma expedição.",116850
16329,cut,"FN: to go directly across rather than around an area ",748,Intentional_traversing,86,cortar,"FN: ir diretamente através de um local em vez de ao redor dele",116888
16331,ascend,"FN: move up an inclined surface",748,Intentional_traversing,86,ascender,"FN: mover-se para cima em uma superfície inclinada",120813
16332,quit,"COD: leave, especially permanently",749,Quitting_a_place,86,parar,"COD: sair, especialmente de forma permanente",116969
16337,split,"COD: leave, especially suddenly",749,Quitting_a_place,86,dividir,"COD: sair, especialmente de repente",117250
16348,desert,"FN: leave (a place)",749,Quitting_a_place,86,deserto,"FN: deixar (um lugar)",6682
16352,abandon,"COD: desert or leave permanently",749,Quitting_a_place,86,abandono,"COD: deserto ou deixar permanentemente",14
16353,translate,"COD: express the sense of (words or text) in another language.",750,Translating,86,traduzir,"COD: expresse o sentido de (palavras ou texto) em outra língua.",134738
30780,translate,"COD: express the sense of (words or text) in another language.",750,Translating,86,traduzir,"COD: expresse o sentido de (palavras ou texto) em outra língua.",134738
16355,"set off","COD: (support verb set) begin a journey. ",751,Setting_out,86,partir,"COD: (verbo de apoio) iniciar uma jornada.",116885
16360,"get through","FN: succeed in communicating (a message) to someone.",752,Successfully_communicate_message,86,"passar por","FN: conseguir comunicar (uma mensagem) a alguém.",139180
16362,cut,"FN: abruptly change direction of motion",753,Change_direction,86,cortar,"FN: mudar abruptamente de direção de movimento",116888
16364,bear,"COD: turn and proceed in a specified direction",753,Change_direction,86,urso,"COD: virar e seguir em uma direção especificada",35571
16365,left,"COD: a left turn.",753,Change_direction,83,esquerda,"COD: uma curva à esquerda.",8847
16367,right,"COD: a right turn.",753,Change_direction,83,direita,"COD: uma curva à direita.",8851
16371,swing,"FN: to changing direction suddenly",753,Change_direction,86,balanço,"FN: mudança de direção repentina",14756
16374,translate,"FN: be the translation equivalent of",755,Be_translation_equivalent,86,traduzir,"FN: seja o equivalente de tradução de",134738
16389,tracing,"FN: a drawing produced by copying the lines of an original image",756,Physical_artworks,83,Rastreamento,"FN: um desenho produzido copiando as linhas de uma imagem original",31700
34199,portrait,"A drawing, photograph or painting.",756,Physical_artworks,83,retrato,"Um desenho, uma fotografia ou uma pintura.",32352
34313,piece,"One instance of a physical artwork, such as a book, a sculpture, or a painting.",756,Physical_artworks,83,peça,"Uma instância de uma obra física, como um livro, uma escultura ou uma pintura.",27
16391,photograph,"COD: take a photograph of.",757,Create_representation,86,fotografia,"COD: tirar uma foto de.",6656
16394,sketch,"COD: make a sketch of.",757,Create_representation,86,desenho,"COD: faça um esboço de.",6609
33756,get,"To create a form of medium capturing an event or entity",757,Create_representation,86,obter,"Para criar uma forma de meio capturando um evento ou entidade",117118
16398,take,"FN: to produce a photographic image",758,Create_physical_artwork,86,tomar,"FN: para produzir uma imagem fotográfica",117247
16403,flee,"FN: escape the site of a disaster.",759,Fleeing,86,fugir,"FN: escapar do local de um desastre.",117347
16404,"run away","COD: take flight; escape.",759,Fleeing,86,Fugir,"COD: decolar; escapar.",117347
16405,flight,"FN: the act of leaving a place suddenly",759,Fleeing,83,voo,"FN: o ato de sair de um lugar repentinamente",2048
