idLU,lemmaName(en),senseDescription(en),idFrame,frameName,idPOS,lemmaName(pt),senseDescription(pt),idLemma(pt)
5113,aggrieve,"FN: cause to feel distress or affliction; offend",41,Stimulate_emotion,86,prejudicar,"FN: causar desconforto ou aflição; ofender",121114
5116,anger,"FN: to provoke a feeling of great annoyance",41,Stimulate_emotion,86,raiva,"FN: provocar um sentimento de grande irritação",9092
5121,baffle,"COD: totally bewilder.",41,Stimulate_emotion,86,confundir,"COD: totalmente desorientado.",125232
5124,calm,"COD: make or become tranquil and quiet.",41,Stimulate_emotion,86,calma,"COD: fazer ou tornar-se tranquilo e calmo.",10741
5127,cheer,"FN: comfort, make happier",41,Stimulate_emotion,86,gritar,"FN: conforto, fazer feliz",121117
5128,comfort,"COD: cause to feel less unhappy; console.",41,Stimulate_emotion,86,conforto,"COD: causar menos infelicidade; confortar.",6732
5130,confuse,"COD: cause to become bewildered or perplexed.",41,Stimulate_emotion,86,confundir,"COD: causar confusão ou perpleidade.",125232
5132,dazzle,"COD: overwhelm with an impressive quality.",41,Stimulate_emotion,86,deslumbrar,"COD: sobrecarregado com uma qualidade impressionante.",126980
5133,delight,"COD: please greatly.",41,Stimulate_emotion,86,delícia,"COD: por favor.",8555
5134,depress,"COD: cause to feel utterly dispirited or dejected.",41,Stimulate_emotion,86,depressão,"COD: causar para se sentir completamente desanimado ou abatido.",19131
5136,discomfit,"COD: make uneasy or embarrassed.",41,Stimulate_emotion,86,Desconforto,"COD: causar desconforto ou constrangimento.",8882
5139,dishearten,"COD: cause to lose determination or confidence.",41,Stimulate_emotion,86,desanimar,"COD: causar perda de determinação ou confiança.",125935
5141,distress,"COD: cause distress to.",41,Stimulate_emotion,86,desconforto,"COD: causar angústia em.",8882
5146,entertain,"COD: provide with amusement or enjoyment.",41,Stimulate_emotion,86,entretenimento,"COD: fornecer com diversão ou prazer.",9394
5151,frighten,"COD: cause to be afraid.",41,Stimulate_emotion,86,assustar,"COD: causar medo.",123726
5153,gall,"COD: annoy; humiliate.",41,Stimulate_emotion,86,galo,"COD: irritar; humilhar.",982
5154,gladden,"COD: make glad.",41,Stimulate_emotion,86,alegria,"COD: fazer feliz.",11028
5168,rattle,"COD: cause to feel nervous, worried, or irritated.",41,Stimulate_emotion,86,Rato,"COD: causar nervosismo, preocupação ou irritação.",66806
5172,satisfy,"COD: meet the expectations, needs, or desires of.",41,Stimulate_emotion,86,satisfazer,"COD: atender às expectativas, necessidades ou desejos de.",116947
5173,scare,"COD: cause great fear or nervousness in; frighten.",41,Stimulate_emotion,86,assustar,"COD: causar grande medo ou nervosismo em; assustar.",123726
5174,shake,"COD: shock or astonish.",41,Stimulate_emotion,86,agitar,"COD: choque ou espanto.",121123
5175,shame,"COD: cause to feel ashamed.",41,Stimulate_emotion,86,vergonha,"COD: causar vergonha.",32
5176,shock,"COD: cause (someone) to feel surprised and upset",41,Stimulate_emotion,86,choque,"COD: causar surpresa e perturbação em alguém",17224
5179,startle,"COD: cause to feel sudden shock or alarm.",41,Stimulate_emotion,86,assustar,"COD: causar um choque ou alarme repentino.",123726
5180,stimulate,"COD: animate or excite.",41,Stimulate_emotion,86,estimular,"COD: animar ou excitar.",129793
5182,surprise,"COD: cause to feel surprise.",41,Stimulate_emotion,86,surpresa,"COD: causar surpresa.",34099
5184,thrill,"COD: have or cause to have a thrill.",41,Stimulate_emotion,86,emoção,"COD: ter ou causar um arrepio.",8789
5188,bore,"COD: cause to feel weary and uninterested by being dull and tedious",41,Stimulate_emotion,86,furo,"COD: causar fadiga e desinteresse por ser monótono e tedioso",23027
5191,vexation,"FN: the act of harassing or vexing or the state of being vexed ",41,Stimulate_emotion,83,vexação,"FN: o ato de assediar ou atormentar ou o estado de ser atormentado",9216
5192,shocker,"COD: a person or thing that shocks, especially through being unacceptable or sensational.",41,Stimulate_emotion,83,Choque,"COD: uma pessoa ou coisa que choca, especialmente através de ser inaceitável ou sensacional.",17224
5196,trouble,"COD: cause distress, pain, or inconvenience to",41,Stimulate_emotion,86,problema,"COD: causar angústia, dor ou inconveniência a",6620
5198,solace,"COD: give solace to.",41,Stimulate_emotion,86,conforto,"COD: dar conforto a.",6732
5206,floor,"COD: baffle or confound completely. ",41,Stimulate_emotion,86,piso,"COD: confundir ou abafar completamente.",9421
5211,incense,"COD: make very angry.",41,Stimulate_emotion,86,incenso,"COD: fazer muito zangado.",24826
