idLU,lemmaName(en),senseDescription(en),idFrame,frameName,idPOS,lemmaName(pt),senseDescription(pt),idLemma(pt)
8015,flip-flops,"COD: a light sandal with a thong that passes between the big and second toes. [Clothing] ",123,Clothing,83,chinelos,"COD: uma sandália leve com um dedo de pé que passa entre o grande e o segundo dedos dos pés.",
8016,one-piece,"COD: an article of clothing made or consisting of a single piece. ",123,Clothing,83,"peça única","COD: um artigo de vestuário feito ou consistindo em uma única peça.",
8017,two-piece,"COD: a two-piece suit. [Clothing] ",123,Clothing,83,"duas peças","COD: um terno de duas peças. [Roupas]",
8018,flannels,"COD: men' s trousers made of woollen flannel. ",123,Clothing,83,flannel,"COD: calças masculinas feitas de flanela de lã.",
8019,rags,"COD: rags old or tattered clothes. ",123,Clothing,83,Rags,"COD: roupas velhas ou rasgadas.",
8020,silks,"COD: garments made from silk, especially as worn by a jockey in the colours of a particular horse owner.",123,Clothing,83,sedas,"COD: roupas feitas de seda, especialmente as usadas por um jóquei nas cores de um proprietário de cavalo específico.",
8021,satins,"FN: garments made out of satin.",123,Clothing,83,Sátins,"FN: vestuário feito de cetim.",
8022,cottons,"FN: garments made of cotton.",123,Clothing,83,Algodões,"FN: vestuário feito de algodão.",
8023,tweeds,"COD:  clothes made of tweed. ",123,Clothing,83,Tweeds,"COD: roupas feitas de tweed.",
8024,ermines,"FN: garments made of ermine",123,Clothing,83,ermines,"FN: vestuário feito de pele de raposa-do-ártico",
8025,muslins,"FN: garments made of ermine.",123,Clothing,83,muslins,"FN: vestes feitas de raposa-do-ártico.",
8026,tippet,"COD: a woman' s fur cape or woollen shawl",123,Clothing,83,tippete,"Código: capa de pele ou xale de lã de mulher",
8027,doublet,"COD: a man' s short close-fitting padded jacket, commonly worn from the 14th to the 17th century",123,Clothing,83,duplo,"COD: uma jaqueta curta e ajustada com forro, comumente usada de 14 a 17 séculos",
8028,tatters,"FN: garments that are extensively torn.",123,Clothing,83,tiras,"FN: vestuário que está muito rasgado.",
8029,neckerchief,"COD: a square of cloth worn round the neck. ",123,Clothing,83,cruzeta,"COD: um quadrado de pano usado ao redor do pescoço.",
8030,breeches,"COD: short trousers fastened just below the knee, now chiefly worn for riding or as part of ceremonial dress",123,Clothing,83,breques,"Calças: curtas, presas logo abaixo do joelho, agora usadas principalmente para equitação ou como parte do traje cerimonial",
8031,sweatshirt,"COD: a loose sweater, typically of knitted cotton, worn for exercise or leisure. ",123,Clothing,83,Suéter,"COD: um suéter solto, tipicamente de algodão tricotado, usado para exercícios ou lazer.",
8032,sweatpants,"COD: loose trousers with an elasticated or drawstring waist, worn for exercise or leisure. ",123,Clothing,83,"calça de moletom","Calças soltas com cintura elástica ou cordão, usadas para exercícios ou lazer.",
8033,tracksuit,"COD: a loose, warm outfit consisting of a sweatshirt and trousers, worn when exercising or as casual wear. ",123,Clothing,83,"traje de treino","COD: um conjunto solto e quente, composto por uma moletom e calças, usado quando se exercita ou como roupa casual.",
8034,alb,"COD: a white vestment reaching to the feet, worn by clergy and servers in some Christian Churches. ",123,Clothing,83,alb,"COD: uma vestimenta branca que chega aos pés, usada por clérigos e servidores em algumas igrejas cristãs.",
8035,stole,"COD: a long scarf or shawl, generally worn by women, loosely over the shoulders.",123,Clothing,83,roubou,"COD: uma longa e fina peça de tecido, geralmente usada por mulheres, passada pelas costas e deixada cair sobre os ombros.",
8036,chasuble,"COD: an ornate sleeveless outer vestment worn by a priest when celebrating Mass. ",123,Clothing,83,Chasuble,"COD: um manto ornamentado sem mangas usado por um sacerdote quando celebra a Missa.",
8037,cope,"COD: a long, loose cloak worn by a priest or bishop on ceremonial occasions. [Eccl] ",123,Clothing,83,cope,"COD: um manto comprido e solto usado por um padre ou bispo em ocasiões cerimoniais. [Eccl]",
8038,buskin,"COD: historical a calf-high or knee-high boot. ",123,Clothing,83,Buskin,"COD: bota até o joelho ou canela.",
8039,pallium,"COD: a woollen vestment conferred by the Pope on an archbishop, consisting of a narrow circular band placed round the shoulders with a short lappet hanging from front and back",123,Clothing,83,pálio,"COD: um vestimento de lã conferido pelo Papa a um arcebispo, consistindo em uma faixa estreita circular colocada nas ombros com uma aba curta pendurada na frente e nos costas",
8040,gauntlet,"COD: a stout glove with a long loose wrist",123,Clothing,83,"Luvas de boxe","COD: uma luva grossa com pulso longo e solto",
8041,cravat,"COD: a short, wide strip of fabric worn by men round the neck and tucked inside an open-necked shirt. ",123,Clothing,83,gravata,"COD: uma tira curta e larga de tecido usada pelos homens ao redor do pescoço e abotoada dentro de uma camisa de gola aberta.",
8042,briefs,"FN: men' s underwear",123,Clothing,83,breves,"FN: lingerie masculina",
8043,cossie,"COD: a swimming costume or a pair of swimming trunks.",123,Clothing,83,cósia,"COD: um fato de banho ou um par de calças de banho.",
30673,hosiery,"COD: stockings, socks, and tights collectively",123,Clothing,83,Meias,"COD: meias, meias-calças e collants em geral",
31327,"bathing trunks","swimsuit worn by men while swimming.",123,Clothing,83,"trajes de banho","Biquíni usado por homens enquanto nadam.",
31329,"athletic shoes","a light comfortable shoe designed for running.",123,Clothing,83,"calçados esportivos","Um calçado leve e confortável projetado para corrida.",
31334,"running shoe","an athletic shoe with a soft, rubber sole. A sports or walking shoe with canvas upper and rubber sole.",123,Clothing,83,"Meia de corrida","Um sapato esportivo com sola de borracha macia. Um sapato esportivo ou de caminhada com forro de lona e sola de borracha.",
31339,"soccer boot","an item of footwear worn when playing football or soccer.",123,Clothing,83,"Chuteira de futebol","Um calçado usado quando se joga futebol ou futebol.",
31340,"swimming cap","a tightly fitted, skin-tight garment, commonly made from silicone, latex or lycra, worn on the head by swimmers.",123,Clothing,83,"capacete de natação","Um vestuário apertado, de pele justa, comumente feito de silicone, látex ou licra, usado na cabeça por nadadores.",
31341,"training shoe","a sneaker is a synonym for athletic shoes, the generic name for the footwear primarily designed for sports or other forms of physical exercise. Athletic shoe is a generic name for the footwear primarily designed for sports or other forms of physical exercise, but in recent years has come to be used for casual everyday activities.",123,Clothing,83,"Meia de treino","A sapatilha é sinônimo de tênis, o nome genérico para o calçado principalmente projetado para esportes ou outras formas de exercício físico. O tênis é um nome genérico para o calçado principalmente projetado para esportes ou outras formas de exercício físico, mas nos últimos anos tem sido usado também para atividades casuais do dia a dia.",
31342,"swimming trunk","swimsuit worn by men while swimming.",123,Clothing,83,"Calção de natação","Biquíni usado por homens enquanto nadam.",
31343,"swim suits","a swimsuit, bathing suit, swimming costume, bathing costume, swimming suit, swimmers, swimming togs, bathers, cossie, or swimming trunks for men, is an item of clothing designed to be worn by people engaging in a water-based activity or water sports, such as swimming, water polo, diving, surfing, water skiing, or during activities in the sun, such as sun bathing.",123,Clothing,83,"trajes de banho","O maiô, traje de banho, fato de natação, roupa de banho, fato de banho, nadadores, togas de natação, banhistas, cossie ou calções de banho para homens é uma peça de roupa projetada para ser usada por pessoas que se envolvem em uma atividade baseada em água ou esportes aquáticos, como natação, polo aquático, mergulho, surfe, esqui aquático ou durante atividades ao sol, como tomar sol.",
31378,gi,"a lightweight, two-piece, usually white garment worn by barefooted martial-arts participants, consisting of loose-fitting pants and a wraparound jacket with cloth belt.",123,Clothing,83,gi,"uma vestimenta leve de duas peças, geralmente branca, usada por participantes de artes marciais descalços, consistindo em calças soltas e um casaco envolvente com cinto de tecido.",
31434,trunks,"swimsuit worn by men while swimming.",123,Clothing,83,"caixas de madeira","Biquíni usado por homens enquanto nadam.",
31436,leotard,"a close-fitting one-piece garment, made of a stretchy fabric, that covers a person's body from the shoulders to the top of the thighs and typically the arms, worn by dancers or people exercising indoors.",123,Clothing,83,leotarde,"Um vestuário de uma peça que se ajusta bem ao corpo, feito de tecido elástico, que cobre o corpo de um indivíduo dos ombros até o topo das coxas e normalmente os braços, usado por dançarinos ou pessoas que fazem exercícios em ambientes internos.",
31440,zubon,"pants worn by the judoka in judo.",123,Clothing,83,zabon,"Calças usadas pelo judoca no judô.",
31441,uwagi,"jacket worn by the judoka in judo.",123,Clothing,83,ataques,"jacket usado pelo judoca em judô.",
34114,plad,"A specific type of print used in fabric.",123,Clothing,83,plad,"Um tipo específico de estampa usada em tecido.",
8044,remember,"COD: have in or be able to bring to one' s mind (someone or something from the past)",124,Memory,86,lembre-se,"COD: ter em ou ser capaz de trazer à mente (alguém ou algo do passado)",
8046,recall,"FN: bring back to mind",124,Memory,86,reclame,"FN: trazer de volta à mente",
8051,buff,"COD: a person who is interested in and very knowledgeable about a particular subject",125,Expertise,83,buffo,"COD: uma pessoa interessada e muito conhecedora sobre um assunto específico",
8052,maven,"COD: an expert or connoisseur",125,Expertise,83,maven,"COD: um especialista ou conhecedor",
8054,expertise,"COD: great skill or knowledge in a particular field",125,Expertise,83,especialização,"COD: grande habilidade ou conhecimento em um campo específico",
8055,expert,"FN: very knowledgeable about or skilful in a particular area",125,Expertise,84,especialista,"FN: muito conhecedor ou habilidoso em uma área específica",
8059,mastery,"COD: the mastering of a subject or skill",125,Expertise,83,perícia,"COD: o domínio de um assunto ou habilidade",
8060,connoisseur,"FN: a person who is very discriminating, esp. with respect to art, food or drink",125,Expertise,83,Connoisseur,"FN: uma pessoa muito exigente, especialmente em relação à arte, comida ou bebida",
8066,conversant,"COD: familiar with or knowledgeable about something",125,Expertise,84,conversante,"COD: familiar com ou conhecedor de algo",
8067,conversance,"FN: familiarity with a domain of knowledge",125,Expertise,83,conversação,"FN: familiaridade com um domínio de conhecimento",
8068,crack,"COD: very good or skilful",125,Expertise,84,crack,"COD: muito bom ou habilidoso",
8071,ace,"FN: excellent, esp. highly skilled or talented. (Usually not gradable.)",125,Expertise,84,ace,"FN: excelente, especialmente altamente habilidoso ou talentoso. (Geralmente não graduável.)",
8072,wizard,"COD: a person who is very skilled in a particular field or activity",125,Expertise,83,feiticeiro,"COD: uma pessoa muito habilidosa em um campo ou atividade específica",
8073,whiz,"FN: a person who is extremly clever at something",125,Expertise,83,Whiz,"FN: uma pessoa que é extremamente esperta em algo",
8075,inexperienced,"FN: lacking experience",125,Expertise,84,iniciante,"FN: falta de experiência",
8076,inexpert,"COD: lacking skill or knowledge",125,Expertise,84,inexpert,"COD: falta de habilidade ou conhecimento",
8080,prowess,"COD: skill or expertise in a particular activity or field. ",125,Expertise,83,prowess,"COD: habilidade ou especialização em uma atividade ou campo específico.",
