idLU,lemmaName(en),senseDescription(en),idFrame,frameName,idPOS,lemmaName(pt),senseDescription(pt),idLemma(pt)
12038,solemn,"COD: not cheerful; serious.",336,Stimulus_focus,84,solemne,"COD: não alegre; sério.",
12045,charm,"COD: the power or quality of delighting, attracting, or fascinating others.",336,Stimulus_focus,83,charme,"COD: o poder ou qualidade de encantar, atrair ou fascinar os outros.",
12047,charm,"COD: an attractive characteristic or feature.",336,Stimulus_focus,83,charme,"COD: um traço ou característica atraente.",
12055,"strike a chord","FN: to produce an emotional response.",336,Stimulus_focus,86,"toque uma nota","FN: para produzir uma resposta emocional.",
12056,dear,"FN: cherished",336,Stimulus_focus,84,querida,"FN: querido",
33071,marvel,"FN: something surprising, usually in a good way",336,Stimulus_focus,83,marvel,"FN: algo surpreendente, geralmente de forma boa",
33076,love,"FN: a person or thing that one loves",336,Stimulus_focus,83,Amo,"FN: uma pessoa ou coisa que se ama",
34213,ironically,"Something that is the exact opposite of should be.",336,Stimulus_focus,89,ironicamente,"Isto que é o exato oposto de deveria ser.",
34214,relatively,"In comparison to other entities.",336,Stimulus_focus,89,relativamente,"Em comparação com outras entidades.",
34228,serene,"Calm and peaceful.",336,Stimulus_focus,84,serene,"Calmo e pacífico.",
34230,"set up","A good quality.",336,Stimulus_focus,83,Configurar,"Uma boa qualidade.",
34416,like,"To be fond of.",336,Stimulus_focus,86,"gostar de","Ser afeito a.",
3392,"fitness facility","a fitness facility is a place which houses exercise equipment for the purpose of physical exercise. ",337,Businesses,83,"instalação de fitness","Uma academia é um lugar que abriga equipamentos de exercício com o propósito de exercícios físicos.",
3393,"money center banks","a bank is a financial intermediary that accepts deposits and channels those deposits into lending activities, either directly by loaning or indirectly through capital markets.",337,Businesses,83,"bancos centrais de dinheiro","Um banco é um intermediário financeiro que aceita depósitos e canaliza esses depósitos para atividades de empréstimo, seja diretamente por meio de empréstimos ou indiretamente por meio dos mercados de capitais.",
3398,grocer,"a shop or store that sells groceries; a grocery store.;A store where groceries can be purchased.;The commodities sold by a grocer or in a grocery.;A marketplace where groceries are sold.",337,Businesses,83,grocer,"Uma loja ou armazém que vende mantimentos; uma mercearia; Uma loja onde os mantimentos podem ser comprados; As mercadorias vendidas por um merceeiro ou em uma mercearia; Um mercado onde os mantimentos são vendidos.",
3399,"service providers","a service provider is a company that provides organizations with consulting, legal, real estate, education, communications, storage, processing, and many other services.",337,Businesses,83,"Provedores de serviços","Um provedor de serviços é uma empresa que oferece às organizações consultoria, serviços jurídicos, imobiliários, educacionais, de comunicação, de armazenamento, processamento e muitos outros serviços.",
3400,"gas station","A service station that sells gasoline;",337,Businesses,83,"Postos de gasolina","Uma estação de serviço que vende gasolina;",
3401,gasbar,"facility which sells fuel and lubricants for motor vehicles.;A filling station, gas station ; a facility selling fuel for road motor vehicles;A place which sells gasoline to pump directly into a car or into an approved container.;Filling station;A filling station.;A facility selling fuel for road motor vehicles.",337,Businesses,83,gás-bar,"Estação de serviço que vende combustível e lubrificantes para veículos automotores.",
3402,"grocery store","large form of the traditional grocery store;A large self-service store that sells groceries and, usually, medications, household goods and/or clothing.;A self-service food store with grocery, meat, and produce departments with a high turnover.;A large self-service grocery store selling groceries and dairy products and household goods.",337,Businesses,83,"loja de alimentos","supermercado tradicional; uma grande loja de auto-serviço que vende mantimentos e, geralmente, medicamentos, artigos para o lar e/ou vestuário; uma loja de auto-serviço de alimentos com departamentos de mercearia, carne e produtos hortícolas com alta rotação; um grande supermercado de auto-serviço que vende mantimentos, laticínios e artigos para o lar.",
3404,"marketing agency","something which sells;A person or a company that vends or sells.;The activities involved in selling goods or services.;One who sells or offers to sell.",337,Businesses,83,"agência de marketing","algo que vende;Uma pessoa ou uma empresa que vende ou vende;As atividades envolvidas na venda de bens ou serviços;Alguém que vende ou oferece vender.",
12062,mill,"COD: a building fitted with machinery for a manufacturing process",337,Businesses,83,mil,"COD: um edifício equipado com máquinas para um processo de fabricação",
19956,"dance school",,337,Businesses,83,"escola de dança",,
19957,"belly dancing school",,337,Businesses,83,"escola de dança do ventre",,
19958,"wine storage facility",,337,Businesses,83,"facilidade de armazenamento de vinho",,
19961,"travel agency",,337,Businesses,83,"agência de viagens",,
19963,"health insurance agency",,337,Businesses,83,"agência de seguros saúde",,
19964,wholesaler,,337,Businesses,83,grossista,,
19966,"dance club",,337,Businesses,83,"club de dança",,
19970,"tire shop",,337,Businesses,83,"loja de reparos automotivos",,
19971,"car dealer",,337,Businesses,83,"concessionária de automóveis",,
19972,"designer clothing store",,337,Businesses,83,"loja de roupas de grife",,
19973,"dessert restaurant",,337,Businesses,83,"restaurante de sobremesa",,
19974,"human resources consultant",,337,Businesses,83,"Consultor de Recursos Humanos",,
19975,"delivery restaurant",,337,Businesses,83,"entrega de restaurante",,
19976,"real estate developer",,337,Businesses,83,"desenvolvedor imobiliário",,
19977,"beer distributor",,337,Businesses,83,"distribuidor de cerveja",,
19978,"beverage supplier",,337,Businesses,83,"Fornecedor de bebidas",,
19979,"candy store",,337,Businesses,83,"Loja de doces",,
19981,"newspaper publisher",,337,Businesses,83,"editor de jornal",,
19982,"party favor supplier",,337,Businesses,83,"fornecedor de lembrancinhas de festa",,
19983,"security and surveillance company",,337,Businesses,83,"Empresa de segurança e vigilância",,
19984,"event management company",,337,Businesses,83,"empresa de gestão de eventos",,
19985,"dinner delivery",,337,Businesses,83,"entrega de jantar",,
19986,"pharmaceutical company",,337,Businesses,83,"Empresa farmacêutica",,
19989,florist,,337,Businesses,83,florista,,
19990,"hospital equipment and supplies",,337,Businesses,83,"equipamentos e suprimentos hospitalares",,
19991,"fruit based snack bar",,337,Businesses,83,"barra de lanche à base de frutas",,
19992,"hamburger restaurant",,337,Businesses,83,"Restaurante de hambúrgueres",,
19993,"jewelry store",,337,Businesses,83,"Loja de joias",,
19994,"car wash",,337,Businesses,83,"lavagem de carros",,
19996,"live music venue",,337,Businesses,83,"local de música ao vivo",,
19997,"event venue",,337,Businesses,83,"local do evento",,
20003,"clothing store",,337,Businesses,83,"loja de roupas",,
20004,"video game store",,337,Businesses,83,"Loja de videogames",,
20005,"car accessories store",,337,Businesses,83,"Loja de acessórios para carros",,
20007,"linens store",,337,Businesses,83,"loja de artigos de cama e mesa",,
20008,"dance store",,337,Businesses,83,"loja de dança",,
20009,"party store",,337,Businesses,83,"loja de festas",,
