idLU,lemmaName(en),senseDescription(en),idFrame,frameName,idPOS,lemmaName(pt),senseDescription(pt),idLemma(pt)
12098,yearn,"COD: have an intense feeling of loss and longing for something. ",338,Desiring,86,Anseio,"COD: sentir um intenso sentimento de perda e saudade de algo.",8596
12102,hope,"COD:  expect and desire.",338,Desiring,86,esperança,"COD: esperar e desejar.",6629
12106,will,"COD: intend or desire to happen.",338,Desiring,86,irá,"COD: intenção ou desejo de acontecer.",10663
12118,pine,"COD: miss and long for the return of.",338,Desiring,86,pinheiro,"COD: falta e anseia pelo retorno de.",66121
12121,will,"COD: a desire or intention.",338,Desiring,83,irá,"COD: desejo ou intenção.",10663
12123,itch,"FN: crave in a restless manner",338,Desiring,86,coceira,"FN: cravar de maneira inquietante",17597
12125,reluctant,"FN: having a desire not (to do something)",338,Desiring,84,receptivo,"FN: ter um desejo não (fazer algo)",73960
12126,care,"FN: want.
[NB: negative polarity and conditionals.]",338,Desiring,86,cuidado,"FN: quer. [NB: polaridade negativa e condicionais.]",38415
12135,fitting,"COD: appropriate; right or proper",339,Suitability,84,Ajustado,"COD: adequado; certo ou correto",74915
12137,fit,"COD: be or make suitable for. ",339,Suitability,86,ajustar,"COD: ser ou fazer adequado para.",122591
12139,suit,"COD: go well with or enhance the features, figure, or character of (someone).",339,Suitability,86,traje,"COD: combina bem com ou realça as características, figura ou personagem de (alguém).",35000
27322,friendly,"suitable, adequate, welcoming",339,Suitability,84,amigável,"apropriado, adequado, acolhedor",73407
12151,right,"COD: morally good, justified or acceptable",341,Morality_evaluation,84,direito,"COD: moralmente bom, justificado ou aceitável",80082
12155,sinful,"FN: immoral, violating divine law",341,Morality_evaluation,84,simpático,"FN: imoral, violando a lei divina",73888
12159,corrupt,"COD: evil or morally depraved",341,Morality_evaluation,84,corrupto,"COD: maligno ou moralmente perverso",74115
12168,decent,"COD: conforming with generally accepted standards of morality or respectability",341,Morality_evaluation,84,decente,"COD: de acordo com os padrões geralmente aceitos de moralidade ou respeito",73431
12178,heinous,"COD: utterly odious or wicked",341,Morality_evaluation,84,terrível,"COD: absolutamente odioso ou perverso",73453
12193,thoughtful,"COD: showing regard for other people. ",342,Social_interaction_evaluation,84,pensativo,"COD: mostrar respeito pelos outros.",87298
