idLU,lemmaName(en),senseDescription(en),idFrame,frameName,idPOS,lemmaName(pt),senseDescription(pt),idLemma(pt)
25731,graveyard,"a tract of land used for burials.",176,Locale_by_use,83,túmulo,"Um terreno utilizado para enterros.",9582
30769,field,"COD:  an area of open land, especially one planted with crops or pasture.",176,Locale_by_use,83,campo,"COD: uma área de terra aberta, especialmente uma plantada com culturas ou pastagens.",154
30787,urban,"COD: of or relating to a town or city",176,Locale_by_use,84,urbano,"COD: de ou relacionado a uma cidade ou município",73926
30868,park[2],"COD: an area devoted to a specified purpose",176,Locale_by_use,83,parque,"COD: uma área dedicada a um propósito específico",6689
33776,home,"A place or building in which a person lives in a permanent manner.",176,Locale_by_use,83,casa,"Um lugar ou edifício onde uma pessoa mora de forma permanente.",165
9255,fasten,"COD: fix or hold in place",177,Attaching,86,Aperto,"COD: fixar ou manter no lugar",13615
9257,tie,"COD: attach or fasten with string, cord, etc",177,Attaching,86,amarrar,"COD: anexar ou prender com corda, fio, etc.",122886
9258,tack,"COD:  fasten or fix with tacks or with temporary long stitches",177,Attaching,86,taco,"COD: prender ou fixar com grampos ou com pontos temporários longos",854
9259,glue,"COD: fasten or join with glue",177,Attaching,86,cola,"COD: prender ou unir com cola",17654
9261,tape,"COD: fasten, attach, or mark off with tape",177,Attaching,86,fita,"COD: prender, anexar ou marcar com fita adesiva",845
9262,pin,"COD: attach or fasten with a pin or pins",177,Attaching,86,pino,"COD: prender ou fixar com um alfinete ou alfinetes",30283
9265,chain,"COD: fasten, secure, or confine with a chain",177,Attaching,86,cadeia,"COD: prender, garantir ou confinar com uma corrente",16046
9266,paste,"COD: stick with paste",177,Attaching,86,colar,"COD: fique com a pasta",36763
9268,stick,"COD: adhere or cause to adhere.",177,Attaching,86,barro,"COD: aderir ou causar para aderir.",14941
9269,lash,"COD:  fasten securely with a cord or rope",177,Attaching,86,Corda,"COD: fixar firmemente com corda ou corda",693
9270,bond,"COD: join or be joined securely to something else. with obj. ",177,Attaching,86,fundo,"COD: unir-se ou ser unido de forma segura a algo mais. com obj.",762
9271,cinch,"COD: secure with a belt",177,Attaching,86,Cinto,"COD: seguro com uma correia",17363
9276,detach,"COD: disengage (something) and remove it",177,Attaching,86,desligar,"COD: desligar (algo) e remover",121097
9279,fetter,"COD: restrain with fetters. as adj. fettered ",177,Attaching,86,amarrar,"COD: restringir com algemas. como adj. algemado",122886
9290,attachment,"COD: an extra part or extension attached to perform a function.",177,Attaching,83,anexo,"COD: uma parte extra ou extensão anexada para realizar uma função.",9166
9294,hook,"FN: to attach or join together by means of a hook",177,Attaching,86,gancho,"FN: para fixar ou unir por meio de um gancho",1053
9296,attachment,"COD: the action of attaching",177,Attaching,83,anexo,"COD: a ação de anexar",9166
9297,strap,"COD: fasten or secure with a strap.",177,Attaching,86,faixa,"COD: prender ou asegurar com uma correia.",856
9298,adhere,"FN: to stick one item to another",177,Attaching,86,aderir,"FN: colar um item no outro",122263
9299,append,"FN: attaching one thing to another usually larger or more important one.",177,Attaching,86,apêndice,"FN: anexar uma coisa a outra geralmente maior ou mais importante.",13721
9302,yoke,"FN: attach with a crosspiece",177,Attaching,86,cintura,"FN: fixar com uma travessa",17365
9304,link,"COD: join physically.  ",177,Attaching,86,ligação,"COD: juntar fisicamente.",6654
9305,connect,"FN: join together",177,Attaching,86,conectar,"FN: junte-se",125209
9307,mount,"FN: fix in position",177,Attaching,86,montar,"FN: fixo na posição",120905
9308,wire,"FN: attach with wire",177,Attaching,86,fio,"FN: anexar com fio",22433
9320,engage,"COD:  participate or become involved in.",178,Intentionally_act,86,envolver,"COD: participar ou envolver-se em.",120771
39921,age,,178,Intentionally_act,83,idade,,9474
9334,up,"COD: from a lower to a higher point of. ",179,Locative_relation,90,acima,"COD: de um ponto mais baixo para um ponto mais alto de.",146602
9335,down,"COD: towards or in a lower place or position. ",179,Locative_relation,90,abaixo,"COD: em direção ou em um lugar ou posição mais baixa.",146603
