idLU,lemmaName(en),senseDescription(en),idFrame,frameName,idPOS,lemmaName(pt),senseDescription(pt),idLemma(pt)
31349,jumping,"the act of propeling oneself off the ground.",1359,Winning_moves,83,saltando,"o ato de se projetar do chão.",
31350,"leap off","to propel oneself off the ground.",1359,Winning_moves,86,"saltar para","propulsar-se do chão.",
31351,leaping,"the act of propeling oneself off the ground.",1359,Winning_moves,83,pular,"o ato de se projetar no ar.",
31359,suplex,"in wrestling, it is a throw that involves lifting the opponent and bridging or rolling to slam the opponent on their back.",1359,Winning_moves,83,suplex,"No wrestling, é um arremesso que envolve levantar o oponente e fazer uma ponte ou rolar para derrubá-lo de costas.",
31361,"fireman's carry","in wrestling, it is the blow that consists of the fighter holding the opponent's thigh, pulling the arm and throwing it over the shoulders.",1359,Winning_moves,83,"Carregar no fogo","No wrestling, é o golpe que consiste no lutador segurar a coxa do oponente, puxar o braço e lançá-lo por cima dos ombros.",
31480,"score opener","in football and other sports, is to score the first goal of the match.",1359,Winning_moves,86,"score opener","Em futebol e outros esportes, é marcar o primeiro gol da partida.",
31481,"open the score","in football and other sports, is to score the first goal of the match.",1359,Winning_moves,86,"Abra a partitura","No futebol e em outros esportes, marcar o primeiro gol da partida.",
31482,"untie the score","in football and other sports, is to score the first goal of the match.",1359,Winning_moves,86,"Desembaraçar o placar","Em futebol e outros esportes, é marcar o primeiro gol da partida.",
31483,adolph,"in trampoline gymnastics, it's the somersault forward with three and a half pirouettes.",1359,Winning_moves,83,Adolfo,"No trampolim, é o salto para a frente com três e meia voltas.",
31487,"whip back","in trampoline gymnastics, it is a flic without using hands.",1359,Winning_moves,83,"retorno rápido","Na ginástica de trampolim, é um flick sem usar as mãos.",
31488,wipe-out,"in trampoline gymnastics, it is the fall movement.",1359,Winning_moves,83,apagão,"No trampolim é o movimento de queda.",
31493,double-double,"in basketball, the player gets a double-double when he scores 10 or more points on two of the following requirements: number of points scored, assists made, rebounds, throw blocks, and steals. The name is given by the two digits.",1359,Winning_moves,83,"dobro do dobro","No basquete, um jogador consegue um ""double-double"" quando marca 10 ou mais pontos em dois dos seguintes requisitos: número de pontos marcados, assistências, rebotes, bloqueios e roubos de bola. O nome é dado pelos dois dígitos.",
31495,triffis,"in trampoline gymnastics, it is any triple somersault with a pirouette.",1359,Winning_moves,83,trifissias,"No trampolim ginástica, é qualquer triplo salto com uma piruetagem.",
31497,tkachev,"in artistic gymnastics, it is the movement in which the gymnast lets go of the bar, passes on his back over it in a carpeted position or with legs apart, and then picks up the bar again.",1359,Winning_moves,83,Ткачев,"No ginástica artística, é o movimento no qual o ginasta solta a barra, passa por cima dela de costas em uma posição encolhida ou com as pernas separadas e depois pega novamente na barra.",
31500,stützkehre,"in artistic gymnastics, it is the movement with the handstand. Small projection of the shoulders in front and the legs go down keeping the whole body firm. Passage through normal support - The legs should now be kicked forward and upwards; The support arm guides the body, giving direction and height. Fall in inverted support, followed by another handstand.",1359,Winning_moves,83,"estação de retorno","Na ginástica artística, é o movimento com a postura de mãos para baixo. Pequena projeção dos ombros na frente e as pernas vão para baixo mantendo o corpo firme. Passagem pelo suporte normal - As pernas devem agora ser chutadas para frente e para cima; O braço de suporte guia o corpo, dando direção e altura. Queda no suporte invertido, seguido por outro handstand.",
31502,"set point","a point that can decide a set of volleyball or tennis.",1359,Winning_moves,83,"ponto de ajuste","Um ponto que pode decidir um jogo de vôlei ou tênis.",
31504,"pak salto","in artistic gymnastics, it is the movement used to move from the lowest to the highest bar. The gymnast makes a similar movement with the flic-flac, as the pak jump is also a punctual preparatory movement.",1359,Winning_moves,83,"O que é isso? Não consigo entender sua pergunta. Você poderia esclarecer o que quer dizer com ""pak salto""? Forneça mais contexto ou detalhes para que eu possa tentar traduzir ou explicar.","No ginástica artística, é o movimento usado para se mover da barra mais baixa para a mais alta. O ginasta faz um movimento semelhante com o flic-flac, pois o pulo pak também é um movimento pontual preparatório.",
31506,"rudy out","a double front somersault with one and a half twists in the second somersault.",1359,Winning_moves,83,"Rudy está fora.","A dupla frente com uma e meia volta no segundo salto.",
31507,rudolph,"a single straight front somersault with one and a half twists.",1359,Winning_moves,83,rudolfo,"Uma sola reta frontal com um e meio giro.",
31508,round-off,"in trampoline gymnastics, it is the rolling jump.",1359,Winning_moves,83,arredondamento,"No trampolim, é o salto de rolar.",
31509,roll,"in fights, it is the movement in which the fighter rolls his opponent in the back when applying a bridge.",1359,Winning_moves,83,rolar,"Em lutas, é o movimento em que o lutador enrola seu oponente de costas ao aplicar uma ponte.",
31510,randy,"in trampoline gymnastics, it is the somersault forwards with two and a half pirouettes.",1359,Winning_moves,83,randi,"No ginástica trampolim, é o somersault para frente com duas e meia piruetas.",
31512,"back pullover","in trampoline gymnastics, it is a movement that does not occur from a back turn performed if 3/4 of a backward rotation ending in the standing position.",1359,Winning_moves,83,"back pullover","Na ginástica de trampolim, é um movimento que não ocorre de uma volta para trás realizada se 3/4 de uma rotação para trás terminando na posição em pé.",
31514,alley-oop,"in basketball, it is the play in which a player makes a high pass and his partner, jumping and with the ball still in the air, makes the basket, usually with a dunk.",1359,Winning_moves,83,Alley-oop,"No basquetebol, é o lance em que um jogador faz um passe alto e seu companheiro, saltando e com a bola ainda no ar, faz o cesto, geralmente com uma ""entrega"".",
31515,pivot,"in rhythmic gymnastics, it is a movement that deals with a 360 degrees rotation on one foot.",1359,Winning_moves,83,pivotar,"No ginástica rítmica, é um movimento que envolve uma rotação de 360 graus em um só pé.",
31516,pirouette,"in artistic gymnastics, it is swirling around the body itself, and is usually performed in the air.",1359,Winning_moves,83,piroueta,"Na ginástica artística, é uma rotação em torno do próprio corpo e geralmente é realizada no ar.",
31517,handstand,"a move in which the gymnast supports his body vertically on his hands in an upside-down position.",1359,Winning_moves,83,handstand,"uma movimentação na qual o ginasta sustenta seu corpo verticalmente em suas mãos numa posição de cabeça para baixo.",
31518,out,"in trampoline gymnastics, it is when you do a half or more pirouettes in the last somersault.",1359,Winning_moves,83,fora,"Em ginástica de trampolim, é quando você faz meia ou mais voltas no último salto.",
31520,mills,"in rhythmic gymnastics, it is the movement in which the athlete is able, with the help of devices such as clubs and ropes, to form a circle around her with the movements of her arms.",1359,Winning_moves,83,moinhos,"No ginásio rítmico, é o movimento no qual o atleta consegue, com a ajuda de aparelhos como tacos e cordas, formar um círculo em volta dela com os movimentos de seus braços.",
31521,miller,"a double back somersault with three full twists in any somersault.",1359,Winning_moves,83,milher,"A dupla volta de salto com três giros completos em qualquer salto.",
31523,"match point","a point that can decide a game of volleyball or tennis.",1359,Winning_moves,83,"ponto de partida","Um ponto que pode decidir um jogo de vôlei ou tênis.",
31526,koka,"in judo, it is the lowest score in judo. It is worth a quarter point. It occurs when the opponent falls sitting down. Four kokas do not generate the end of the fight, although it is cumulative.",1359,Winning_moves,83,Coca,"No judô, é a pontuação mais baixa no judô. Vale um quarto de ponto. Ocorre quando o oponente cai sentado. Quatro koka não geram o fim da luta, embora seja cumulativo.",
31529,in,"in trampoline gymnastics, it is when you do half or more pirouettes in the first somersault.",1359,Winning_moves,83,em,"Em ginástica de trampolim, é quando você faz meia ou mais piruetas na primeira volta.",
31530,"increase the score","in football and other sports, it is to score a goal for a team that is already winning the match.",1359,Winning_moves,86,"aumentar a pontuação","No futebol e em outros esportes, é marcar um gol para uma equipe que já está vencendo a partida.",
31531,"back half twist","in trampoline gymnastics, it is the somersault backwards with a half turn.",1359,Winning_moves,83,"meia-volta de costas","No trampolim, é uma volta para trás com meia volta.",
31532,"three quarter back","in trampoline gymnastics, it is the rotation of two hundred and seventy degrees backwards, it starts with the foot falling in the front position of the belly.",1359,Winning_moves,83,"three quarter back","Na ginástica de trampolim, é a rotação de 270 graus para trás, começa com o pé caindo na posição frontal do abdômen.",
31533,arch,"in synchronized swimming, it is when the athlete, with her legs horizontally aligned over the water, bends her body under water in an arc shape.",1359,Winning_moves,83,arquivo,"No nado sincronizado, é quando o atleta, com as pernas horizontalmente alinhadas sobre a água, curva o corpo debaixo d'água em uma forma de arco.",
31534,"surface arch","in synchronized swimming, it is when the athlete, with her legs horizontally aligned over the water, bends her body under water in an arc shape.",1359,Winning_moves,83,"arco em arco","No nado sincronizado, é quando o atleta, com as pernas horizontalmente alinhadas sobre a água, curva seu corpo debaixo d'água em uma forma de arco.",
31536,dime,"in basketball, it is the pass that results directly in a shot converted into a basket.",1359,Winning_moves,83,dime,"No basquetebol, é o passe que resulta diretamente em um arremesso convertido em cesta.",
31537,back,"in trampoline gymnastics, it is the somersault backwards.",1359,Winning_moves,83,"de volta","No trampolim ginástica é o salto para trás.",
31538,"ball out","in trampoline gymnastics, it is the somersault forwards starting from the back position.",1359,Winning_moves,83,"bola fora","No trampolim, é a volta-gira à frente começando da posição de costas.",
31539,"barani out","in trampoline gymnastics, double somersault forward with half a turn performed in the second somersault.",1359,Winning_moves,83,"Barani fora!","No trampolim, é uma ginástica dupla mortal com meia volta na segunda mortal.",
31541,break-point,"in tennis, it is a point that can define the game in favor of the receiver.",1359,Winning_moves,83,"ponto de interrupção","No tênis, é um ponto que pode definir o jogo a favor do receptor.",
31542,"ballet leg","in synchronized swimming, it is when the athlete lying horizontally raises one leg in ninety degrees.",1359,Winning_moves,83,"perna de balé","No nado sincronizado, é quando o atleta deitado de costas levanta uma perna em noventa graus.",
31543,layup,"in basketball, it is the type of throw in which the player approaches the basket and uses the backboard to place the ball in the basket.",1359,Winning_moves,83,lay-up,"No basquetebol, é o tipo de arremesso no qual o jogador se aproxima da cesta e utiliza a tabela para colocar a bola na cesta.",
31544,cody,"in trampoline gymnastics, it is the somersault backwards from the front position.",1359,Winning_moves,83,Cody.,"No trampolim, é a volta atrás da posição frontal.",
31545,complete,"in football and other sports, the player completes a move that results in the goal.",1359,Winning_moves,86,completo,"No futebol e em outros esportes, o jogador completa uma jogada que resulta no gol.",
31546,compulsory,"in trampoline gymnastics, it is a mandatory series, determined by the official body of the competition.",1359,Winning_moves,83,obrigatório,"No trampolim ginástica é uma série obrigatória, determinada pelo corpo oficial da competição.",
31549,diamidov,"in artistic gymnastics, it is an established movement in which the gymnast holds one of the bars with one hand and turns it around his own body.",1359,Winning_moves,83,diamido,"No ginástica artística, é um movimento estabelecido no qual o ginasta segura uma das barras com uma mão e gira-a em torno de seu próprio corpo.",
31550,"double back","in trampoline gymnastics, it is the double somersault backwards.",1359,Winning_moves,83,"dobrar de volta","No trampolim, é o duplo salto mortal para trás.",
31551,"double full","in trampoline gymnastics, it's the somersault with two pirouettes.",1359,Winning_moves,83,"duplo completo","No trampolim ginástica, é a volta com dois giros.",
31552,"double mini tramp","in trampoline gymnastics, it is the double mini tramp.",1359,Winning_moves,83,"pista de salto dupla","No trampolim, é o trampolim duplo pequeno.",
31553,"full twisting double pike","in artistic gymnastics, it is a variation of the twist jump, popularly known as a spinning pirouette around you, followed by a double somersault.",1359,Winning_moves,83,"dobro-piroueta dupla","No ginástica artística, é uma variação do salto de torção, popularmente conhecido como uma pirueta giratória em torno de você, seguida por um duplo salto mortal.",
31555,"slam dunk","in basketball, it is the play in which the player in the attack, very close to the basket, throws the ball or makes it enter.",1359,Winning_moves,83,"cesto fácil","No basquetebol, é a jogada em que o jogador no ataque, muito próximo da cesta, arremessa ou faz entrar a bola.",
31556,dunk,"in basketball, it is the play in which the player in the attack, very close to the basket, throws the ball or makes it enter.",1359,Winning_moves,83,Dunk,"No basquete, é o lance em que o jogador no ataque, muito próximo da cesta, arremessa a bola ou faz com que ela entre.",
31557,dunk,"in basketball, it is the play in which the player in the attack, very close to the basket, throws the ball or makes it enter.",1359,Winning_moves,86,Dunk,"No basquetebol, é o lance em que o jogador no ataque, muito próximo da cesta, arremessa a bola ou faz com que ela entre.",
31559,"straight stand","in artistic gymnastics, it is the position or stop in which the body must be in a straight line, without any angle.",1359,Winning_moves,83,"estação de carga","No ginástica artística, é a posição ou parada na qual o corpo deve estar em linha reta, sem nenhum ângulo.",
31560,layout,"in diving, it is the position in which the body is straight during the jump.",1359,Winning_moves,83,layout,"Em mergulho, é a posição em que o corpo está reto durante o salto.",
31562,"hole in one","in golf, hole made with just one stroke, from the start, tee.",1359,Winning_moves,83,"buraco no 1","No golfe, buraco feito com apenas um golpe, desde o início, tee.",
31565,"half nelson","in wrestling, it is an immobilization tactic where a nelson applies only one side, with one of the combat arms under one of the opponent's arms.",1359,Winning_moves,83,meia-nelson,"No wrestling, é uma tática de imobilização na qual um nelson aplica apenas um lado, com uma das extremidades do combate sob um dos braços do oponente.",
31566,"half in half out","in trampoline gymnastics, it is the double somersault with a half turn on the first somersault and another half turn on the second somersault.",1359,Winning_moves,83,"meio a meio","No trampolim da ginástica, é o duplo salto com meia volta no primeiro salto e outra meia volta no segundo salto.",
31567,"gut wrench","in wrestling, it is the movement in which the fighter rolls his opponent in the back when applying a bridge.",1359,Winning_moves,83,"estômago virado","No wrestling, é o movimento em que o lutador enrola seu oponente de costas enquanto aplica uma ponte.",
31569,"golden score","sudden death move in which, in the extra time of the game or competition, the game is ended after the first athlete or team scores. This usually occurs in judo.",1359,Winning_moves,83,"Pontuação de ouro","Ato de morte súbita em que, no tempo extra do jogo ou competição, o jogo é encerrado após o primeiro atleta ou equipe marcar um ponto. Isso geralmente ocorre no judô.",
31570,"golden point","sudden death move in which, in the extra time of the game or competition, the game is ended after the first athlete or team scores. This usually occurs in judo.",1359,Winning_moves,83,"Ponto dourado","Ato de morte súbita em que, no tempo extra do jogo ou competição, o jogo é encerrado após o primeiro atleta ou equipe marcar pontos. Isso geralmente ocorre no judô.",
31571,"olympic goal","in football, it is the goal scored by a player directly from a corner kick.",1359,Winning_moves,83,"Objetivo Olímpico","No futebol, é o gol marcado por um jogador diretamente de um chute de escanteio.",
31572,giant,"in artistic gymnastics, it is a roundabout around the three hundred and sixty degree bar, performed with the whole body in the extended position.",1359,Winning_moves,83,gigante,"No ginástica artística, é uma volta em torno do barra de trêscentos e sessenta graus, executada com o corpo todo estendido.",
31573,full,"in trampoline gymnastics, it is the somersault backwards with a pirouette.",1359,Winning_moves,83,cheio,"No trampolim, é o salto para trás com uma piruetada.",
31575,"three quarter front","in trampoline gymnastics, it is the 3/4 somersault movement falling in the back position.",1359,Winning_moves,83,"três quartos na frente","No trampolim, é o movimento de 3/4 de pirâmide com queda na posição de costas.",
31576,"front full","in trampoline gymnastics, it is the somersault forwards with a pirouette.",1359,Winning_moves,83,"frente completa","No trampolim, é o salto para trás com uma piruetada.",
