idLU,lemmaName(en),senseDescription(en),idFrame,frameName,idPOS,lemmaName(pt),senseDescription(pt),idLemma(pt)
7815,breed,"FN: a sort or kind, esp. a distinctive stock of animals or plants within a species, typically one deliberately developed",117,Type,83,raça,"FN: uma espécie ou tipo, especialmente uma população distinta de animais ou plantas dentro de uma espécie, geralmente desenvolvida intencionalmente",
7817,make,"FN: a specific line of goods as identified by the manufacturer or a trademark",117,Type,83,fazer,"FN: uma linha específica de mercadorias identificada pelo fabricante ou por uma marca registrada",
7818,race,"COD: each of the major divisions of humankind, having distinct physical characteristics.",117,Type,83,raça,"COD: cada uma das principais divisões da humanidade, com características físicas distintas.",
7822,version,"COD: a particular form of something differing in certain respects from an earlier form or from other forms of the same type of thing.",117,Type,83,versão,"COD: uma forma específica de algo que difere em certos aspectos de uma forma anterior ou de outras formas do mesmo tipo de coisa.",
7824,charge,"COD: a formal accusation made against a prisoner brought to trial",118,Notification_of_charges,83,carregar,"COD: uma acusação formal feita contra um prisioneiro levado a julgamento",
7826,indict,"COD: formally accuse or charge with a serious crime. ",118,Notification_of_charges,86,indiciar,"COD: acusar formalmente ou indiciar por um crime grave.",
7829,plead,"FN: enter a plea, usually ""innocent'  or ""guilty"".",119,Entering_of_plea,86,implorar,"FN: entrar com um pedido de absolvição, geralmente "" inocente"" ou "" culpado"".",
7830,plea,"COD: a formal statement by or on behalf of a defendant or prisoner, stating guilt or innocence in response to a charge, offering an allegation of fact, or claiming that a point of law should apply.",119,Entering_of_plea,83,plea,"COD: uma declaração formal por ou em nome de um réu ou preso, declarando culpa ou inocência em resposta a uma acusação, oferecendo uma alegação de fato ou alegando que um ponto de direito deve ser aplicado.",
7833,twinkle,"COD: a twinkling sparkle or gleam. ",120,Light_movement,83,brilhar,"COD: um brilho cintilante ou reluzente.",
7835,shine,"COD: give out a bright light",120,Light_movement,86,brilhe,"COD: dar uma luz brilhante",
7837,shine,"FN: a glow of bright light",120,Light_movement,83,brilhe,"FN: um brilho de luz brilhante",
7839,sheen,"COD: a soft lustre on a surface. ",120,Light_movement,83,Sheen,"COD: um brilho suave em uma superfície.",
7840,scintillation,"COD: a flash of light. ",120,Light_movement,83,Scintilação,"COD: um relâmpago.",
7841,scintillate,"FN: to emit flashes of light",120,Light_movement,86,scintilar,"FN: emitir faíscas de luz",
7842,refulgence,"FN: a very bright shine. ",120,Light_movement,83,refulgença,"FN: um brilho muito brilhante.",
7846,glister,"FN: to emit a sparkle",120,Light_movement,86,Glister,"FN: emitir um brilho",
7847,glister,"COD: a sparkle. ",120,Light_movement,83,Brilhar,"COD: um brilho.",
7852,glimmer,"COD: shine faintly with a wavering light.",120,Light_movement,86,"brilho fraco","COD: brilhar com uma luz vacilante.",
7853,glimmer,"COD: a faint or wavering light. ",120,Light_movement,83,"brilho fraco","COD: uma luz fraca ou vacilante.",
7856,flicker,"FN: to emit light unsteadily, intermittently",120,Light_movement,86,flicker,"FN: emitir luz de forma irregular e intermitente",
7857,flicker,"FN: the emission of light unsteadily from a source",120,Light_movement,83,flicker,"FN: emissão de luz instável de uma fonte",
7860,flare,"FN: to emit light with a sudden intensity, as of that emitted from a sudden fire",120,Light_movement,86,Flare,"FN: emitir luz com intensidade súbita, como aquela emitida por um fogo repentino",
7863,coruscate,"FN: emitting a flash or sparkle from a light source",120,Light_movement,86,coruscate,"FN: emitindo um flash ou faísca de uma fonte de luz",
7866,specimen,"COD: an example of something regarded as typical of its class or group, esp. of plants and animals",121,Instance,83,especimen,"COD: um exemplo de algo considerado típico de sua classe ou grupo, especialmente de plantas e animais",
7869,instance,"COD: a particular case",121,Instance,83,instância,"COD: um caso particular",
34395,serving,"One instance of determined dish.",121,Instance,83,servindo,"Uma instância de prato determinado.",
7873,erupt,"COD:  break out suddenly ",122,Process_start,86,erupir,"COD:  quebrar de repente",
7879,nascent,"COD: just coming into existence and beginning to display signs of future potential. ",122,Process_start,84,nascent,"COD: apenas entrando em existência e começando a exibir sinais de potencial futuro.",
34418,"come aboard","(fig) to start an activity.",122,Process_start,86,"Vamos a bordo!","(fig) iniciar uma atividade.",
7883,petticoat,"COD: a woman' s light, loose undergarment in the form of a skirt or dress.",123,Clothing,83,Petticoat,"COD: uma roupa interior feminina leve e solta na forma de uma saia ou vestido.",
7884,ballgown,"FN: a long dress, worn for the formal occasion of a ball",123,Clothing,83,"vestido de festa","FN: um vestido longo, usado para a ocasião formal de um baile",
7885,culottes,"COD: women' s knee-length trousers, cut with very full legs to resemble a skirt.",123,Clothing,83,culotes,"COD: calças de comprimento até o joelho para mulheres, com pernas muito cheias para parecer uma saia.",
7887,jodhpurs,"COD: trousers worn for horse riding that are close-fitting below the knee and have reinforced patches on the inside of the leg.",123,Clothing,83,Jodhpurs,"COD: calças usadas para equitação que são justas abaixo do joelho e possuem reforços na parte interna da perna.",
7889,stocking,"COD: a woman' s garment that fits closely over the foot and leg, typically made of fine knitted nylon yarn, held up by suspenders or an elasticated strip at the upper thigh.",123,Clothing,83,abastecimento,"COD: uma peça de roupa feminina que se ajusta de forma apertada ao pé e à perna, tipicamente feita de fios de nylon tricotados finos, sustentada por suspensórios ou uma tira elástica na coxa superior.",
7890,leggings,"COD: protective overgarments for the legs",123,Clothing,83,legging,"COD: vestes protetoras para as pernas",
7891,tunic,"FN: a short, coat-like  garment reaching",123,Clothing,83,túnica,"FN: uma peça curta de roupa, semelhante a um casaco, que chega até",
7892,slip,"COD: a loose-fitting garment, especially a short petticoat.",123,Clothing,83,escorregar,"COD: uma roupa solta, especialmente um curto corset.",
7893,gown,"COD: a long dress worn on formal occasions.",123,Clothing,83,"vestido de noite","COD: um vestido longo usado em ocasiões formais.",
7895,shorts,"short trousers that reach only to the knees or thighs. ",123,Clothing,83,"calças curtas","Calças curtas que chegam apenas até os joelhos ou coxas.",
7898,wrap,"COD: a loose outer garment or piece of material. [Clothing]",123,Clothing,83,embrulhar,"COD: uma vestimenta externa solta ou pedaço de material. [Roupas]",
7904,greatcoat,"COD: a long heavy overcoat. ",123,Clothing,83,"casaco longo","COD: um longo e pesado casaco.",
7905,overcoat,"COD: a long warm coat. ",123,Clothing,83,"casaco de inverno","COD: um longo casaco quente.",
7906,jacket,"an outer garment extending to the waist or hips, with sleeves and a fastening down the front.",123,Clothing,83,jacketo,"Um vestuário exterior que se estende até à cintura ou às ancas, com mangas e um fecho na frente.",
7907,vest,"a sleeveless garment worn on the upper part of the body.",123,Clothing,83,vest,"uma peça de roupa sem mangas usada na parte superior do corpo.",
7908,tie,"COD: a strip of material worn around the neck beneath a collar, tied in a knot at the front. [Clothing]",123,Clothing,83,amarrar,"COD: uma tira de material usada ao redor do pescoço sob um colarinho, amarrada em um nó na frente. [Roupas]",
7909,hose,"COD: stockings, socks, and tights",123,Clothing,83,"tubo de água","Meias, meias de compressão e meias-calças",
7910,hosiery,"COD: stockings, socks, and tights collectively",123,Clothing,83,Meias,"COD: meias-calças, meias e meias de compressão coletivamente",
7913,finery,"COD: ostentatious clothes or decoration. ",123,Clothing,83,finaria,"COD: roupas ou decorações extravagantes.",
