idLU,lemmaName(en),senseDescription(en),idFrame,frameName,idPOS,lemmaName(pt),senseDescription(pt),idLemma(pt)
5911,tread,"COD:  walk on or along",58,Self_motion,86,tratar,"COD: caminhar ou andar ao longo de",120628
5912,trek,"COD: go on a trek.",58,Self_motion,86,trilha,"COD: ir em uma caminhada.",6807
5913,trip,"COD: catch one' s foot on something and stumble or fall.",58,Self_motion,86,viagem,"COD: tropeçar ou cair ao pisar em algo.",618
5916,trudge,"COD: walk slowly and with heavy steps, typically because of exhaustion or harsh conditions.",58,Self_motion,86,tristeza,"COD: andar devagar e com passos pesados, tipicamente por causa de exaustão ou condições adversas.",9213
5921,walk,"COD: an excursion or act of travelling on foot.",58,Self_motion,83,andar,"COD: uma excursão ou ato de viajar a pé.",8636
5922,waltz,"COD: move or act lightly, casually, or inconsiderately:",58,Self_motion,86,Valsa,"COD: mover ou agir de forma leve, casual ou descuidada:",8775
5923,wander,"COD: walk or move in a leisurely, casual, or aimless way.",58,Self_motion,86,vaguear,"COD: caminhar ou se mover de maneira descontraída, casual ou sem rumo.",120925
5924,wriggle,"COD: move with wriggling movements. ",58,Self_motion,86,Rolar,"COD: move com movimentos contorcidos.",117232
5927,skim,"COD: move quickly and lightly over or on a surface or through the air.",58,Self_motion,86,Espremer,"COD: mover-se rapidamente e levemente sobre ou em uma superfície ou pelo ar.",129692
5930,proceed,"COD: move forward.",58,Self_motion,86,proceder,"COD: avançar.",116949
5933,head,"COD: move in a specified direction",58,Self_motion,86,cabeça,"COD: mover em uma direção especificada",6542
5935,make,"COD: prepare to go in a particular direction or do a particular thing",58,Self_motion,86,fazer,"COD: preparar-se para ir em uma direção específica ou fazer uma coisa específica",116954
5936,stalk,"COD: stride in a proud, stiff, or angry manner",58,Self_motion,86,perseguição,"COD: caminhar com orgulho, postura rígida ou atitude irritada",30083
5937,venture,"COD: undertake a risky or daring journey or course of action",58,Self_motion,86,empreendimento,"COD: empreender uma jornada ou um curso de ação arriscado e ousado",9607
5938,storm,"COD: move angrily or forcefully in a specified direction.",58,Self_motion,86,tempestade,"COD: mover com raiva ou força em uma direção especificada.",10196
5941,drive,"FN: (of a vehicle) move under its own power or directed by a driver",58,Self_motion,86,dirigir,"FN: (de um veículo) mover-se sob o seu próprio poder ou dirigido por um motorista",120880
5942,sail,"FN: (of watercraft) move across water.",58,Self_motion,86,Navegar,"FN: (de embarcação) mover-se sobre a água.",120740
5944,cruise,"FN: (of a vehicle) move smoothly and rapidly.",58,Self_motion,86,cruzeiro,"FN: (de um veículo) mover-se suavemente e rapidamente.",8614
5945,tack,"FN: (of a watercraft) move into and through a wind",58,Self_motion,86,taco,"FN: (de um barco) mover-se em e através de um vento",854
5946,taxi,"FN: (of an aircraft) move slowly on the ground after landing or before take-off.",58,Self_motion,86,táxi,"FN: (de um avião) mover-se lentamente no chão após o pouso ou antes do decolagem.",569
5947,shoulder,"FN: move while pushing aside obstacles or bystanders with one' s shoulder",58,Self_motion,86,ombro,"FN: mover-se empurrando obstáculos ou transeuntes com o ombro",29034
5949,swing,"FN: to propel oneself changing direction suddenly",58,Self_motion,86,balanço,"FN: para se propulsar mudando repentinamente de direção",14756
5952,way,"COD: used with a verb and adverbial phrase to intensify the force of an action or to denote movement or progress.",58,Self_motion,83,caminho,"COD: usado com um verbo e uma frase adverbia para intensificar a força de uma ação ou para denotar movimento ou progresso.",6733
5955,advance,"FN: physcially move foward",58,Self_motion,86,avanço,"FN: fisicamente mover para frente",14530
5958,rip,"FN: move quickly and aggressively",58,Self_motion,86,rasgar,"FN: mova-se rapidamente e agressivamente",117200
5959,slouch,"FN: move while stooped over, awkwardly or lazily.",58,Self_motion,86,dourar,"FN: mover-se enquanto inclinado, de forma desajeitada ou preguiçosa.",127575
5963,shrink,"FN: To move without being noticed or with the intent of going unnoticed, connoting either secrecy or insecurity depending on context.",58,Self_motion,86,diminuir,"FN: Mover-se sem ser notado ou com a intenção de passar despercebido, denotando seja segredo ou insegurança dependendo do contexto.",120616
5966,whisk,"FN: to move quickly and suddenly in a direction ",58,Self_motion,86,Bater,"FN: mover-se rapidamente e repentinamente em uma direção",117005
5968,balloon,"FN: move by operating a balloon",59,Operate_vehicle,86,balão,"FN: movimento por operação de balão",639
5969,bicycle,"COD: ride a bicycle",59,Operate_vehicle,86,bicicleta,"Andar de bicicleta",636
5970,bike,"COD: ride a bicycle or motorcycle.",59,Operate_vehicle,86,bicicleta,"COD: andar de bicicleta ou motocicleta.",636
5971,boat,"COD: travel in a boat.",59,Operate_vehicle,86,barco,"COD: viajar de barco.",122
5972,canoe,"COD: travel in or paddle a canoe.",59,Operate_vehicle,86,canoa,"COD: viajar ou remar em canoa.",830
5973,caravan,"FN: (of a group) to travel in a line of separate vehicles",59,Operate_vehicle,86,caravana,"FN: (de um grupo) viajar em uma linha de veículos separados",9133
5974,cycle,"COD: ride a bicycle",59,Operate_vehicle,86,ciclo,"Andar de bicicleta",17288
5975,motor,"COD: travel in a car.",59,Operate_vehicle,86,motor,"COD: viajar de carro.",37087
5978,pedal,"COD: move (a bicycle, pedalo, etc.) by working the pedals.",59,Operate_vehicle,86,pedal,"COD: move (de bicicleta, de pedalo, etc.) trabalhando os pedais.",29793
5979,punt,"COD: travel or convey in a punt.",59,Operate_vehicle,86,Ponto,"COD: viajar ou transportar em um pontão.",487
5981,row,"COD: propel (a boat) with oars",59,Operate_vehicle,86,fila,"COD: remar (um barco) com remos",9371
5982,skate,"COD: move on ice skates or roller skates in a gliding fashion.",59,Operate_vehicle,86,patins,"COD: desliza sobre patins ou patins de gelo de forma deslizante.",69488
5984,tack,"FN: to follow a course against the wind when sailing",59,Operate_vehicle,86,taco,"FN: seguir um curso contra o vento quando velejar",854
5985,taxi,"COD: (with reference to an aircraft) move or cause to move slowly along the ground before take-off or after landing.",59,Operate_vehicle,86,Táxi,"COD: (referente a um avião) mover ou causar que se mova lentamente ao longo da pista antes do decolagem ou após o pouso.",569
5987,cruise,"FN: control a vehicle to move smoothly and in an efficient manner",59,Operate_vehicle,86,cruzeiro,"FN: controle um veículo para se mover suavemente e de maneira eficiente",8614
5988,drive,"COD: operate and control the direction and speed of a motor vehicle. ",59,Operate_vehicle,86,dirigir,"COD: operar e controlar a direção e velocidade de um veículo motorizado.",120880
5989,ride,"COD: sit on and control the movement of (a horse, bicycle, or motorcycle). ",59,Operate_vehicle,86,Andar,"COD: sentar e controlar o movimento de (um cavalo, bicicleta ou motocicleta).",116882
5990,sail,"FN: operate and control the motion of a watercraft.",59,Operate_vehicle,86,Navegar,"FN: operar e controlar o movimento de uma embarcação.",120740
5991,fly,"COD: control the flight of (an aircraft)",59,Operate_vehicle,86,voar,"COD: controlar o voo de (uma aeronave)",116878
5992,attend,"FN: perceive, note",60,Perception_active,86,atender,"F: perceber, notar",117280
5995,gaze,"COD:  a steady intent look",60,Perception_active,83,gaze,"COD: um olhar determinado",23327
5996,gaze,"COD: look steadily and intently",60,Perception_active,86,gaze,"COD: olhe fixamente e intensamente",23327
