idLU,lemmaName(en),senseDescription(en),idFrame,frameName,idPOS,lemmaName(pt),senseDescription(pt),idLemma(pt)
9338,border,"COD: (of a country or area) be adjacent to (another)",179,Locative_relation,86,fronteira,"COD: (de um país ou região) ser adjacente a (outro)",
9340,near,"COD: also near to ",179,Locative_relation,90,perto,"COD: também perto de",
9341,underground,"COD: beneath the surface of the ground.",179,Locative_relation,84,underground,"COD: abaixo da superfície do solo.",
9343,above-ground,"FN: above the surface of the ground.",179,Locative_relation,84,"acima do solo","FN: acima da superfície do solo.",
9344,underground,"FN: toward a place beneath the surface of the ground.",179,Locative_relation,89,underground,"FN: em direção a um lugar sob a superfície do solo.",
9346,everywhere,"COD: in or to all places.",179,Locative_relation,89,"em todo lugar","COD: em ou para todos os lugares.",
9347,elsewhere,"COD: in, at, or to some other place or other places.",179,Locative_relation,89,"em outro lugar","COD: em, em algum lugar ou outros lugares.",
9349,surrounding,"FN: being around (an area)",179,Locative_relation,84,envoltório,"FN: estar em torno de (uma área)",
9353,north,"COD: to or towards the north.",179,Locative_relation,90,norte,"COD: ao ou em direção ao norte.",
9354,south,"COD: to or towards the south.",179,Locative_relation,90,sul,"COD: ao ou em direção ao sul.",
9356,west,"COD: to or towards the west.",179,Locative_relation,90,oeste,"COD: ao ou em direção ao oeste.",
9357,ubiquitous,"FN: all over, everywhere.",179,Locative_relation,84,ubíquo,"FN: em todos os lugares.",
9358,there,"FN: referring to a place that is not here",179,Locative_relation,89,está,"FN: referindo-se a um lugar que não está aqui",
9359,offshore,"FN: to be located off of the shore of some land mass. ",179,Locative_relation,84,offshore,"FN: estar localizado fora da costa de alguma massa terrestre.",
9361,past,"FN: after",179,Locative_relation,90,passado,"FN: depois",
9363,southeast,"FN: being located south and east of a point",179,Locative_relation,90,sudeste,"FN: estar localizado ao sul e a leste de um ponto",
9365,throughout,"FN: in all parts of, over the entire range of, sometimes implying ""uniformly""",179,Locative_relation,90,"em todo o lugar","FN: em todas as partes de, sobre o todo o intervalo de, às vezes implicando ""uniforme",
9366,meet,"FN: be physically touching with (something)",179,Locative_relation,86,encontrar-se,"FN: estar tocando fisicamente com (algo)",
9367,bracket,"FN: surround on either side",179,Locative_relation,86,colchete,"FN: cercar de ambos os lados",
9368,southwest,"FN: being located south and west of a point",179,Locative_relation,90,sudoeste,"FN: estar localizado ao sul e a oeste de um ponto",
9369,northeast,"FN: being located north and east of a point",179,Locative_relation,90,noroeste,"FN: estar localizado ao norte e a leste de um ponto",
9370,northwest,"FN: being located north and west of a point",179,Locative_relation,90,noroeste,"FN: estar localizado ao norte e a oeste de um ponto",
29212,far,"something that is located in a region far from a specific target.",179,Locative_relation,89,faro,"algo que está localizado em uma região longe de um alvo específico.",
29480,"in the air","be suspended in the air.",179,Locative_relation,90,"No ar","ser suspenso no ar.",
29481,"in midair","be suspended in the air.",179,Locative_relation,90,"em pleno ar","ser suspenso no ar.",
32724,back,"FN: in a previous location.",179,Locative_relation,89,"de trás","FN: em uma localização anterior.",
9375,bust,"COD: arrest. ",182,Arrest,86,busto,"COD: prisão.",
9376,nab,"COD: catch (someone) doing something wrong. ",182,Arrest,86,nab,"COD: pegar alguém fazendo algo errado.",
9377,collar,"COD: seize or apprehend (someone). ",182,Arrest,86,colarinho,"COD: capturar ou apreender (alguém).",
9380,bust,"COD: a police raid. ",182,Arrest,83,busto,"COD: a invasão da polícia.",
9383,summons,"FN: serve an order to appear in court",182,Arrest,86,intimações,"FN: serve uma intimação para comparecer em tribunal",
9386,way,"COD: in place names a road, track, path, or street. ",183,Roadways,83,"caminho"" ou ""jeito","COD: em nomes de lugares, uma estrada, trilha, caminho ou rua.",
9392,highway,"COD: .chiefly N. Amer. a main road. ",183,Roadways,83,autoestrada,"COD: .principalmente América do Norte uma estrada principal.",
9393,expressway,"COD: chiefly N. Amer. an urban motorway",183,Roadways,83,Expressway,"COD: principalmente uma autoestrada americana urbana",
9394,motorway,"COD: Brit. a road designed for fast traffic, consisting of two or more lanes in each direction and with restricted access and exits. ",183,Roadways,83,autoestrada,"COD: Br. uma estrada projetada para tráfego rápido, consistindo em duas ou mais faixas em cada direção e com acesso e saídas restritos.",
9396,pavement,"COD: Brit. a raised paved or asphalted path for pedestrians at the side of a road. [Building] ",183,Roadways,83,pavimento,"COD: Brit. uma calçada elevada ou pavimentada para pedestres ao lado de uma estrada. [Edifício]",
9398,overpass,"COD: a bridge by which a road or railway line passes over another. [Engin] ",183,Roadways,83,"ponte sobrecarregada","COD: uma ponte por onde uma estrada ou linha ferroviária passa sobre outra.",
9399,railway,"COD: a track made of rails along which trains run. ",183,Roadways,83,ferroviário,"COD: a pista feita de trilhos ao longo dos quais os trens correm.",
9400,railroad,"COD: North American term for railway.",183,Roadways,83,"caminho de ferro","COD: termo norte-americano para ferrovia.",
9403,crosswalk,"COD: a pedestrian crossing",183,Roadways,83,"Passagem de peões","COD: uma travessia para pedestres",
9406,autobahn,"COD: a German, Austrian, or Swiss motorway. ",183,Roadways,83,autobahn,"COD: uma autoestrada alemã, austríaca ou suíça.",
9410,boulevard,"COD: a wide street, typically one lined with trees.",183,Roadways,83,boulevard,"COD: uma rua larga, geralmente alinhada com árvores.",
9412,freeway,"COD: a toll-free highway",183,Roadways,83,freeway,"COD: uma estrada com pedágio",
9413,pathway,"COD: a path or its course. ",183,Roadways,83,caminhar,"COD: o caminho ou sua trajetória.",
9414,roadway,"COD:  the part of a road intended for vehicles, in contrast to the pavement or verge. ",183,Roadways,83,"via de trânsito","COD: a parte de uma estrada destinada a veículos, em contraste com o passeio ou calçada.",
9416,byway,"COD: a minor road or path. ",183,Roadways,83,atalho,"COD: uma estrada secundária ou caminho.",
9417,cul-de-sac,"COD: a street or passage closed at one end. ",183,Roadways,83,cul-de-sac,"COD: uma rua ou passagem fechada em um de seus extremos.",
9418,driveway,"COD: a short private road leading to a house. ",183,Roadways,83,"entrada de carro","COD: uma pequena estrada privada que leva a uma casa.",
9419,parkway,"COD: an open landscaped highway. ",183,Roadways,83,Parkway,"COD: uma estrada aberta e arborizada.",
9420,runway,"COD: strip of hard ground along which aircraft take off and land or a raised gangway extending into an auditorium, especially as used for fashion shows.",183,Roadways,83,"pista de pouso","COD: faixa de solo duro ao longo da qual aeronaves decolam e pousam ou uma passarela elevada que se estende para um auditório, especialmente como usada para desfiles de moda.",
9422,flyover,"COD: a bridge carrying one road or railway line over another. ",183,Roadways,83,"Passagem aérea","COD: uma ponte que transporta uma estrada ou linha ferroviária sobre outra.",
9423,rail,"FN: the railroad; train",183,Roadways,83,carril,"FN: a ferrovia; trem",
9430,addiction,"COD: the fact or condition of being addicted",191,Addiction,83,vício,"COD: o fato ou condição de ser viciado",
9431,compulsive,"COD: resulting from or acting on an irresistible urge or compulsion",191,Addiction,84,compulsivo,"COD: resultante de ou agindo por um impulso irresistível ou compulsão",
9434,habit,"FN: addiction",191,Addiction,83,habitar,Adição,
