idLU,lemmaName(en),senseDescription(en),idFrame,frameName,idPOS,lemmaName(pt),senseDescription(pt),idLemma(pt)
22086,ejection,"elimination of the athlete or team from the competition.",1343,Sanctions,83,ejeção,"Desqualificação do atleta ou da equipe da competição.",
22092,punishing,"punishment or sanction given in some sports for committing certain infractions.",1343,Sanctions,83,castigando,"punição ou sanção dada em alguns esportes por cometer certas infrações.",
31058,"black card","in some sports, it represents a disqualification from the competition for misconduct.",1343,Sanctions,83,"Carta preta","Em alguns esportes, representa uma desqualificação da competição por má conduta.",
31059,dismissal,"elimination of the athlete or team from the competition.",1343,Sanctions,83,demissão,"Desclassificação do atleta ou da equipe da competição.",
31063,"free throw","in basketball, after the fifth foul in a quarter, the other team will automatically take two free throws as a penalty applied to the foul by the opposing team. After the fifth foul, each new foul entitles the opponent to two more free throws.",1343,Sanctions,83,"lançamento de três pontos","No basquete, após o quinto falta em um quarto, a outra equipe automaticamente faz dois lances livres como penalidade aplicada pela falta da equipe adversária. Após o quinto falta, cada nova falta dá direito à equipe adversária de mais dois lances livres.",
31064,throw-in,"sanction applied that grants the other team possession of the ball.",1343,Sanctions,83,throw-in,"Sanção aplicada que concede ao outro time a posse da bola.",
31065,man-up,"in polo, when a team stays for 20 seconds with an extra player after the suspension of an opposing athlete.",1343,Sanctions,83,"Aperte o botão de upload.","No polo, quando uma equipe fica com um jogador a mais por 20 segundos após a suspensão de um atleta adversário.",
31066,offside,"a pass to a receiver that is ahead of the passer.",1343,Sanctions,83,"Fora de jogo","Um passe para um receptor que está à frente do passador.",
31069,"free kick","it is a way to put the ball back into play after an infraction.",1343,Sanctions,83,"chute livre","É uma maneira de colocar a bola em jogo após uma infração.",
32152,"penalty kick","in football, it is the direct free kick to goal without barrier.",1343,Sanctions,83,"chute penal","No futebol, é o chute livre direto para o gol sem barreira.",
3163,fencing,"a martial art and sport of duelling with swords, especially the style that originated in Europe, to score points under a set of rules.",1349,Sports,83,fencing,"A arte marcial e o esporte de duelo com espadas, especialmente o estilo que surgiu na Europa, para marcar pontos sob um conjunto de regras.",
3167,handball,"a sport where two teams of seven players each (six players and a goalkeeper) pass and bounce a ball trying to throw it in the goal of the opposing team.",1349,Sports,83,handball,"O esporte onde duas equipes de sete jogadores cada (seis jogadores e um goleiro) passam e chutam uma bola tentando jogá-la no gol da equipe adversária.",
3168,"horse racing","a sport known as horseback riding, referring to the skill of riding, driving, steeplechasing or vaulting with horses.",1349,Sports,83,"Corrida de cavalos","Um esporte conhecido como equitação, referindo-se à habilidade de montar, dirigir, correr com obstáculos ou saltar com cavalos.",
3170,wrestling,"a sport consisting of hand-to-hand combat between two unarmed contestants seeking to pin or press each other's shoulders to the ground.Involves grappling type techniques such as clinch fighting, throws and takedowns, joint locks, pins and other grappling holds.",1349,Sports,83,wrestling,"O combate corpo a corpo entre dois lutadores desarmados que buscam derrubar ou forçar os ombros do oponente ao chão. Envolve técnicas de luta corporal, como luta em empurrões, arremessos e quedas, travamentos articulares, imobilizações e outras posições de luta corporal.",
3174,archery,"a sport of shooting arrows with a bow.",1349,Sports,83,Arqueria,"O esporte de atirar flechas com um arco.",
3177,sailing,"a sport of navigating a sailboat through the sea or lagoon with a route, competing with others.",1349,Sports,83,Navegar,"O esporte de navegar um barco à vela pelo mar ou lagoa com rota, competindo com outros.",
28074,equestrian,"a sport known as horseback riding, referring to the skill of riding, steeplechasing or vaulting with horses.",1349,Sports,83,equestre,"Um esporte conhecido como equitação, referindo-se à habilidade de cavalgar, corridas de obstáculos ou salto com cavalos.",
28114,"artistic swimming","a hybrid sport, which includes concepts of swimming, gymnastics and dance, consisting of swimmers (individuals, duets, trios, teams or combos) performing a synchronized routine of elaborate and dramatic movements in the water, accompanied by a song.",1349,Sports,83,"Nado artístico","Um esporte híbrido, que inclui conceitos de natação, ginástica e dança, consistindo em nadadores (individuais, duetos, trios, equipes ou combinações) realizando uma rotina sincronizada de movimentos elaborados e dramáticos na água, acompanhada por uma música.",
28115,"synchronised swimming","a hybrid sport, which includes concepts of swimming, gymnastics and dance, consisting of swimmers (individuals, duets, trios, teams or combos) performing a synchronized routine of elaborate and dramatic movements in the water, accompanied by a song.",1349,Sports,83,"natação sincronizada","Um esporte híbrido, que inclui conceitos de natação, ginástica e dança, consistindo em nadadores (individuais, duetos, trios, equipes ou combinações) realizando uma rotina sincronizada de movimentos elaborados e dramáticos na água, acompanhada por uma música.",
28116,diving,"a sport that involves jumping from a raised platform or trampoline towards the water, performing aesthetic movements during the fall.",1349,Sports,83,mergulho,"Um esporte que envolve saltar de uma plataforma elevada ou trampolim em direção à água, realizando movimentos estéticos durante a queda.",
28125,"field hockey","a sport practiced by two teams of 11 players. The goal is to try to score as many goals as possible by leading the ball by means of a stick.",1349,Sports,83,"hóquei de campo","O esporte praticado por duas equipes de 11 jogadores. O objetivo é tentar marcar o máximo de gols possível levando a bola por meio de um bastão.",
28129,skateboarding,"a sport in which the athlete slides over the ground and overcomes obstacles by balancing on a four-wheeled board.",1349,Sports,83,Skateboarding,"Um esporte no qual o atleta desliza sobre o chão e supera obstáculos equilibrando-se em uma prancha de quatro rodas.",
31143,sports,"of or relating to a sport.",1349,Sports,84,esportes,"De ou relacionado com um esporte.",
33502,squash,"A game in which two players use rackets to hit a small, soft rubber ball against the walls of a closed court.",1349,Sports,83,espinho,"Um jogo em que dois jogadores usam raquetes para atingir uma pequena bola de borracha macia contra as paredes de um campo fechado.",
27732,closing,"ceremony that marks the end of one of the editions of the Olympic Games.",1352,Ceremonies,83,fechamento,"cerimônia que marca o fim de uma das edições dos Jogos Olímpicos.",
3237,kicking,"the act of delivering a blow with the foot. In swimming, it is the movement in which there is the movement of the legs against the water to gain boost.",1356,Individual_moves,83,chutar,"O ato de dar um chute com o pé. No nado, é o movimento em que há o movimento das pernas contra a água para ganhar impulso.",
3239,kick,"a kick is a physical strike using the foot, leg, or knee.",1356,Individual_moves,83,chutar,"Um chute é um golpe físico usando o pé, perna ou joelho.",
3242,dink,"a soft return so that the tennis ball drops abruptly after crossing the net.",1356,Individual_moves,83,dink,"um retorno suave para que a bola de tênis caia abruptamente depois de cruzar a rede.",
3243,"drop shot","in tennis, it is a shot in which the ball is hit relatively softly, and lands just over and close to the net. In volleyball, it is a weightless move, when an athlete, instead of attacking the ball, throws it slightly towards the rival court, close to the net, aiming for an empty space on the court.",1356,Individual_moves,83,tiro-da-raia,"No tênis, é um golpe no qual a bola é atingida relativamente suavemente e cai logo acima e perto da rede. No vôlei, é um movimento sem peso, quando um atleta, em vez de atacar a bola, a lança levemente para o lado do adversário, perto da rede, visando um espaço vazio na quadra.",
3244,corner-kick,"a free kick from the corner awarded to the other side when a player has sent the ball behind his own goal line.",1356,Individual_moves,83,"chute de canto","uma cobrança de falta direta concedida quando um jogador envia a bola atrás da sua própria linha de gol.",
3247,leaping,"a light, self-propelled movement upwards or forwards.",1356,Individual_moves,83,pular,"um movimento leve, autopropulsado para cima ou para frente.",
3249,jumping,"the act of jumping. Propelling yourself off the ground.",1356,Individual_moves,83,pular,"o ato de pular. Impulsionar-se do chão.",
3250,hop,"the act of jumping; propelling yourself off the ground.",1356,Individual_moves,83,pular,"O ato de pular; impulsionar-se do chão.",
3256,dash,"group of short running events in athletics. A short race at top speed. A short run.",1356,Individual_moves,83,dash,"Um grupo de provas de corrida de curta distância no atletismo. Uma corrida curta a alta velocidade. Uma corrida curta.",
3881,bounce,"to rebound an object, usually a ball, from an impact.",1356,Individual_moves,86,rebatida,"Rebater um objeto, geralmente uma bola, de um impacto.",
3891,"crosscourt shot","In tennis, it is the act of hitting the ball diagonally into the opponent's court.",1356,Individual_moves,83,"tiro de quique-que","No tênis, é o ato de acertar a bola diagonalmente na quadra do adversário.",
