idLU,lemmaName(en),senseDescription(en),idFrame,frameName,idPOS,lemmaName(pt),senseDescription(pt),idLemma(pt)
18536,unaltered,"FN: describes entities which have not undergone change (in a situation where change might have been expected).",1376,Change_post-state,84,inalterado,"FN: descreve entidades que não passaram por mudanças (em uma situação onde mudanças poderiam ter sido esperadas).",
18515,cite,"FN: to summon officially to appear in court",1377,Citing,86,cite,"FN: convocar oficialmente para comparecer no tribunal",
18516,summons,"FN: to serve with a summons; to call officially to appear before a court",1377,Citing,86,intimações,"FN: servir com uma intimação; chamar oficialmente para comparecer perante um tribunal",
18518,summons,"FN: an official call or citation to appear before a court",1377,Citing,83,intimações,"FN: uma intimação oficial para comparecer perante um tribunal",
18520,"notice to appear","FN: an official call or summons to appear before a court",1377,Citing,83,"aviso de comparecimento","FN: uma convocação oficial para comparecer perante um tribunal",
18550,co-worker,"FN: fellow worker; someone who works for the same company or institution.",1378,Co-association,83,co-trabalhador,"FN: colega de trabalho; alguém que trabalha para a mesma empresa ou instituição.",
18552,countryman,"FN: people from the same country, or having the same citizenship.",1378,Co-association,83,camponês,"FN: pessoas do mesmo país ou com a mesma cidadania.",
18554,co-religionist,"FN: a fellow member of the same religion.",1378,Co-association,83,co-religioso,"FN: um colega membro da mesma religião.",
18555,fellow,"FN: Having the same employer, belonging to the same organization or institution, of the same nationality, etc.",1378,Co-association,84,colega,"FN: Ter o mesmo empregador, pertencer à mesma organização ou instituição, ser da mesma nacionalidade, etc.",
18556,comrade,"FN: member of the same political party or military institution, co-worker.",1378,Co-association,83,compañero,"FN: membro do mesmo partido político ou instituição militar, colega de trabalho.",
18557,brother,"FN: member of the same fraternal organization or men' s religious order. More generally, member of the same church or labor union (the latter usually plural, including the form ""bretheren"").",1378,Co-association,83,Irmão.,"FN: membro da mesma organização fraterna ou ordem religiosa masculina. Mais geralmente, membro da mesma igreja ou sindicato trabalhista (este último geralmente no plural, incluindo a forma ""irmãos"").",
18564,"come down","FN: begin to suffer from a disease.",1379,Come_down_with,86,"Vem cá embaixo.","FN: começar a sofrer de uma doença.",
13584,outlaw,"FN: to make illegal to do something.",1381,Deny_or_grant_permission,86,foras-da-lei,"FN: tornar algo ilegal.",
13589,clear,"FN: to allow by deeming fit",1381,Deny_or_grant_permission,86,claro,"FN: permitir por considerar conveniente",
13590,greenlight,"COD: give permission to go ahead with. ",1381,Deny_or_grant_permission,86,"luz verde","COD: dar permissão para seguir em frente com.",
13591,leave,"COD: permission",1381,Deny_or_grant_permission,83,sair,"COD: permissão",
13592,mandate,"FN: authorization to carry out a policy, usually granted by an organization or by the electorate in an election, e.g. a U.N. mandate, re-election with a mandate to improve public schools.",1381,Deny_or_grant_permission,83,mandato,"FN: autorização para realizar uma política, geralmente concedida por uma organização ou pelo eleitorado em uma eleição, p. ex., um mandato da ONU, reeleição com um mandato de melhorar as escolas públicas.",
13593,okay,"COD: give approval to",1381,Deny_or_grant_permission,86,"Tudo bem.","COD: dar aprovação a",
13598,"the green light","FN: permission with approval",1381,Deny_or_grant_permission,83,"o sinal verde","FN: permissão com aprovação",
13599,"the go ahead","FN: (with give, have, etc.) permission.",1381,Deny_or_grant_permission,83,"a autorização","FN: (com dar, ter, etc.) permissão.",
13600,"the go-ahead","FN: (with give, have, etc.) permission.",1381,Deny_or_grant_permission,83,"a autorização","FN: (com dar, ter, etc.) permissão.",
13601,"the okay","FN: (with give, have, etc.) permission.",1381,Deny_or_grant_permission,83,"tudo bem","FN: (com dar, ter, etc.) permissão.",
13603,prohibition,"FN: statement or situation that indicates that (someone) does not allow (something).",1381,Deny_or_grant_permission,83,proibição,"FN: declaração ou situação que indica que (alguém) não permite (algo).",
34382,allowed,"An action, entity or event that is legally permited.",1381,Deny_or_grant_permission,84,permitido,"Uma ação, entidade ou evento que é legalmente permitido.",
17635,dynamism,"FN: great energy, force, or power; vigor",1383,Dynamism,83,Dinamismo,"FN: grande energia, força ou poder; vigor",
17636,energetic,"FN: possessing or showing energy, esp. in abundance; vigorous",1383,Dynamism,84,Enérgico,"FN: possuir ou mostrar energia, especialmente em abundância; vigoroso",
17642,lethargic,"FN: relating to lethargy; drowsy, sluggish and/or apathetic",1383,Dynamism,84,letargia,"FN: relacionado a letargia; sonolento, lento e/ou apático",
17648,vigorous,"FN: energetic or forceful",1383,Dynamism,84,vigoroso,"FN: energético ou vigoroso",
17649,vigor,"FN: active strength or force, or energetic activity",1383,Dynamism,83,vigor,"Força ativa ou vigorosa, ou atividade enérgica",
18508,finance,"FN: to supply with money, capital, or credit",1386,Funding,86,Finanças,"FN: fornecer com dinheiro, capital ou crédito",
18509,back,"FN: to support or help by giving money",1386,Funding,86,trás,"FN: para apoiar ou ajudar dando dinheiro",
17880,"go off","FN: trigger.",1387,Getting_triggered,86,"Ir embora.","FN: gatilho.",
18537,improve,"FN: become better.",1390,Improvement_or_decline,86,aperfeiçoar,"FN: ficar melhor.",
18538,ameliorate,"FN: (itr) improve.",1390,Improvement_or_decline,86,ameliorar,"FN: (itr) melhorar.",
18540,"shape up","FN: improve to an expected minimum standard.",1390,Improvement_or_decline,86,Arrebitar,"FN: melhorar até um padrão mínimo esperado.",
18541,"look up","FN: get better in such a way as to inspire hope.",1390,Improvement_or_decline,86,"olhar para cima","FN: melhore de uma forma que inspire esperança.",
18542,deteriorate,"FN: get worse.",1390,Improvement_or_decline,86,deteriorar,"FN: piora.",
18544,improvement,"FN: event in which (something) improves.",1390,Improvement_or_decline,83,aperfeiçoamento,"FN: evento em que (algo) melhora.",
18545,amelioration,"FN: the process of becoming better.",1390,Improvement_or_decline,83,amelioração,"FN: o processo de se tornar melhor.",
18546,deterioration,"FN: the process of becoming worse.",1390,Improvement_or_decline,83,deterioração,"FN: o processo de se tornar pior.",
16034,might,"FN: the possession of great power, strength, or force",1391,Level_of_force_exertion,83,pode,"FN: o domínio de grande poder, força ou força",
16035,forceful,"FN: full of force; powerful",1391,Level_of_force_exertion,84,Forçoso,"FN: cheio de força; poderoso",
16040,weakness,"FN: the quality or state of being weak, and/or the incapability to exert great force",1391,Level_of_force_exertion,83,fracos,"FN: a qualidade ou estado de ser fraco, e/ou a incapacidade de exercer grande força",
16042,powerless,"FN: lacking physical strength",1391,Level_of_force_exertion,84,"Sem poder.","Faltando força física",
17185,impregnable,"FN: strong enough to resist or withstand attack; unconquerable",1392,Level_of_force_resistance,84,impregnável,"FN: forte o suficiente para resistir ou suportar um ataque; inconquistável",
17190,weakness,"FN: the quality or state of being weak, and/or the incapability to resist great force",1392,Level_of_force_resistance,83,fracos,"FN: a qualidade ou estado de ser fraco, e/ou a incapacidade de resistir a uma grande força",
17191,hardy,"FN: capable of enduring great force; sturdy; strong",1392,Level_of_force_resistance,84,hardy,"FN: capaz de suportar grande força; robusto; forte",
