idLU,lemmaName(en),senseDescription(en),idFrame,frameName,idPOS,lemmaName(pt),senseDescription(pt),idLemma(pt)
12758,amends,"FN: an action or actions performed to benefit someone whom one has injured; reparation",369,Reparation,83,amends,"FN: uma ação ou ações realizadas para beneficiar alguém que se foi ferido; reparação",
12759,"make up","FN: to make reparation (for), to compensate (for)",369,Reparation,86,"fazer maquiagem","FN: para reparar (por), para compensar (por)",
12760,forgive,"COD: stop feeling angry or resentful towards (someone) for an offence or mistake.",370,Forgiveness,86,perdoar,"COD: parar de sentir raiva ou ressentimento em relação a (alguém) por um crime ou erro.",
12761,forgiveness,"FN: the act of forgiving",370,Forgiveness,83,Perdão,"FN: o ato de perdoar",
12762,excuse,"COD: forgive (a fault or offence, or a person committing one). ",370,Forgiveness,86,desculpe-me,"COD: perdoar (um erro ou ofensa, ou uma pessoa cometendo um).",
12763,pardon,"COD: forgive or excuse (a person, error, or offence). ",370,Forgiveness,86,desculpe,"COD: perdoar ou desculpar (uma pessoa, erro ou ofensa).",
12764,condone,"COD: accept or forgive (behaviour considered wrong or offensive)",370,Forgiveness,86,condonar,"COD: aceitar ou perdoar (comportamento considerado errado ou ofensivo)",
12767,chief,"COD:  most important:",371,First_rank,84,chefe,"COD: mais importante:",
12772,leading,"COD:  most important or in first place.",371,First_rank,84,líder,"COD: mais importante ou em primeiro lugar.",
12773,lead,"FN: the highest ranked",371,First_rank,84,chumbo,"FN: o mais bem classificado",
12775,originate,"COD: create or initiate. ",372,Achieving_first,86,originar,"COD: criar ou iniciar.",
12776,pioneer,"FN: be the first to do something that becomes thereafter adopted as a common, accepted technique. ",372,Achieving_first,86,pioneiro,"FN: seja o primeiro a fazer algo que se torne daí em diante uma técnica comum e aceita.",
12782,discoverer,"FN: a person who discovers something new to the world or his or her social group",372,Achieving_first,83,descobridor,"FN: uma pessoa que descobre algo de novo para o mundo ou seu grupo social",
12783,originator,"FN: one who creates a new practice or social institution",372,Achieving_first,83,originador,"FN: um que cria uma nova prática ou instituição social",
12784,inventor,"FN: one who creates a new and useful device or process",372,Achieving_first,83,inventor,"FN: aquele que cria um novo e útil dispositivo ou processo",
12786,pioneer,"FN: one who goes first into unknown territory or who is the first to develop a process or product in a new field of thought",372,Achieving_first,83,pioneiro,"FN: aquele que vai primeiro para um território desconhecido ou que é o primeiro a desenvolver um processo ou produto em um novo campo de pensamento",
12787,pioneering,"FN: the activity of being a pioneer",372,Achieving_first,84,pioneerismo,"FN: a atividade de ser pioneiro",
31008,innovate,"FN: to describe that a Cognizer is introducting a new idea into the world",372,Achieving_first,86,innovar,"FN: para descrever que um Cognizer está introduzindo uma nova ideia no mundo",
31009,innovator,"FN: the Cognizer who introduces a New_idea into the world",372,Achieving_first,83,inovador,"FN: o Cognizer que introduz uma Nova_Ideia no mundo",
34308,corny,"Lacking novelty, showing no new ideas.",372,Achieving_first,84,Esquisito.,"Faltando novidade, mostrando nenhuma nova ideia.",
12790,synonym,"COD:   a word or phrase that means the same as another word or phrase in the same language, e.g. shut and close.",373,Word_relations,83,sinônimo,"COD: uma palavra ou frase que significa o mesmo que outra palavra ou frase na mesma língua, p.ex., ""fechar"" e ""fechar"".",
12791,antonym,"COD:    a word opposite in meaning to another",373,Word_relations,83,antônimo,"COD: uma palavra oposta em significado a outra",
12792,contrary,"FN: a gradable antonym",373,Word_relations,83,contrário,"FN: o antônimo graduável",
12793,hyponym,"FN: denoting a subtype of what another lexical unit denotes",373,Word_relations,83,Híponimo,"FN: denotando um subtipo do que outra unidade léxica denota",
12794,hypernym,"FN: a linguistic expression denoting a superordinate concept",373,Word_relations,83,hiperonímo,"FN: uma expressão linguística que denota o conceito superordinado",
12795,synonymous,"COD:  (of a word or phrase) having the same meaning as another word or phrase in the same language.",373,Word_relations,84,sinônimo,"COD: (de uma palavra ou frase) com o mesmo significado de outra palavra ou frase na mesma língua.",
12796,meronym,"FN: a linguistic expression that names a part of a larger whole",373,Word_relations,83,merônimo,"FN: uma expressão linguística que nomeia uma parte de um todo maior",
12797,holonym,"FN: a linguistic expressions that names the whole of which a given linguistic expression is a part",373,Word_relations,83,holônimo,"FN: uma expressão linguística que nomeia o todo do qual uma determinada expressão linguística é parte",
12798,homophone,"COD:  each of two or more words having the same pronunciation but different meanings, origins, or spelling (e.g. new and knew).",373,Word_relations,83,homófono,"COD: cada uma de duas ou mais palavras com a mesma pronúncia mas significados, origens ou ortografias diferentes (por exemplo, novo e soube).",
12799,homograph,"COD: each of two or more words spelled the same but having different meanings and origins.",373,Word_relations,83,homógrafo,"COD: cada uma de duas ou mais palavras escritas da mesma forma mas com significados e origens diferentes.",
12800,collocate,"FN: a linguistic expression that fequently co-occurs with another linguistic expression",373,Word_relations,83,colocar,"FN: uma expressão linguística que frequentemente co-ocorre com outra expressão linguística",
12802,homonym,"COD:    each of two or more words having the same spelling and pronunciation but different meanings and origins (e.g. pole #1  and pole #2 ).",373,Word_relations,83,homenim,"COD: cada uma de duas ou mais palavras com a mesma grafia e pronúncia, mas significados diferentes e origens (por exemplo, ""pole #1"" e ""pole #2"").",
12803,homophonous,"COD:     (of a word or words) having the same pronunciation as another but different meaning, origin, or spelling",373,Word_relations,84,homonímico,"COD: (de uma palavra ou palavras) com a mesma pronúncia de outra mas com significado, origem ou ortografia diferentes",
12806,play,"COD: a dramatic work for the stage or to be broadcast.",374,Performing_arts,83,brincar,"COD: uma obra dramática para o palco ou para transmissão.",
34565,"rock n' roll","A popular music style created in the fifties, that is popular untill today.",374,Performing_arts,83,"Rock and roll","O estilo musical popular criado na década de 1950, que é popular até hoje.",
12807,denote,"FN: to function as a linguistic expression of the concept of ",375,Linguistic_meaning,86,denota,"FN: para funcionar como uma expressão linguística do conceito de",
12810,polysemous,"FN: (of a linguistic expression) having more than one meaning",375,Linguistic_meaning,84,polissêmico,"FN: (de uma expressão linguística) ter mais de um significado",
12811,monosemous,"FN: (of linguistic expressions) having only one meaning",375,Linguistic_meaning,84,monosemoso,"FN: (de expressões linguísticas) ter apenas um significado",
12813,designate,"FN:  (of linguistic expressions) to denote",375,Linguistic_meaning,86,designa,"FN: (de expressões linguísticas) para denotar",
12814,intension,"COD: the internal content of a concept",375,Linguistic_meaning,83,intensão,"COD: o conteúdo interno de um conceito",
12818,referential,"FN: (for linguistic expressions) to have a referent",375,Linguistic_meaning,84,referencial,"FN: (para expressões linguísticas) ter um referente",
12819,non-referential,"FN: (of linguistic expressions) lacking a referent",375,Linguistic_meaning,84,"não referencial","Falta de referência linguística",
12821,reading,"FN: an interpretation or understanding of a word that is considered a separate sense",375,Linguistic_meaning,83,ler,"FN: uma interpretação ou compreensão de uma palavra que é considerada um sentido separado",
12824,key,"COD:  of crucial importance",376,Importance,84,chave,"COD: de extrema importância",
12825,decisive,"COD: acting to settle an issue quickly and effectively",376,Importance,84,decisivo,"COD: agindo para resolver um problema rapidamente e efetivamente",
12826,pivotal,"COD: of crucial or central importance",376,Importance,84,pontual,"COD: de extrema importância ou centralidade",
12831,import,"COD: importance",376,Importance,83,importar,"COD: importância",
12833,instrumental,"FN: important or serving as a principle means in some undertaking.",376,Importance,84,instrumento,"FN: importante ou servindo como um princípio principal em alguma empresa.",
12835,considerable,"COD: having merit or distinction.",376,Importance,84,considerável,"COD: com mérito ou distinção.",
12839,seriously,"FN: to a grave degree.",376,Importance,89,sério,"FN: em um grau grave.",
32141,core,"of central importance; basic; fundamental.",376,Importance,84,núcleo,"de extrema importância; básico; fundamental.",
