idLU,lemmaName(en),senseDescription(en),idFrame,frameName,idPOS,lemmaName(pt),senseDescription(pt),idLemma(pt)
8781,cell,"COD: a small room in which a prisoner is locked up or in which a monk or nun sleeps. ",169,Building_subparts,83,célula,"COD: um pequeno quarto em que um prisioneiro é trancado ou onde um monge ou monja dorme.",10731
8788,closet,"COD: a small room. ",169,Building_subparts,83,armário,"COD: um pequeno quarto.",13917
8845,level,"FN: a story or vertical subpart of a building. ",169,Building_subparts,83,nível,"FN: uma história ou subparte vertical de um edifício.",28854
8847,deck,"FN: an open, unroofed platform extending from a house or other building",169,Building_subparts,83,barco,"FN: uma plataforma aberta e sem cobertura que se estende de uma casa ou outro edifício",122
22119,gym,"Gym is slang for gymnasium and gymnastic services such as in schools and colleges and is attributed to compounds such as gym shoes.;",169,Building_subparts,83,ginásio,"Ginásio é gíria para ginásio e serviços de ginástica, como em escolas e faculdades, e é atribuído a compostos como tênis de ginástica.",866
22129,pub,"A business licensed to sell alcoholic drinks for consumption on the premises, or the premises themselves; public house.;A room where alcoholic drinks are served over a counter.;An establishment licensed to sell alcoholic beverages to be consumed on or off the premises; they often provide meals and sometimes accommodation.;A bar or barroom; a room where alcoholic beverages are served on tap.;The top surface of a bar (counter for serving drinks).;A public house, where beverages, primarily alcoholic, may be bought and drunk. Many pubs also provide food and/or entertainment.;",169,Building_subparts,83,pub,"Bar; casa de bebidas; boteco; lanchonete; barzinho; balcão; pub;",8703
22134,floor,"the walking surface of a room. Any of the building's stories.",169,Building_subparts,83,piso,"a superfície de caminhada de um cômodo. Qualquer dos andares de um edifício.",9421
