idLU,lemmaName(en),senseDescription(en),idFrame,frameName,idPOS,lemmaName(pt),senseDescription(pt),idLemma(pt)
23686,fall,"a cascade or waterfall.",171,Natural_features,83,Outono,"Uma cascata ou queda d'água.",29272
30685,range,"COD: a line or series of mountains or hills",171,Natural_features,83,faixa,"COD: uma linha ou série de montanhas ou colinas",856
33772,lava,"Magma in that occurs naturally, resulting from a volcanic eruption.",171,Natural_features,83,Lava,"Magma ocorre naturalmente, resultando de uma erupção vulcânica.",26133
34058,scenery,"The natural feature of landscape, specially when it is considered beautiful.",171,Natural_features,83,cena,"A característica natural do cenário, especialmente quando é considerado bonito.",16958
34135,terrain,"A type of land related to determined feature.",171,Natural_features,83,terreno,"Um tipo de terra relacionado com uma característica determinada.",7384
9045,pocket,"a small. isolated or protected area.",172,Locale,83,bolso,"uma pequena área isolada ou protegida.",690
21922,dominion,"a region marked off for administrative or other purposes.",172,Locale,83,domínio,"uma região demarcada para fins administrativos ou outros.",20028
34174,corner,"The area where two roads or sidewalks meet.",172,Locale,83,canto,"A área onde duas estradas ou calçadas se encontram.",11039
34178,global,"Located in the whole globe.",172,Locale,84,global,"Localizado no todo do globo.",82699
39493,local,,172,Locale,84,local,,73237
9061,wood,"COD:  a small forest. ",173,Biological_area,83,madeira,"COD: uma pequena floresta.",6648
9082,wold,"COD: a piece of high, open, uncultivated land or moor. ",173,Biological_area,83,mundo,"COD: uma peça de terra alta, aberta e não cultivada ou pântano.",6545
9086,bush,"COD: (in Australia and Africa) wild or uncultivated country. ",173,Biological_area,83,arbusto,"COD: (na Austrália e em África) país selvagem ou não cultivado.",13801
9095,lace,"COD: a cord or leather strip passed through eyelets or hooks to fasten a shoe or garment. ",174,Clothing_parts,83,renda,"COD: uma corda ou tira de couro passada por olhos ou ganchos para prender um calçado ou vestuário.",32166
