idLU,lemmaName(en),senseDescription(en),idFrame,frameName,idPOS,lemmaName(pt),senseDescription(pt),idLemma(pt)
30664,worry,"COD: feel or cause to feel troubled over actual or potential difficulties.",1434,Worry,86,preocupação,"COD: sentir ou causar para sentir-se incomodado sobre dificuldades reais ou potenciais.",9099
39871,tumor,,1464,Symptoms,83,tumor,,35354
39247,dose,,1466,Medicines,83,dose,,20062
40076,two_hundred,,1466,Medicines,85,duzentos,,116659
43831,first,"used to refer to or introduce a first point, topic, etc.",1604,Enumerating,85,primeiro,"usado para se referir ou introduzir um primeiro ponto, tópico, etc.",116599
43833,third,"used to refer to or introduce a point, topic, etc. that comes after the second one",1604,Enumerating,85,terceiro,"usado para se referir ou introduzir um ponto, tópico, etc. que vem depois do segundo",116673
43836,fifth,"used to refer to or introduce a point, topic, etc. that comes after the fourth one",1604,Enumerating,85,quinto,"usado para se referir ou introduzir um ponto, tópico, etc. que vem depois do quarto",116662
43837,second,"used to refer to or introduce a point, topic, etc. that comes after the first one",1604,Enumerating,85,segundo,"usado para se referir ou introduzir um ponto, tópico, etc. que vem depois do primeiro",116677
43805,mr,"title used to address a man, preceding his name or position",1605,Addressing_initial,83,senhor,"Vossa Merítissima",67398
43806,madam,"address term for a woman, used in isolation or preceding a woman's name or position",1605,Addressing_initial,83,Senhora,"endereço termo para uma mulher, usado isoladamente ou precedendo o nome ou cargo de uma mulher",36897
43854,unfortunately,"in the speaker's view something is much less than ideal; negative or sad",1609,Self_positioning,89,infelizmente,"na visão do orador, algo é muito menos que ideal; negativo ou triste",139885
43857,support,"to be in favour of something",1609,Self_positioning,86,suporte,"ser a favor de algo",36761
43866,view,"the way a person thinks about something, their standpoint on an issue",1609,Self_positioning,83,ver,"a forma como uma pessoa pensa sobre algo, sua posição sobre um problema",8746
43849,frankly,"used to mark that one is giving an honest and direct opinion",1610,Metacommunicative_comment,89,francamente,"usado para marcar que alguém está dando uma opinião honesta e direta",139787
43851,honest,"sincere and without deceit; truthful, candid",1610,Metacommunicative_comment,84,honesto,"Sincero e sem engano; verdadeiro, sincero",73959
43824,but,"adding a statement with a content that is different from what was said before",1611,Contrast,91,mas,"adicionar uma declaração com um conteúdo diferente do que foi dito antes",147217
43824,but,"adding a statement with a content that is different from what was said before",1611,Contrast,94,mas,"adicionar uma declaração com um conteúdo que é diferente do que foi dito antes",147217
43826,contrast,"preceded by the preposition 'in' or 'by' and used as a connector, it adds a statement with a content that is different from what was said before",1611,Contrast,83,contraste,"precedido por a preposição 'em' ou 'por' e usado como um conector, acrescenta uma declaração com um conteúdo que é diferente do que foi dito antes",18184
43843,probably,"the speaker believes it is likely that something is the case; almost certainly",1612,Epistemic_stance,89,provavelmente,"o orador acredita que é provável que algo seja o caso; quase certamente",141946
43845,undoubtedly,"the speaker is very confident that something is the case, without doubt",1612,Epistemic_stance,89,indevidamente,"o orador tem certeza absoluta de que algo é verdade, sem dúvida",141240
43847,perhaps,"a speaker believes something may be the case; not certain",1612,Epistemic_stance,89,talvez,"Um orador acredita que algo pode ser o caso; não certo",139808
43848,certainly,"the speaker is confident that something is the case; without doubt",1612,Epistemic_stance,89,"com certeza","o orador tem certeza de que algo é o caso; sem dúvida",142534
43821,know,"have some information/ piece of content in the mind, being aware of/familiar with sth",1613,Common_ground,86,saber,"ter alguma informação/peça de conteúdo na mente, estar ciente/ familiar com algo",117281
