idLU,lemmaName(en),senseDescription(en),idFrame,frameName,idPOS,lemmaName(pt),senseDescription(pt),idLemma(pt)
14608,uncanny,"COD: strange or mysterious.",497,Idiosyncrasy,84,assustador,"COD: estranho ou misterioso.",73582
14621,power,"FN: the ability to perform the actions required in an event. ",498,Capability,83,poder,"FN: a capacidade de realizar as ações necessárias em um evento.",8064
14629,powerful,"FN: having considerable ability to do something",498,Capability,84,poderoso,"FN: ter capacidade considerável de fazer algo",87651
14630,rest,"FN: the previously unmentioned part of a contextually accessible whole",499,Rest,83,descanso,"FN: a parte anteriormente não mencionada de um todo acessível contextualmente",8558
14636,other,"FN: a person or thing that is different from one already mentioned or known",500,Increment,83,outro,"FN: uma pessoa ou coisa que é diferente de uma já mencionada ou conhecida",36784
14637,another,"COD: used to refer to a different person or thing from one already referred to.",500,Increment,83,outro,"COD: usado para se referir a uma pessoa ou coisa diferente da já mencionada.",36784
14643,"out of","FN: expressing the relationship between some members and a group",501,Partitive,90,"fora de","FN: expressando a relação entre alguns membros e um grupo",146655
14656,suggest,"FN: prompt a mental image or emotion in an audience",502,Evoking,86,sugerir,"FN: prompt uma imagem ou emoção mental em um público",120800
14659,smart,"COD: clean, tidy, and stylish",504,Aesthetics,84,inteligente,"COD: limpo, arrumado e elegante",84214
14663,fair,"FN: pleasurable to the aesthetic senses",504,Aesthetics,84,justo,"FN: prazeroso para os sentidos estéticos",73348
14665,hideous,"FN: very unpleasent to look at",504,Aesthetics,84,horrível,"FN: muito desagradável de se olhar",73411
14666,guitar,"COD: a stringed musical instrument with a fretted fingerboard and six or twelve strings, played by plucking or strumming with the fingers or a plectrum",505,Noise_makers,83,guitarra,"COD: um instrumento musical de cordas com uma escala freta e seis ou doze cordas, tocado por palhetar ou dedilar com os dedos ou uma palheta",23934
14669,piano,"COD: a large keyboard musical instrument with a wooden case enclosing a soundboard and metal strings, which are struck by hammers when the keys are depressed.",505,Noise_makers,83,piano,"COD: um grande instrumento musical com teclado, com uma caixa de madeira que envolve uma placa de som e cordas metálicas, que são atingidas por martelos quando as teclas são pressionadas.",30183
14672,drum,"COD: a percussion instrument sounded by being struck with sticks or the hands, typically cylindrical, barrel-shaped, or bowl-shaped with a taut membrane over one or both ends.",505,Noise_makers,83,bateria,"COD: um instrumento de percussão que é soado sendo atingido com paus ou as mãos, geralmente cilíndrico, em forma de barril ou em forma de tigela com uma membrana esticada sobre um ou ambos os extremos.",1217
33466,organ,"A large musical instrument having rows of pipes supplied with air from bellows (now usually electrically powered), and played using a keyboard or by an automatic mechanism. The pipes are generally arranged in ranks of a particular type, each controlled by a stop, and often into larger sets linked to separate keyboards.",505,Noise_makers,83,órgão,"Um grande instrumento musical com fileiras de tubos alimentados com ar de boias (agora geralmente alimentadas eletricamente), e tocadas usando um teclado ou por um mecanismo automático. Os tubos são geralmente dispostos em fileiras de um tipo particular, cada um controlado por uma parada, e frequentemente em conjuntos maiores ligados a teclados separados.",8800
33541,violin,"A stringed musical instrument of treble pitch, played with a horsehair bow. ",505,Noise_makers,83,violino,"O instrumento musical de cordas com tom agudo, tocado com um arco de pêlo de cavalo.",36064
