idLU,lemmaName(en),senseDescription(en),idFrame,frameName,idPOS,lemmaName(pt),senseDescription(pt),idLemma(pt)
12950,sliver,"COD: cut or break into slivers.",383,Cause_to_fragment,86,"fenda estreita","COD: cortar ou partir em lascas.",
12953,damage,"FN: to cause harm to an object",384,Damaging,86,danos,"FN: causar dano a um objeto",
12955,deface,"FN: to damage the front surface of",384,Damaging,86,defacar,"FN: danificar a superfície frontal de",
12956,nick,"FN: to make a small cut or groove in something",384,Damaging,86,nick,"FN: fazer uma pequena corte ou sulco em algo",
12962,sabotage,"FN: to deliberately damage something in order to impede some activity",384,Damaging,86,sabotagem,"FN: danificar algo de propósito para impedir alguma atividade",
12964,vandalism,"FN: the act of vandalising",384,Damaging,83,vandalismo,"FN: o ato de vandalizar",
12968,damage,"FN: harm or direpair inflicted upon something; the result of the act of damaging something",384,Damaging,83,dano,"FN: dano ou reparo infligido em algo; resultado do ato de danificar algo",
12972,hose,"FN: to render completely useless.",385,Render_nonfunctional,86,"tubo de água","FN: tornar completamente inútil.",
12973,"knock out","COD: destroy or disable equipment.",385,Render_nonfunctional,86,noco,"COD: destruir ou desativar equipamento.",
12976,raze,"FN: to destroy (buildings, etc.), esp. by fire",386,Destroying,86,raze,"FN: destruir (edifícios, etc.), especialmente por fogo",
12977,unmake,"FN: to undo the action of making (as of a law); to destroy the structure of something",386,Destroying,86,Desfazer,"FN: para desfazer a ação de fazer (como de uma lei); para destruir a estrutura de algo",
12980,obliterate,"COD: destroy utterly; wipe out.",386,Destroying,86,obliterar,"COD: destruir por completo; apagar.",
12981,obliteration,"FN: the complete destruction of something so that nothing can be found where it once was",386,Destroying,83,obliteração,"FN: a destruição completa de algo de modo que nada possa ser encontrado onde outrora esteve",
12983,devastate,"COD: destroy or ruin. ",386,Destroying,86,devastar,"COD: destruir ou arruinar.",
12984,devastation,"FN: the destruction of large parts of ""Floods caused the devastation of most of the fall crops.""",386,Destroying,83,Devastação,"FN: a destruição de grandes partes de ""Inundações causaram a devastação da maioria das colheitas de outono.",
12985,vaporize,"FN: destroy utterly (as if) by turning into vapor.",386,Destroying,86,vaporizar,"FN: destruir completamente (como se) virando em vapor.",
12986,annihilate,"COD: destroy utterly.",386,Destroying,86,aniquilate,"COD: destruir completamente.",
12987,annihilation,"FN: to destroy completely",386,Destroying,83,aninhação,"FN: destruir completamente",
12988,"lay waste","FN: the deliberate destruction of buildings, farms, etc., as by an army or force of nature",386,Destroying,86,"destruir por completo","FN: a destruição deliberada de edifícios, fazendas, etc., como por um exército ou força da natureza",
12990,demolition,"FN: the act of destroying or dismantling, esp. of buildings",386,Destroying,83,demolição,"FN: o ato de destruir ou desmontar, especialmente de edifícios",
12991,dismantle,"COD:  take to pieces. ",386,Destroying,86,dismantlar,"COD: desmontar.",
12992,dismantlement,"FN: the act of taking something apart.",386,Destroying,83,desmontagem,"FN: o ato de desmontar algo.",
12993,destructive,"COD: causing destruction.",386,Destroying,84,destrutivo,"COD: causando destruição.",
13001,collaborator,"FN: a person whith whom someone works on a joint project",387,Collaboration,83,colaborador,"FN: uma pessoa com quem alguém trabalha em um projeto conjunto",
13003,"in cahoots","COD: colluding or conspiring together secretly",387,Collaboration,84,"Em conluio","COD: conspirando ou conspirando juntos em segredo",
13004,conspire,"COD: make secret plans jointly to commit an unlawful or harmful act",387,Collaboration,86,conspira,"COD: planejar em segredo cometer um ato ilegal ou prejudicial",
13007,confederate,"COD: an accomplice or fellow worker",387,Collaboration,83,confederado,"COD: um cúmplice ou colega de trabalho",
13008,conspiracy,"COD: the action of conspiring",387,Collaboration,83,conspiração,"COD: a ação de conspirar",
13009,collude,"COD: come to a secret understanding; conspire",387,Collaboration,86,conspiração,"COD: chegar a um entendimento secreto; conspirar",
13010,collusion,"COD: secret or illegal cooperation in order to cheat or deceive others",387,Collaboration,83,conluio,"COD: cooperação secreta ou ilegal com o objetivo de enganar ou enganar os outros",
13011,"team up","COD: come together as a team to achieve a common goal",387,Collaboration,86,"formar duplas","COD: se reúne como uma equipe para alcançar um objetivo comum",
13013,cooperate,"COD: work jointly towards the same end.",387,Collaboration,86,cooperar,"COD: trabalhar em conjunto em direção ao mesmo objetivo.",
13014,cooperation,"COD: the action or process of cooperating.",387,Collaboration,83,cooperação,"COD: a ação ou processo de cooperar.",
13015,affiliated,"FN: connected to an organization or entity.  ",387,Collaboration,84,afiliado,"FN: conectado a uma organização ou entidade.",
13016,"in league","FN: to be collaborating with another",387,Collaboration,84,"em liga","FN: colaborar com outra pessoa",
13017,jointly,"FN: done in collaboration or conjunction with another entity",387,Collaboration,89,juntamente,"FN: feito em colaboração ou em conjução com outra entidade",
13018,"work together","FN: endeavor to complete a task in a partnered relationship.",387,Collaboration,86,"Trabalhar juntos","FN: esforçar-se para completar uma tarefa em um relacionamento de parceria.",
13019,together,"FN: with the combined efforts of one another",387,Collaboration,89,juntos,"FN: com os esforços combinados um do outro",
13026,bond,"COD:  physical restraints used to hold someone prisoner.",388,Connectors,83,bono,"COD: restrições físicas usadas para manter alguém prisioneiro.",
13032,nail,"COD: a small metal spike with a broadened flat head, driven typically into wood to join things together or to serve as a hook.",388,Connectors,83,unhas,"COD: uma pequena espiga de metal com uma cabeça achatada alargada, geralmente enfaixada em madeira para unir coisas ou servir como gancho.",
13033,peg,"COD: a short projecting pin or bolt used for hanging things on, securing something in place, or marking a position.",388,Connectors,83,pegue,"COD: uma pequena haste projetando ou parafuso usado para pendurar coisas, segurar algo no lugar, ou marcar uma posição.",
13036,staple,"FN: a U-shaped piece of wire or metal, usually sharpened at both ends, used to attach objects (with the help of a device) by piercing and immobilizing them at some point(s).",388,Connectors,83,grampo,"FN: uma peça de arame ou metal em forma de U, geralmente afiada nas duas extremidades, usada para fixar objetos (com a ajuda de um dispositivo) por perfuração e imobilização em algum ponto(s).",
13037,withy,"COD: a tough flexible branch of an osier or other willow, used for tying, binding, or basketry.",388,Connectors,83,cominho,"COD: uma ramificação flexível e resistente de um salgueiro ou outra salgueira, usada para amarrar, prender ou fazer cestas.",
13038,tie,"COD:  a thing that ties.",388,Connectors,83,amarrar,"COD: uma coisa que prende.",
13040,shoelace,"COD: a cord or leather strip passed through eyelets or hooks on opposite sides of a shoe and pulled tight and fastened.",388,Connectors,83,"corda de sapato","COD: uma corda ou tira de couro passada por furos ou ganchos em lados opostos de um sapato e puxada e presa.",
13042,screw,"COD: a short, slender, sharp-pointed metal pin with a raised helical thread running around it and a slotted head, used to join things together by being rotated in under pressure.",388,Connectors,83,parafuso,"COD: uma pequena e esguia aresta de metal com ponta aguçada, com um fio helicoidal elevado que corre ao redor dela e uma cabeça entalhada, usada para unir coisas juntas por meio de rotação sob pressão.",
13044,connector,"FN: something that serves to connect items together.",388,Connectors,83,conector,"FN: algo que serve para conectar itens juntos.",
13045,trace,"FN: the lines used to attach a horse' s harness to a wagon or other horse-drawn vehicle",388,Connectors,83,Rastrear,"FN: as linhas usadas para prender um freio de cavalo a uma carroça ou outro veículo puxado por cavalos",
13046,boondocks,"COD: rough or isolated country.",389,Isolated_places,83,boondocks,"COD: país raso ou isolado.",
13047,boonies,"COD:  short for boondocks",389,Isolated_places,83,Boonies,"COD: abreviação de boondocks",
13048,backwater,"FN: a place that is isolated or backwards",389,Isolated_places,83,backwater,"FN: um lugar isolado ou atrasado",
