idLU,lemmaName(en),senseDescription(en),idFrame,frameName,idPOS,lemmaName(pt),senseDescription(pt),idLemma(pt)
9950,aids,"COD: a disease, caused by a virus transmitted in body fluids, in which there is a severe loss of cellular immunity leaving the sufferer susceptible to infection and malignancy",215,Health_conditions,83,Aids,"COD: uma doença, causada por um vírus transmitido em fluidos corporais, na qual há uma perda grave da imunidade celular, deixando o paciente suscetível à infecção e à malignidade",
9952,alzheimer's,"COD: a form of progressive mental deterioration due to generalized degeneration of the brain, occurring in middle or old age.",215,Health_conditions,83,"doença de Alzheimer","COD: uma forma de deterioração mental progressiva devida à degeneração generalizada do cérebro, que ocorre na meia-idade ou velhice.",
9954,disorder,"COD: a disruption of normal physical or mental functions",215,Health_conditions,83,desordem,"COD: uma interrupção das funções físicas ou mentais normais",
34181,headache,"A strong pain on the head.",215,Health_conditions,83,"dor de cabeça","Dores fortes na cabeça.",
9958,haul,"COD: transport in a truck or cart",216,Bringing,86,carregamento,"COD: transporte em caminhão ou carrinho",
9962,hump,"COD: with obj. and adverbial of direction informal lift or carry (a heavy object) with difficulty. ",216,Bringing,86,Hump,"COD: com objeto e advérbio de direção informal levantar ou carregar (um objeto pesado) com dificuldade.",
9967,schlep,"COD:  haul or carry with difficulty.",216,Bringing,86,"Esforço excessivo","COD: arrastar ou transportar com dificuldade.",
9969,tote,"COD: carry. ",216,Bringing,86,tote,"COD: transportar.",
9970,trundle,"FN: to move (s.t. with wheels).",216,Bringing,86,trundles,"FN: mover (s.t. com rodas).",
9971,ferry,"COD: convey by ferry or other transport, especially on short, regular trips. ",216,Bringing,86,barco-trem,"COD: transportar por balsa ou outro meio de transporte, especialmente em viagens curtas e regulares.",
9973,paddle,"FN: transport by non-motorized watercraft",216,Bringing,86,paddles,"FN: transporte por embarcação não motorizada",
9976,convey,"COD: transport or carry to a place.",216,Bringing,86,convey,"COD: transportar ou levar a um lugar.",
9985,bus,"FN: transport a group of items.",216,Bringing,86,autocarro,"FN: transportar um grupo de itens.",
9986,shuttle,"FN: transport a group, as in a bus or shuttle.",216,Bringing,86,shuttle,"FN: transportar um grupo, como em um ônibus ou van.",
9987,airlift,"FN: to move an entity from one location to another by means of air transport",216,Bringing,86,"despejo aéreo","FN: mover uma entidade de um local para outro por meio de transporte aéreo",
9991,compete,"to strive to gain or win something by defeating or establishing superiority over others. ",217,Competition,86,compete,"A lutar para ganhar ou conquistar algo, derrotando ou estabelecendo superioridade sobre os outros.",
27813,dispute,"to compete for something.",217,Competition,86,litígio,"Competir por algo.",
27814,dispute,"a competition for something.",217,Competition,83,litígio,"Uma competição por algo.",
27816,combat,"a fight between two participants.",217,Competition,83,combatir,"Uma luta entre dois participantes.",
28193,contest,"an occasion on which a winner is selected from among two or more contestants.",217,Competition,83,contestação,"um evento em que um vencedor é selecionado entre dois ou mais concorrentes.",
34064,underdog,"A competitor that has less chances of winning, less power than the others.",217,Competition,83,underdog,"Um concorrente que tem menos chances de vencer, menos poder do que os outros.",
10001,telegraph,"COD: send (someone) a message by telegraph",218,Communication_means,86,telegrafo,"Enviar uma mensagem por telégrafo",
10002,telex,"COD: send (a message) by telex",218,Communication_means,86,telex,"COD: enviar (uma mensagem) por telex",
10006,fax,"COD: send (a document) by fax machine.",218,Communication_means,86,fax,"COD: enviar (um documento) por fax.",
10009,pdf,"FN: to transmit electronically as a PDF (portable document format) file.",218,Communication_means,86,PDF,"FN: para transmitir eletronicamente como um arquivo PDF (formato de documento portátil).",
10011,mail,"COD: with obj. send (a letter or parcel) by post. ",219,Sending,86,E-mail,"COD: com obj. enviar (uma carta ou pacote) pelo correio.",
10014,export,"COD: send (goods or services) to another country for sale. ",219,Sending,86,exportar,"COD: enviar (mercadorias ou serviços) para outro país para venda.",
10017,dispatch,"COD: send off promptly to a destination or for a purpose. ",219,Sending,86,despacho,"COD: enviar prontamente para um destino ou por um propósito.",
10018,fax,"COD: send (a document) by fax. ",219,Sending,86,fax,"COD: enviar (um documento) por fax.",
10020,telex,"FN: send via telex",219,Sending,86,telex,"FN: enviar via telex",
10022,shipment,"COD: the action of shipping goods.",219,Sending,83,Envio,"COD: a ação de enviar mercadorias.",
10023,express,"FN: send in the post with a short delivery time",219,Sending,86,express,"FN: envie pelo correio com tempo de entrega curto",
10026,refer,"COD: pass a matter to a higher body for a decision.",219,Sending,86,referir-se,"COD: passar uma questão para um órgão superior para decisão.",
10027,shipping,"FN: transporting freight by ship",219,Sending,83,Encomenda,"FN: transporte de carga por navio",
10030,emptiness,"FN: the state of containing nothing",220,Fullness,83,Vazio,"FN: o estado de conter nada",
10031,fullness,"COD: the state of being full. ",220,Fullness,83,cheio,"COD: o estado de estar cheio.",
34446,overflow,"To fill something above the capacity.",220,Fullness,86,transbordamento,"A lotar algo além da capacidade.",
10032,confine,"COD: keep or restrict someone or something within certain limits of (space, scope, or time). ",221,Inhibit_movement,86,confine,"COD: manter ou restringir alguém ou algo dentro de certos limites de (espaço, escopo ou tempo).",
10033,lock,"FN: enclose someone or something by locking a door",221,Inhibit_movement,86,trava,"FN: encerra alguém ou alguma coisa ao trancar uma porta",
10035,"shut up","COD: confine or exclude by closing something such as a door.",221,Inhibit_movement,86,Cala-te!,"COD: confina ou exclui fechando algo como uma porta.",
