idLU,lemmaName(en),senseDescription(en),idFrame,frameName,idPOS,lemmaName(pt),senseDescription(pt),idLemma(pt)
20011,"mattress store",,337,Businesses,83,"loja de colchão",,
20013,"department store",,337,Businesses,83,"loja de departamentos",,
20022,"craft store",,337,Businesses,83,"loja de artesanato",,
20023,"women clothing store",,337,Businesses,83,"Loja de roupas para mulheres",,
20024,"children clothing store",,337,Businesses,83,"loja de roupas infantis",,
20025,"men clothing store",,337,Businesses,83,"Loja de roupas para homens",,
20028,"health food store",,337,Businesses,83,"loja de alimentos saudáveis",,
20029,"animal feed store",,337,Businesses,83,"loja de ração animal",,
20030,"swimwear store",,337,Businesses,83,"loja de maiôs",,
20031,"bedding store",,337,Businesses,83,"loja de artigos para cama",,
20034,"pet supply store",,337,Businesses,83,"loja de suprimentos para animais de estimação",,
20035,"baby store",,337,Businesses,83,"loja de bebês",,
20036,"decorators merchant",,337,Businesses,83,"decoradores comerciantes",,
20037,"auto body shop",,337,Businesses,83,"Oficina de reparos automotivos",,
20038,"perfume store",,337,Businesses,83,"Loja de perfumes",,
20039,"pet store",,337,Businesses,83,"Loja de animais de estimação",,
20040,"internet service provider",,337,Businesses,83,"Provedor de serviços de Internet",,
20041,"clothing alteration service",,337,Businesses,83,"serviço de alfaiataria",,
20042,"wheel alignment service",,337,Businesses,83,"serviço de alinhamento de rodas",,
20043,"emergency veterinarian service",,337,Businesses,83,"serviço de veterinário de emergência",,
20045,optician,,337,Businesses,83,optometrista,,
20385,"shoe store",,337,Businesses,83,"loja de sapatos",,
21968,"fitness club","A place of business with equipment and facilities for exercising and improving physical fitness;A place which houses exercise equipment for the purpose of physical exercise and to improve physical fitness.;",337,Businesses,83,"clube de ginástica","Um local de negócios com equipamentos e instalações para exercícios e melhoria da aptidão física; Um lugar que abriga equipamentos de exercício para o propósito de exercícios físicos e para melhorar a aptidão física.",
21969,authoritative,"The word authority can be used to mean power given by the state or by academic knowledge of an area.;A government or state agency, often an appointed commission, is a permanent or semi-permanent organization in the machinery of government that is responsible for the oversight and administration of specific functions, such as an intelligence agency.;An office is generally a room or other area where administrative work is done, but may also denote a position within an organization with specific duties attached to it ; the latter is in fact an earlier usage, office as place originally referring to the location of ones duty.;",337,Businesses,83,autoritário,"A palavra autoridade pode ser usada para significar poder dado pelo estado ou por conhecimento acadêmico de uma área.

Um governo ou agência estatal, muitas vezes uma comissão nomeada, é uma organização permanente ou semi-permanente na máquina governamental responsável pela supervisão e administração de funções específicas, como um órgão de inteligência.

Um escritório é geralmente um quarto ou outra área onde o trabalho administrativo é feito, mas também pode denotar um cargo dentro de uma organização com deveres específicos anexados a ele; na verdade, este é um uso anterior, pois ""escritório"" como local originalmente se referia ao local do dever.",
21970,"government agency","The word authority can be used to mean power given by the state or by academic knowledge of an area.;A government or state agency, often an appointed commission, is a permanent or semi-permanent organization in the machinery of government that is responsible for the oversight and administration of specific functions, such as an intelligence agency.;An office is generally a room or other area where administrative work is done, but may also denote a position within an organization with specific duties attached to it ; the latter is in fact an earlier usage, office as place originally referring to the location of ones duty.;",337,Businesses,83,"agência governamental","A palavra autoridade pode ser usada para significar poder dado pelo estado ou por conhecimento acadêmico de uma área.

Um governo ou agência estatal, muitas vezes uma comissão nomeada, é uma organização permanente ou semi-permanente na máquina governamental responsável pela supervisão e administração de funções específicas, como um órgão de inteligência.

Um escritório é geralmente um quarto ou outra área onde o trabalho administrativo é feito, mas também pode denotar um cargo dentro de uma organização com deveres específicos anexados a ele; na verdade, este é um uso anterior, já que ""escritório"" como local originalmente se referia ao local do dever.",
21979,atm,"An unattended machine (outside some banks) that dispenses money when a personal coded card is used;",337,Businesses,83,atm,"Um caixa eletrônico (fora de alguns bancos) que entrega dinheiro quando um cartão codificado pessoal é utilizado;",
21980,"atm machine","An unattended machine (outside some banks) that dispenses money when a personal coded card is used;A machine that allows bank customers to withdraw money.;",337,Businesses,83,"máquina de cartão","Uma máquina não assistida (fora de alguns bancos) que distribui dinheiro quando uma cartão pessoal codificada é usada; Uma máquina que permite aos clientes do banco retirar dinheiro.",
21983,firm,"Business organization, legal entity;",337,Businesses,83,firmeza,"Organização empresarial, entidade jurídica;",
21987,business,"Commercial, industrial or financial activity.;",337,Businesses,83,Negócios,"Atividade comercial, industrial ou financeira.",
21990,"petrol station","A service station that sells gasoline;",337,Businesses,83,"Postos de gasolina","Uma estação de serviço que vende gasolina;",
21993,"aesthetic salon","A beauty salon or beauty parlor is an establishment dealing with cosmetic treatments for men and women.;",337,Businesses,83,"salão de estética","Um salão de beleza é uma empresa que oferece tratamentos cosméticos para homens e mulheres.",
24859,"music venue","a location that can be used for concerts or musical performances. ",337,Businesses,83,"Local de música","Um local que pode ser usado para concertos ou apresentações musicais.",
25664,"agricultural supply store","an establishment dedicated to the sale of articles for farm, agricultural implements, machinery and utensils for agriculture and livestock, as well as products for health and animal feed.",337,Businesses,83,"Loja de suprimentos agrícolas","Estabelecimento dedicado à venda de artigos para fazenda, implementos agrícolas, máquinas e utensílios para agricultura e pecuária, bem como produtos para saúde e ração animal.",
25667,"antique shop","a place where old and collectible items are sold.",337,Businesses,83,"loja de antiguidades","Um lugar onde itens antigos e colecionáveis são vendidos.",
25678,franchise,"a company or a partnership business.",337,Businesses,83,franchise,"Empresa ou sociedade de pessoas.",
25733,bazaar,"a place or shop where people sell things to raise money especially for an organization that helps people in need.",337,Businesses,83,Bazar.,"Um lugar ou loja onde as pessoas vendem coisas para arrecadar dinheiro, especialmente para uma organização que ajuda pessoas necessitadas.",
25754,"karaoke bar","venue or event in which people sing along with instrumental versions of famous songs.",337,Businesses,83,"Bar de karaokê","local ou evento em que as pessoas cantam junto com versões instrumentais de músicas famosas.",
33759,"design company","A type of business dedicated to creating visual material and  concepts for products or brands.",337,Businesses,83,"empresa de design","Um tipo de negócio dedicado a criar materiais visuais e conceitos para produtos ou marcas.",
12079,lust,"COD: feel lust for someone or something.",338,Desiring,86,lust,"COD: sentir desejo por alguém ou algo.",
12082,hungry,"COD: having a strong desire. ",338,Desiring,84,fome,"COD: ter um forte desejo.",
12085,thirsty,"FN: eager to obtain.",338,Desiring,84,sede,"Alegre-se para obter.",
12086,long,"COD: have a strong wish for or to do.",338,Desiring,86,longo,"COD: ter um forte desejo de fazer ou por fazer algo.",
12087,longing,"FN: a (wistful) feeling of desire.",338,Desiring,83,longa,"FN: um sentimento de desejo (sonhador).",
12089,aspire,"COD: direct one' s hopes or ambitions towards achieving something. ",338,Desiring,86,aspire,"COD: direcionar as esperanças ou ambições em direção à realização de algo.",
12090,wish,"COD: a desire or hope, or an expression of this. ",338,Desiring,83,desejar,"COD: um desejo ou esperança, ou uma expressão disso.",
12093,hanker,"COD: feel a strong desire for or to do something",338,Desiring,86,Ansear,"COD: sentir um forte desejo de ou para fazer algo",
