idLU,lemmaName(en),senseDescription(en),idFrame,frameName,idPOS,lemmaName(pt),senseDescription(pt),idLemma(pt)
13354,hindrance,"COD: a thing that hinders. ",402,Hindering,83,obstáculo,"COD: uma coisa que dificulta.",818
13355,impediment,"COD: a hindrance or obstruction. ",402,Hindering,83,impedimento,"COD: obstáculo ou impedimento.",366
13357,obstruction,"COD: the action of obstructing or the state of being obstructed. ",402,Hindering,83,obstrução,"COD: a ação de obstruir ou o estado de ser obstruído.",1145
13358,obstruction,"COD: a thing that obstructs. ",402,Hindering,83,obstrução,"COD: um obstáculo.",1145
13362,hurdle,"COD: an obstacle or difficulty.",402,Hindering,83,obstáculo,"COD: um obstáculo ou dificuldade.",818
13363,hardship,"FN: a difficulty or challenge",402,Hindering,83,dificuldade,"FN: dificuldade ou desafio",44
13371,curtail,"FN: cause (an event or action) to progress more slowly.",402,Hindering,86,curta,"FN: causar (um evento ou ação) para progredir mais lentamente.",61865
30938,deviation,"FN: the fact of being different (from an expected norm).",403,Similarity,83,desvio,"FN: o fato de ser diferente (da norma esperada).",8709
31314,variation,"a change or difference in condition, amount, or level, typically with certain limits.",403,Similarity,83,variação,"Uma mudança ou diferença em condição, quantidade ou nível, tipicamente com certos limites.",8873
33762,how,"To be like, or similar.",403,Similarity,89,Como,"Ser como, ou semelhante.",139831
13412,abuse,"FN: to cruelly mistreat, esp. physically or sexually",404,Abusing,86,abuso,"FN: maltratar cruelmente, especialmente fisicamente ou sexualmente",18
13414,batter,"COD: subject (one' s spouse, partner, or child) to repeated violence and assault",404,Abusing,86,bater,"COD: sujeito (cônjuge, parceiro ou filho) a violência e agressão repetidas",117005
13416,maltreat,"COD: treat cruelly or with violence.",404,Abusing,86,maltratar,"COD: tratar cruelmente ou com violência.",131635
13418,report,"FN: inform the authorities of the wrongful actions of someone",405,Reporting,86,relatório,"FN: informar as autoridades sobre ações erradas de alguém",7380
13419,rat,"COD: inform on someone. ",405,Reporting,86,rato,"COD: informar sobre alguém.",66806
13420,inform,"COD: give incriminating information about (someone) to the police or other authority. ",405,Reporting,86,informar,"COD: fornecer informações incriminatórias sobre (alguém) à polícia ou a outra autoridade.",121048
13424,snitch,"COD: inform on someone. ",405,Reporting,86,espião,"COD: informar sobre alguém.",9082
13428,snitch,"COD: an informer. ",405,Reporting,83,espião,"COD: um informante.",9082
13431,shoot,"FN: to fire a gun such that another object is impacted by a bullet.",406,Hit_target,86,tiro,"FN: disparar uma arma de fogo de forma que outro objeto seja atingido por um projétil.",38
13432,hit,"COD: strike (a target). ",406,Hit_target,86,acertar,"COD: acertar (um alvo).",117230
13434,"pick off","FN: shoot",406,Hit_target,86,apanhar,Atire!,121138
13436,deportment,"COD: a person' s behaviour or manners",407,Conduct,83,departamento,"COD: o comportamento ou as maneiras de uma pessoa",7417
13442,act,"FN: to behave in a certain way.",407,Conduct,86,ato,"FN: comportar-se de uma determinada maneira.",8559
13444,bearing,"COD: a person' s way of standing, moving, or behaving.",407,Conduct,83,atendimento,"COD: o modo de ficar, mover-se ou comportar-se de uma pessoa.",9465
13445,conduct,"COD: the manner in which a person behaves.",407,Conduct,86,conduzir,"COD: a maneira como uma pessoa se comporta.",117215
13449,manner,"COD: a person' s outward bearing or way of behaving towards others.",407,Conduct,83,maneira,"COD: a atitude ou comportamento de uma pessoa em relação aos outros.",9124
13451,way,"FN: a person' s outward behvior towards others. ",407,Conduct,83,jeito,"FN: comportamento externo de uma pessoa em relação aos outros.",6553
13456,investigate,"COD: carry out a systematic or formal inquiry into (an incident, person or allegation) so as to establish the truth of a criminal event. ",408,Criminal_investigation,86,investigar,"COD: realizar uma investigação sistemática ou formal (de um incidente, pessoa ou alegação) para estabelecer a verdade de um evento criminoso.",120834
