idLU,lemmaName(en),senseDescription(en),idFrame,frameName,idPOS,lemmaName(pt),senseDescription(pt),idLemma(pt)
5214,sober,"COD: make or become serious",41,Stimulate_emotion,86,soberba,"COD: fazer ou se tornar sério",
5216,torment,"COD: be subjected to torment",41,Stimulate_emotion,86,tormento,"COD: ser submetido a tortura",
5220,intrigue,"COD: arouse the curiosity or interest of. ",41,Stimulate_emotion,86,intriga,"COD: despertar a curiosidade ou interesse de.",
5222,intimidate,"COD: frighten or overawe",41,Stimulate_emotion,86,intimidar,"COD: assustar ou intimidar",
5223,mystify,"COD: utterly bewilder.",41,Stimulate_emotion,86,misterizar,"COD: completamente confuso.",
5225,stir,"COD: arouse strong feeling in. ",41,Stimulate_emotion,86,mexe,"COD: excitar sentimentos fortes em.",
5226,fluster,"COD: make (someone) agitated or confused. ",41,Stimulate_emotion,86,flutuação,"COD: fazer (alguém) agitado ou confuso.",
5227,flummox,"COD: perplex; bewilder. ",41,Stimulate_emotion,86,flummox,"COD: perplexo; confuso.",
5228,outrage,"COD: arouse outrage in.",41,Stimulate_emotion,86,indignação,"COD: provoca indignação em.",
5230,boggle,"FN: baffle",41,Stimulate_emotion,86,Boggle,"FN: embaçar",
5233,crush,"FN: destroy emotionally",41,Stimulate_emotion,86,crush,"FN: destruir emocionalmente",
5234,devastate,"FN: to cause someone to have overwhelming grief.",41,Stimulate_emotion,86,devastar,"FN: causar a alguém uma dor de coração avassaladora.",
5236,grate,"FN: annoy or anger",41,Stimulate_emotion,86,grato,"FN: irritar ou enfurecer",
5244,agonize,"FN: cause pain and suffering.",41,Stimulate_emotion,86,agonizar,"FN: causar dor e sofrimento.",
5248,"let down","FN: to disappoint someone",41,Stimulate_emotion,86,decepcionar,"FN: decepcionar alguém",
34564,"blow (one's) mind","To surprise someone in a strong way.",41,Stimulate_emotion,96,吹头脑,"Surpreender alguém de forma forte.",
5251,adore,"COD: love and respect deeply.",42,Experiencer_focused_emotion,86,Amo,"COD: amor e respeito profundamente.",
5254,despise,"COD: feel contempt or repugnance for.",42,Experiencer_focused_emotion,86,despreze,"COD: sentir desprezo ou repulsa por.",
5255,detest,"COD: dislike intensely.",42,Experiencer_focused_emotion,86,detesto,"COD: desgosta intensamente.",
5262,grieve,"COD: suffer grief",42,Experiencer_focused_emotion,86,Lute,"COD: sofrer tristeza",
5263,hate,"COD:  feel intense dislike for or a strong aversion towards",42,Experiencer_focused_emotion,86,odeio,"COD: sentir intenso desgosto por ou forte aversão em relação a",
5264,like,"COD: find agreeable, enjoyable, or satisfactory",42,Experiencer_focused_emotion,86,"gostar de","COD: encontrar agradável, agradável ou satisfatório",
5268,pity,"COD: feel pity for.",42,Experiencer_focused_emotion,86,pity,"COD: sentir pena de.",
5273,rueful,"COD: expressing regret, especially in a wry or humorous way. ",42,Experiencer_focused_emotion,84,ruful,"COD: expressando pesar, especialmente de uma maneira irônica ou humorística.",
5274,hatred,"COD:  intense dislike.",42,Experiencer_focused_emotion,83,"Aqui está a tradução do texto ""hatred"" do inglês para o português:

""ódio","COD: intenso desgosto.",
5279,luxuriate,"COD: no obj. luxuriate in/over enjoy as a luxury. ",42,Experiencer_focused_emotion,86,luxuriar,"COD: no obj. luxuriar em/sobre desfrutar como um luxo.",
5280,afraid,"COD: fearful or anxious.",42,Experiencer_focused_emotion,84,"com medo","COD: temeroso ou ansioso.",
5281,terrified,"FN: extremely fearful",42,Experiencer_focused_emotion,84,terrificado,"FN: extremamente assustado",
5285,enjoyment,"FN: the state of enjoying something",42,Experiencer_focused_emotion,83,Aproveitamento,"FN: o estado de desfrutar de algo",
5289,pity,"COD: the feeling of sorrow and compassion caused by the sufferings of others",42,Experiencer_focused_emotion,83,pity,"COD: o sentimento de tristeza e compaixão causado pelas dores dos outros",
5290,regret,"COD: a feeling of sorrow, repentance, or disappointment",42,Experiencer_focused_emotion,83,regretar,"COD: um sentimento de tristeza, arrependimento ou decepção",
5294,relish,"COD: great enjoyment",42,Experiencer_focused_emotion,83,Relish,"COD: grande prazer",
5295,detestation,"COD: intense dislike",42,Experiencer_focused_emotion,83,detestação,"COD: intenso desgosto",
5302,agape,"FN: in a state of amazement , as with the mouth wide open.",42,Experiencer_focused_emotion,84,Agape,"FN: em estado de admiração, como com a boca aberta.",
5303,fulfilled,"FN: satisfied.",42,Experiencer_focused_emotion,84,Cumprido,"FN: satisfeito.",
5307,"worked up","FN: in a state of intense excitement, anger, or anxiety.",42,Experiencer_focused_emotion,84,Trabalhado,"FN: em um estado de intensa excitação, raiva ou ansiedade.",
5309,fazed,"FN: caused to show discomposure",42,Experiencer_focused_emotion,84,fazed,"FN: causou para mostrar descomposura",
5310,unfazed,"FN: not disturbed",42,Experiencer_focused_emotion,84,indiferente,"FN: não perturbado",
