idLU,lemmaName(en),senseDescription(en),idFrame,frameName,idPOS,lemmaName(pt),senseDescription(pt),idLemma(pt)
17814,greaves,"FN: armor for the shins.",1073,Armor,83,graves,"FN: armadura para as canelas.",
17815,"flak jacket","FN: a bullet-proof jacket.",1073,Armor,83,"colete à prova de balas","FN: uma jaqueta à prova de balas.",
17819,staff,"FN: work on a staff.",1074,Working_a_post,86,staffo,"FN: trabalhar em equipe.",
17834,found,"FN: exist (in some place)",1077,Circumscribed_existence,84,encontrado,"FN: existe (em algum lugar)",
17835,non-combatant,"FN: a non-participant in a military conflict.",1080,Noncombatant,83,não-combatente,"FN: não participante em um conflito militar.",
17837,civilian,"FN: a person not a member of the armed forces.",1080,Noncombatant,83,civilão,"FN: uma pessoa não membro das forças armadas.",
17838,civvie,"FN: a civilian.",1080,Noncombatant,83,civil,"FN: um civil.",
17847,close,"FN: A locale ceases to be available for use.",1082,Locale_closure,86,feche,"FN: Uma localidade não está mais disponível para uso.",
17849,fail,"an endeavor seaces to be feasible.",1083,Endeavor_failure,86,falhar,"Um empreendimento seace ser viável.",
17850,flop,"Fail to perform well.",1083,Endeavor_failure,86,flop,"Falhar em se sair bem.",
17853,"go under","a business ceases to operate.",1083,Endeavor_failure,86,"ir abaixo","A empresa cessa de operar.",
17854,"go bust","a business entity becomes bankrupt.",1083,Endeavor_failure,86,"Vamos lá!","A entidade empresarial torna-se falida.",
17855,"roadside bomb","FN: an bomb planted on or by the side of a road.",1084,Improvised_explosive_device,83,"bomba de estrada","FN: uma bomba plantada ou ao lado de uma estrada.",
17856,"improvised explosive device","FN: an unconventional explosive device, usually hidden or transported secretly to a target.",1084,Improvised_explosive_device,83,"dispositivo explosivo improvisado","FN: um dispositivo explosivo não convencional, geralmente escondido ou transportado secretamente até o alvo.",
17857,ied,"FN: improvised explosive device.",1084,Improvised_explosive_device,83,ied,"FN: dispositivo explosivo improvisado.",
17858,"dismounted ied","FN: improvised explosive designed and placed so as to injure people on foot.",1084,Improvised_explosive_device,83,"IED desmontado","FN: Explosivo improvisado projetado e colocado para ferir pessoas a pé.",
17859,"car bomb","FN: a bomb planted and detonated in a car (or similar vehicle).",1084,Improvised_explosive_device,83,"bomba de carro","FN: uma bomba plantada e detonada em um carro (ou veículo semelhante).",
17860,vbied,"FN: vehicle-borne improvised explosive device, esp. a car bomb.",1084,Improvised_explosive_device,83,vbied,"FN: dispositivo explosivo improvisado transportado por veículo, especialmente uma bomba de carro.",
17861,voied,"FN: an explosive rigged to detonate when certain conditions are met by the intended victim.",1085,Victim_operated_IED,83,voei,"FN: uma bomba preparada para explodir quando certas condições são atendidas pela vítima pretendida.",
17862,ppied,"FN: pressure plate IED; an explosive device which detonates when a nearby pressure plate is depressed by an intended victim.",1085,Victim_operated_IED,83,ppied,"FN: placa de pressão IED; um dispositivo explosivo que detona quando uma placa de pressão próxima é pressionada por uma vítima pretendida.",
17869,"cast off","FN: (of ships) be set free of moorings.",1088,Vehicle_departure_initial_stage,86,Desliga-te,"FN: (de navios) ser solto dos cabos.",
17872,post,"FN: an assigned location.",1089,Assigned_location,83,postagem,"FN: uma localização designada.",
17876,"stand by","FN: await orders.",1090,Standing_by,86,"Fique à espera.","FN: aguardar ordens.",
17878,"on station","FN: prepared to offer military support when called upon (esp. said of aircraft or ships in support of ground troops).",1090,Standing_by,84,"em posição","FN: pronto a oferecer apoio militar quando solicitado (esp. dito de aeronaves ou navios que apoiam tropas terrestres).",
17881,down,"FN: disable and cause to land or crash.",1092,Downing,86,abaixo,"FN: desativar e fazer pousar ou cair.",
17883,downing,"FN: the act of causing a aerial vehicle to become disabled and land or crash.",1092,Downing,83,doping,"FN: o ato de causar um veículo aéreo para ficar desativado e pousar ou cair.",
17885,"set down","FN: land in a controlled fashion.",1093,Vehicle_landing,86,"deixar cair","FN: aterrissar de forma controlada.",
17886,"touch down","FN: land in a controlled fashion.",1093,Vehicle_landing,86,"toque no solo","FN: aterrissar de forma controlada.",
17888,"set down","FN: bring an aircraft down to the ground.",1094,Cause_to_land,86,"Deixar cair","FN: abater um avião no chão.",
17890,mounted,"FN: riding in a vehicle or on an animal.",1096,Transportation_status,84,montado,"FN: andar em um veículo ou sobre um animal.",
17891,"on board","FN: The quality of being located on or in a vehicle, often a ship or plane.",1096,Transportation_status,84,"a bordo","FN: A qualidade de estar localizado em ou num veículo, frequentemente um navio ou avião.",
17893,"hold back","FN: to refrain from doing something",1097,Self_control,86,retenir,"FN: abster-se de fazer algo",
17894,refrain,"FN: to abstain from an impulse to say or do something (often followed by from)",1097,Self_control,86,refreinar,"FN: abster-se de um impulso para dizer ou fazer algo (geralmente seguido por ""from"")",
17895,repress,"FN: to suppress or keep in check (desires, feelings, actions, etc.)",1097,Self_control,86,reprimir,"FN: suprimir ou manter sob controle (desejos, sentimentos, ações, etc.)",
17896,repression,"FN: the act of repressing (desires, feelings, actions, etc.)",1097,Self_control,83,repressão,"FN: o ato de reprimir (desejos, sentimentos, ações, etc.)",
17897,resist,"FN: to refrain or abstain from (esp. with difficulty or reluctance)",1097,Self_control,86,resista,"FN: abster-se de (especialmente com dificuldade ou relutância)",
17898,resistance,"FN: the act or power of resisting",1097,Self_control,83,resistência,"FN: o ato ou poder de resistir",
17902,suppress,"FN: to keep in or repress (a feeling, action, behavior, etc.)",1097,Self_control,86,suprimir,"FN: manter em ou reprimir (um sentimento, ação, comportamento, etc.)",
17903,suppression,"FN: the act of suppressing (a feeling, action, behavior, etc.)",1097,Self_control,83,Supressão,"FN: o ato de suprimir (um sentimento, uma ação, um comportamento, etc.)",
30890,"board [forum]","FN: An entity in which multiple users display information, responding to posts and creating new ones.",1098,Information_display,83,fórum,"FN: Uma entidade na qual vários usuários exibem informações, respondendo a postagens e criando novas.",
30891,"board [white/black/chalk]","FN: A flat, smooth surface which is written on, often with a specific implement, in order to display information. (ex. whiteboard, chalkboard)",1098,Information_display,83,"tampa [branca/preta/de giz]","FN: Uma superfície plana e lisa que é escrita, muitas vezes com um instrumento específico, para exibir informações. (ex. quadro-negro, quadro branco)",
17910,switch,"FN: An object that typically has only two modes (on/off) and is manipulated to alter a state in an entity.",1099,Controller_object,83,muda,"FN: Um objeto que geralmente tem apenas dois modos (ligado/desligado) e é manipulado para alterar um estado em uma entidade.",
17912,switchboard,"FN: A device that directs electricity from one source to another.",1099,Controller_object,83,"Painel de distribuição","FN: Um dispositivo que direciona eletricidade de uma fonte para outra.",
17915,"fire department","FN: a department in charge of enforcing public fire safety, response, and protection law",1101,Law_enforcement_agency,83,"departamento de bombeiros","FN: um departamento responsável pela aplicação da lei de segurança contra incêndio pública, resposta e proteção",
17918,behind,"FN: have performed or orchestrated an action.",1102,Responsibility,90,atrás,"FN: realizou ou orquestrou uma ação.",
17919,"suicide attack","FN: an attack which involves the death of the assailant.",1103,Suicide_attack,83,"ataque suicida","FN: um ataque que envolve a morte do agressor.",
17920,"suicide bombing","FN: an attack with an explosive in which the bomber kills him or herself.",1103,Suicide_attack,83,"bombardeio suicida","FN: um ataque com uma bomba em que o bombista mata-se a si próprio.",
17921,kamikaze,"FN: an attack in which a pilot crashes the airplane into the target.",1103,Suicide_attack,83,kamikaze,"FN: um ataque em que um piloto abaixa o avião no alvo.",
