idLU,lemmaName(en),senseDescription(en),idFrame,frameName,idPOS,lemmaName(pt),senseDescription(pt),idLemma(pt)
22011,alien,"Extraterrestrial life is life that does not originate from Earth.;Aurelia and Blue Moon are hypothetical examples of a planet and a moon on which extraterrestrial life could evolve.;",493,People_by_origin,83,alienígena,"Vida extraterrestre é vida que não tem origem na Terra; Aurelia e Blue Moon são exemplos hipotéticos de um planeta e uma lua em que a vida extraterrestre poderia evoluir.",59414
22021,native,"Pre-Columbian inhabitants of North and South America and their descendants;A member of one of the indigenous peoples of the Americas (generally excluding the Aleut, Inuit, Metis, or Yupik).;A member of some indigenous peoples of the Americas, especially the United States, but excluding the Inuit, Yupik, and Aleuts.;",493,People_by_origin,83,nativo,"Os habitantes pré-colombianos da América do Norte e do Sul e seus descendentes; Um membro de um dos povos indígenas das Américas (geralmente excluindo os aleutas, inuit, metis ou yupik).; Um membro de alguns povos indígenas das Américas, especialmente nos Estados Unidos, mas excluindo os inuit, yupik e aleutas.",6650
34145,scottish,"People that are native from Scotland.",493,People_by_origin,84,escocês,"Pessoas que são nativas da Escócia.",74018
14577,"lose it","FN: lose control, generally due to frustration and anger or fear.",494,Losing_it,86,perder,"FN: perder o controle, geralmente devido a frustração e raiva ou medo.",117134
30942,"break down","FN: fail to maintain emotional control and become upset.",494,Losing_it,86,quebrar,"FN: falha em manter o controle emocional e fica perturbado.",116887
14582,grasp,"COD: comprehend fully",495,Grasp,86,apreender,"COD: compreender plenamente",120946
14583,comprehend,"COD: grasp mentally; understand",495,Grasp,86,compreender,"COD: compreender mentalmente; entender",120970
14584,understand,"FN: to perceive the nature and/or significance of an object or situation",495,Grasp,86,compreender,"FN: perceber a natureza e/ou importância de um objeto ou situação",120970
14586,get,"COD: understand (an argument or the person making it)",495,Grasp,86,obter,"COD: compreender (um argumento ou a pessoa que o apresenta)",117118
14587,see,"FN: to comprehend",495,Grasp,86,ver,"FN: compreender",116936
14591,incomprehensible,"COD: not able to be understood",495,Grasp,84,Incompreensível,"COD: não é possível entender",83658
14593,apprehend,"FN: understand",495,Grasp,86,apreender,"FN: entender",120946
14594,fathom,"COD: understand (something) after much thought.",495,Grasp,86,Compreender,"COD: compreender (algo) após muito pensamento.",120970
14595,follow,"FN: to comprehend a situation",495,Grasp,86,Seguir,"FN: compreender uma situação",117164
14597,craft,"COD: an activity involving skill in making things by hand.",496,Craft,83,artesanato,"COD: uma atividade que envolve habilidade na criação de coisas à mão.",6988
14601,peculiarity,"COD: an unusual or distinctive feature or habit",497,Idiosyncrasy,83,peculiaridade,"COD: uma característica ou hábito incomum e distinto",29787
14604,particular,"FN: restricted to a particular entity",497,Idiosyncrasy,84,particular,"FN: restrito a uma entidade específica",87110
14607,weird,"COD: very strange; bizarre.",497,Idiosyncrasy,84,estranho,"COD: muito estranho; bizarro.",81421
