idLU,lemmaName(en),senseDescription(en),idFrame,frameName,idPOS,lemmaName(pt),senseDescription(pt),idLemma(pt)
31795,home,"in a baseball field, it is also called home plate and is a pentagonal rubber mat known simply as home or the plate.",1364,Sports_venues_subparts,83,casa,"Em um campo de beisebol, também é chamado de placa principal e é uma esteira de borracha pentagonal conhecida simplesmente como casa ou placa.",165
31809,key,"in basketball, it is also called the demijohn. It consists of the free-throw line and two lines that start from the free-throw line and continue until the end. Within the restricted area, attacking players can only remain for 3 seconds.",1364,Sports_venues_subparts,83,chave,"No basquete, também é chamado de ""demijohn"". Consiste na linha de lance livre e duas linhas que partem da linha de lance livre e continuam até o final. Dentro da área restrita, os jogadores atacantes podem permanecer apenas por 3 segundos.",36688
31813,"service area","area of the court where the ball or other sports equipment is served.",1364,Sports_venues_subparts,83,"área de serviço","área do campo onde a bola ou outros equipamentos esportivos são servidos.",8659
32146,circle,"in track and field, it is the area in which the athlete is allowed to stay during discus, javelin or hammer throws and shot put.",1364,Sports_venues_subparts,83,círculo,"No atletismo, é a área em que o atleta pode ficar durante os lançamentos do disco, da lança ou do martelo e do arremesso de peso.",8576
3487,attend,"join an event as a espectator or participant.",1366,Attend_event,86,atender,"Junte-se a um evento como espectador ou participante.",117280
3488,join,,1366,Attend_event,86,juntar,,116898
18499,affirmation,"FN: the act or instance of affirming (declaring to be true)",1367,Affirm_or_deny,83,afirmação,"FN: o ato ou instância de afirmar (declarar como verdadeiro)",7163
18500,confirm,"FN: to establish the truth, accuracy, or validity of something",1367,Affirm_or_deny,86,confirmar,"FN: estabelecer a verdade, precisão ou validade de algo",120775
18501,confirmation,"FN: the act or instance of confirming ",1367,Affirm_or_deny,83,Confirmação,"FN: o ato ou instância de confirmar",8931
18502,denial,"FN: the act or instance of denying",1367,Affirm_or_deny,83,negação,"FN: o ato ou instância de negar",7348
18503,reaffirm,"FN: to affirm again; to state again as true/a fact",1367,Affirm_or_deny,86,reafirmar,"FN: afirmar de novo; declarar de novo como verdade/fato",120794
18504,refute,"FN: to prove (a statement, accusation, opinion) to be false or erroneous",1367,Affirm_or_deny,86,refutar,"FN: provar (uma afirmação, acusação, opinião) ser falsa ou errônea",120795
18505,attest,"FN: to declare to be correct, true, or genuine",1367,Affirm_or_deny,86,atestar,"FN: para declarar ser correto, verdadeiro ou genuíno",120768
14078,quiet,"FN: to make less noise than was previously being made",1371,Becoming_silent,86,silêncio,"FN: fazer menos barulho do que estava sendo feito anteriormente",33375
14083,silence,"FN: (adjective used imperatively) be quiet.",1371,Becoming_silent,86,silêncio,"Fique quieto!",33375
14087,quieten,"FN: cease making noise",1371,Becoming_silent,86,Acalmar,"FN: Pare de fazer barulho",121986
13649,suspect,"COD: possibly dangerous or false.",1373,Being_questionable,84,suspeito,"COD: possivelmente perigoso ou falso.",74117
13650,suspicious,"FN: arousing a feeling that something may be dangerous or may indicate criminal or unlawful behavior",1373,Being_questionable,84,suspeito,"FN: despertar um sentimento de que algo pode ser perigoso ou indicar comportamento criminoso ou ilegal",74117
18513,invoice,"FN: to create and send a description of what is owed.",1374,Billing,86,fatura,"FN: criar e enviar uma descrição do que é devido.",22262
