idLU,lemmaName(en),senseDescription(en),idFrame,frameName,idPOS,lemmaName(pt),senseDescription(pt),idLemma(pt)
14696,stop,"FN: cease moving",509,Halt,86,Pare.,"FN: Pare de se mover",
14697,halt,"FN: cease moving",509,Halt,86,Parar.,"FN: Pare de se mover",
14698,"to a halt","FN: ending up in a resting state",509,Halt,89,"parar abruptamente","FN: chegar a um estado de repouso",
14699,"to a stop","FN: ending up stationary",509,Halt,89,"para uma parada","FN: ficar estacionário",
14702,lift,"COD: a platform or compartment housed in a shaft for raising and lowering people or things",510,Connecting_architecture,83,elevar,"COD: uma plataforma ou compartimento alojado em um eixo para elevar e baixar pessoas ou coisas",
14703,escalator,"COD: a moving staircase consisting of a circulating belt of steps driven by a motor",510,Connecting_architecture,83,"escada rolante","COD: uma escada rolante composta por um corredor de degraus que circula acionado por um motor",
14708,stairs,"COD: a set of such steps leading from one floor of a building to another",510,Connecting_architecture,83,escadas,"COD: um conjunto de tais etapas levando de um andar de um edifício para outro",
30961,else,"FN: not including previously mentioned instances.",513,Identicality,89,senão,"FN: não incluindo os casos mencionados anteriormente.",
14725,left,"FN: remaining after  a process of depletion",514,Remainder,84,esquerda,"FN: restante após um processo de esgotamento",
14727,remains,"COD: things remaining.",514,Remainder,83,restos,"COD: coisas restantes.",
14729,rhythmically,"FN: with regular,  patterned repetition",515,Temporal_pattern,89,ritmicamente,"FN: com repetição regular, em padrão",
14730,beat,"FN: a regular, strongly punctuated pattern in music",515,Temporal_pattern,83,derrotar,"FN: um padrão regular e fortemente pontuado na música",
14731,rhythmic,"FN: characterized by regular recurrence",515,Temporal_pattern,84,rítmico,"FN: caracterizado por recorrência regular",
14733,left,"FN: remaining to be processed",516,Left_to_do,84,esquerda,"FN: restante para processamento",
14740,freezing,"COD: very cold.",517,Temperature,84,Congelamento,"COD: muito frio.",
14743,lukewarm,"FN: neither cold nor warm.",517,Temperature,84,Quente-frio,"Frio nem quente.",
14753,scorcher,"COD: a day or period of very hot weather",518,Ambient_temperature,83,"um dia de calor intenso","COD: um dia ou período de tempo com muito calor",
14757,freezing,"FN: having an environment with an extremely low temperature.",518,Ambient_temperature,84,congelamento,"FN: ter um ambiente com uma temperatura extremamente baixa.",
14760,herald,"FN: signal the imminence of (linguistically or non-linguistically)",519,Heralding,86,heraldo,"FN: sinalizar a iminência de (linguisticamente ou não linguisticamente)",
3429,scholar,"a person who learns or takes up knowledge or beliefs.",524,People_by_vocation,83,scholar,"Uma pessoa que aprende ou adquire conhecimento ou crenças.",
3431,undergraduate,"a person who by long study has gained mastery in one or more disciplines.",524,People_by_vocation,83,"estudante de graduação","Um indivíduo que, por estudo prolongado, dominou uma ou mais disciplinas.",
3432,"school-age child","a young person who attends a school.",524,People_by_vocation,83,"criança em idade escolar","um jovem que frequenta uma escola.",
3433,quarrier,"a man who works in a quarry.",524,People_by_vocation,83,escavador,"Um homem que trabalha em uma pedreira.",
3437,stonework,"a person who works in stone.",524,People_by_vocation,83,"trabalho em pedra","Uma pessoa que trabalha em pedra.",
3441,"school teacher","a teacher in a school below the college level.",524,People_by_vocation,83,"professor de escola","um professor em uma escola abaixo do nível universitário.",
3444,"front desk","a secretary whose main duty is to answer the telephone and receive visitors.",524,People_by_vocation,83,"balcão de atendimento","uma secretária cuja principal função é atender o telefone e receber visitantes.",
14768,clerk,"a person employed in an office or bank to keep records or accounts and to undertake other routine administrative duties.",524,People_by_vocation,83,clérigo,"um funcionário de escritório ou banco encarregado de manter registros ou contas e realizar outras tarefas administrativas rotineiras.",
14772,maid,"a domestic servant.",524,People_by_vocation,83,"empregada doméstica","uma empregada doméstica.",
14781,"private eye","a private detective.",524,People_by_vocation,83,"olho de pássaro","um detetive particular.",
