idLU,lemmaName(en),senseDescription(en),idFrame,frameName,idPOS,lemmaName(pt),senseDescription(pt),idLemma(pt)
4782,acknowledge,"FN: to respond to communication without further information",36,Communication_response,86,Reconhecer,"FN: responder à comunicação sem informações adicionais",120671
4783,add,"COD: say as a further remark.",37,Statement,86,adicionar,"COD: como um comentário adicional.",121700
4785,admission,"COD: a confession.",37,Statement,83,admissão,"COD: a confissão.",12263
4790,assert,"FN: declare, or state clearly",37,Statement,86,afirmação,"FN: declare, ou declare claramente",7163
4797,claim,"COD: assert that something is the case.",37,Statement,86,reivindicar,"COD: afirmar que algo é o caso.",133592
4799,comment,"COD: express an opinion or reaction.",37,Statement,86,comentário,"COD: expressar uma opinião ou reação.",7343
4802,conjecture,"COD: form a conjecture. ",37,Statement,86,conjetura,"COD: formar uma conjetura.",7345
4806,declare,"COD: announce solemnly or officially; make clearly known.",37,Statement,86,declaração,"COD: anunciar solenemente ou oficialmente; tornar claramente conhecido.",7347
4815,mention,"FN: to make reference to something ",37,Statement,86,menção,"FN: fazer referência a algo",7352
4829,remark,"COD: say as a comment; mention.",37,Statement,86,marcação,"COD: diga como um comentário; mencione.",964
4831,report,"COD: give a spoken or written account of something.",37,Statement,86,relatório,"COD: dar uma conta falada ou escrita de algo.",7380
4834,state,"COD: express definitely or clearly in speech or writing",37,Statement,86,estado,"COD: expressa definitivamente ou claramente na fala ou na escrita",6657
4841,venture,"FN: to offer a remark at the risk of being rebuffed or censured for it",37,Statement,86,empreendimento,"FN: fazer um comentário arriscando ser rechaçado ou censurado por isso",9607
4842,hazard,"COD: venture to say",37,Statement,86,perigo,"COD: arriscar dizer",30027
4848,acknowledgment,"FN: the action of acknowledging.",37,Statement,83,Reconhecimento,"FN: a ação de reconhecer.",7590
4849,note,"FN: express an observation, often as a side remark. ",37,Statement,86,nota,"FN: expressa uma observação, geralmente como um comentário lateral.",9400
4855,detail,"Fn: explain in detail",37,Statement,86,detalhe,"Explique em pormenor",19664
4857,allow,"FN: concede.",37,Statement,86,permitir,"FN: concede.",117249
4858,caution,"FN: A statement intended to convey potential danger or risk.",37,Statement,83,Cautela,"FN: Uma declaração destinada a transmitir perigo ou risco potencial.",16861
4860,challenge,"FN: (rare) state in direct or implicit contradition to preceding discourse.",37,Statement,86,desafio,"FN: (raro) estado em direta ou implícita contradição ao discurso precedente.",19194
30691,state,"COD: express definitely or clearly in speech or writing",37,Statement,86,estado,"COD: expressa definitivamente ou claramente na fala ou na escrita",6657
4879,terse,"COD: .terser, tersest sparing in the use of words; abrupt. ",38,Volubility,84,Breve,"COD: .terceiro, mais econômico na utilização de palavras; abrupto.",73357
