idLU,lemmaName(en),senseDescription(en),idFrame,frameName,idPOS,lemmaName(pt),senseDescription(pt),idLemma(pt)
21570,sorbet,"A food of frozen fruit juice with a dairy product such as milk added; a sorbet with dairy ingredients.;",252,Food,83,sorbete,"Uma alimentação de suco de fruta congelado com um produto lácteo como leite adicionado; um sorvete com ingredientes lácteos.",
21571,sundae,"Frozen fruit juice, sometimes mixed with egg whites, used as dessert or between courses of a meal.;Ordinary frozen water, especially when a distinction needs to be made from other frozen substances;An ice containing no milk but having a mushy consistency; usually made from fruit juice;A kind of frozen dessert made from sugar and fruit puree, and that is different from ice cream in the absence of dairy product and by it not being light from whipping.;",252,Food,83,sundae,"Suco de frutas congelado, às vezes misturado com claras de ovos, usado como sobremesa ou entre os pratos de uma refeição; Água congelada comum, especialmente quando é necessário fazer uma distinção de outras substâncias congeladas; Um gelo sem leite mas com uma consistência macia; geralmente feito de suco de fruta; Um tipo de sobremesa congelada feita de açúcar e purê de frutas, e que é diferente do sorvete pela ausência de produto lácteo e por não ser leve por ser batido.",
21572,frappe,"A frozen dessert with fruit flavoring (especially one containing no milk);",252,Food,83,frappe,"Um sorvete congelado com sabor de fruta (especialmente um que não contém leite).",
21573,"fruit juice","The juice obtained by squeezing, crushing or centrifuging fruit.;",252,Food,83,"suco de fruta","O suco obtido por espremer, esmagar ou centrífugar frutas.",
23891,craft,"it is the quality that some products have of being made through traditional methods.",252,Food,84,arte,"É a qualidade que alguns produtos têm de serem feitos através de métodos tradicionais.",
24665,"buchada de bode","a typical dish of the Northeast of Brazil, made with the viscera of the goat washed, broiled, cut, tempered and cooked in the stomach of the animal itself.",252,Food,83,"buchada de bode","Um prato típico do Nordeste do Brasil, feito com as vísceras da cabra lavadas, grelhadas, fatiadas, temperadas e cozidas no próprio estômago do animal.",
24667,cajuína,"a non-alcoholic beverage made from cashew.",252,Food,83,Cajun,"uma bebida não alcoólica feita de cajú.",
24668,cajuzinho,"a sweet made with peanuts and condensed milk. It has the form of a small cashew, garnished with a peanut",252,Food,83,Cajuí,"Uma doce feita com amendoim e leite condensado. Tem a forma de uma pequena noz-pecã, decorada com um amendoim",
24671,"caiçara cooking","a caiçara cuisine, of a Brazilian indigenous origin.",252,Food,83,"Cozinha caiçara","A culinária caiçara, de origem indígena brasileira.",
24681,curau,"a sweet and pasty delicacy that has as main ingredients cream of corn, cow milk or coconut, sugar and cinnamon powder or bark.",252,Food,83,"Queijo de leite de búfala","Uma delícia doce e pastosa que tem como ingredientes principais creme de milho, leite de vaca ou coco, açúcar e canela em pó ou casca.",
24689,feijão-tropeiro,"a typical dish from the state of Minas Gerais, Brazil, made of beans, sautéed in pork fat with onions, garlic and seasonings and then mixed with pork greaves and cassava flour.",252,Food,83,"Feijão tropeiro","Um prato típico do estado de Minas Gerais, Brasil, feito de feijão, refogado em banha de porco com cebola, alho e temperos e depois misturado com carne de porco moída e farinha de mandioca.",
24691,"chicken and gravy","a chicken stew where the blood of the animal harvested at slaughter is added during cooking. It is accompanied by rice, angu and kale.",252,Food,83,"Frango e molho","um ensopado de frango no qual o sangue do animal colhido no abate é adicionado durante o cozimento. É acompanhado por arroz, angu e couve.",
24692,"soaked chicken","a dish consisting of chicken cut into pieces and cooked in a sauce.",252,Food,83,"Frango embebido","Um prato que consiste em frango cortado em pedaços e cozido em molho.",
24694,delicacy,"any prepared food.",252,Food,83,delicadeza,"Qualquer comida preparada.",
24718,"capixaba stew","a typical dish of the Brazilian state of Espirito Santo, made of fish and seafood, boiled in coconut milk, oil of urucum and seasoned with coriander, onion, tomato, chili, dry shrimp and chili pepper, usually in a clay pot, where it is served. It is lighter than the Baiana stew.",252,Food,83,"stew capixaba","Um prato típico do estado brasileiro do Espírito Santo, feito de peixe e frutos do mar, fervido em leite de coco, óleo de urucum e temperado com coentro, cebola, tomate, pimenta, camarão seco e pimenta-doce, geralmente em uma panela de barro, onde é servido. É mais leve que o baiano",
24720,"barbados goosebery","a typical vegetable of the region of Sabará in the Brazilian state of Minas Gerais. Its leaves usually are consumed braised as accompaniment of red meats.",252,Food,83,"barbudo gooseberry","Uma verdura típica da região de Sabará no estado brasileiro de Minas Gerais. Suas folhas geralmente são consumidas refogadas como acompanhamento de carnes vermelhas.",
24734,"seafood paella","a kind of paella without chicken or rabbit, but with mussels, squid, vôngole and prawns.",252,Food,83,"paella de frutos do mar","Uma espécie de paella sem frango ou coelho, mas com moluscos, lula, vôngole e camarão.",
24739,"pirarucu de casaca","a typical Amazonian dish consisting of pirarucu fillet, desalted and fried in olive oil, layered with fried banana, potato, and farofa made with cassava flour, boiled eggs and coconut milk.",252,Food,83,Pirarucu-de-casaca,"Uma típica refeição amazônica que consiste em filé de pirarucu, dessalgado e frito em azeite, empilhado com banana frita, batata e farofa feita com farinha de mandioca, ovos cozidos e leite de coco.",
24744,"agnolini soup","a type of food consisting of agnolini cooked in broth made with vegetables and chicken or meat.",252,Food,83,"Sopa de agnolini","Um tipo de alimento que consiste em agnolini cozidos em caldo feito com vegetais e frango ou carne.",
24827,scone,"a small kind of cake made of flour, fat, and milk and sometimes with other ingredients like vegetables or meat.",252,Food,83,Scone,"Uma espécie pequena de bolo feito de farinha, gordura e leite e às vezes com outros ingredientes como vegetais ou carne.",
24954,carpaccio,"a type of food that usually consists of thin slices of raw beef or fish, with a special seasoning of lemon juice and olive oil.",252,Food,83,carpasso,"Um tipo de alimento que geralmente consiste em fatias finas de carne bovina ou peixe cru, com um tempero especial de suco de limão e azeite.",
24973,chorizo,"food made with gut stuffed with pork blood, spices and sugar.",252,Food,83,choriso,"Comida feita com estômago recheado com sangue de porco, especiarias e açúcar.",
24987,churro,"a delicacy that consists of a mass shaped of fried cylindrical form, passed in sugar and cinnamon and stuffed with diverse fillings such as dulce de leche, guava, chocolate etc.",252,Food,83,Churro.,"Uma delicadeza que consiste em uma massa em forma de cilindro frita, passada em açúcar e canela e recheada com diferentes recheios como doce de leite, goiaba, chocolate, etc.",
25081,kibbeh,"typical dish of Arab cuisine, made from ground beef, ground whole wheat, seasoned with salt, onion, black pepper, mint and butter.",252,Food,83,Kibbeh,"prato típico da culinária árabe, feito com carne moída de bovina, trigo integral moído, temperado com sal, cebola, pimenta preta, hortelã e manteiga.",
25105,milkshake,"ice drink made with ice cream, milk, with fruit or chocolate flavors.",252,Food,83,milshake,"Bebida gelada feita com sorvete, leite, com sabores de frutas ou chocolate.",
25176,"oxtail soup","soup made with the ox's tail.",252,Food,83,"Sopa de rabo de boi","Caldo feito com a cauda do boi.",
25180,pop,"non-alcoholic and non-fermented beverage made from mineral water, carbon dioxide, sugar, and artificial flavoring or fruit extract.",252,Food,83,pop,"Bebida não alcoólica e não fermentada feita à base de água mineral, dióxido de carbono, açúcar e saborizante ou extrato de fruta artificial.",
25195,"pernil pinapple sandwich","dish made with slices of pork shank and pineapple inside bread.",252,Food,83,"pernil de abacaxi","Prato feito com fatias de perna de porco e abacaxi dentro do pão.",
25211,berliner,"very fluffy cookie, flour and eggs, fried and then usually passed through sugar syrup or sprinkled with sugar and cinnamon.",252,Food,83,Berlim,"biscoito muito fofinho, farinha e ovos, fritos e então geralmente passados por xarope de açúcar ou polvilhados com açúcar e canela.",
30699,lamb,"COD: 1. a young sheep. [Zool] [Food] ",252,Food,83,"carne de carneiro","COD: 1. uma jovem ovelha. [Zool.] [Alimentação.]",
30710,nut,"COD: a fruit consisting of a hard or tough shell around an edible kernel",252,Food,83,nozes,"COD: uma fruta com uma casca dura ou robusta em torno de um amendoim comestível",
30717,ketchup,"COD: mass noun a spicy sauce made chiefly from tomatoes and vinegar, used as a relish. ",252,Food,83,"molho de tomate","COD: substantivo massivo uma molho apimentado feito principalmente de tomates e vinagre, usado como um condimento.",
30883,cabbage,"FN: (the leaves of) a cruciferous vegetable, often eaten boiled.",252,Food,83,Couve,"FN: (as folhas de) uma verdura crocante, geralmente comida cozida.",
