idLU,lemmaName(en),senseDescription(en),idFrame,frameName,idPOS,lemmaName(pt),senseDescription(pt),idLemma(pt)
11133,attached,"FN: the state of being fastened or joined",281,Being_attached,84,Anexado,"FN: o estado de estar preso ou unido",
11134,tied,"FN: the state of being fastened to something else with a rope-like instrument",281,Being_attached,84,amarrado,"FN: o estado de estar preso a algo com um instrumento semelhante a uma corda",
11135,bolted,"FN: the state of being fastened to something else with a bolt",281,Being_attached,84,Aperto,"FN: o estado de estar preso a algo com uma porca",
11136,glued,"FN: the state of being attached to something else with glue",281,Being_attached,84,colado,"FN: o estado de estar colado a algo com cola",
11137,affixed,"FN: the state of being directly attached to something else",281,Being_attached,84,afixado,"FN: o estado de estar diretamente ligado a algo mais",
11138,anchored,"FN: the state of being secured firmly in position",281,Being_attached,84,ancorado,"FN: o estado de estar firmemente seguro em posição",
11140,chained,"FN: The state of being attached to something else with a chain",281,Being_attached,84,cadeado,"FN: O estado de estar ligado a algo com uma corrente",
11142,fused,"FN: the state of being attached to something else in that the two items have been joined to form one",281,Being_attached,84,fused,"FN: o estado de estar ligado a algo mais, no sentido de que os dois itens foram unidos para formar um só",
11143,handcuffed,"FN: the state of bieng attached to something else with handcuffs",281,Being_attached,84,"amarrado com algemas","FN: o estado de estar preso a algo com algemas",
11144,lashed,"FN: the state of being fastened to something else with a cord or rope",281,Being_attached,84,Chicotadas,"FN: o estado de estar preso a algo com uma corda ou corda",
11145,manacled,"FN: the state of being attached to something else with manacles",281,Being_attached,84,"Amarrado com correntes","FN: o estado de estar preso a algo com algemas",
11146,moored,"FN: the state of a boat being attached to a shore or anchor with a rope or cable",281,Being_attached,84,amarrado,"FN: o estado de um barco sendo anexado à costa ou âncora com corda ou cabo",
11147,nailed,"FN: the state of being fastened to something else with nails",281,Being_attached,84,pregado,"FN: o estado de estar preso a algo com pregos",
11148,pasted,"FN: the state of being fastened to something else with paste",281,Being_attached,84,colado,"FN: o estado de estar preso a algo com pasta",
11149,pinned,"FN: the state of being attached to something else with a pin or pins",281,Being_attached,84,pinado,"FN: o estado de estar ligado a algo mais com um ou vários alfinetes",
11150,riveted,"FN: the state of being fastened to something else with a rivet or rivets",281,Being_attached,84,rivetado,"FN: o estado de estar preso a algo com uma porca ou parafusos",
11151,sewn,"FN: the state of being attached to something else with stiches made with a needle and thread",281,Being_attached,84,costurado,"FN: o estado de estar ligado a algo mais com pontos feitos com uma agulha e linha",
11152,shackled,"FN: the state of being attached to something else with shackles",281,Being_attached,84,Amarrado,"FN: o estado de estar preso a algo com correntes",
11153,stapled,"FN: the state of being fastened to something else with staples",281,Being_attached,84,grampado,"FN: o estado de estar preso a algo com grampos",
11154,stuck,"FN: being caused to adhere",281,Being_attached,84,Atrás,"FN: ser causado para aderir",
11155,tethered,"FN: the state of being fastened to something else with a tether",281,Being_attached,84,Amarrado,"FN: o estado de estar preso a algo com uma corda",
11156,welded,"FN: the state of a metal part being attached to another metal part with the use of heat to melt the metal ",281,Being_attached,84,soldado,"FN: o estado de uma peça metálica sendo unida a outra peça metálica com o uso de calor para derreter o metal",
11158,taped,"FN: the state of being attached to something else with tape",281,Being_attached,84,gravado,"FN: o estado de estar colado a algo com fita adesiva",
11159,plastered,"FN: firmly attached",281,Being_attached,84,plastrado,"FN: firmemente preso",
11162,connected,"FN: linked together.",281,Being_attached,84,conectado,"FN: ligado entre si.",
11165,argue,"COD: give reasons or cite evidence in support of something",282,Reasoning,86,argumentar,"COD: dê razões ou cite evidências para apoiar algo",
11168,demonstrate,"COD: clearly show the existence or truth of",282,Reasoning,86,Demonstre,"COD: claramente mostrar a existência ou verdade de",
11170,disprove,"FN: to prove a proposition to be false by a set of reasoning",282,Reasoning,86,Desprovar,"FN: provar que uma proposição é falsa por um conjunto de raciocínio",
11172,polemic,"COD: a strong verbal or written attack. ",282,Reasoning,83,polêmico,"COD: um forte ataque verbal ou escrito.",
11178,wet,"COD: cover or touch with liquid",283,Cause_to_be_wet,86,molhado,"COD: cobrir ou tocar com líquido",
11179,saturate,"COD: soak thoroughly with water or other liquid. ",283,Cause_to_be_wet,86,saturar,"COD: mergulhe completamente em água ou outro líquido.",
11180,douse,"COD: drench with liquid. ",283,Cause_to_be_wet,86,Douse,"COD: embebecer com líquido.",
11181,souse,"COD: soak in or drench with liquid",283,Cause_to_be_wet,86,"sopa de letras","COD: mergulhar ou molhar em líquido",
11182,moisten,"FN: cause to become slightly wet",283,Cause_to_be_wet,86,umedecer,"FN: causar para ficar ligeiramente molhado",
11183,dampen,"COD: make damp",283,Cause_to_be_wet,86,dampene,"COD: fazer umidade",
11184,humidify,"COD: increase the level of moisture in (air)",283,Cause_to_be_wet,86,Humidificar,"COD: aumentar o nível de umidade em (ar)",
11186,moisturize,"COD: make (something, especially the skin) less dry.",283,Cause_to_be_wet,86,hidratar,"COD: tornar (algo, especialmente a pele) menos seco.",
11188,deceased,"COD: recently dead",284,Dead_or_alive,84,decuidado,"COD: recentemente falecido",
11189,lifeless,"COD: dead or apparently dead. ",284,Dead_or_alive,84,"sem vida","COD: morto ou aparentemente morto.",
11190,dead,"COD: no longer alive. ",284,Dead_or_alive,84,morta,"COD: não está mais vivo.",
11192,undead,"COD: technically dead but still animate. ",284,Dead_or_alive,84,undead,"COD: tecnicamente morto mas ainda animado.",
11193,undead,"FN: a creture that is technically dead but still animate",284,Dead_or_alive,83,undead,"FN: uma criatura que é tecnicamente morta mas ainda animada",
11195,dead,"FN: those human beings who are dead",284,Dead_or_alive,83,morto,"FN: esses seres humanos que estão mortos",
11196,living,"FN: possessing life",284,Dead_or_alive,84,viver,"FN: possuir vida",
11197,nonliving,"FN: not alive",284,Dead_or_alive,84,não-vivo,"FN: não vivo",
11201,late,"FN: Recently dead.",284,Dead_or_alive,84,tarde,"FN: Recentemente falecido.",
11203,"dirt nap","FN: (used ironically or jokingly with verbs like ""take"" or ""have"") dead.",284,Dead_or_alive,83,"cochilo de catafalco","FN: (usado ironicamente ou de forma humorística com verbos como ""tomar"" ou ""ter"") morto.",
11204,graze,"COD: ouch or scrape lightly in passing. ",285,Impact,86,grasar,"COD: ouch ou arranhar levemente ao passar.",
11205,glancing,"COD: strike at an angle and bounce off obliquely",285,Impact,84,"olhando brevemente","COD: atacar em ângulo e rebater oblicuamente",
11211,crash,"COD: collide violently with an obstacle or another vehicle. ",285,Impact,86,crash,"COD: colidir violentamente com um obstáculo ou outro veículo.",
11213,clang,"FN: to be hit forcefully against something else",285,Impact,86,Clang,"FN: ser atingido com força contra algo",
11214,plow,"COD: (of a vehicle) move in a fast and uncontrolled manner",285,Impact,86,arado,"COD: (de um veículo) mover-se de forma rápida e descontrolada",
11216,bang,"FN: strike forcefully and noisily, typically without volition.",285,Impact,86,BANG!,"FN: atacar com força e barulho, geralmente sem vontade.",
11224,hit,"COD: an instance of hitting or being hit. ",285,Impact,83,acertar,"COD: um exemplo de bater ou ser atingido.",
11226,thud,"COD: move, fall, or strike something with a thud. ",285,Impact,86,Bum!,"COD: mover, cair ou atingir algo com um barulho alto.",
11227,crash,"COD: an instance of crashing. ",285,Impact,83,crash,"COD: um caso de travamento.",
11228,clunk,"COD: move with or make a clunk. ",285,Impact,86,clunk,"COD: mover-se com ou fazer um estalo.",
11229,crunch,"COD: hit somthing hard or crush with a marked grinding sound",285,Impact,86,crunch,"COD: bater algo com força ou esmagar com um som marcado de trituração",
11230,slam,"COD: crash or strike heavily into. ",285,Impact,86,slam,"COD: colidir ou atingir fortemente.",
11231,plop,"FN: to hit something from a downward trajectory, creating a short, dull sound",285,Impact,86,Plop,"FN: acertar algo de uma trajetória descendente, criando um som curto e sem ressonância",
11232,plunk,"COD: hit (someone) abruptly. ",285,Impact,86,Plunk,"COD: acertar (alguém) abruptamente.",
11234,thump,"COD: hit heavily, especially with the fist or a blunt implement",285,Impact,86,Thump,"COD: acertar fortemente, especialmente com o punho ou um instrumento entalhado",
11235,chatter,"COD: (of a person' s teeth) click repeatedly together from cold or fear",285,Impact,86,chatter,"COD: (dos dentes de uma pessoa) clicar repetidamente juntos de frio ou medo",
11236,clash,"FN: to be forcefully struck against another object",285,Impact,86,clash,"FN: ser violentamente atingido contra outro objeto",
11237,click,"FN: to briefly come into contact with another object",285,Impact,86,clique,"FN: entrar em contato brevemente com outro objeto",
