idLU,lemmaName(en),senseDescription(en),idFrame,frameName,idPOS,lemmaName(pt),senseDescription(pt),idLemma(pt)
9949,healthy,"FN: in good health; not ill",215,Health_conditions,84,saudável,"FN: em boa saúde; não doente",74067
9956,develop,"FN: to get an illness or symptom",215,Health_conditions,86,desenvolver,"FN: para contrair uma doença ou sintoma",120712
9957,lug,"COD: carry or drag with great effort",216,Bringing,86,lodo,"COD: carregar ou arrastar com grande esforço",26520
9959,wheel,"FN: carry in or on a vehicle with wheels",216,Bringing,86,roda,"FN: transportar em ou sobre um veículo com rodas",32522
9960,cart,"FN: carry, sometimes in a cart",216,Bringing,86,caixa,"FN: transportar, às vezes em um carrinho",6543
9963,fly,"FN: transport by air.",216,Bringing,86,voar,"FN: transporte aéreo.",116878
9964,transport,"COD: take or carry from one place to another by means of a vehicle, aircraft, or ship.",216,Bringing,86,transporte,"COD: pegar ou transportar de um lugar para outro por meio de veículo, aeronave ou navio.",598
9965,take,"COD: carry or bring with one; convey or guide. ",216,Bringing,86,tomar,"COD: transportar ou trazer com um; transmitir ou guiar.",117247
9966,drive,"COD: convey in a car. ",216,Bringing,86,dirigir,"COD: conduzir num carro.",120880
9968,truck,"COD: convey by truck.",216,Bringing,86,caminhão,"COD: transportar por caminhão.",8773
9972,jet,"FN: transport by means of jet aircraft",216,Bringing,86,jato,"FN: transporte por meio de jato de água",25603
9974,motor,"FN: transport by means of motor vehicle",216,Bringing,86,motor,"FN: transporte por veículo motorizado",37087
9975,row,"FN: transport by means of non-motorized watercraft",216,Bringing,86,fila,"FN: transporte por meio de embarcação não motorizada",9371
9977,bike,"FN: to convey by bicycle.",216,Bringing,86,bicicleta,"FN: para transportar de bicicleta.",636
9979,bear,"COD: carry.",216,Bringing,86,urso,"COD: transportar.",35571
9981,get,"FN: bring",216,Bringing,86,obter,"FN: trazer",117118
9992,play,"to take part in a sport or contest. ",217,Competition,86,brincar,"Participar de um esporte ou competição.",117309
28993,face,"to play against.",217,Competition,86,cara,"to play contra.",800
28994,"take on","to play against.",217,Competition,86,assumir,"to play contra.",117292
29379,fight,"to compete for something in a sport.",217,Competition,86,lutar,"Competir por algo em um esporte.",117219
32429,rival,"COD: a person or thing competing with another for superiority or the same objective.",217,Competition,83,rival,"COD: uma pessoa ou coisa competindo com outra por superioridade ou o mesmo objetivo.",37068
32430,player,"FN: a person who is an active member of a competition",217,Competition,83,jogador,"FN: uma pessoa que é membro ativo de uma competição",383
9997,cable,"COD: send a cablegram to",218,Communication_means,86,cabo,"COD: enviar um telegrama para",688
9998,wire,"COD: send a telegram or cablegram to.",218,Communication_means,86,fio,"COD: enviar um telegrama ou teletipo para.",22433
9999,phone,"FN: to communicate or attempt to communicate with someone via.",218,Communication_means,86,telefone,"FN: para comunicar ou tentar comunicar com alguém por.",9384
10000,semaphore,"COD: send by semaphore or by signals resembling semaphore.",218,Communication_means,86,semáforo,"COD: enviar por semáforo ou por sinais semelhantes ao semáforo.",33173
10003,radio,"COD: send a message by radio",218,Communication_means,86,rádio,"COD: enviar uma mensagem por rádio",31578
10005,telephone,"FN: send a message via the telephone",218,Communication_means,86,telefone,"FN: enviar uma mensagem pelo telefone",9384
10008,call,"FN: To communicate or attempt to commmunicate with someone via telephone or computer program such as Skype.",218,Communication_means,86,chamar,"FN: Comunicar-se ou tentar comunicar com alguém através de telefone ou programa de computador como o Skype.",117316
10012,ship,"FN: cause to be transported (esp. on a ship).",219,Sending,86,barco,"FN: causar transporte (especialmente em um navio).",122
10013,post,"COD: with obj. chiefly Brit. send via the postal system. ",219,Sending,86,postar,"COD: com obj. principalmente britânico enviar através do sistema postal.",132834
10015,forward,"COD: dispatch; send. ",219,Sending,86,avançar,"COD: despachar; enviar.",117212
10016,route,"COD: v.1.routeing or routing with obj. and adverbial of direction send or direct along a specified course. ",219,Sending,86,rota,"COD: v.1. roteamento ou roteamento com objeto e advérbio de direção enviar ou dirigir ao longo de um curso especificado.",7580
10021,shipment,"COD: a consignment of goods shipped.",219,Sending,83,Remessa,"COD: uma remessa de mercadorias enviadas.",32141
10024,barge,"FN: send via a vessell that travels through the water",219,Sending,86,barco,"FN: enviar por uma embarcação que viaja pela água",122
10025,wire,"FN: send by telegram or electronically",219,Sending,86,fio,"FN: enviar pelo Telegram ou eletronicamente",22433
10028,full,"COD: having no empty space. ",220,Fullness,84,cheio,"COD: sem espaço vazio.",73468
10029,empty,"COD: containing nothing; not filled or occupied. ",220,Fullness,84,vazio,"COD: não contendo nada; não preenchido ou ocupado.",73545
10034,tie,"FN: confine by making a knot in or around the opening of a container.",221,Inhibit_movement,86,amarrar,"FN: confinar fazendo um nó em ou ao redor da abertura de um recipiente.",122886
