idLU,lemmaName(en),senseDescription(en),idFrame,frameName,idPOS,lemmaName(pt),senseDescription(pt),idLemma(pt)
5114,alarm,"COD: frighten or disturb.",41,Stimulate_emotion,86,alarme,"COD: assustar ou perturbar.",
5115,amaze,"COD: surprise greatly.",41,Stimulate_emotion,86,Ame-se.,"COD: surpreendeu muito.",
5118,antagonize,"COD: cause to become hostile.",41,Stimulate_emotion,86,Antagonizar,"COD: causar hostilidade.",
5119,astonish,"COD: surprise or impress greatly.",41,Stimulate_emotion,86,assombrar,"COD: surpresa ou impressiona muito.",
5120,astound,"FN: overwhelm with surprise and wonder",41,Stimulate_emotion,86,assombrar,"FN: abrumado com surpresa e admiração",
5122,bewilder,"COD: perplex or confuse.",41,Stimulate_emotion,86,bewilder,"COD: perplexo ou confuso.",
5126,charm,"FN: impress with one' s personal attractiveness",41,Stimulate_emotion,86,charme,"FN: impressionar com o próprio atrativo pessoal",
5129,conciliate,"COD: placate; pacify",41,Stimulate_emotion,86,conciliar,"COD: acalmar; apaziguar",
5131,console,"COD: give consolation to.",41,Stimulate_emotion,86,console,"COD: dar conforto a.",
5135,disappoint,"COD: fail to fulfil the hopes or expectations of.",41,Stimulate_emotion,86,decepcionar,"COD: não cumprir as esperanças ou expectativas de.",
5137,disconcert,"COD: disturb the composure of.",41,Stimulate_emotion,86,desconcertar,"COD: perturbar a compostura de.",
5138,discourage,"COD: cause a loss of confidence or enthusiasm in",41,Stimulate_emotion,86,desencorajar,"COD: causar perda de confiança ou entusiasmo em",
5140,displease,"COD: annoy or upset.",41,Stimulate_emotion,86,desagradar,"COD: irritar ou perturbar.",
5142,disturb,"COD: cause to feel anxious.",41,Stimulate_emotion,86,perturbando,"COD: causar ansiedade.",
5143,embarrass,"COD: cause to feel awkward, self-conscious, or ashamed.",41,Stimulate_emotion,86,embaraçar,"COD: causar desconforto, insegurança ou vergonha.",
5145,enrage,"COD: make very angry.",41,Stimulate_emotion,86,enraivecer,"COD: fazer muito bravo.",
5147,enthrall,"COD: capture the fascinated attention of",41,Stimulate_emotion,86,desencantar,"COD: capturar a atenção fascinada de",
5148,exasperate,"COD: irritate intensely.",41,Stimulate_emotion,86,exasperar,"COD: irrita intensamente.",
5149,excite,"COD: cause strong feelings of enthusiasm and eagerness in",41,Stimulate_emotion,86,excitante,"COD: causa fortes sentimentos de entusiasmo e ansiedade por",
5152,frustrate,"COD: cause to feel dissatisfied or unfulfilled.",41,Stimulate_emotion,86,frustra,"COD: causar insatisfação ou falta de realização.",
5155,gratify,"COD: give pleasure or satisfaction.",41,Stimulate_emotion,86,gratificar,"COD: dar prazer ou satisfação.",
5156,hearten,"COD: make more cheerful or confident.",41,Stimulate_emotion,86,corar,"COD: tornar mais alegre ou confiante.",
5157,humiliate,"COD: injure the dignity and self-respect of.",41,Stimulate_emotion,86,humilhar,"COD: ferir a dignidade e o respeito próprio de.",
5158,impress,"COD: make (someone) feel admiration and respect.",41,Stimulate_emotion,86,imprimir,"COD: fazer (alguém) sentir admiração e respeito.",
5159,infuriate,"COD: make irritated or angry.",41,Stimulate_emotion,86,infuriar,"COD: irritar ou fazer ficar com raiva.",
5162,mollify,"COD: appease the anger or anxiety of.",41,Stimulate_emotion,86,amansar,"COD: apaziguar a raiva ou ansiedade de.",
5163,pacify,"COD: quell the anger or agitation of.",41,Stimulate_emotion,86,pacificar,"COD: acalme a raiva ou agitação de.",
5164,perplex,"COD: cause to feel baffled.",41,Stimulate_emotion,86,perplexo,"COD: causar uma sensação de confusão.",
5165,placate,"COD: calm, pacify, or appease.",41,Stimulate_emotion,86,acalmam,"COD: calma, acalmar ou apaziguar.",
5166,please,"COD: cause to feel happy and satisfied.",41,Stimulate_emotion,86,"por favor","COD: causar felicidade e satisfação.",
5167,puzzle,"COD: confuse because difficult to understand.",41,Stimulate_emotion,86,puzzle,"COD: confunde-se por ser difícil de entender.",
5169,reassure,"COD: allay the doubts and fears of.",41,Stimulate_emotion,86,reassure,"COD: acalmar as dúvidas e os medos de.",
5170,rile,"COD: annoy or irritate.",41,Stimulate_emotion,86,relva,"COD: irritar ou aborrecê-lo.",
5171,sadden,"COD: cause to feel sad.",41,Stimulate_emotion,86,saddened,"COD: causar tristeza.",
5178,spook,"COD: frighten or become frightened.",41,Stimulate_emotion,86,assombrar,"COD: assustar ou ficar assustado.",
5181,stun,"FN: astonish or shock (someone)",41,Stimulate_emotion,86,Atordoar,"FN: espantar ou chocar (alguém)",
5183,terrify,"COD: cause to feel terror.",41,Stimulate_emotion,86,aterrorizar,"COD: causar terror.",
5185,unnerve,"COD: deprive of courage or confidence.",41,Stimulate_emotion,86,desestabilizar,"COD: privação de coragem ou confiança.",
5186,unsettle,"COD: cause to be anxious or uneasy; disturb. ",41,Stimulate_emotion,86,desestabilizar,"COD: causar ansiedade ou inquietação; perturbar.",
5187,upset,"COD: make unhappy, disappointed, or worried.",41,Stimulate_emotion,86,chateado,"COD: fazer infeliz, desapontado ou preocupado.",
5189,wow,"COD:  impress and excite greatly. ",41,Stimulate_emotion,86,Uau!,"COD: impressionar e excitar muito.",
5190,vex,"COD: cause to feel annoyed or worried",41,Stimulate_emotion,86,vexar,"COD: causar irritação ou preocupação",
5193,sicken,"FN: to cause revulsion, make disgusted or appalled",41,Stimulate_emotion,86,"Encher de nojo","FN: causar repulsa, fazer nojo ou indignar",
5194,stupefy,"COD: astonish and shock",41,Stimulate_emotion,86,Estupefiar,"COD: espantar e chocar",
5195,tickle,"COD: be appealing or amusing to",41,Stimulate_emotion,86,Tique-taque,"COD: ser atraente ou divertido",
5197,sting,"COD:  hurt; upset. ",41,Stimulate_emotion,86,picada,"COD: machucado; perturbado.",
5199,nettle,"COD: annoy. ",41,Stimulate_emotion,86,ortiga,"COD: irritar.",
5200,abash,"COD: cause to feel embarrassed, disconcerted, or ashamed.",41,Stimulate_emotion,86,Abafado,"COD: causar vergonha, desconforto ou constrangimento.",
5201,aggravate,"COD:  annoy or exasperate",41,Stimulate_emotion,86,agravante,"COD: irritar ou exasperar",
5202,exhilarate,"COD: cause to feel very happy or animated.",41,Stimulate_emotion,86,exhilarar,"COD: causar para sentir muito feliz ou animado.",
5203,faze,"COD:  disturb or disconcert.",41,Stimulate_emotion,86,faze,"COD: perturbar ou desconsertar.",
5204,embitter,"COD: make bitter or resentful.",41,Stimulate_emotion,86,embitter,"COD: fazer amargo ou ressentido.",
5205,flabbergast,"COD: surprise greatly",41,Stimulate_emotion,86,Flabbergastado,"COD: surpreendeu muito",
5207,rankle,"COD: annoy or irritate (someone).",41,Stimulate_emotion,86,rankle,"COD: irritar ou aborrecê-lo (a alguém).",
5208,nonplus,"COD: surprise and confuse; flummox",41,Stimulate_emotion,86,não-pluss,"COD: surpresa e confusão; enigmático",
5209,mortify,"COD: cause to feel embarrassed, ashamed, or humiliated.",41,Stimulate_emotion,86,mortificar,"COD: causar vergonha, constrangimento ou humilhação.",
5210,madden,"COD:  irritate or annoy greatly",41,Stimulate_emotion,86,Madden.,"COD: irritar ou irritar muito",
5212,petrify,"COD: paralyse with fear.",41,Stimulate_emotion,86,petrificar,"COD: paralisar com medo.",
