idLU,lemmaName(en),senseDescription(en),idFrame,frameName,idPOS,lemmaName(pt),senseDescription(pt),idLemma(pt)
4288,guess,"COD: estimate or suppose (something) without sufficient information to be sure of being correct",18,Coming_to_believe,86,Adivinhar,"COD: estimar ou supor (algo) sem informações suficientes para ter certeza de que está correto",121229
4291,learn,"COD: acquire knowledge of or skill in (something) through study or experience or by being taught",18,Coming_to_believe,86,aprender,"COD: adquirir conhecimento de ou habilidade em (algo) por meio de estudo ou experiência ou sendo ensinado",116970
4292,realization,"COD: realization is a derivative of realize",18,Coming_to_believe,83,realização,"COD: realização é um derivado de ""realize",6614
4294,surmise,"COD: suppose without having evidence.",18,Coming_to_believe,86,suspeitar,"COD: supõe sem ter evidência.",134526
4295,"figure out","COD: reach an understanding of someone or something",18,Coming_to_believe,86,Descobrir,"COD: chegar a um entendimento de alguém ou de algo",116929
4296,find,"FN: to ascertain information or a fact, usually by reasoning because of a piece of evidence",18,Coming_to_believe,86,encontrar,"FN: para verificar informações ou um fato, geralmente por raciocínio devido a uma peça de evidência",117283
4298,"work out","FN: figure out",18,Coming_to_believe,86,Treinar,Descobrir,116963
4300,determine,"COD: ascertain or establish by research or calculation.",18,Coming_to_believe,86,determinar,"COD: determinar ou estabelecer por pesquisa ou cálculo.",120650
4302,strike,"FN: coming to a sudden realization. ",18,Coming_to_believe,86,greve,"FN: chegar a uma súbita realização.",23778
4304,gather,"FN: to infer from context",18,Coming_to_believe,86,reunir,"FN: inferir do contexto",116971
4305,differentiate,"COD: find differences (between)",19,Differentiation,86,diferenciar,"COD: encontrar diferenças (entre)",121021
4309,sort,"FN: select  from a miscellaneous group",19,Differentiation,86,classificar,"FN: selecionar de um grupo diversificado",116938
4311,separate,"FN: distinguish",19,Differentiation,86,separar,Distinguir,120674
4312,know,"FN: distinguish (usually of the form X knows Y from Z)",19,Differentiation,86,saber,"FN: distinguir (geralmente na forma X sabe Y de Z)",117281
4315,argument,"COD: a set of reasons given in support of something.",20,Evidence,83,argumento,"COD: um conjunto de razões dadas em apoio de algo.",11002
4316,attest,"COD: provide or serve as clear evidence of. ",20,Evidence,86,atestar,"COD: fornecer ou servir como evidência clara de.",120768
4320,evidence,"COD: be or show evidence of. ",20,Evidence,86,evidência,"COD: ser ou mostrar evidência de.",6633
4322,prove,"COD: demonstrate by evidence or argument the truth or existence of. ",20,Evidence,86,prova,"COD: demonstrar pela evidência ou argumento a verdade ou existência de.",670
4324,show,"FN: act as evidence or serve as proof of something",20,Evidence,86,exibir,"FN: servir como evidência ou servir como prova de algo",130013
4326,testify,"COD: serve as evidence or proof of something. ",20,Evidence,86,testemunhar,"COD: serve como evidência ou prova de algo.",120701
4327,verify,"FN: to prove accurate or true by means of a piece of evidence",20,Evidence,86,verificar,"FN: para provar preciso ou verdadeiro por meio de uma peça de evidência",121219
4331,mean,"FN: indicate a fact ",20,Evidence,86,significado,"FN: indica um fato",31
4333,from,"FN: indicating source of evidence",20,Evidence,90,de,"FN: indicando fonte de evidência",146474
4341,credence,"FN: (in construction with ""lend"") believability, likelihood of being true.",20,Evidence,83,credibilidade,"FN: (em construção com ""lend"") credibilidade, probabilidade de ser verdadeiro.",18492
4342,support,"FN: speaks to the truth of some claim by acting as evidence in corroboration of it.",20,Evidence,86,suporte,"FN: fala a verdade de alguma alegação agindo como evidência em corroboração dela.",36761
4345,demonstration,"FN: To show to be true",20,Evidence,83,Demonstração,"FN: Para mostrar ser verdadeiro",19071
31017,reflect,"to embody or represent a Proposition",20,Evidence,86,refletir,"embodificar ou representar uma Proposição",121131
4350,foresee,"COD: be aware of beforehand; predict.",21,Expectation,86,prever,"COD: esteja ciente de antemão; preveja.",132962
4351,predict,"COD: state that (a specified event) will happen in the future.",21,Expectation,86,prever,"COD: estado que (um evento especificado) acontecerá no futuro.",132962
4353,unpredictable,"COD: not able to be predicted; changeable",21,Expectation,84,imprevisível,"COD: não capaz de ser previsto; mutável",83464
4357,prediction,"FN: a specific idea of what will happen.",21,Expectation,83,previsão,"FN: uma ideia específica do que acontecerá.",30917
4360,wait,"FN: to expect an event or phenomenon to occur",21,Expectation,86,Aguardar,"FN: esperar que um evento ou fenômeno ocorra",117302
4361,conceive,"COD: devise in the mind; imagine",22,Coming_up_with,86,conceber,"COD: dispositivo na mente; imaginar",120729
4366,"cook up","COD: concoct a story, excuse, or plan, especially an ingenious or devious one.",22,Coming_up_with,86,inventar,"COD: inventar uma história, desculpa ou plano, especialmente um engenhoso ou astuto.",120745
4367,design,"FN: to invent, plan something for a particular purpose",22,Coming_up_with,86,design,"FN: inventar, planejar algo para um propósito específico",37007
4368,devise,"COD: plan or invent (a complex procedure or mechanism).",22,Coming_up_with,86,dispositivo,"COD: planejar ou inventar (um procedimento ou mecanismo complexo).",62216
4369,formulate,"COD: create or prepare methodically",22,Coming_up_with,86,formular,"COD: criar ou preparar de forma metódica",130337
4372,invent,"COD:  make up (a name, story, plan, etc.)",22,Coming_up_with,86,inventar,"COD: maquiagem",120745
4373,invention,"FN: the action of creating, making up, or designing something",22,Coming_up_with,83,invenção,"FN: a ação de criar, inventar ou projetar algo",25267
4377,design,"FN: the art or action of conceiving of and producing a plan or drawing before something is built",22,Coming_up_with,83,design,"FN: a arte ou ação de conceber e produzir um plano ou desenho antes de algo ser construído",37007
4378,invention,"FN: the entity produced by the invention process.",22,Coming_up_with,83,invenção,"FN: a entidade produzida pelo processo de invenção.",25267
4379,find,"FN: to arrive at an idea",22,Coming_up_with,86,encontrar,"FN: chegar a uma ideia",117283
32418,creativity,"FN: ability to come up with a new idea",22,Coming_up_with,83,criatividade,"FN: capacidade de vir com uma nova ideia",6564
4383,applaud,"COD: show approval by clapping.",23,Judgment,86,aplaudir,"COD: mostrar aprovação batendo palmas.",123291
4384,appreciate,"FN: value somebody or something for a quality possessed",23,Judgment,86,apreciar,"Valorizar alguém ou algo por uma qualidade que possui",116992
