idLU,lemmaName(en),senseDescription(en),idFrame,frameName,idPOS,lemmaName(pt),senseDescription(pt),idLemma(pt)
6309,"high priest","FN: a priest with authority over a large number of people.",67,Leadership,83,"alto sacerdote","FN: um padre com autoridade sobre um grande número de pessoas.",
6310,diplomat,"COD: an official representing a country abroad.",67,Leadership,83,diplomata,"COD: um representante oficial de um país no exterior.",
6311,legislature,"FN: the group within government that makes laws.",67,Leadership,83,legislatura,"FN: o grupo dentro do governo que faz as leis.",
6312,congressman,"FN: a male official who is a member of congress, and especially of the US House of Representatives",67,Leadership,83,"deputado federal","FN: um oficial masculino que é membro do congresso e, especialmente, da Câmara dos Representantes dos EUA",
6313,leadership,"FN: the elected official or officials",67,Leadership,83,liderança,"FN: o ou os eleitos",
6315,mogul,"FN: a powerful head of a major company, especially with respect to a particular industry",67,Leadership,83,Mogol,"FN: um poderoso chefe de uma grande empresa, especialmente no que diz respeito a uma indústria específica",
6316,prince,"FN: In terms of a monarchical government, the royal heir to kingship",67,Leadership,83,príncipe,"FN: Em termos de um governo monárquico, o herdeiro real do reino",
6318,"major general","FN: a ranking within various militaries around the world",67,Leadership,84,Major-general,"FN: um posto dentro de várias forças armadas ao redor do mundo",
6322,"crown prince","FN: a prince",67,Leadership,83,"príncipe herdeiro","FN: um príncipe",
6325,secretary,"FN: the person in charge of a subsection of the government, i.e. the Secretary of Defense",67,Leadership,83,secretária,"FN: a pessoa responsável por uma subseção do governo, ou seja, o Secretário da Defesa",
6328,spearhead,"FN: to lead  (usually used metaphorically, with effort, plan, project, etc. as the direct object).",67,Leadership,86,"lançador de projetos","FN: para liderar (geralmente usado metaforicamente, com esforço, plano, projeto, etc. como objeto direto).",
6329,ceo,"See: chief executive officer.n",67,Leadership,83,CEO,"Veja: diretor executivo.",
6330,"chief executive officer","FN: the highest ranking executive in charge of total management of a company or organization.",67,Leadership,83,Diretor-Executivo,"FN: o executivo de mais alto escalão responsável pela gestão total de uma empresa ou organização.",
6333,despot,"FN: a rule who holds absolute power",67,Leadership,83,despotismo,"FN: uma regra que detém poder absoluto",
6334,tyrant,"FN: a cruel ruler",67,Leadership,83,tirano,"FN: o cruel governante",
6336,superintendent,"FN: middle rank person in charge of a public institution.",67,Leadership,83,superintendente,"FN: pessoa de médio escalão responsável por uma instituição pública.",
6337,commissioner,"FN: the head of a public organization ",67,Leadership,83,Comissário,"FN: o chefe de uma organização pública",
6339,congresswoman,"FN: a female official who is a member of congress, and especially of the US House of Representatives",67,Leadership,83,congressista,"FN: uma funcionária feminina que é membro do Congresso e, especialmente, da Câmara dos Representantes dos EUA",
6341,vice-president,"FN: second to the president of an organzation, company, university, or trade union. ",67,Leadership,83,vice-presidente,"FN: segundo a presidente de uma organização, empresa, universidade ou sindicato.",
30934,"hold sway","FN: have control (over some jurisdiction or group).",67,Leadership,86,"ter influência","FN: tem controle (sobre alguma jurisdição ou grupo).",
31250,manage,"to supervise in the administrative funtions of.",67,Leadership,86,gerenciar,"Supervisar nas funções administrativas de.",
6342,companionable,"COD: friendly and sociable. ",68,Sociability,84,companheiro,"COD: amigável e sociável.",
6343,extrovert,"COD: an outgoing, socially confident person. ",68,Sociability,83,extrovertado,"COD: uma pessoa extrovertida e socialmente confiante.",
6345,gregarious,"COD: fond of company; sociable. ",68,Sociability,84,gregário,"COD: afeto pela companhia; sociável.",
6347,loner,"COD: a person who prefers not to associate with others. ",68,Sociability,83,solitário,"COD: uma pessoa que prefere não se associar com os outros.",
6349,recluse,"COD: a person who avoids others and lives a solitary life. ",68,Sociability,83,recluse,"COD: uma pessoa que evita os outros e vive uma vida solitária.",
6353,affable,"COD: good-natured and sociable. ",68,Sociability,84,afável,"COD: de bom caráter e sociável.",
6354,authoritarian,"COD: favouring or enforcing strict obedience to authority at the expense of personal freedom. ",69,Strictness,84,autoritário,"COD: favorecer ou impor estrita obediência à autoridade em detrimento da liberdade pessoal.",
6355,indulgent,"COD: readily indulging someone or overlooking their faults; tolerant or lenient. ",69,Strictness,84,indulgente,"COD: prontamente indulgente com alguém ou ignorando seus defeitos; tolerante ou flexível.",
6356,lenient,"COD: merciful or tolerant. ",69,Strictness,84,leniente,"COD: misericordioso ou tolerante.",
6359,strict,"COD: demanding that rules concerning behaviour are obeyed. ",69,Strictness,84,estrito,"COD: exigindo que as regras relativas ao comportamento sejam obedecidas.",
6364,cloak,"FN: cover or hide, as though with a cloak",70,Distributed_position,86,capota,"FN: cobrir ou esconder, como se com um manto",
6369,encircle,"COD:  form a circle around; surround. ",70,Distributed_position,86,encircle,"COD: formar um círculo em torno de; cercar.",
6370,envelop,"COD: wrap up, cover, or surround completely. ",70,Distributed_position,86,enveloppe,"COD: envolver, cobrir ou cercar completamente.",
6371,festoon,"FN: adorn (with an ornamental chain or garland)",70,Distributed_position,86,festão,"FN: adornar (com uma corrente ou grinalda decorativa)",
6376,wreathe,"COD: envelop, surround, or encircle.",70,Distributed_position,86,wreathe,"COD: envelope, rodear ou cercar.",
6380,encrust,"COD: cover with a hard crust.",70,Distributed_position,86,encrustar,"COD: cobrir com uma crosta dura.",
6382,"all over","FN: thoroughly covering.",70,Distributed_position,90,tudo,"FN: cobrindo completamente.",
6384,over,"FN: covering",70,Distributed_position,90,"acima de","FN: cobertura",
6385,around,"FN: existing in or occupying many subareas of.

Note that the wordforms ""round"" and ""around"" have a complex distribution; in British English, ""round"" is used in all but the most formal registers, while in American, ""round"" is used only in very informal registers, and only when not preceded by adverbs like ""right"".  ""Round"" is especially common in American in the phrase ""round and round"".  In American, ""round"" is essentially impossible in bare adverb uses, like ""run around"".  British apparently prefers ""around"" in cases of indefinite location, as in ""wandering around the park"" and (metaphorically) ""around 20 euros"", while overwhelmingly using ""round"" when used in senses pertaining to turning, as in ""turn round"", ""came round the corner"".",70,Distributed_position,90,"em volta de","FN: existente em ou ocupando muitas subáreas de.",
6387,aggrandizement,"FN: the result of causing something to seem greater.",71,Cause_expansion,83,aggrandizamento,"FN: o resultado de fazer algo parecer maior.",
6388,augmentation,"FN: the action of augmenting.",71,Cause_expansion,83,aumento,"FN: a ação de aumentar.",
6390,dilate,"FN: make wider, larger, or more open.",71,Cause_expansion,86,Dilatar,"FN: tornar mais largo, maior ou mais aberto.",
6392,enlargement,"FN: to act of causing something to grow larger ",71,Cause_expansion,83,Aumento,"FN: o ato de fazer algo crescer maior",
6397,inflate,"COD: to expand or cause to expand by filling with air or gas. ",71,Cause_expansion,86,infla,"COD: para expandir ou causar a expansão ao encher com ar ou gás.",
6398,lengthen,"COD: make or become longer.",71,Cause_expansion,86,"Aumentar o comprimento","COD: fazer ou ficar mais longo.",
6399,magnification,"COD: making appear larger than it is",71,Cause_expansion,83,Aumento,"COD: fazer parecer maior do que é",
6403,swell,"FN: to make an entity greater size",71,Cause_expansion,86,aumento,"FN: para fazer uma entidade maior tamanho",
