idLU,lemmaName(en),senseDescription(en),idFrame,frameName,idPOS,lemmaName(pt),senseDescription(pt),idLemma(pt)
14796,oilman,"one who works in the oil-extraction industry.",524,People_by_vocation,83,oilmen,"Um que trabalha na indústria de extração de petróleo.",
14802,trader,"a person who professionally trades a commodity.",524,People_by_vocation,83,Trader,"Uma pessoa que negocia profissionalmente uma mercadoria.",
14803,mole,"a person who works as a spy, often with a complex fake identity behind enemy lines.",524,People_by_vocation,83,mole,"Uma pessoa que trabalha como espiã, muitas vezes com uma falsa identidade complexa atrás das linhas inimigas.",
14806,businessman,"a person who works in some form of business.",524,People_by_vocation,83,negociador,"uma pessoa que trabalha de alguma forma no negócio.",
14818,bodyguard,"a person who provides protection for another.",524,People_by_vocation,83,guardia-costas,"Uma pessoa que fornece proteção para outra.",
14822,cook,"a person who prepares food as a means of employment.",524,People_by_vocation,83,cozinhar,"Uma pessoa que prepara comida como meio de emprego.",
14832,"flight attendant","a person who attends to the needs of passengers during a commercial flight.",524,People_by_vocation,83,"comissária de bordo","uma pessoa que atende às necessidades dos passageiros durante um voo comercial.",
14837,saleswoman,"a woman whose job involves selling or promoting commercial products.",524,People_by_vocation,83,vendedora,"uma mulher cujo trabalho envolve vender ou promover produtos comerciais.",
14838,salesperson,"a person whose job involves selling or promoting commercial products.",524,People_by_vocation,83,vendedor(a),"uma pessoa cujo trabalho envolve vender ou promover produtos comerciais.",
14845,dancer,"a person who dances professionally.",524,People_by_vocation,83,dançarina,"Uma pessoa que dança profissionalmente.",
14853,biologist,"a scientist who specializes in biology.",524,People_by_vocation,83,biologista,"Um cientista que se especializa em biologia.",
14861,sociologist,"a specialist in sociology.",524,People_by_vocation,83,sociólogo,"Um especialista em sociologia.",
14866,driver,"one who is paid to operate a motor vehicle,",524,People_by_vocation,83,driver,"um que é pago para operar um veículo motorizado,",
20053,"notary public","a person authorized to certify or attest documents.",524,People_by_vocation,83,"notário público","Uma pessoa autorizada a certificar ou autenticar documentos.",
22024,dairyman,"a person who works with a business enterprise established for the harvesting of animal milk - mostly from cows or goats, but also from buffaloes, sheep, horses or camels - for human consumption.",524,People_by_vocation,83,dairymam,"Uma pessoa que trabalha com uma empresa de negócios estabelecida para a colheita de leite animal - principalmente de vacas ou cabras, mas também de búfalos, ovelhas, cavalos ou camelos - para consumo humano.",
22025,"milk farmer","a person who specializes in the production of milk. The owner of a diary.",524,People_by_vocation,83,leiteiro,"Uma pessoa que se especializa na produção de leite. O dono de uma fazenda de leite.",
22026,farmer,"a person who specializes in the production of milk. The owner of a dairy.",524,People_by_vocation,83,farmer,"Uma pessoa que se especializa na produção de leite. O proprietário de uma laticínios.",
22027,granger,"a person who operates a farm.",524,People_by_vocation,83,granger,"Uma pessoa que opera uma fazenda.",
22028,sodbuster,"a person who operates a farm.",524,People_by_vocation,83,Sodbuster,"Uma pessoa que opera uma fazenda.",
22029,agriculturer,"a person who operates a farm.",524,People_by_vocation,83,agricultor,"Uma pessoa que opera uma fazenda.",
22031,scout,"a person who guides, especially someone hired to show people around a place or an institution and offer information and explanation.;A book that provides guidance, but especially one designed for travellers which provides local tourist information about a particular country or area.",524,People_by_vocation,83,Escute,"uma pessoa que guia, especialmente alguém contratado para mostrar pessoas em um lugar ou instituição e fornecer informações e explicações; um livro que fornece orientação, mas especialmente um projetado para viajantes que fornece informações turísticas locais sobre um país ou área específica.",
22036,"health provider","a person or institution that provides preventive or curative health care services to individuals or families.",524,People_by_vocation,83,"Provedor de saúde","Uma pessoa ou instituição que fornece cuidados de saúde preventivos ou curativos a indivíduos ou famílias.",
22037,"medical practitioner","an individual or institution that provides preventive or curative health care services to individuals or families.",524,People_by_vocation,83,"Praticante de medicina","Um indivíduo ou instituição que fornece cuidados de saúde preventivos ou curativos a indivíduos ou famílias.",
22039,professionalist,"an occupation to which a person is specially drawn or for which he or she is suited, trained, or qualified.",524,People_by_vocation,83,profissionalista,"uma ocupação à qual uma pessoa é atraída especialmente ou para a qual ela é qualificada, treinada ou habilitada.",
22043,"rubber tapper","a person who collects latex from a rubber tree.",524,People_by_vocation,83,"Tapador de borracha","Uma pessoa que coleta látex de uma árvore de borracha.",
25794,handcrafter,"a professional that works with handicrafts in its various modalities.",524,People_by_vocation,83,"artesão manual","Um profissional que trabalha com artesanato em suas diversas modalidades.",
25795,artisan,"a professional that works with handicrafts in its various modalities.",524,People_by_vocation,83,artífice,"Um profissional que trabalha com artesanato em suas diversas modalidades.",
25797,"bank clerk","a professional who works in banks.",524,People_by_vocation,83,"caixa bancário","Um profissional que trabalha em bancos.",
