idLU,lemmaName(en),senseDescription(en),idFrame,frameName,idPOS,lemmaName(pt),senseDescription(pt),idLemma(pt)
8106,incredible,"FN: being exceptionally competent with regard to an activity or skill",125,Expertise,84,incrível,"FN: ser excepcionalmente competente em relação a uma atividade ou habilidade",73516
8121,new,"FN: inexperienced",125,Expertise,84,novo,"FN: inexperiente",73694
8135,pass,"COD:  transfer (something) to someone, especially by handing or bequeathing it to the next person in a series",127,Giving,86,passar,"COD: transferir (algo) para alguém, especialmente entregando-o ou deixando-o como legado à próxima pessoa em uma série",117128
8138,"hand over","FN: hand to someone else",127,Giving,86,entregar,"FN: mão para outra pessoa",121044
8139,"hand out","COD: distribute something among a group of people",127,Giving,86,distribuir,"COD: distribuir algo entre um grupo de pessoas",120667
8140,gift,"COD: give as a gift, especially formally. ",127,Giving,86,Presente,"COD: dar de presente, especialmente formalmente.",37442
8142,"pass out","FN: distribute something among a group",127,Giving,86,Desmaiar,"FN: distribuir algo entre um grupo",126987
8144,treat,"COD: provide someone with (food, drink, or entertainment) at one' s expense",127,Giving,86,tratar,"COD: fornecer a alguém (alimentos, bebidas ou entretenimento) por conta própria",120628
8145,hand,"COD: pick (something) up and give it to (someone). ",127,Giving,86,mão,"COD: pegar (algo) e dar (a alguém).",405
8146,"hand in","FN: give to an authority in accordance with obligation",127,Giving,86,entregar,"FN: dar a uma autoridade de acordo com a obrigação",121044
8148,contribute,"COD: give in order to help achieve or provide something.",127,Giving,86,contribuir,"COD: dar para ajudar a alcançar ou fornecer algo.",117261
8151,volunteer,"FN: give something to a recipient in need",127,Giving,86,voluntário,"FN: dar algo a um destinatário necessitado",9561
8152,will,"FN: bequeath to someone according to one' s written will",127,Giving,86,irá,"Deixar algo para alguém de acordo com uma testamento escrito",10663
8154,leave,"FN: bequeath",127,Giving,86,sair,"deixar em herança",116884
8155,advance,"FN: give earlier than scheduled",127,Giving,86,avanço,"FN: dar antes do horário marcado",14530
8161,half,"COD: either of two equal or corresponding parts into which something is or can be divided. ",128,Part_whole,83,meia,"COD: qualquer de duas partes iguais ou correspondentes em que algo pode ser dividido.",419
8168,quarter,"FN: one of four parts.",128,Part_whole,83,quarto,"FN: uma das quatro partes.",1220
8171,development,"FN: the section of a piece of music where the major musical themes come together",128,Part_whole,83,desenvolvimento,"FN: a seção de uma peça musical onde os temas musicais principais se reúnem",8926
34120,piece,"One of the many parts that constitute a whole.",128,Part_whole,83,peça,"Uma das muitas partes que compõem um todo.",27
34233,whole,"Complete, the full entity.",128,Part_whole,84,todo,"A entidade completa.",73162
39986,total,,128,Part_whole,84,total,,90882
8179,positive,"COD: with no possibility of doubt; certain",129,Certainty,84,positivo,"COD: sem possibilidade de dúvida; certo",87794
8182,doubt,"COD: feel uncertain about. ",129,Certainty,86,duvida,"COD: sentir-se incerto sobre.",9427
8184,believe,"COD: feel sure of the truth of. ",129,Certainty,86,acreditar,"COD: sentir-se certo da verdade de.",120608
