idLU,lemmaName(en),senseDescription(en),idFrame,frameName,idPOS,lemmaName(pt),senseDescription(pt),idLemma(pt)
7812,variety,"COD: a thing which differs in some way from others of the same general class; a type.",117,Type,83,variedade,"COD: um objeto que difere de alguma forma dos outros da mesma classe geral; um tipo.",6634
7814,strain,"COD: a distinct breed, stock, or variety of an animal, plant, or other organism",117,Type,83,esforço,"COD: uma raça distinta, estoque ou variedade de um animal, planta ou outro organismo",21312
7816,ilk,"FN: a type (usually negatively evaluated)",117,Type,83,primeiro,"FN: um tipo (geralmente avaliado negativamente)",66401
7819,brand,"FN: a type of product that is characterized in terms of the people or company that manufactured it",117,Type,83,marca,"FN: um tipo de produto caracterizado em termos das pessoas ou empresa que o fabricaram",36669
7820,form,"COD: a type or variety of something.",117,Type,83,forma,"COD: um tipo ou variedade de algo.",2044
7821,shade,"FN: a subtype or specific value (of a color).",117,Type,83,sombra,"FN: uma subclasse ou valor específico (de uma cor).",33631
7823,charge,"COD: Charge a person with a crime",118,Notification_of_charges,86,carregar,"COD: Acusar alguém de um crime",117207
7827,indictment,"COD: a formal charge or accusation of a serious crime. ",118,Notification_of_charges,83,indicação,"COD: uma acusação ou denúncia formal de um crime grave.",24917
7828,accuse,"COD: charge with an offence or crime. ",118,Notification_of_charges,86,acusar,"COD: cobrar por uma ofensa ou crime.",121104
7831,glow,"FN: to give forth steady light, reflected from light which fills an area.",120,Light_movement,86,brilho,"FN: dar luz constante, refletida da luz que enche uma área.",7389
7832,twinkle,"FN: to illuminate an object by shining with a gleam that changes constantly from bright to faint. ",120,Light_movement,86,brilhar,"FN: iluminar um objeto por meio de um brilho que muda constantemente de brilhante para fraco.",120807
7834,sparkle,"COD: shine brightly with flashes of light. ",120,Light_movement,86,brilho,"COD: brilhe intensamente com faíscas de luz.",7389
7838,shimmer,"COD:  shine with a soft tremulous light. ",120,Light_movement,86,brilho,"Cod: brilhar com uma luz macia trêmula.",7389
7843,glow,"FN: a steady radiance of light",120,Light_movement,83,brilho,"FN: uma luz estável de raio",7389
7844,glitter,"FN: to shine with a shimmering light",120,Light_movement,86,brilho,"FN: brilhar com uma luz cintilante",7389
7845,glitter,"COD: a bright, shimmering reflected light. ",120,Light_movement,83,brilho,"COD: uma luz brilhante e cintilante refletida.",7389
7848,glistening,"FN: giving off a sparkle as on something wet.",120,Light_movement,84,brilhante,"FN: emitindo um brilho como se fosse algo molhado.",73306
7849,glisten,"COD: shine or sparkle (as on something wet or moist)",120,Light_movement,86,brilhar,"COD: brilhar ou cintilar (em algo molhado ou úmido)",120807
7850,glint,"COD: give out or reflect small flashes of light. ",120,Light_movement,86,brilho,"COD: emitir ou refletir pequenos lampejos de luz.",7389
7851,glint,"COD: a small flash of light, especially a reflected one. ",120,Light_movement,83,brilho,"COD: um pequeno flash de luz, especialmente um refletido.",7389
7854,gleam,"FN: to shine brightly (as a light source)",120,Light_movement,86,brilho,"FN: brilhar intensamente (como uma fonte de luz)",7389
7855,gleam,"FN: an emission of a faint or brief light",120,Light_movement,83,brilho,"FN: uma emissão de uma luz fraca ou breve",7389
7858,flash,"COD: shine or cause to shine in a bright but brief, sudden, or intermittent way. ",120,Light_movement,86,flash,"COD: brilhar ou causar para brilhar de uma maneira brilhante, mas breve, súbita ou intermitente.",7387
7859,flash,"FN: a sudden brief burst of light",120,Light_movement,83,flash,"FN: um repentino breve flash de luz",7387
7861,flame,"FN: to emit light as of that from a fire",120,Light_movement,86,fogo,"FN: emitir luz como a de um fogo",10788
7862,coruscation,"FN: flash or sparkle.",120,Light_movement,83,Coruscação,"FN: flash ou brilho.",7386
7864,strike,"FN: become illuminated by a source of light",120,Light_movement,86,greve,"FN: tornar-se iluminado por uma fonte de luz",23778
7868,case,"COD: an instance of a particular situation; an example of something occurring",121,Instance,83,caso,"COD: uma instância de uma situação particular; um exemplo de algo ocorrendo",6570
7874,"break out","COD: 1. [under break #1] (of fighting or another undesirable thing) start suddenly. ",122,Process_start,86,Quebrar,"COD: 1. [sob descanso #1] (de lutar ou outra coisa indesejável) começar de repente.",116887
7902,cape,"COD: a sleeveless cloak, especially a short one. ",123,Clothing,83,capuz,"COD: um manto sem mangas, especialmente um curto.",16461
