idLU,lemmaName(en),senseDescription(en),idFrame,frameName,idPOS,lemmaName(pt),senseDescription(pt),idLemma(pt)
15454,defenses,"COD: fortifications against attack. ",613,Defending,83,defesas,"COD: fortificações contra ataque.",
15456,biodefense,"FN: defense specifically concerned with biological agents",613,Defending,83,biodefense,"FN: defesa especificamente preocupada com agentes biológicos",
15476,"next generation","FN: belonging  to the next stage of advancement",615,Stage_of_progress,84,"próxima geração","FN: Pertencente à próxima etapa de avanço",
15477,low-tech,"COD: involved in or employing low technology.",615,Stage_of_progress,84,baixo-tecnológico,"COD: envolvido em ou empregando baixa tecnologia.",
15478,sophisticated,"FN: complex or advanced.",615,Stage_of_progress,84,sophisticated,"FN: complexo ou avançado.",
15483,state-of-the-art,"encompassing the very best in latest technology and innovation.",615,Stage_of_progress,84,state-of-the-art,"Envolvendo o melhor da tecnologia e inovação mais recentes.",
15484,high-tech,"FN: uses high, or advanced, technology",615,Stage_of_progress,84,"alta tecnologia","FN: utiliza tecnologia avançada ou de ponta",
34422,globalized,"A stage of progress of one people, country or civilization in which they are connected through the globe.",615,Stage_of_progress,84,globalizado,"Uma fase de progresso de um povo, país ou civilização em que eles estão conectados através do globo.",
15507,literary,"COD: concerning the writing, study, or content of literature, especially of the kind valued for quality of form.",618,Fields,84,literário,"COD: em relação à escrita, estudo ou conteúdo da literatura, especialmente do tipo valorizado pela qualidade de forma.",
15510,industrial,"FN: of or from a particular branch of economic sector",618,Fields,84,industrial,"FN: de ou do setor econômico específico",
15515,finance,"FN: the management of money, especially with respect to governments and large companies.",618,Fields,83,finanças,"FN: a gestão de dinheiro, especialmente no que diz respeito a governos e grandes empresas.",
33738,financial,"Related to the financial or economic field.",618,Fields,84,financeiro,"Relacionado ao campo financeiro ou econômico.",
15518,supply,"COD: provide with something needed.",619,Supply,86,abastecimento,"COD: fornecer com algo necessário.",
15520,supply,"COD: the action of supplying.",619,Supply,83,abastecimento,"COD: a ação de abastecer.",
15522,provision,"COD: supply with provisions",619,Supply,86,provisão,"COD: abastecer com provisões",
15523,provision,"COD: the action of providing or supplying",619,Supply,83,provisão,"COD: a ação de fornecer ou abastecer",
15530,fuel,"COD: supply or power with fuel.",619,Supply,86,combustível,"COD: abastecer ou alimentar com combustível.",
15532,furnish,"FN: supply with a needed item.",619,Supply,86,furnish,"FN: abastecer com um item necessário.",
2951,"beef broth","a brand of beef extract made in the UK.;An extract of beef (given to people who are ill).",621,Ingredients,83,"Aqui está a tradução do texto ""beef broth"" para o português:

""caldeira de carne","Uma marca de extrato de carne bovina feita no Reino Unido;Um extrato de carne (dado a pessoas que estão doentes).",
2952,"bullion cube","a cube of evaporated seasoned meat extract.",621,Ingredients,83,"Barra de ouro","Um cubo de extrato de carne temperada evaporada.",
2953,"dried soup","a bouillon cube or stock cube is dehydrated bouillon or stock formed into a small cube about 15 mm wide.",621,Ingredients,83,"sopa seca","Um cubo de caldo ou de estoque é um caldo desidratado ou de estoque formado em um pequeno cubo com cerca de 15 mm de largura.",
2955,nut,"a nut is a fruit composed of a hard shell and a seed, which is generally edible.",621,Ingredients,83,nozes,"A noz é uma fruta composta por uma casca dura e uma semente, que geralmente é comestível.",
2956,walnut,"composite of a fruit and a seed. A hard-shelled seed.",621,Ingredients,83,Nozes,"Uma mistura de uma fruta e uma semente. Uma semente com casca dura.",
15536,precursor,"COD: a substance from which another is formed, especially by metabolic reaction",621,Ingredients,83,precursor,"COD: uma substância da qual outra é formada, especialmente por reação metabólica",
15538,component,"COD: a part or element of a larger whole, especially a part of a machine or vehicle. ",621,Ingredients,83,componente,"COD: uma parte ou elemento de um todo maior, especialmente uma parte de uma máquina ou veículo.",
15540,trace,"FN: a short sequence of DNA that is used to generate larger sequences",621,Ingredients,83,Rastrear,"FN: uma pequena sequência de DNA que é usada para gerar sequências maiores",
21334,"refined sugar","A white crystalline carbohydrate used as a sweetener and preservative;",621,Ingredients,83,"açúcar refinado","Um carboidrato cristalino branco usado como adoçante e conservante;",
21335,"sugar lumps","A white crystalline carbohydrate used as a sweetener and preservative;",621,Ingredients,83,"grãos de açúcar","Um carboidrato cristalino branco usado como adoçante e conservante;",
21336,carbohydrate,"Generalised name for a class of sweet-flavored substances used as food;Sucrose in the form of small crystals, obtained from sugar cane or sugar beet and used to sweeten food and drink.;Sugar shaped in cubes (or approximate cubes), often used for coffee or tea;Sugar pressed to form cubes or cuboids.;A piece of sugar in form of a cube.;A sweet crystalline or powdered substance, white when pure, consisting of sucrose obtained mainly from sugar cane and sugar beets and used in many foods, drinks, and medicines to improve their taste.;",621,Ingredients,83,carbohydrate,"Nome genérico para uma classe de substâncias de sabor doce usadas como alimento; sacarose na forma de pequenos cristais, obtida a partir da cana-de-açúcar ou da beterraba e usada para adoçar alimentos e bebidas; açúcar em forma de cubos (ou cubos aproximados), frequentemente usado para café ou chá; açúcar prensado para formar cubos ou cubóides; um pedaço de açúcar na forma de um cubo; uma substância doce cristalina ou em pó, branca quando pura, consistindo de sacarose obtida principalmente da cana-de-açúcar e da beterraba e usada em muitos alimentos, bebidas e medicamentos para melhorar seu sabor.",
21337,h2o,"Binary compound that occurs at room temperature as a clear colorless odorless tasteless liquid; freezes into ice below 0 degrees centigrade and boils above 100 degrees centigrade; widely used as a solvent;",621,Ingredients,83,H2O,"Composto binário que ocorre à temperatura ambiente como um líquido claro incolor sem cheiro nem sabor; congela em gelo abaixo de 0 graus centígrados e ferve acima de 100 graus centígrados; amplamente utilizado como solvente;",
21340,manioc,"Shrub (Manihot esculenta) whose roots are rich in starch.;",621,Ingredients,83,manioca,"Shrub (Manihot esculenta) cujas raízes são ricas em amido.",
21348,sardelle,"An anchovy is a small, common salt-water forage fish of the family Engraulidae.;",621,Ingredients,83,sardela,"Um anchova é um peixe de água salgada de pequeno porte e comum da família Engraulidae.",
21349,anchovy,"The bluefish is the only extant species of the family Pomatomidae.;Only extant species of fish of the family Pomatomidae;Bluish warm-water marine food and game fish that follow schools of small fishes into shallow waters;",621,Ingredients,83,Avelã,"O peixe-espada é a única espécie existente da família Pomatomidae.",
