idLU,lemmaName(en),senseDescription(en),idFrame,frameName,idPOS,lemmaName(pt),senseDescription(pt),idLemma(pt)
15990,stress,"COD: emphasize.",687,Emphasizing,86,Estresse,"COD: ênfase.",21771
15992,stress,"COD: emphasize",688,Convey_importance,86,Estresse,"COD: enfatizar",21771
15997,store,"FN: keep for future use",689,Storing,86,loja,"FN: guardar para uso futuro",908
15998,warehouse,"COD: store (goods) in a warehouse",689,Storing,86,armazém,"COD: armazenar (mercadorias) em um armazém",9182
16001,cellar,"FN: store in a cellar (often said of wine or beer).",689,Storing,86,adega,"FN: armazenar em um porão (geralmente dito de vinho ou cerveja).",6877
16002,stock,"FN: keep with the intention of later use.",689,Storing,86,estoque,"FN: manter com a intenção de uso posterior.",21729
16003,indigenous,"COD: originating or occurring naturally in a particular place; native.",690,Indigenous_origin,84,indígena,"COD: originário ou ocorrendo naturalmente em um determinado lugar; nativo.",73216
16004,native,"FN: having grown or originated in a given location",690,Indigenous_origin,84,nativo,"FN: tendo crescido ou originado em um determinado local",86317
16006,stranger,"COD: a person who does not know, or is not known in, a particular place.",690,Indigenous_origin,83,estranho,"COD: uma pessoa que não sabe ou não é conhecida em um determinado lugar.",62796
16008,local,"FN: One who is native to a particular place. ",690,Indigenous_origin,83,local,"FN: Um que é nativo de um lugar específico.",957
16015,risk,"COD: the possibility that something unpleasant will happen.",691,Being_at_risk,83,risco,"COD: a possibilidade de algo desagradável acontecer.",6562
16018,danger,"COD: the possibility of suffering harm or injury.",691,Being_at_risk,83,perigo,"COD: a possibilidade de sofrer danos ou lesões.",30027
16024,narrow,"COD: barely achieved",693,Margin_of_resolution,84,estreito,"COD: quase conseguiu",73319
34433,patriotic,"Someone who has or expresses a devotion and vigorous support their country.",695,People_along_political_spectrum,84,patriótico,"Alguém que tem ou expressa uma devoção e apoio vigoroso ao seu país.",87174
16055,bullet,"COD: a projectile fired from a small firearm, typically metal, cylindrical and pointed.",696,Ammunition,83,Tiro,"COD: um projétil disparado de uma pequena arma de fogo, geralmente metálica, cilíndrica e pontiaguda.",38
16056,shell,"FN: ammunition made from several materials, with a solid outer layer and an inner payload of explosives or shot.",696,Ammunition,83,Cachorro,"FN: munição feita de vários materiais, com uma camada externa sólida e uma carga interna explosiva ou bala.",677
16057,"back out","COD: withdraw from a commitment",697,Going_back_on_a_commitment,86,Recuar,"COD: retirar-se de um compromisso",133423
16058,"go back","COD: fail to keep (a promise).",697,Going_back_on_a_commitment,86,voltar,"COD: não conseguir cumprir (uma promessa).",116879
16070,overhaul,"FN: to make changes so as to improve the functioning of",701,Reforming_a_system,86,revisão,"FN: fazer alterações para melhorar o funcionamento de",32408
16071,overhaul,"FN: the act of making changes so as to improve the functioning of",701,Reforming_a_system,83,revisão,"FN: o ato de fazer alterações para melhorar o funcionamento de",32408
16081,alliance,"COD: a union or association formed for mutual benefit",704,Alliance,83,aliança,"COD: uma união ou associação formada para benefício mútuo",12799
16083,"hold off","FN: temporarily forgo ",705,Holding_off_on,86,Aguardar,"FN: temporariamente renunciar",117302
16091,actual,"COD: existing in fact.",708,Actually_occurring_entity,84,atual,"COD: existente de fato.",73640
16094,impatient,"COD: having or showing a lack of patience or tolerance.",709,Rashness,84,impaciente,"COD: ter ou mostrar falta de paciência ou tolerância.",73606
16099,proper,"COD:  strictly so called",710,Proper_reference,84,apropriado,"COD: estritamente chamado",73610
