idLU,lemmaName(en),senseDescription(en),idFrame,frameName,idPOS,lemmaName(pt),senseDescription(pt),idLemma(pt)
15664,succeed,"COD: achieve an aim or purpose.",638,Success_or_failure,86,"ter sucesso","COD: alcançar um objetivo ou propósito.",
15665,fail,"COD: be unsuccessful in an undertaking",638,Success_or_failure,86,falhar,"COD: ser infeliz em uma empresa",
15668,unsuccessful,"FN: being in the state of failing to accomplish a goal",638,Success_or_failure,84,Infelizmente.,"FN: estar no estado de não conseguir atingir um objetivo",
15671,manage,"FN: succeed in attaining a goal",638,Success_or_failure,86,gerenciar,"FN: conseguir atingir um objetivo",
15672,miss,"to fail to attend, watch, or participate in. In sports, to miss the opportunity of scoring a goal by kicking wrongly or suffering an interception.",638,Success_or_failure,86,perdi,"Ficar de fora, assistir ou participar. No esporte, perder a oportunidade de marcar um gol chutando errado ou sofrendo uma interceptação.",
15673,failure,"FN: an endeavor that does not succeed",638,Success_or_failure,83,fracasso,"FN: uma empreitada que não dá certo",
15674,failing,"FN: characteristic failure or shortcoming",638,Success_or_failure,83,falhando,"FN: falha ou deficiência característica",
15676,"get there","FN: to succeed in achieving a goal",638,Success_or_failure,86,"chegar lá","FN: para ter sucesso em alcançar um objetivo",
15677,succeed,"FN: achieve an agent' s aim or purpose",639,Successful_action,86,"ter sucesso","FN: alcançar o objetivo ou propósito de um agente",
15678,"do the trick","COD:  achieve the required result",639,Successful_action,86,"Fazer a travessura","COD: alcançar o resultado necessário",
15679,"do it","FN: achieve the result the agent aims for",639,Successful_action,86,"Faça isso!","FN: alcançar o resultado que o agente visa",
15682,"come off","COD: succeed; be accomplished.",639,Successful_action,86,Desapareça!,"COD: ter sucesso; ser realizado.",
15683,fail,"FN: be employed unsuccessfully in bringing off an agent' s undertaking",639,Successful_action,86,falhar,"FN: empregado sem sucesso na execução de uma empresa de um agente",
15684,unsuccessful,"FN: being in the state of not accomplishing an aim",639,Successful_action,84,Incomum,"FN: estar no estado de não alcançar um objetivo",
15685,manage,"COD: succeed in achieving or producing (something difficult).",639,Successful_action,86,gerenciar,"COD: ter sucesso em alcançar ou produzir (algo difícil).",
15686,failed,"FN: characterizing an action that does not succeed",639,Successful_action,84,falhou,"FN: caracterizando uma ação que não tem sucesso",
15692,unhitch,"COD: unhook or unfasten.",640,Detaching,86,desacopiar-se,"COD: desengatar ou soltar.",
15693,unhook,"COD: unfasten or detach (something held by a hook).",640,Detaching,86,desenganchar,"COD: desfazer ou soltar (algo mantido por um gancho).",
15694,unfasten,"COD: open the fastening of; undo.",640,Detaching,86,Desamarrar,"COD: abrir o fecho de; desfazer.",
15695,untie,"COD:  undo or unfasten (something tied)",640,Detaching,86,Desatar,"Desfazer ou soltar (algo amarrado)",
15696,unmoor,"COD:  release the moorings of",640,Detaching,86,desamarrar,"COD: soltar os cabos de",
15697,unchain,"FN: to free by removing a chain ",640,Detaching,86,desamarra,"FN: livre por meio da remoção de uma corrente",
15698,decouple,"FN: to separate two objects ",640,Detaching,86,desacoplar,"FN: para separar dois objetos",
15699,unhinge,"FN: to separate two objects which were previously attached to one another by hinges",640,Detaching,86,desengatilhar,"FN: para separar dois objetos que estavam anteriormente unidos por dobradiças",
15700,undo,"FN: Letting a fastened item loose with an intentional action.",640,Detaching,86,Desfazer,"FN: Soltar um item preso com uma ação intencional.",
15702,decouple,"FN: separate or disengage from something.",641,Becoming_detached,86,desacoplar,"FN: separar ou desconectar de algo.",
15703,unhook,"FN: come apart from something after being connected via a hook.",641,Becoming_detached,86,desengatar,"FN: se separa de algo após ser conectado por um gancho.",
15704,unhinge,"FN: detach a door or other hinged item",641,Becoming_detached,86,Desengatilhe,"FN: Desprender uma porta ou outro objeto articulado",
15705,regard,"FN: esteem",642,Regard,83,regardar,"FN: estima",
15707,esteem,"FN: level of respect ",642,Regard,83,estimar,"Nível de respeito",
15708,regard,"FN: hold in a specified level of esteem",642,Regard,86,regardar,"FN: manter em um nível especificado de estima",
15709,impression,"FN: a level of esteem",642,Regard,83,impressionar,"FN: um nível de estima",
15714,appreciative,"COD: feeling or showing gratitude or pleasure.",642,Regard,84,Apreciativo,"COD: sentir ou mostrar gratidão ou prazer.",
34888,"take for granted","The act or effect of not appreciating something, or assuming something will always be as it is, or available.",642,Regard,96,"dar como garantido","O ato ou efeito de não apreciar algo, ou assumir que algo sempre será como é, ou disponível.",
15716,detached,"COD: separate or disconnected.",643,Being_detached,84,desligado,"COD: separado ou desconectado.",
15717,disconnected,"FN: not having a connection to",643,Being_detached,84,desconectado,"FN: sem conexão com",
15720,unfused,"FN: not fused to something",643,Being_detached,84,desunido,"FN: não fundida com algo",
15721,unmoored,"FN: (of a boat) not attached by cable or rope to the shore or to an anchor",643,Being_detached,84,desamarrado,"FN: (de um barco) não preso por cabo ou corda à costa ou a uma âncora",
15722,unattached,"FN: not attached.",643,Being_detached,84,desligado,"FN: não anexado.",
15725,take,"FN: way of considering (s.t.)",644,Opinion,83,tomar,"FN: maneira de considerar (s.t.)",
15731,suppose,"COD: think or assume that something is true or probable, but without proof.",644,Opinion,86,suponha,"COD: pensar ou assumir que algo é verdadeiro ou provável, mas sem prova.",
15736,subscriber,"FN: someone who feels agreement with an idea or proposal",644,Opinion,83,assinante,"FN: alguém que se sente de acordo com uma ideia ou proposta",
15737,believer,"FN: someone who has confidence in the truth of something (an idea, proposal, etc.)",644,Opinion,83,crente,"FN: alguém que tem confiança na verdade de algo (uma ideia, proposta, etc.)",
31263,theoretically,"in a way that relates to the theory of a subject or area of study rather than its practical application.",644,Opinion,89,teoreticamente,"De uma forma relacionada à teoria de um assunto ou área de estudo, em vez de sua aplicação prática.",
15739,"come back","FN: to become alive again",645,Resurrection,86,Volte,"FN: para se tornar vivo novamente",
15745,"get up","COD: rise from bed after sleeping",646,Getting_up,86,Levante-se.,"Levantar da cama após dormir",
15749,"come up","FN: (for the sun, moon, or stars) to appear above the horizon",648,Sidereal_appearance,86,"Chegar até aqui","F: (para o sol, lua ou estrelas) para aparecer acima do horizonte",
15751,rise,"FN: the ascent of an astronomical entity above the horizon",648,Sidereal_appearance,83,acordar,"FN: o ascenso de uma entidade astronômica acima do horizonte",
15757,"rise to the occasion","FN: respond admirably to a difficult situation",650,Rising_to_a_challenge,86,"Aumente o nível.","FN: responde admiravelmente a uma situação difícil",
15758,salient,"COD: most noticeable or important",651,Prominence,84,salientar,"COD: mais notável ou importante",
15759,prominent,"COD: particularly noticeable.",651,Prominence,84,prominente,"COD: particularmente perceptível.",
15760,conspicuous,"COD: attracting notice or attention",651,Prominence,84,conspicuo,"COD: atrair atenção ou interesse",
15762,flashy,"COD:  ostentatiously stylish.",651,Prominence,84,Flashy,"COD: Estiloso de forma ostensiva.",
15764,quiet,"FN: not flashy, noticeable, or eventful.",651,Prominence,84,silêncio,"FN: não chamativo, perceptível ou evento.",
15766,explain,"FN: to make the existence of a state of affairs plain or understandable ",653,Explaining_the_facts,86,Explique.,"FN: tornar a existência de um estado de coisas clara ou compreensível",
15769,late,"FN: of, at, or belonging to the end of a particular time or period.",654,Temporal_subregion,84,tarde,"FN: de, em, ou pertencente ao fim de um tempo ou período específico.",
