idLU,lemmaName(en),senseDescription(en),idFrame,frameName,idPOS,lemmaName(pt),senseDescription(pt),idLemma(pt)
18134,function,"FN: an activity that is a natural and essential role of an entity",1144,Inherent_purpose,83,função,"FN: uma atividade que é um papel natural e essencial de uma entidade",4
18136,purpose,"FN: the reason for which something exists",1144,Inherent_purpose,83,propósito,"FN: o motivo pelo qual algo existe",8788
18140,manifest,"To present with",1146,Condition_symptom_relation,86,manifestar,"Apresentar-se com",131676
18142,present,"to display",1146,Condition_symptom_relation,86,presente,"para exibir",37442
18143,symptom,"deviation from normal function",1146,Condition_symptom_relation,83,sintoma,"desvio da função normal",33452
18144,symptomatic,"being a symptom of",1146,Condition_symptom_relation,84,Simbólico,"ser um sintoma de",89845
18146,cause,"reason for condition",1146,Condition_symptom_relation,86,causa,"razão para condição",16853
18147,cause,"To make happen",1146,Condition_symptom_relation,83,causa,"Para acontecer",16853
18148,associate,"To draw a connection between a symptom and a medical condition.",1146,Condition_symptom_relation,86,associado,"Estabelecer uma ligação entre um sintoma e uma condição médica.",59940
18150,show,"to display sign of",1146,Condition_symptom_relation,86,exibir,"a mostrar sinais de",130013
18151,see,"to observe",1146,Condition_symptom_relation,86,ver,"para observar",116936
18152,produce,"to create ",1146,Condition_symptom_relation,86,produzir,"para criar",117326
18154,include,"to be part of
",1146,Condition_symptom_relation,86,incluir,"fazer parte de",116900
18156,characterize,"normal sign of a medical condition",1146,Condition_symptom_relation,86,caracterizar,"sinais normais de uma condição médica",124605
18158,result,"lead to",1146,Condition_symptom_relation,86,resultado,"levar a",6613
18159,consequence,"result of",1146,Condition_symptom_relation,83,consequência,"resultado de",10700
18160,contribute,"partially add to
",1146,Condition_symptom_relation,86,contribuir,"parcialmente adicionar",117261
18162,present,"appearing at a time and place",1146,Condition_symptom_relation,84,presente,"aparecendo num tempo e lugar",73204
18163,provoke,"cause to start
",1146,Condition_symptom_relation,86,provocar,"causar para começar",121134
18164,result,"product of
",1146,Condition_symptom_relation,83,resultado,"produto de",6613
18165,lead,"influence or induce",1146,Condition_symptom_relation,86,chumbo,"influenciar ou induzir",17257
18166,indicate,"suggests ",1146,Condition_symptom_relation,86,indicar,sugere,121047
18168,common,"seen often
",1146,Condition_symptom_relation,84,comum,"visto frequentemente",73168
18171,suggest,"to hint at",1146,Condition_symptom_relation,86,sugerir,"a insinuar",120800
18175,characteristic,"sign of",1146,Condition_symptom_relation,83,característica,"sinais de",60889
18176,frequent,"occurs often",1146,Condition_symptom_relation,84,frequente,"ocorre frequentemente",73665
18177,function,"COD: a relation or expression involving one or more variables.",1147,Mathematical_relationship,83,função,"COD: uma relação ou expressão envolvendo uma ou mais variáveis.",4
18179,equation,"COD: a statement that the values of two mathematical expressions are equal",1147,Mathematical_relationship,83,equação,"COD: uma afirmação de que os valores de duas expressões matemáticas são iguais",21023
18181,severe,"FN: Of high intensity",1148,Judgment_of_intensity,84,severo,"FN: De alta intensidade",89785
18183,weak,"FN: Of little intensity.",1148,Judgment_of_intensity,84,fraco,"FN: De baixa intensidade.",73934
18185,benefit,"COD: receive an advantage; profit",1149,Cause_benefit_or_detriment,86,benefício,"COD: receber uma vantagem; lucro",9467
18186,severe,"FN: Stark or simple; austere",1150,Gradable_artistic_quality,84,severo,"FN: Stark ou simples; austero",89785
18188,stark,"FN: Unadorned; simple",1150,Gradable_artistic_quality,84,estranho,"FN: Despojado; simples",81421
18191,alert,"FN: a state of readiness to act in response to a negative event or situation.",1151,Be_on_alert,83,alerta,"FN: um estado de prontidão para agir em resposta a um evento ou situação negativa.",59020
18193,guard,"FN: a protective stance or outlook, readiness against a possible danger.",1151,Be_on_alert,83,guarda,"FN: uma postura ou visão protetora, prontidão contra um possível perigo.",23864
18195,strong,"FN: Of high potency, esp. of alcohol",1152,Chemical_potency,84,Forte,"FN: De alta potência, esp. de álcool",73749
18198,warn,"FN: advise someone that something bad might happen to him or her.",1153,Warning,86,aviso,"FN: aconselhar alguém que algo ruim pode acontecer com ele ou ela.",14564
18205,develop,"to gradually come to be",1155,Medical_intervention,86,desenvolver,"a pouco e pouco",120712
18206,indicate,"to recommend",1155,Medical_intervention,86,indicar,recomendar,121047
18207,consist,"made up of",1155,Medical_intervention,86,consistir,"composto de",121183
18208,attempt,"to try",1155,Medical_intervention,86,tentativa,Tentar,10829
18209,prevent,"stop from occurring",1155,Medical_intervention,86,prevenir,"parar de ocorrer",132963
18210,result,"to occur as a consequence of an action",1155,Medical_intervention,86,resultado,"ocorrer como consequência de uma ação",6613
39732,dose,,1155,Medical_intervention,83,dose,,20062
18212,combination,"FN: A set of operations or sequence of symbols that can be input into a device to unlock a location or function.",1156,Key,83,combinação,"FN: Um conjunto de operações ou sequência de símbolos que podem ser inseridos em um dispositivo para desbloquear uma localização ou função.",8582
18213,password,"FN: A sequence of characters that can be used to grant access to a physical or digital location.",1156,Key,83,senha,"FN: Uma sequência de caracteres que pode ser usada para conceder acesso a um local físico ou digital.",33184
18217,impair,"hindered
",1157,Biological_mechanisms,86,impedir,impedido,130908
18219,inhibit,"to hinder",1157,Biological_mechanisms,86,inibir,impedir,131074
18227,borrow,"FN: to take possession of something with the knowledge that it must be given back",1161,Borrowing,86,emprestar,"FN: tomar posse de algo com o conhecimento de que deve ser devolvido",128031
18231,"hang on to","FN: to keep possion of an item or an emotion",1163,Retaining,86,Aguardar,"FN: para manter posse de um item ou uma emoção",117302
