idLU,lemmaName(en),senseDescription(en),idFrame,frameName,idPOS,lemmaName(pt),senseDescription(pt),idLemma(pt)
10220,crawling,"FN: unpleasantly covered or crowded with.",237,Abounding_with,84,crawling,"FN: desagradavelmente coberto ou lotado com.",
10221,crawl,"COD: be unpleasantly covered or crowded with.",237,Abounding_with,86,rastejar,"COD: estar desagradavelmente coberto ou lotado com.",
10222,throng,"FN: be filled (with), teem (with)",237,Abounding_with,86,throng,"FN: ser preenchido (com), estar repleto (de)",
10223,thronged,"FN: filled (with)",237,Abounding_with,84,trilhado,"FN: preenchido (com)",
10225,swarming,"FN: moving in or form a large group of people or things  ",237,Abounding_with,84,swarming,"FN: se movimentando ou formando um grande grupo de pessoas ou coisas",
10227,jostling,"FN: being full of people or objects pushing against each other",237,Abounding_with,84,Ajuste,"FN: estar cheio de pessoas ou objetos empurrando uns aos outros",
10231,thronging,"FN: swarming (with)",237,Abounding_with,84,thronging,"FN: enxame (com)",
10235,dabbed,"FN: having been covered with quick light strokes",237,Abounding_with,84,derramado,"FN: tendo sido coberto com pinceladas rápidas e leves",
10236,drizzled,"FN: having been covered by trickling a thin stream of liquid",237,Abounding_with,84,Chuviscou.,"FN: tendo sido coberto por um fio fino de líquido que escorrega",
10237,buttered,"FN: covered with butter",237,Abounding_with,84,untado,"FN: coberto com manteiga",
10238,plastered,"FN: covered in plaster or otherwise completely covered",237,Abounding_with,84,Encobriu,"FN: coberto em gesso ou de outra forma completamente coberto",
10240,strewn,"FN: covered with untidly scattered things",237,Abounding_with,84,esparramado,"FN: coberta com coisas espalhadas de forma desarrumada",
10241,splattered,"FN: covered with a sticky or viscous liquid.",237,Abounding_with,84,esparramado,"FN: coberto com um líquido pegajoso ou viscoso.",
10242,stuffed,"FN: filled to tightly with something",237,Abounding_with,84,"cheio de","FN: cheio demais com algo",
10243,tiled,"FN: covered with tiles",237,Abounding_with,84,tiled,"FN: coberto com telhas",
10245,crammed,"FN: filled to the point of overflowing",237,Abounding_with,84,Aperto,"FN: cheio até transbordar",
10248,draped,"FN: covered with a loose cloth",237,Abounding_with,84,escadas,"FN: coberto com um pano solto",
10249,brimming,"COD: full to the point of overflowing.",237,Abounding_with,84,borbulhando,"COD: completo até o ponto de transbordar.",
10252,chock-a-block,"COD: crammed full. ",237,Abounding_with,84,Choc-a-bloque,"COD: lotado.",
10254,surfaced,"FN: covered with a particular surface",237,Abounding_with,84,surfeou,"FN: coberto com uma superfície particular",
10255,wallpapered,"FN: covered in wallpaper",237,Abounding_with,84,papelado,"FN: coberto com papel de parede",
10261,asphalted,"FN: covered in asphalt",237,Abounding_with,84,asfalto,"FN: coberto de asfalto",
10263,hung,"FN: covered or adorned with hanging objects",237,Abounding_with,84,hung,"FN: coberto ou adornado com objetos pendurados",
10264,jammed,"FN: over-crowded",237,Abounding_with,84,jamado,"FN: superlotado",
10265,paved,"FN: covered with stones or asphalt",237,Abounding_with,84,paved,"FN: coberta de pedras ou asfalto",
10266,festooned,"FN: adorned with festoons",237,Abounding_with,84,festão,"ornamentado com festões",
10267,decked,"FN: decorated brightly and extensively",237,Abounding_with,84,deckado,"FN: decorado com luzes e extensivamente",
10268,bedecked,"FN: decorated lavishly",237,Abounding_with,84,bedecado,"FN: decorado luxuosamente",
10269,bejewelled,"FN: covered in jewels",237,Abounding_with,84,Bejeweled,"FN: coberto de joias",
10270,bespattered,"FN: covered in patch of liquid",237,Abounding_with,84,bespattered,"FN: coberto por uma mancha de líquido",
10274,lined,"FN: having its interior covered with a layer of different material",237,Abounding_with,84,linhado,"FN: com seu interior coberto por uma camada de material diferente",
10276,varnished,"FN: covered in varnish",237,Abounding_with,84,Lixado,"FN: coberto com verniz",
10279,glazed,"FN: covered with a glaze",237,Abounding_with,84,glaceado,"FN: coberto com um glaseado",
10281,embellished,"FN: adorned or decorated",237,Abounding_with,84,Embellished,"ornamentado ou decorado",
10282,panelled,"FN: covered in panels",237,Abounding_with,84,Painelado,"FN: coberto por painéis",
10283,rife,"FN: full (often of something bad).",237,Abounding_with,84,rife,"FN: completo (frequentemente de algo ruim).",
10284,piled,"FN: to have a large quantity of objects on a surface",237,Abounding_with,84,empilhados,"FN: ter uma grande quantidade de objetos sobre uma superfície",
10285,littered,"FN: having sporadic instances (esp. of something undesirable) irregularly distributed on the surface.",237,Abounding_with,84,esparramado,"FN: tendo instâncias esporádicas (especialmente de algo indesejável) irregulares distribuídas na superfície.",
10286,lap,"COD: (of an animal) take up (liquid) with the tongue",238,Ingestion,86,lap,"COD: (de um animal) levar (líquido) na língua",
10287,slurp,"COD: eat or drink with a loud sucking sound. ""She slurped her coffee."" ""He slurped noisily from a wine cup.""",238,Ingestion,86,Surrupi,"COD: comer ou beber com um barulho ensurdecedor. ""Ela engoliu o café."" ""Ele engoliu sem som de uma taça de vinho.",
10288,swig,"COD: drink in large draughts. ""Dave swigged the wine in five gulps."" ""Ratagan swigged at his beer.""",238,Ingestion,86,gaguejar,"COD: beber em grandes tragadas. ""Dave engoliu o vinho em cinco goleadas."" ""Ratagan engoliu seu cerveja.",
10290,gulp,"COD: Swallow (drink or food) quickly or in large mouthfuls, often audibly. He smiled and gulped his tea.",238,Ingestion,86,Gula,"COD: Engolir (bebida ou comida) rapidamente ou em grandes bocejos, muitas vezes audivelmente. Ele sorriu e engoliu o seu chá.",
10293,sup,"COD: (dated) eat supper",238,Ingestion,86,"O que está acontecendo?","COD: comer jantar",
10294,munch,"COD: Eat steadily and audibly. ",238,Ingestion,86,munch,"COD: Coma de forma constante e audível.",
10303,nurse,"COD: hold (a cup or glass), drinking from it occasionally",238,Ingestion,86,enfermeira,"COD: segurar (uma xícara ou copo), beber ocasionalmente dele",
10304,nibble,"COD: a.take small bites out of. with obj. or eat in small amounts. ",238,Ingestion,86,Nibble,"COD: a. tomar pequenas mordidas de. com o obj. ou comer em pequenas quantidades.",
10307,gobble,"COD:  eat hurriedly and noisily",238,Ingestion,86,goblar,"COD: comer rapidamente e barulhento",
10308,devour,"COD: eat (food or prey) hungrily or quickly.",238,Ingestion,86,Devorar,"COD: comer (comida ou presa) com voracidade ou rapidez.",
10309,consume,"COD: Eat, drink, or ingest.",238,Ingestion,86,consome,"COD: Comer, beber ou ingerir.",
10311,gulp,"COD: 1: b. A large mouthful of liquid hastily drunk. ",238,Ingestion,83,Gulo,"COD: 1: b. Uma grande boca de líquido bebido apressadamente.",
10312,swig,"COD: a large draught of drink",238,Ingestion,83,gaguejar,"COD: uma grande dose de bebida",
10313,slurp,"FN: Act of ingesting liquid often producing noise.",238,Ingestion,83,Surrupi,"FN: Ato de ingerir líquido que muitas vezes produz ruído.",
10315,imbibe,"FN: drink in (formal/scientific)",238,Ingestion,86,imbibe,"FN: beber em (formais/científico)",
