idLU,lemmaName(en),senseDescription(en),idFrame,frameName,idPOS,lemmaName(pt),senseDescription(pt),idLemma(pt)
18449,copulate,"FN: To have sex.",1201,Sex,86,coabitar,"FN: Fazer sexo.",120972
18452,pork,"FN: (euphemism) To have sex",1201,Sex,86,porco,"FN: (eufemismo) Fazer sexo",8722
18456,take,"FN: (euphemistic; us. of males) have sex with.",1201,Sex,86,tomar,"FN: (eufemístico; usa-se de) fazer sexo com.",117247
18459,bed,"FN: (euphemism) have sex with.",1201,Sex,86,cama,"FN: (eufemismo) fazer sexo com.",6578
18460,have,"FN: Specifically different from the sense of the support verb, this LU refers to sex as an act of possession.

",1201,Sex,86,ter,"FN: Específicamente diferente do sentido do verbo de apoio, este LU refere-se ao sexo como um ato de posse.",116847
18461,give,"FN: (euphemistic; us. of males) have sex with)",1201,Sex,86,dar,"FN: (eufemístico; uso de) ter relações sexuais com)",116844
18464,jump,"FN: (euphemism) to have sex",1201,Sex,86,pular,"FN: (eufemismo) fazer sexo",120904
31027,pregnant,"Wiki: Carrying developing offspring within the body",1205,Being_pregnant,84,grávida,"Wiki: Carregar filhotes em desenvolvimento dentro do corpo",74090
18467,"kick in","FN: To take effect.",1206,Come_into_effect,86,chutar,"FN: Para ter efeito.",117021
18469,apply,"FN: (transitive) to affect",1206,Come_into_effect,86,aplicar,"FN: (transitivo) afetar",121120
18478,something,"FN: (indicating caution in asserting a category)",1209,Hedging,83,algo,"FN: (indicando cautela ao afirmar uma categoria)",37825
18480,rather,"FN: (signalling a softening of the emotional impact of an assertion)",1209,Hedging,89,antes,"FN: (indicando um amolecimento do impacto emocional de uma afirmação)",139814
34155,guess,"Indicating imprecision of a statement.",1209,Hedging,86,Adivinhar,"Indicando imprecisão de uma afirmação.",121229
34397,know,"Denoting a type of identification of the speaker.",1209,Hedging,86,saber,"Denotando um tipo de identificação do falante.",117281
457,purchase,"to pay for a service, hiring it",1210,Tourist_service_buy,86,compra,"pagar por um serviço, contratá-lo",9334
459,offer,"to provide tourist services",1211,Tourist_service_sell,86,oferta,"fornecer serviços turísticos",28945
24032,"tour operator","a company or individual that provides services to tourists.",1211,Tourist_service_sell,83,"operador de turismo","uma empresa ou indivíduo que fornece serviços aos turistas.",6905
465,charge,"to ask an amount of money in exchange for a service",1215,Tourist_service_collect,86,carregar,"pedir uma quantia de dinheiro em troca de um serviço",117207
28948,seed,"one of the strongest athletes, teams or squads in a sports competition that are set apart in the first stage of the tournament, and, therefore, heads one of the groups in the competition.",1221,Elimination_tournament,83,semente,"Um dos atletas mais fortes, equipes ou esquadrões em uma competição esportiva que se destacam na primeira etapa do torneio, e, portanto, lidera um dos grupos na competição.",33159
31277,"take on","to play against.",1221,Elimination_tournament,86,assumir,"to play contra.",117292
