idLU,lemmaName(en),senseDescription(en),idFrame,frameName,idPOS,lemmaName(pt),senseDescription(pt),idLemma(pt)
18242,die,"FN: (Of fire) cease to burn.",1169,Fire_going_out,86,morrer,"FN: (De fogo) Parar de queimar.",121113
18243,"burn out","FN: Cease to burn",1169,Fire_going_out,86,Queimadura,"FN: Pare de queimar",31421
18244,"go out","FN: Cease to burn",1169,Fire_going_out,86,Sair,"FN: Pare de queimar",116884
18246,burn,"FN: Generate heat and light through combustion of fuel",1170,Fire_burning,86,Queimar,"FN: Gerar calor e luz pela combustão de combustível",117198
18258,blaze,"FN: Burn strongly",1170,Fire_burning,86,fogo,"FN: Queima fortemente",10788
18262,rage,"FN: Burn uncontrollably, without containment",1170,Fire_burning,86,raiva,"FN: Queimar sem controle, sem contenção",9092
18266,"break out","FN: (A fire) suddenly catches and spreads",1172,Catching_fire,86,Quebrar,"FN: (Um fogo) pega e se espalha repentinamente",116887
18268,catch,"FN: Begin to consume, with fire",1172,Catching_fire,86,pegar,"FN: Comece a consumir, com fogo",116886
18270,start,"FN: A fire catches unintentionally, usually viewed in past-tense.",1172,Catching_fire,86,começar,"FN: Um incêndio pega fogo sem querer, geralmente visto no pretérito.",116850
18272,team,"FN: a group of people working together.",1173,Team,83,equipe,"FN: um grupo de pessoas trabalhando juntas.",277
18274,crew,"FN: a group of people tasked together.",1173,Team,83,Tripulação,"FN: um grupo de pessoas com tarefas atribuídas.",8585
18276,"fire fighter","FN: A team tasked with putting out fires or protecting fire-threatened structures.",1173,Team,83,bombeiro,"FN: Uma equipe encarregada de apagar incêndios ou proteger estruturas ameaçadas por fogo.",9045
30900,firefighter,"FN: A team tasked with putting out fires or protecting fire-threatened structures.",1173,Team,83,bombeiro,"FN: Uma equipe encarregada de extinguir incêndios ou proteger estruturas ameaçadas por fogo.",9045
18278,backfire,"FN: a fire that uses up fuel from another fire, creating a firebreak.",1174,Setting_back_burn,83,contra-ataque,"FN: um fogo que usa combustível de outro fogo, criando uma linha de fogo.",211
18280,fight,"FN: Making an attempt to put a fire out with great effort. Usually attempted by official Firefighters.",1177,Firefighting,86,lutar,"FN: Fazer um esforço para apagar um fogo. Normalmente tentado por bombeiros oficiais.",117219
18282,battle,"FN: A firefighting effort where the outcome is not guaranteed.",1177,Firefighting,83,luta,"FN: Um esforço de combate a incêndios onde o resultado não é garantido.",1225
18283,control,"FN: Firefighting unit prevents a blaze from reaching a critical moment at which it may cause expensive, irreparable, or otherwise undesirable damage.",1177,Firefighting,86,controle,"FN: Uma unidade de combate a incêndios impede que um incêndio atinja um momento crítico no qual pode causar danos caros, irreparáveis ou de outra forma indesejáveis.",37441
18285,attack,"FN: Employ firefighters and firefighting equipment in a concentrated effort against a fire.",1177,Firefighting,86,ataque,"FN: Empregue bombeiros e equipamentos de combate a incêndios em um esforço concentrado contra um incêndio.",90
18286,battle,"FN: A team fights a fire with no indication of weakness but no clear indication of imminent success.",1177,Firefighting,86,luta,"FN: Uma equipe luta contra um incêndio sem indicação de fraqueza, mas sem indicação clara de sucesso iminente.",1225
18294,schedule,"FN: to plan an event to take place at a specified time",1182,Scheduling,86,Programação,"FN: planejar um evento para acontecer em um horário específico",9369
18295,"set up","FN: to arrange a time and place for an event to occur",1182,Scheduling,86,Configurar,"FN: organizar um horário e local para um evento ocorrer",125219
18297,arrange,"FN: to schedule an event to take place at a time and place",1182,Scheduling,86,arrumar,"FN: agendar um evento para ocorrer em um horário e local específicos",116890
18299,plan,"FN: to organize an event",1183,Making_arrangements,86,plano,"FN: organizar um evento",8787
18301,"set up","FN: to make preparations for an event or activity",1183,Making_arrangements,86,Configurar,"FN: fazer preparativos para um evento ou atividade",125219
18303,"put together","FN: to organize an activity or event",1183,Making_arrangements,86,montar,"FN: para organizar uma atividade ou evento",120905
29663,ram,"a male sheep.",1184,Animals,83,árvore,"Um macho de ovelha.",9112
29686,crab,"a crustacean with a broad carapace, stalked eyes, and five pairs of legs, the first pair of which are modified as pincers. Crabs are abundant on many shores, especially in the tropics, where some have become adapted to life on land.",1184,Animals,83,caranguejo,"Um crustáceo com uma carapaça larga, olhos alongados e cinco pares de pernas, sendo que o primeiro par é modificado em pinças. As caranguejas são abundantes em muitas costas, especialmente nos trópicos, onde algumas se adaptaram à vida terrestre.",1342
29690,ray,"a broad flat marine or freshwater fish with a cartilaginous skeleton, winglike pectoral fins, and a long slender tail. Many rays have venomous spines or electric organs.",1184,Animals,83,raio,"A raia é um peixe de água doce ou salgada com uma estrutura esquelética cartilaginosa, pinças como nadadeiras e uma cauda longa e fina. Muitas raias possuem espinhos venenosos ou órgãos elétricos.",31615
