idLU,lemmaName(en),senseDescription(en),idFrame,frameName,idPOS,lemmaName(pt),senseDescription(pt),idLemma(pt)
9843,fry,"COD: cook or be cooked in hot fat or oil",212,Apply_heat,86,fritar,"COD: cozinhar ou ser cozido em gordura ou óleo quente",120747
9844,grill,"COD: cook with a grill",212,Apply_heat,86,churrasco,"COD: cozinhe com um grelhador",1984
9845,roast,"COD: cook by prolonged exposure to heat in an oven or over a fire. ",212,Apply_heat,86,assar,"COD: cozinhar por exposição prolongada ao calor em um forno ou sobre uma fogueira.",120749
9848,cook,"FN: to prepare food by applying heat",212,Apply_heat,86,cozinhar,"FN: preparar alimentos aplicando calor",120612
9849,bake,"COD:  cook by dry heat without direct exposure to a flame, typically in an oven",212,Apply_heat,86,assar,"COD: cozinhar por calor seco sem exposição direta a uma chama, normalmente em um forno",120749
9850,barbecue,"COD: cook (food) on a barbecue.",212,Apply_heat,86,churrasco,"COD: cozinhar (alimentos) em uma churrasqueira.",1984
9851,"deep fry","FN: to cook by immersion in heated fat or oil",212,Apply_heat,86,fritar,"FN: cozinhar por imersão em gordura ou óleo aquecido",120747
9854,plank,"FN: cook on a plank over heat.",212,Apply_heat,86,prancha,"F: cozinhar em uma tábua sobre calor.",30754
9855,scorch,"FN: to burn something lightly on the surface or edges",212,Apply_heat,86,Queimar,"FN: queimar algo levemente na superfície ou nas bordas",117198
9857,grilling,"FN: the process of cooking by direct heat, as on/under a grill or over a hot fire",212,Apply_heat,83,churrasco,"FN: o processo de cozimento por calor direto, como em uma grelha ou sobre um fogo quente",1984
9861,melt,"FN: to liquify through warmth or heat",212,Apply_heat,86,derreter,"FN: para amolecer pelo calor ou calor",125747
9872,anorexia,"COD: lack of appetite for food, in particular also anorexia nervosa an emotional disorder characterized by an obsessive desire to lose weight by refusing to eat",215,Health_conditions,83,anorexia,"COD: falta de apetite para comida, em especial também anorexia nervosa um transtorno emocional caracterizado por um desejo obsessivo de perder peso através da recusa em comer",13388
9879,candida,"COD: a yeast-like parasitic fungus that sometimes causes thrush",215,Health_conditions,83,Candida,"COD: um fungo parasita semelhante à levedura que às vezes causa candidíase",69534
9885,cold,"COD: a common infection in which the mucous membrane of the nose and throat becomes inflamed, causing running at the nose and sneezing",215,Health_conditions,83,frio,"COD: uma infecção comum na qual a membrana mucosa do nariz e da garganta ficam inflamadas, causando corrimento nasal e espirros",8667
9890,diarrhea,"COD: a condition in which faeces are discharged from the bowels frequently and in a liquid form",215,Health_conditions,83,diarréia,"COD: uma condição na qual fezes são eliminadas do intestino de forma frequente e em forma líquida",19727
9897,eczema,"COD: a medical condition in which patches of skin become rough and inflamed with blisters which cause itching and bleeding",215,Health_conditions,83,eczema,"COD: uma condição médica na qual manchas de pele ficam ásperas e inflamadas com bolhas que causam coceira e sangramento",20233
9921,shock,"COD: an acute medical condition associated with a fall in blood pressure, caused by loss of blood, severe burns, sudden emotional stress, etc.",215,Health_conditions,83,choque,"COD: uma condição médica aguda associada a uma queda na pressão arterial, causada por perda de sangue, queimaduras graves, estresse emocional repentino, etc.",17224
9922,stress,"COD: a state of mental, emotional, or other strain",215,Health_conditions,83,Estresse,"COD: um estado de tensão mental, emocional ou outra",21771
9936,affliction,"FN: ailment.",215,Health_conditions,83,aflição,"FN: Alimento.",9190
9937,condition,"COD: an illness or medical problem.",215,Health_conditions,83,condição,"COD: uma doença ou problema médico.",6652
9946,malnutrition,"FN: the affliction of being undernourished",215,Health_conditions,83,Desnutrição,"FN: a aflição de estar desnutrido",19528
