idLU,lemmaName(en),senseDescription(en),idFrame,frameName,idPOS,lemmaName(pt),senseDescription(pt),idLemma(pt)
31579,finish,"in football and other sports, the end of a play that results in the goal.",1359,Winning_moves,86,acabar,"No futebol e em outros esportes, o fim de uma jogada que resulta no gol.",116944
33197,two,"reduced form for the phrase two pointer, which is used to describe when an offensive player makes a basket that is worth only two points. All field goals made inside the three-point line are worth two points.",1359,Winning_moves,83,dois,"forma reduzida da frase dois pontinhos, que é usada para descrever quando um jogador ofensivo faz uma cesta que vale apenas dois pontos. Todos os cestas de campo feitas dentro da linha dos três pontos valem dois pontos.",36843
1159,arc,"half-circle in the field connected to the top of the penalty area.",1364,Sports_venues_subparts,83,arco,"meia-lua no campo conectado ao topo da área de penalidade.",843
3462,corner,"a corner kick is a method of restarting play in a game of association football.",1364,Sports_venues_subparts,83,canto,"O chute de canto é um método de reiniciar o jogo em uma partida de futebol de associação.",11039
3463,lawn,"a lawn is an area of land planted with grasses or other durable plants, which are maintained at a short height and used for aesthetic and recreational purposes.",1364,Sports_venues_subparts,83,Pasta,"Um gramado é uma área de terra plantada com grama ou outras plantas duráveis, que são mantidas em altura curta e utilizadas para fins estéticos e recreativos.",29677
29042,score,"a large board for publicly displaying the score in a game.",1364,Sports_venues_subparts,83,pontuação,"uma grande tábua para exibir publicamente o placar em um jogo.",1020
29386,hoop,"a metal ring that supports a net through which basketball players try to pass the ball.",1364,Sports_venues_subparts,83,cesto,"Um anel de metal que sustenta uma rede por onde os jogadores de basquete tentam passar a bola.",17046
31188,goal,"structure used in sports that consists of two vertical posts apart from each other and connected at the top by a crossbar with a perforated net at the back.",1364,Sports_venues_subparts,83,objetivo,"Estrutura utilizada em esportes que consiste de dois postes verticais separados e conectados no topo por uma barra transversal com uma rede perfurada nas costas.",6
31243,screen,"a large screen used in movie theaters or sports facilities to project parts of the game as it happens.",1364,Sports_venues_subparts,83,Tela,"Um grande ecrã utilizado em cinemas ou instalações desportivas para projetar partes do jogo à medida que ele acontece.",683
31326,basket,"a circular hoop, from which a net is suspended, which is the goal through which the players try to throw the ball.",1364,Sports_venues_subparts,83,cesto,"A circular, da qual uma rede é suspensa, que é o alvo através do qual os jogadores tentam jogar a bola.",17046
31373,bar,"a wood post that marks the goal target. It can be horizontal in sports structures that must be overcome without dropping it.",1364,Sports_venues_subparts,83,bar,"Uma estaca de madeira que marca o alvo do alvo. Pode ser horizontal em estruturas esportivas que devem ser superadas sem derrubá-la.",116
31379,impediment,"something immaterial that interferes with or delays action or progress.",1364,Sports_venues_subparts,83,impedimento,"algo imaterial que interfere ou atrasa a ação ou o progresso.",366
31716,board,"a horizontal circular metal hoop supporting a net through which players try to throw the basketball.",1364,Sports_venues_subparts,83,placa,"A horizontal circular metal hoop que sustenta uma rede por meio da qual os jogadores tentam lançar o basquetebol.",8854
31722,speaker,"structure that emits sound placed in the sports infrastructure for sports that use songs or commands announced aloud.",1364,Sports_venues_subparts,83,falante,"Estrutura que emite som colocada na infraestrutura esportiva para esportes que utilizam músicas ou comandos anunciados em voz alta.",62930
31732,suite,"a place separated by partitions from the rest of the audience and open towards the stage, with chairs or armchairs to accommodate some spectators.",1364,Sports_venues_subparts,83,"sala de estar","um lugar separado do resto do público por divisórias e voltado para o palco, com cadeiras ou poltronas para acomodar alguns espectadores.",8635
