idLU,lemmaName(en),senseDescription(en),idFrame,frameName,idPOS,lemmaName(pt),senseDescription(pt),idLemma(pt)
6701,well-off,"FN: financially well-provided for; moderately rich",79,Wealthiness,84,bem-sucedido,"FN: financeiramente bem fornecido; moderadamente rico",76688
6704,urge,"FN: strongly suggest that someone do something",80,Attempt_suasion,86,urgência,"FN: sugere fortemente que alguém faça algo",35559
6708,beg,"COD: ask (someone) earnestly or humbly for something. ",80,Attempt_suasion,86,peça,"COD: pedir (a alguém) humildemente ou respeitosamente por algo.",27
6711,pressure,"COD: attempt to persuade or coerce into doing something. ",80,Attempt_suasion,86,pressão,"COD: tentativa de persuadir ou coagir para fazer algo.",30892
6715,pressure,"COD: the use of persuasion, intimidation, etc. to make someone do something.",80,Attempt_suasion,83,pressão,"COD: o uso de persuasão, intimidação, etc. para fazer alguém fazer alguma coisa.",30892
6718,advocate,"COD: publicly recommend or support.",80,Attempt_suasion,86,advogado,"COD: recomendar ou apoiar publicamente.",6886
6719,suggest,"FN: propose an action",80,Attempt_suasion,86,sugerir,"FN: propõe uma ação",120800
6722,enjoin,"FN: to urge strongly; order (someone) to do (something)",80,Attempt_suasion,86,enjoar,"FN: instar fortemente; mandar (alguém) fazer (algo)",128625
6724,strike,"FN: occur with less-than-desirable consequences",81,Eventive_affecting,86,greve,"Ocorrer com consequências menos desejáveis",23778
6727,hit,"FN: to occur suddenly and with less-than-desirable consequences. ",81,Eventive_affecting,86,acertar,"FN: ocorrer de repente e com consequências indesejáveis menos do que desejável.",117230
6732,dissuade,"COD: advise someone against; persuade someone not to do something. ",82,Suasion,86,desacelerar,"COD: aconselhar alguém contra; persuadir alguém a não fazer algo.",125786
6736,incite,"FN: to encourage or stir up (usually violent or unlawful behaviour)",82,Suasion,86,incitar,"FN: incentivar ou incitar (geralmente comportamento violento ou ilegal)",130983
6737,incite,"FN: to encourage or stir up (usually violent or unlawful behaviour). ",83,Talking_into,86,incitar,"FN: incentivar ou excitar (geralmente comportamento violento ou ilegal).",130983
6739,influence,"COD: have an influence on. ",83,Talking_into,86,influência,"COD: tem influência em.",6836
6740,lead,"FN: cause someone to do something by drawing them along or giving them a motive or reason for doing it",83,Talking_into,86,chumbo,"FN: causar em alguém fazer algo atraindo-o ou dando-lhe um motivo ou razão para fazê-lo",17257
6741,talk,"COD: convince someone that they should adopt a particular point of view. ",83,Talking_into,86,falar,"COD: convencer alguém a adotar uma determinada perspectiva.",116967
6744,fall,"FN: decrease.",84,Change_position_on_a_scale,86,Outono,"FN: diminuição.",29272
6745,fall,"FN: a move down on a scale",84,Change_position_on_a_scale,83,Outono,"FN: um movimento para baixo em uma escala",29272
6746,rise,"FN: move up on some scale",84,Change_position_on_a_scale,86,acordar,"FN: subir na escala",116897
6749,decrease,"FN: move downward along some scale",84,Change_position_on_a_scale,86,diminuição,"FN: move para baixo ao longo de alguma escala",19803
6750,soar,"FN: increase rapidly above the usual level on some scale",84,Change_position_on_a_scale,86,soar,"FN: aumentar rapidamente acima do nível normal em alguma escala",120763
6751,diminish,"FN: move lower on a scale",84,Change_position_on_a_scale,86,diminuição,"FN: desça na escala",19803
6753,grow,"COD: become larger or greater over a period of time; increase.",84,Change_position_on_a_scale,86,crescer,"COD: tornar-se maior ou maior ao longo de um período de tempo; aumentar.",117331
6754,move,"FN: change one' s position on a scale",84,Change_position_on_a_scale,86,mover,"FN: mudar uma posição em uma escala",120818
6759,rocket,"FN: increase very rapidly and suddenly ",84,Change_position_on_a_scale,86,foguete,"FN: aumentar muito rapidamente e de repente",63128
6762,advance,"FN: move up on a scale",84,Change_position_on_a_scale,86,avanço,"FN: subir de nível",14530
6763,jump,"COD: rise or increase suddenly",84,Change_position_on_a_scale,86,saltar,"COD: subir ou aumentar de repente",117208
6764,drop,"COD: become lower, weaker, or less",84,Change_position_on_a_scale,86,drop,"COD: tornar-se mais baixo, mais fraco ou menos",1175
6770,hike,"COD: a sharp increase, especially in price",84,Change_position_on_a_scale,83,caminhada,"COD: um aumento agudo, especialmente no preço",6810
6773,mushroom,"COD: increase or develop rapidly.",84,Change_position_on_a_scale,86,cogumelo,"COD: aumentar ou desenvolver rapidamente.",17640
6782,swing,"FN: to rapidly move from one value to another",84,Change_position_on_a_scale,86,balanço,"FN: mover rapidamente de um valor para outro",14756
6784,shift,"COD: a slight change in position, direction, or tendency.",84,Change_position_on_a_scale,83,mudança,"COD: uma ligeira mudança de posição, direção ou tendência.",6549
6785,shift,"FN: change slightly in some way.",84,Change_position_on_a_scale,86,mudança,"FN: mudar ligeiramente de alguma forma.",6549
6788,balloon,"FN: grow to be larger or have more of",84,Change_position_on_a_scale,86,balão,"FN: crescer para ser maior ou ter mais de",639
6790,contract,"FN: decrease.",84,Change_position_on_a_scale,86,contrato,"FN: diminuição.",8932
6791,contraction,"FN: a decrease.",84,Change_position_on_a_scale,83,contração,"FN: uma diminuição.",18196
6793,elevated,"FN: An increase from a baseline state
",84,Change_position_on_a_scale,84,elevado,"FN: Um aumento de um estado de linha de base",73321
6795,depression,"FN: to decrease",84,Change_position_on_a_scale,83,depressão,"FN: diminuir",19131
