idLU,lemmaName(en),senseDescription(en),idFrame,frameName,idPOS,lemmaName(pt),senseDescription(pt),idLemma(pt)
18447,slam,"FN: To have sex.",1201,Sex,86,slam,"FN: Fazer sexo.",
18448,intercourse,"FN: A sexual act",1201,Sex,83,Intercurso,"FN: Um ato sexual",
18450,"make love","FN: To have intimate sex",1201,Sex,86,"fazer amor","FN: Fazer sexo íntimo",
18451,"make whoopie","FN: (euphemism) To have sex",1201,Sex,84,"Fazer whoopie","FN: (eufemismo) Fazer sexo",
18453,fuck,"FN: (vulgar) have intercourse (with).",1201,Sex,86,Caralho.,"FN: (vulgar) fazer sexo (com).",
18454,"do it","FN: (slightly vulgar) have intercourse.",1201,Sex,86,"Faça isso!","FN: (um pouco vulgar) fazer sexo.",
18462,quickie,"FN: a sex session, due to time restraint or otherwise",1201,Sex,83,Quickie,"FN: uma sessão sexual, devido a restrições de tempo ou outra coisa",
18463,"jump bones","FN: (euphemism) to have sex",1201,Sex,96,"osso para pular","FN: (eufemismo) fazer sexo",
18465,"go at it","FN: mtually and enthusiastically engage in intercourse or other sex related contact.",1201,Sex,86,"Vá em frente!","FN: se envolver verdadeiramente e entusiasticamente em sexo ou outros contatos sexuais.",
18466,"make baby","FN: This LU conveys specific intent by at least one participant in Procreative_sex to successfully procreate.",1202,Procreative_sex,86,"fazer bebê","FN: Este LU transmite a intenção específica de pelo menos um participante em Procreative_sex para procriar com sucesso.",
31028,expecting,"Wiki: Of a woman or female animal, in expectation of giving birth; pregnant",1205,Being_pregnant,84,esperando,"Wiki: De uma mulher ou animal feminino, na expectativa de dar à luz; grávida",
18468,"take effect","FN: begin having an effect",1206,Come_into_effect,86,"tomar efeito","FN: começar a ter efeito",
18470,"go into effect","FN: To take effect",1206,Come_into_effect,86,"entrar em vigor","FN: Para entrar em vigor",
18471,"come into effect","FN: to take effect",1206,Come_into_effect,86,"entrar em vigor","FN: para entrar em vigor",
18472,"a bit","FN: (used to signal hesitancy about a category)",1209,Hedging,83,"um pouco","FN: (usado para sinalizar hesitação sobre uma categoria)",
18474,"sort of","FN: (used to signify imprecision or hesitancy)",1209,Hedging,89,"tipo de","FN: (usado para indicar imprecisão ou hesitação)",
18475,like,"FN: (indicating hesitancy and imprecision)",1209,Hedging,89,"gostar de","FN: (indicando hesitação e imprecisão)",
18476,"kind of","FN: (indicating imprecision of the statement)",1209,Hedging,89,"tipo de","FN: (indicando imprecisão da afirmação)",
18477,"on the side","FN: (with adjective modifying ""side"", indicates hesitancy about the appropriateness of the adjective to the context)",1209,Hedging,84,"ao lado","FN: (com adjetivo modificando ""lado"", indica hesitação sobre a adequação do adjetivo ao contexto)",
18479,"in a way","FN: (indicating a limited scope for an assertion)",1209,Hedging,89,"de uma maneira","FN: (indicando um escopo limitado para uma afirmação)",
522,b&b,"a small establishment, usually a family owned house, that offers accommodation and meals to tourists",1220,Accommodation,83,"bed and breakfast","Uma pequena empresa, geralmente uma casa de propriedade familiar, que oferece hospedagem e refeições a turistas",
2915,auberge,"a hotel providing overnight lodging for travelers.",1220,Accommodation,83,Auberge,"um hotel que oferece hospedagem noturna para viajantes.",
2917,"camping area","a site where people on holiday can pitch a tent.",1220,Accommodation,83,"área de acampamento","Um site onde as pessoas de férias podem montar uma barraca.",
2919,"bed and breakfast","a bed and breakfast is a small lodging establishment that offers overnight accommodation and inclusive breakfast, but usually does not offer other meals.",1220,Accommodation,83,"Alojamento e pequeno-almoço","Um Bed and Breakfast é uma pequena hospedagem que oferece acomodações noturnas e café da manhã inclusivo, mas geralmente não oferece outras refeições.",
2920,hostelry,"any establishment where travellers can procure lodging, food, and drink; a hotel providing overnight lodging for travelers.",1220,Accommodation,83,hospedaria,"Qualquer estabelecimento onde viajantes podem procurar hospedagem, comida e bebida; um hotel que oferece hospedagem noturna para viajantes.",
2921,lodge,"a hotel providing overnight lodging for travelers.",1220,Accommodation,83,lodge,"Um hotel que oferece hospedagem noturna para viajantes.",
2922,"love hotel","a motor hotel is a hotel designed for motorists, and usually has a parking area for motor vehicles.",1220,Accommodation,83,"Hotel de amor","Um motel de automóveis é um hotel projetado para motoristas e geralmente tem uma área de estacionamento para veículos motorizados.",
2923,tavern,"any establishment where travellers can procure lodging, food, and drink.",1220,Accommodation,83,taverna,"Qualquer estabelecimento onde viajantes podem procurar hospedagem, comida e bebida.",
2926,"resort hotel","a resort is a place used for relaxation or recreation, attracting visitors for vacations and/or tourism. Place used for recreation, vacations and/or tourism. A place where people go for recreation, especially one with facilities such as lodgings, entertainment, and a relaxing environment. A hotel located in a resort area.",1220,Accommodation,83,"resort hotel","Resort é um lugar usado para relaxamento ou recreação, atraindo visitantes para férias e/ou turismo. Lugar utilizado para recreação, férias e/ou turismo. Um lugar onde as pessoas vão para se divertir, especialmente um com instalações como acomodações, entretenimento e um ambiente relaxante. Um hotel localizado em uma área de resort.",
19850,"apartment building",,1220,Accommodation,83,"edifício de apartamentos",,
19853,"townhouse complex",,1220,Accommodation,83,"complexo de casas",,
19854,"countryside hotel",,1220,Accommodation,83,"Hotel no campo",,
21325,"vacation property","A dwelling (a second home) where you live while you are on vacation;",1220,Accommodation,83,"propriedade de férias","Uma moradia (segunda casa) onde você mora enquanto está de férias;",
21327,saloon,"The counter of such a premises.;A lounge bar in an English public house, contrasted with the public bar.;A tavern.;",1220,Accommodation,83,saloon,"O balcão de tal local; Um bar de lounge em uma casa pública inglesa, contrastando com o bar público; Uma taverna.",
23828,chacra,"a small farm in the outskirts of cities dedicated to produce food, raise animals or for leisure activities.",1220,Accommodation,83,Chakra,"Uma pequena fazenda nos arredores das cidades dedicada à produção de alimentos, criação de animais ou atividades de lazer.",
23830,smallholding,"a small farm in the outskirts of cities dedicated to produce food, raise animals or for leisure activities.",1220,Accommodation,83,pequeno-aluguel,"uma pequena fazenda nos arredores das cidades dedicada à produção de alimentos, criação de animais ou atividades de lazer.",
25252,"hotel management","network of hotels and lodging and food services.",1220,Accommodation,83,"Gestão hoteleira","rede de hotéis e serviços de alimentação e hospedagem.",
526,"book place","to move on to the next phase of a competiion like the World Cup or the Olympics.",1221,Elimination_tournament,86,"livro lugar","Avançar para a próxima fase de uma competição como a Copa do Mundo ou as Olimpíadas.",
527,"move on","to reach the next phase of the competition.",1221,Elimination_tournament,86,"Siga em frente.","Chegar à próxima fase da competição.",
3469,semifinal,"the last stage of the playoffs with four teams playing.",1221,Elimination_tournament,83,semifinal,"a última etapa dos play-offs com quatro equipes jogando.",
28944,"group head","one of the strongest athletes, teams or squads in a sports competition that are set apart in the first stage of the tournament, and, therefore, heads one of the groups in the competition.",1221,Elimination_tournament,83,"chefe de grupo","Um dos atletas mais fortes, equipes ou esquadrões em uma competição esportiva que se destacam na primeira etapa do torneio, e, portanto, lidera um dos grupos na competição.",
28950,bracket,"groups of athletes, teams or squads competing in a competition.",1221,Elimination_tournament,83,colchete,"grupos de atletas, equipes ou esquadrões competindo em uma competição.",
28951,"tournament bracket","groups of athletes, teams or squads competing in a competition.",1221,Elimination_tournament,83,"tabela de eliminação","grupos de atletas, equipes ou esquadrões competindo em uma competição.",
28954,playoffs,"a series of eliminatory matches played by the squads that were qualified in the group stage.",1221,Elimination_tournament,83,playoffs,"uma série de partidas eliminatórias disputadas pelas equipes qualificadas na fase de grupos.",
28986,"eighth finals","first stage of the playoffs, played by sixteen teams, divided into eight opposing pairs.",1221,Elimination_tournament,83,oitavas-de-final,"A primeira fase dos playoffs, disputada por 16 equipes, divididas em oito pares de adversários.",
28990,quarter-finals,"the second stage of the playoffs with eight teams playing.",1221,Elimination_tournament,83,"quartos de final","a segunda fase dos play-offs com oito times jogando.",
31278,dispute,"to compete for something.",1221,Elimination_tournament,86,litígio,"Competir por algo.",
31279,compete,"to strive to gain or win something by defeating or establishing superiority over others.",1221,Elimination_tournament,86,compete,"Afinar ou ganhar algo derrotando ou estabelecendo superioridade sobre os outros.",
