idLU,lemmaName(en),senseDescription(en),idFrame,frameName,idPOS,lemmaName(pt),senseDescription(pt),idLemma(pt)
15567,audible,"COD: able to be heard.",625,Obviousness,84,audível,"COD: capaz de ser ouvido.",76257
15574,show,"FN: obvious, apparent, able to be perceived",625,Obviousness,86,exibir,"FN: óbvio, aparente, capaz de ser percebido",130013
15575,"show up","FN: be clearly visible",625,Obviousness,86,aparecer,"FN: ser claramente visível",117262
15577,noticeable,"FN: not difficult to perceive.",625,Obviousness,84,notável,"FN: não é difícil de perceber.",73746
15587,agency,"COD: a government office or department providing a specific service for a state.",627,Organization,83,agência,"COD: um escritório ou departamento do governo que fornece um serviço específico para o estado.",1045
15593,board,"FN: A group of people designated or elected to head a beaurocratic body.",627,Organization,83,prato,"FN: Um grupo de pessoas designadas ou eleitas para dirigir um órgão burocrático.",1969
15598,"news outlet","FN: an organization that provides news to other groups; this includes both companies, such as news papers and press agencies and government bodies, such as the White House Press Office.",627,Organization,83,Notícia,"FN: uma organização que fornece notícias a outros grupos; isso inclui tanto empresas, como jornais e agências de imprensa, quanto órgãos governamentais, como o Gabinete de Imprensa da Casa Branca.",28787
31013,panel,"FN: an small group assembing to discuss, investigate or decide on certain affairs, especially in the context of business or government",627,Organization,83,painel,"FN: um pequeno grupo se reunindo para discutir, investigar ou decidir sobre certos assuntos, especialmente no contexto de negócios ou governo",9600
34437,civilization,"A stage of human social and cultural development and organization of human beings in determined time and space..",627,Organization,83,civilização,"Uma etapa do desenvolvimento social e cultural humano e organização dos seres humanos em determinado tempo e espaço.",17439
15613,level,"FN: a level within a hierarchy",631,Rank,83,nível,"Nível dentro de uma hierarquia",28854
15621,stand,"FN: to be at a specified level or rank in a hierarchy.",633,Occupy_rank,86,parar,"FN: ser em um nível ou posto específico numa hierarquia.",116969
15623,treaty,"FN: A formal agreement between two or more nations governed by international law",634,Be_in_agreement_on_action,83,tratado,"FN: Um acordo formal entre duas ou mais nações regido pelo direito internacional",6643
15624,agreement,"COD:  negotiated and typically legally binding arrangement.",634,Be_in_agreement_on_action,83,acordo,"COD: acordo negociado e tipicamente legalmente vinculativo.",6645
15626,deal,"COD: an agreement entered into by two or more parties for their mutual benefit.",634,Be_in_agreement_on_action,83,trato,"COD: um acordo celebrado entre duas ou mais partes em benefício mútuo.",35106
15628,accord,"FN: an official agreement


",634,Be_in_agreement_on_action,83,acordo,"FN: um acordo oficial",6645
15629,convention,"COD: an agreement between states, especially one less formal than a treaty.  ",634,Be_in_agreement_on_action,83,convenção,"COD: um acordo entre estados, especialmente um menos formal que um tratado.",9596
15630,strike,"FN: come to an agreement, result in some course of action. NOTE: this LU has a limited number of collocates that may occur with the verb (e.g. ' a deal' , ' an agreement' , '  an alliance' , ' a balance' , ' an accord' , etc.) ",634,Be_in_agreement_on_action,86,greve,"FN: chegar a um acordo, resultar em alguma ação.

NOTE: este LU tem um número limitado de colocações que podem ocorrer com o verbo (por exemplo, 'um negócio', 'um acordo', 'uma aliança', 'um equilíbrio', 'um acordo', etc.)",23778
15632,must,"FN: be strongly required in order to avoid negative consequences, social or otherwise",635,Required_event,86,deve,"FN: é fortemente necessário a fim de evitar consequências negativas, sociais ou de outra natureza",135231
15637,"got to","FN: to be bound to a course of action by the possiblity of a negative outcome emerging from inaction",635,Required_event,86,chegar,"FN: estar vinculado a um curso de ação pela possibilidade de um resultado negativo emergir da inação",116880
15639,hafta,"FN: considering oneself obligated to do something for fear of negative consequences with inaction (fast speech for ' have to' )",635,Required_event,86,semana,"FN: considerando-se obrigado a fazer algo por medo das consequências negativas da inação (fala rápida para 'dever')",6699
15657,launch,"COD: set (a boat or ship) afloat, especially by sliding it into the water.",637,Getting_vehicle_underway,86,lançamento,"COD: em águas, especialmente deslizando-o na água.",1351
15661,pull,"FN: to steer a vehicle out of a parking or holding space",637,Getting_vehicle_underway,86,puxar,"FN: dirigir um veículo para fora de uma vaga de estacionamento ou espaço de retenção",133098
15662,lift,"FN: Leave from the ground for air travel",637,Getting_vehicle_underway,86,elevar,"FN: Partir do solo para viagem aérea",120683
15663,take,"FN: depart",637,Getting_vehicle_underway,86,tomar,"FN: partir",117247
