idLU,lemmaName(en),senseDescription(en),idFrame,frameName,idPOS,lemmaName(pt),senseDescription(pt),idLemma(pt)
4989,sorrow,"COD: a feeling of deep distress caused by loss or disappointment. ",40,Emotion_directed,83,sorrow,"COD: um sentimento de grande angústia causado por perda ou decepção.",
4991,exhilaration,"FN: the state of being excited and elated",40,Emotion_directed,83,excitamento,"FN: o estado de estar empolgado e extasiado",
4992,disappointment,"FN: a feeling of being disappointed ",40,Emotion_directed,83,decepção,"FN: um sentimento de decepção",
5000,chagrined,"FN: embarrassed or humiliated",40,Emotion_directed,84,chagras,"FN: envergonhado ou humilhado",
5005,heartbreak,"COD: overwhelming distress. ",40,Emotion_directed,83,"coração partido","COD: angústia avassaladora.",
5007,mortification,"FN: embarrassment or humiliation",40,Emotion_directed,83,mortificação,"FN: Embaraço ou humilhação",
5011,alarmed,"FN: disturbed, frighted and excited",40,Emotion_directed,84,alerta,"FN: perturbado, assustado e emocionado",
5013,amused,"FN: entertained",40,Emotion_directed,84,Amused,"FN: entretido",
5015,ashamed,"COD: embarrassed or guilty because of one' s actions or characteristics.",40,Emotion_directed,84,vergonha,"COD: envergonhado ou culpado por suas ações ou características.",
5016,astonished,"FN: surprised",40,Emotion_directed,84,Assombrado,Surpreso,
5020,baffled,"FN: experiencing confusion and puzzlement",40,Emotion_directed,84,Confundido,"FN: experimentando confusão e perplexidade",
5026,chagrin,"COD: annoyance or shame at having failed",40,Emotion_directed,83,Chaga,"COD: aborrecimento ou vergonha de ter falhado",
5029,covetous,"FN: feeling a desire to posses something or for something to happen, in response to some other object or event",40,Emotion_directed,84,avarento,"FN: sentir um desejo de possuir algo ou que algo aconteça, em resposta a algum outro objeto ou evento",
5030,dejected,"FN: depressed",40,Emotion_directed,84,deprimido,"FN: deprimido",
5032,delighted,"FN: filled with delight",40,Emotion_directed,84,deliciado,"FN: cheio de deleite",
5034,depressed,"FN: sad; low in spirits",40,Emotion_directed,84,deprimido,"FN: triste; de baixo ânimo",
5038,discomfited,"FN: embarrassed or uneasy",40,Emotion_directed,84,desconfortado,"FN: envergonhado ou desconfortável",
5050,distressed,"FN: experiencing anxiety and suffering",40,Emotion_directed,84,distribuído,"FN: experimentando ansiedade e sofrimento",
5052,ecstatic,"FN: feeling great feelings of happiness and joy",40,Emotion_directed,84,ecstático,"FN: sentir sentimentos maravilhosos de felicidade e alegria",
5053,elated,"FN: extremely happy",40,Emotion_directed,84,Elacrado,"FN: extremamente feliz",
5054,displeased,"FN: annoyed or upset",40,Emotion_directed,84,descontente,"FN: irritado ou perturbado",
5058,enraged,"FN: very angry.",40,Emotion_directed,84,fervoroso,"FN: muito bravo.",
5065,gleeful,"COD: exuberantly or triumphantly joyful. ",40,Emotion_directed,84,Gleeful,"COD: exuberantemente ou triunfantemente alegre.",
5066,gratified,"FN: filled with pleasure and satisfaction",40,Emotion_directed,84,gratificado,"FN: cheio de prazer e satisfação",
5068,grief-stricken,"FN: full of grief",40,Emotion_directed,84,"de coração partido","FN: cheio de tristeza",
5069,heartbroken,"COD: suffering from overwhelming distress; very upset. ",40,Emotion_directed,84,"de coração partido","COD: sofrendo de angústia esmagadora; muito perturbado.",
5070,horrified,"FN: shocked or dismayed.",40,Emotion_directed,84,horrificado,"FN: chocado ou abalado.",
5071,indignant,"FN: filled with annoyance at unfair treatment",40,Emotion_directed,84,indignante,"FN: cheio de irritação por tratamento injusto",
5072,infuriated,"FN: filled with rage and anger",40,Emotion_directed,84,infuriado,"FN: cheio de raiva e fúria",
5074,mortified,"FN: embarrassed, humiliated",40,Emotion_directed,84,mortificado,"FN: envergonhado, humilhado",
5076,glee,"COD: great delight",40,Emotion_directed,83,Gleezinho,"COD: grande deleite",
5081,unsympathetic,"COD: not sympathetic. ",40,Emotion_directed,84,Inósio,"COD: não simpático.",
5084,saddened,"FN: experiencing an increase in sadness",40,Emotion_directed,84,deprimido,"FN: experimentando um aumento na tristeza",
5088,jubilant,"COD: happy and triumphant. ",40,Emotion_directed,84,jubilante,"COD: feliz e triunfante.",
5089,mournful,"FN: feeling or expressing grief or sadness",40,Emotion_directed,84,Lúgubre,"FN: sentir ou expressar tristeza ou dor",
5092,nettled,"FN: to be annoyed at someone or something",40,Emotion_directed,84,nettled,"FN: estar irritado com alguém ou algo",
5095,peeved,"FN: experiencing annoyance or resentment",40,Emotion_directed,84,Peevadas,"FN: experimentando irritação ou ressentimento",
5100,"fed up","FN: dissatisfied as a result of having to endure for a long time.",40,Emotion_directed,84,Farto.,"FN: insatisfeito como resultado de ter que suportar por muito tempo.",
5101,"all about","FN: extremely interested in. ",40,Emotion_directed,90,"tudo sobre","FN: extremamente interessado em.",
5104,outrage,"FN: anger or disgust",40,Emotion_directed,83,indignação,"FN: raiva ou desgosto",
5107,bitterness,"FN: the state of being resentful",40,Emotion_directed,83,amargor,"FN: o estado de ressentimento",
5108,ok,"FN: A sentient being at peace with itself",40,Emotion_directed,84,"Tudo bem.","FN: Um ser senciente em paz consigo mesmo",
5111,misery,"FN: A destitute or depressing situation.",40,Emotion_directed,83,miseria,"FN: Uma situação desesperadora ou deprimente.",
5112,grim,"FN: Seemingly hopeless, or without a conceivable positive outlook.",40,Emotion_directed,84,gritar,"FN: Aparentemente sem esperança, ou sem uma perspectiva positiva concebível.",
34290,subdued,"Reduced in strength or intensity.",40,Emotion_directed,84,subduzido,"Reduzido em força ou intensidade.",
39382,grumpy,"easily annoyed and complaining.",40,Emotion_directed,84,Grinch,"fácil de irritar e reclamar.",
