idLU,lemmaName(en),senseDescription(en),idFrame,frameName,idPOS,lemmaName(pt),senseDescription(pt),idLemma(pt)
11838,jibe,"COD: be in accordance; agree. ",332,Compatibility,86,jibe,"COD: estar de acordo; concordar.",
11839,square,"COD: be compatible",332,Compatibility,86,quadrado,"COD: ser compatível",
11844,cohere,"COD: of an argument or theory) be logically consistent",332,Compatibility,86,coherência,"COD: de um argumento ou teoria) ser logicamente coerente",
11845,consistent,"COD: congruous or in agreement. ",332,Compatibility,84,consistente,"COD: congruente ou em acordo.",
11848,clash,"COD: be incompatible",332,Compatibility,86,Clash,"COD: incompatível",
11850,biocompatible,"FN: able to be absorbed by living tissue without causing adverse effects, e.g., by releasing toxins.",332,Compatibility,84,Biodegradável,"FN: capaz de ser absorvido por tecido vivo sem causar efeitos adversos, p. ex., liberando toxinas.",
11852,conflicting,"FN: incompatible or at variance.",332,Compatibility,84,conflitante,"FN: incompatível ou em desacordo.",
11853,"at variance","FN: inconsistent (with)",332,Compatibility,84,"em desacordo","FN: inconsistente (com)",
11855,emanate,"COD: issue or spread out from a source.",333,Emanating,86,emanar,"COD: questão ou se espalhar de uma fonte.",
11857,exude,"COD: be discharged slowly and steadily",333,Emanating,86,exuda,"COD: ser descarregado lentamente e constantemente",
11860,excrete,"FN: to expel as waste",333,Emanating,86,excreta,"FN: para expulsar os resíduos",
11861,secrete,"FN: to be discharged from an entity",333,Emanating,86,secreto,"FN: ser dispensado de uma entidade",
11862,plummet,"COD: fall or drop straight down at high speed.",334,Motion_directional,86,plummete,"COD: cair ou desabar em alta velocidade.",
11863,drop,"COD: fall vertically. ",334,Motion_directional,86,"deixar cair","COD: cair verticalmente.",
11865,topple,"COD: overbalance and fall.",334,Motion_directional,86,Quedar,"COD: desequilíbrio e queda.",
11866,plunge,"COD: fall or move suddenly and uncontrollably. ",334,Motion_directional,86,Plungar,"COD: cair ou mover-se repentinamente e sem controle.",
11867,descend,"FN: to move downward due to a physical force such as gravity",334,Motion_directional,86,descender,"FN: mover-se para baixo devido a uma força física como a gravidade",
11869,dip,"FN: to proceed downwards due to a physical force",334,Motion_directional,86,dip,"FN: para prosseguir em direção descendente devido a uma força física",
11871,slant,"FN: to lean in one direction",334,Motion_directional,86,inclinação,"FN: inclinar-se para um lado",
11872,decide,"COD: come to a resolution in the mind as a result of consideration",335,Deciding,86,decide,"COD: chega a uma resolução na mente como resultado da consideração",
11874,"rule out","FN: to decide against a possiblity",335,Deciding,86,excluir,"FN: decidir contra uma possibilidade",
11883,sobering,"FN: brings about sober and serious feelings",336,Stimulus_focus,84,Soberante,"FN: traz à tona sentimentos sóbrios e sérios",
11885,pathetic,"COD: arousing pity, especially through vulnerability or sadness. ",336,Stimulus_focus,84,"Pobre e miserável.","COD: despertar compaixão, especialmente através da vulnerabilidade ou tristeza.",
11886,pitiful,"COD: arousing pity. ",336,Stimulus_focus,84,"Pobre coitado.","COD: suscitante de compaixão.",
11888,exasperating,"FN: bringing about annoyance",336,Stimulus_focus,84,exasperante,"FN: trazendo sobre irritação",
11889,vexing,"FN: brings about feelings of annoyance and exasperation",336,Stimulus_focus,84,vexante,"FN: provoca sentimentos de aborrecimento e frustração",
11891,heartening,"FN: bringing about confidence and cheerfulness",336,Stimulus_focus,84,Agradável.,"FN: trazendo confiança e alegria",
11892,disheartening,"FN: brings about a loss of determination or confidence.",336,Stimulus_focus,84,desanimador,"FN: traz uma perda de determinação ou confiança.",
11893,embittering,"FN: causing bitterness and resentment",336,Stimulus_focus,84,embitrir,"FN: causando amargura e ressentimento",
11894,discomfiting,"FN: makes embarassed and uneasy",336,Stimulus_focus,84,Desconfortante,"FN: faz envergonhado e desconfortável",
11896,beguiling,"FN: very charming",336,Stimulus_focus,84,Enfeitiçante,"FN: muito encantador",
11898,cheering,"FN: heart-warming; posessing a quality that causes people to become happier",336,Stimulus_focus,84,"gritar de alegria","FN: comovente; possui uma qualidade que faz as pessoas se tornarem mais felizes",
11900,upsetting,"FN: causing unhappiness and disappointment",336,Stimulus_focus,84,chateante,"FN: causando infelicidade e decepção",
11903,troubling,"FN: causing distress or pain",336,Stimulus_focus,84,Problematizar,"FN: causar angústia ou dor",
11904,tormenting,"FN: causing severe mental or physical anguish",336,Stimulus_focus,84,tormentando,"FN: causar angústia mental ou física grave",
11906,stupefying,"FN: causing astonishment and shock",336,Stimulus_focus,84,Estupefiante,"FN: causando espanto e choque",
11907,stirring,"FN: causing strong emotions",336,Stimulus_focus,84,mexe,"FN: causando emoções fortes",
11908,stinging,"FN: upsetting or hurting",336,Stimulus_focus,84,Dói.,"FN: perturbador ou doloroso",
11912,sickening,"FN: disgusting, annoying or appalling",336,Stimulus_focus,84,Vomitivo,"Nojento, irritante ou repugnante",
11913,perplexing,"COD: cause to be baffled",336,Stimulus_focus,84,perplexante,"COD: causar confusão",
11914,infuriating,"FN: causing irritation or anger",336,Stimulus_focus,84,Infelizmente.,"FN: causando irritação ou raiva",
11919,repellent,"COD: causing disgust or distaste. ",336,Stimulus_focus,84,repelente,"COD: causando repulsa ou aversão.",
11920,reassuring,"FN: comforting",336,Stimulus_focus,84,Assurante,"FN: reconfortante",
11928,blood-curdling,"COD: horrifying; very frightening. ",336,Stimulus_focus,84,"Sangrento e aterrorizante.","COD: horrível; muito assustador.",
11929,hair-raising,"COD: terrifying",336,Stimulus_focus,84,Arrepiando,"COD: aterrorizante",
11932,dismaying,"FN: causing to feel distress",336,Stimulus_focus,84,desolador,"FN: causar desconforto",
11934,uplifting,"FN: causing an increase of positive feelings",336,Stimulus_focus,84,Elevador,"FN: causando um aumento de sentimentos positivos",
