idLU,lemmaName(en),senseDescription(en),idFrame,frameName,idPOS,lemmaName(pt),senseDescription(pt),idLemma(pt)
16314,embus,"FN: get on a bus",745,Board_vehicle,86,embos,"Fique no ônibus.",
16317,deplane,"COD: disembark from an aircraft.",746,Disembarking,86,desmarcar,"COD: desembarcar de uma aeronave.",
16318,detrain,"COD: leave a train, or cause or assist to leave a train.",746,Disembarking,86,descarrilar,"COD: deixar um trem, ou causar ou assistir para deixar um trem.",
16321,debus,"FN: alight from a motor vehicle",746,Disembarking,86,Desembaraçar,"Descer de um veículo motorizado",
16324,"get under way","FN: start motion and make progress towards a goal",747,Getting_underway,86,"Coloque em movimento","FN: iniciar movimento e fazer progresso em direção a um objetivo",
16325,"get going","FN: begin motion away from a location",747,Getting_underway,86,"Vamos lá!","FN: iniciar movimento longe de um local",
16327,"hit the road","COD: set out on a journey",747,Getting_underway,86,"Aperte o botão de partida e siga em frente.","COD: embarcar numa jornada",
16328,ford,"FN: cross a stream at a shallow place",748,Intentional_traversing,86,Ford,"FN: atravessar um riacho em um lugar raso",
16335,vamoose,"COD: depart hurriedly.",749,Quitting_a_place,86,Vamos!,"COD: partiu rapidamente.",
16336,skedaddle,"FN: to hastily leave a job",749,Quitting_a_place,86,Escorrinhar,"FN: sair rapidamente de um emprego",
16338,vacate,"FN: leave (a place) in which one has lived, or spent a long period of time.",749,Quitting_a_place,86,vacate,"FN: deixar (um lugar) em que se viveu ou passou um longo período de tempo.",
16339,sally,"COD: make a sortie; set forth.",749,Quitting_a_place,86,Sally.,"COD: fazer uma saída; partir.",
16341,retreat,"FN: withdraw from a difficult, exposed, or uncomfortable situation",749,Quitting_a_place,86,recolher-se,"FN: retirar-se de uma situação difícil, exposta ou desconfortável",
16343,emigre,"FN: a person who has left their country for political reasons",749,Quitting_a_place,83,emigrar,"FN: uma pessoa que deixou seu país por motivos políticos",
16346,emigrant,"COD: a person who leaves their own country in order to settle permanently in another.",749,Quitting_a_place,83,emigrant,"COD: uma pessoa que deixa seu próprio país para se estabelecer permanentemente em outro.",
16347,desertion,"FN: leaving a post of obligation in violation of oath or orders",749,Quitting_a_place,83,desertão,"FN: deixar um posto de obrigação em violação de juramento ou ordens",
16349,defect,"COD: abandon one' s country or cause in favour of an opposing one.",749,Quitting_a_place,86,defeito,"COD: abandonar o seu país ou causa em favor de uma contrária.",
16350,defection,"FN: the act of abandoning a cause, disowning an allegiance",749,Quitting_a_place,83,defecção,"FN: o ato de abandonar uma causa, desconsiderar uma lealdade",
16351,bolt,"COD: run away suddenly",749,Quitting_a_place,86,grampo,"COD: fugir repentinamente",
16354,translation,"COD: the action or process of translating.",750,Translating,83,Tradução,"COD: a ação ou processo de traduzir.",
16357,"set out","COD: begin a journey",751,Setting_out,86,"Põe-se em marcha","COD: iniciar uma jornada",
16358,decamp,"COD: depart suddenly or secretly.",751,Setting_out,86,deslocar-se,"COD: partir de repente ou em segredo.",
16359,convey,"FN: successfully communicate (a message)",752,Successfully_communicate_message,86,convey,"FN: comunicar com sucesso (uma mensagem)",
16361,"get across","COD: manage to communicate an idea clearly.",752,Successfully_communicate_message,86,"chegar até","COD: conseguir comunicar uma ideia claramente.",
16369,turn,"FN: a change of direction",753,Change_direction,83,virar,"FN: uma mudança de direção",
16388,trace,"FN: a drawing produced by copying the lines of an original image",756,Physical_artworks,83,Rastrear,"FN: um desenho produzido copiando as linhas de uma imagem original",
16390,paint,"COD: depict or produce with paint.",757,Create_representation,86,pinte,"COD: retratar ou produzir com tinta.",
16393,carve,"FN: produce by cutting.",757,Create_representation,86,carve,"FN: produzir por corte.",
16395,cast,"FN: create a representation of someone or something using a mould that is filled with a liquid that will soon harden",757,Create_representation,86,cast,"FN: criar uma representação de alguém ou algo usando um molde que é preenchido com um líquido que logo endurecerá",
16396,paint,"FN: create a representation by applying (a liquid) to a surface ",758,Create_physical_artwork,86,pinte,"FN: criar uma representação aplicando (um líquido) a uma superfície",
16401,cast,"FN: create a physical artwork by filling a mould with a liquid that will soon harden",758,Create_physical_artwork,86,cast,"FN: crie uma obra de arte física preenchendo um molde com um líquido que logo endurecerá",
16402,bolt,"COD: run away suddenly.",759,Fleeing,86,boltar,"COD: fugir repentinamente.",
16406,artificial,"COD: made as a copy of something natural.",760,Artificiality,84,artificial,"COD: feito como uma cópia de algo natural.",
16407,bogus,"COD: not genuine or true",760,Artificiality,84,falso,"COD: não genuíno ou verdadeiro",
16408,fake,"COD: not genuine.",760,Artificiality,84,falso,"COD: não genuíno.",
16409,counterfeit,"COD: made in exact imitation of something valuable with the intention to deceive or defraud.",760,Artificiality,84,falso,"COD: feito em imitação exata de algo valioso com a intenção de enganar ou defraudar.",
16410,false,"COD: artificial.",760,Artificiality,84,falso,"COD: artificial.",
