idLU,lemmaName(en),senseDescription(en),idFrame,frameName,idPOS,lemmaName(pt),senseDescription(pt),idLemma(pt)
4881,loquacity,"FN: talkativeness",38,Volubility,83,loquacidade,Falação,
4882,loudmouth,"COD: informal a person who talks too much, especially tactlessly. ",38,Volubility,83,"boca grande","COD: informal uma pessoa que fala demais, especialmente de forma imprópria.",
4883,chatterbox,"COD: informal a person who chatters. ",38,Volubility,83,chatterbox,"COD: informal uma pessoa que bate papo.",
4884,reticence,"COD: the act of not revealing one' s thoughts or feelings readily",38,Volubility,83,reticência,"COD: o ato de não revelar prontamente seus pensamentos ou sentimentos",
4885,reserved,"COD: slow to reveal emotion or opinions. ",38,Volubility,84,reservado,"COD: lento para revelar emoções ou opiniões.",
4886,taciturn,"COD: reserved or uncommunicative in speech; saying little. ",38,Volubility,84,taciturno,"COD: reservado ou pouco comunicativo na fala; dizendo pouco.",
4899,cross,"COD: annoyed.",40,Emotion_directed,84,cruz,"COD: aborrecido.",
4903,mad,"FN: slightly angry.",40,Emotion_directed,84,loucura,"FN: ligeiramente irritado.",
4904,pleased,"COD: feeling or showing pleasure and satisfaction.",40,Emotion_directed,84,"por favor","COD: sentir ou mostrar prazer e satisfação.",
4905,sore,"COD: upset and angry.",40,Emotion_directed,84,dor,"COD: perturbado e irritado.",
4906,upset,"FN: to be angry or unhappy because of a certain situation",40,Emotion_directed,84,indisposta,"FN: estar zangado ou infeliz por causa de uma determinada situação",
4908,miffed,"FN: offended or irritated",40,Emotion_directed,84,Confuso.,"FN: ofendido ou irritado",
4909,embarrassed,"FN: self-conscious and ashamed",40,Emotion_directed,84,embaraçoso,"FN: autoconsciente e envergonhado",
4914,rattled,"FN: worried, nervous or irritated",40,Emotion_directed,84,Chocou.,"FN: preocupado, nervoso ou irritado",
4916,resentful,"COD: feeling bitterness",40,Emotion_directed,84,Resentido,"COD: sentir amargor",
4917,revolted,"FN: filled with disgust and shock",40,Emotion_directed,84,revoltou-se,"FN: cheio de nojo e choque",
4921,sorrowful,"FN: full of sorrow",40,Emotion_directed,84,Triste.,"FN: cheio de tristeza",
4924,stupefied,"FN: astonished or astounded",40,Emotion_directed,84,Estupefacto,"Surpreso ou atordoado",
4926,tormented,"FN: experiencing severe distress",40,Emotion_directed,84,tormentado,"FN: experimentando grande angústia",
4928,unsettled,"FN: agitated or disturbed",40,Emotion_directed,84,Incomum,"FN: agitado ou perturbado",
4932,harried,"FN: distubred or distressed",40,Emotion_directed,84,harried,"FN: perturbado ou angustiado",
4933,ruffled,"FN: disconcerted",40,Emotion_directed,84,"Com abas","FN: desconcertado",
4935,flustered,"FN: agitated or confused",40,Emotion_directed,84,flusterado,"FN: agitado ou confuso",
4937,flummoxed,"FN: bewildered or perplexed",40,Emotion_directed,84,Confundiu.,"FN: confuso ou perplexo",
4938,nonplussed,"FN: flummoxed",40,Emotion_directed,84,"Não entendi.","FN: desorientado",
4940,glum,"COD: dejected; morose. ",40,Emotion_directed,84,"Sorrindo de forma maliciosa ou com um sorriso cruel.","COD: deprimido; melancólico.",
4941,woebegone,"FN: strongly affected by woe",40,Emotion_directed,84,woebegone,"FN: fortemente afetado pela tristeza",
4942,lugubrious,"COD: mournful; sad and dismal. ",40,Emotion_directed,84,lugubre,"COD: melancólico; triste e sombrio.",
4944,wretched,"COD: in a very unhappy or unfortunate state; miserable. ",40,Emotion_directed,84,wretched,"COD: em um estado muito infeliz ou desafortunado; miserável.",
4947,despondent,"COD: in low spirits from loss of hope or courage. ",40,Emotion_directed,84,deprimido,"COD: deprimido pela perda da esperança ou coragem.",
4948,downcast,"COD: (of a person) feeling despondent. ",40,Emotion_directed,84,"Abaixo do comum","COD: (de uma pessoa) sentindo-se deprimido.",
4951,disgruntled,"COD: angry or dissatisfied. ",40,Emotion_directed,84,disconforme,"COD: zangado ou insatisfeito.",
4952,downhearted,"COD: discouraged; dejected. ",40,Emotion_directed,84,deprimido,"COD: desencorajado; abatido.",
4953,flabbergasted,"FN: very surprisedand puzzled",40,Emotion_directed,84,Flabbergasted,"FN: muito surpreso e confuso",
4956,overwrought,"COD: in a state of nervous excitement or anxiety. ",40,Emotion_directed,84,exaurido,"COD: em um estado de excitação ou ansiedade nervosa.",
4960,stunned,"FN: extremely shocked or astonished",40,Emotion_directed,84,stunned,"FN: extremamente chocado ou espantado",
4961,befuddled,"FN: confused or perplexed",40,Emotion_directed,84,Confuso.,"Confuso ou perplexo",
4964,revulsion,"COD: a sense of disgust and loathing. ",40,Emotion_directed,83,revolta,"COD: um sentimento de repulsa e aversão.",
4969,annoyance,"FN: the state of being annoyed",40,Emotion_directed,83,Annoyance,"FN: o estado de estar irritado",
4974,astonishment,"FN: great amazement or surprise",40,Emotion_directed,83,astonishment,"FN: grande espanto ou surpresa",
4977,puzzlement,"FN: the state of being confused and bewildered",40,Emotion_directed,83,Puzzlement,"FN: o estado de confusão e desorientação",
4979,mystification,"FN: the state of being bewildered of perplexed",40,Emotion_directed,83,misticificação,"FN: o estado de estar confuso ou desorientado",
4983,disorientation,"FN: the state of being confused about one' s position in the world.",40,Emotion_directed,83,disorientação,"FN: o estado de confusão sobre a posição de alguém no mundo.",
4985,glumness,"FN: being in a state of dejection",40,Emotion_directed,83,glumness,"FN: estar em um estado de desanimo",
4986,disconcertion,"FN: the state of being disconcerted",40,Emotion_directed,83,desconcertar,"FN: o estado de estar desconcertado",
4987,displeasure,"COD: a feeling of annoyance or dissatisfaction.",40,Emotion_directed,83,desprazer,"COD: um sentimento de aborrecimento ou insatisfação.",
