idLU,lemmaName(en),senseDescription(en),idFrame,frameName,idPOS,lemmaName(pt),senseDescription(pt),idLemma(pt)
13823,obscure,"COD: keep from being seen; conceal",438,Eclipse,86,obscuro,"COD: manter-se invisível; esconder",
13826,hidden,"FN: blocked from view by another entity",438,Eclipse,84,oculto,"FN: bloqueado da vista por outra entidade",
13830,screened,"FN: blocked from view as if by a screen",438,Eclipse,84,examinado,"FN: bloqueado de visão como se por uma tela",
13834,occlude,"COD: stop, close up, or obstruct",438,Eclipse,86,ocluir,"COD: parar, fechar ou obstruir",
13836,shroud,"FN: to cover an object completely",438,Eclipse,86,velamento,"FN: cobrir um objeto completamente",
13837,shrouded,"FN: blocked from view as if by a shroud",438,Eclipse,84,"Envolvido em mistério","FN: bloqueado da visão como se por um manto",
13840,occlusion,"FN: something which blocks an opening",438,Eclipse,83,occlusão,"FN: algo que bloqueia uma abertura",
13846,becloud,"FN: to block an entity from view as if obscured by clouds.",438,Eclipse,86,becloud,"FN: bloquear uma entidade de visão como se fosse obscurecida por nuvens.",
13847,befog,"FN: to block an entity from view as if obscured by fog",438,Eclipse,86,befog,"FN: bloquear uma entidade de visão como se fosse obscurecida por névoa",
13848,beclouded,"FN: obscured, as if by clouds",438,Eclipse,84,nuvens,"FN: obscure, como se por nuvens",
13849,befogged,"FN: obscured, as if by fog",438,Eclipse,84,befogged,"FN: obscure, como se por névoa",
13850,enshroud,"FN: to obscure or block an entity from view",438,Eclipse,86,enshroud,"FN: obscure ou bloqueie uma entidade de visão",
13851,enshrouded,"FN: obscured, as if by a shroud",438,Eclipse,84,Envoltos,"FN: obscure, como se por uma capa",
13856,"there be","COD: exist; be present",439,Existence,86,houvera,"COD: existir; estar presente",
34207,non-existant,"An entity that does not exist.",439,Existence,84,"não existente","Uma entidade que não existe.",
13861,twirl,"FN: spin around",440,Moving_in_place,86,twirl,"FN: girar em torno de si mesmo",
13864,flop,"COD: fall, hang, or collapse in a heavy, loose, and ungainly way",440,Moving_in_place,86,flop,"COD: cair, pendurar ou desabar de forma pesada, solta e desajeitada",
13866,quiver,"COD: a slight trembling movement",440,Moving_in_place,83,tremer,"COD: um movimento de leve tremor",
13868,rock,"COD: move gently from side to side",440,Moving_in_place,86,rocha,"COD: move suavemente de um lado para o outro",
13871,spin,"COD: turn or cause to turn round quickly.",440,Moving_in_place,86,spin,"COD: virar ou fazer virar rapidamente.",
30998,moving,"Google: in motion",440,Moving_in_place,84,mover-se,"Google: em movimento",
13876,pardon,"COD: a remission of the legal consequences of an offence or conviction.",441,Pardon,83,desculpe,"COD: remissão das consequências legais de uma infração ou condenação.",
13877,pardon,"FN: to remiss of the legal consequences of an offence or conviction.",441,Pardon,86,desculpe,"FN: remissão das consequências legais de uma infração ou condenação.",
13881,convert,"FN: modify to become.",442,Cause_change,86,convertir,"FN: modificar para se tornar.",
13891,reshape,"COD: shape or form (something) differently or again.",442,Cause_change,86,reconfigurar,"COD: forma ou forma (algo) de forma diferente ou novamente.",
13893,deform,"COD: distort the shape or form of",442,Cause_change,86,deformar,"COD: distorcer a forma ou forma de",
13894,ride,"COD: travel in or on (a vehicle or horse).",443,Ride_vehicle,86,"Andar de cavalo","COD: viajar em ou sobre (um veículo ou cavalo).",
13900,coast,"FN: move by means of a vehicle without using power",443,Ride_vehicle,86,costa,"FN: movimento por meio de veículo sem uso de energia",
13902,hitchhike,"COD:  travel by getting free lifts in passing vehicles. ",443,Ride_vehicle,86,carona,"COD: viajar pegando carona em veículos que passam.",
13903,ride,"COD: an act of riding.",443,Ride_vehicle,83,"Andar de bicicleta","COD: um ato de andar a cavalo.",
13908,postpone,"COD:  arrange for (something) to take place at a time later than that first scheduled. ",444,Change_event_time,86,adiar,"COD: organizar para (algo) acontecer em um horário posterior ao primeiro agendado.",
13909,defer,"COD: put off to a later time; postpone. ",444,Change_event_time,86,adiar,"COD: adiar para um momento posterior; adiar.",
13912,"move back","FN: to reschedule to an earlier time.",444,Change_event_time,86,"voltar para trás","FN: remarcar para um horário anterior.",
13913,"put off","FN: delay an event until a later time.",444,Change_event_time,86,adiar,"FN: atrasar um evento até um horário posterior.",
13914,"hold over","FN: reschedule for a later time.",444,Change_event_time,86,"manter em espera","FN: remarcar para mais tarde.",
13915,"put over","COD: postpone something.",444,Change_event_time,86,"colocar sobre","COD: adiar algo.",
13922,commit,"COD: perpetrate or carry out (a mistake, crime, or immoral act)",446,Committing_crime,86,cometer,"COD: perpetrar ou executar (um erro, um crime ou um ato imoral)",
