idLU,lemmaName(en),senseDescription(en),idFrame,frameName,idPOS,lemmaName(pt),senseDescription(pt),idLemma(pt)
4682,croon,"FN: to speak in a soft, low voice",33,Communication_noise,86,Cantarolar,"FN: falar em voz baixa e suave",124573
4684,cry,"COD: shout or scream loudly. ",33,Communication_noise,86,chorar,"COD: gritar ou gritar alto.",116889
4699,rasp,"COD: make a harsh, grating noise. ",33,Communication_noise,86,raspar,"COD: fazer um barulho agudo e estridente.",133219
4700,rattle,"COD: make or cause to make a rapid succession of short, sharp knocking or clinking sounds. ",33,Communication_noise,86,rachar,"COD: fazer ou causar uma rápida sucessão de curtos e fortes sons de batidas ou estalidos.",133166
4703,scream,"COD: make a long, loud, piercing cry or sound, especially expressing extreme emotion or pain. ",33,Communication_noise,86,gritar,"COD: fazer um grito ou som alto e penetrante, especialmente para expressar extrema emoção ou dor.",121117
4705,shriek,"COD: utter a high-pitched piercing sound, cry, or words. ",33,Communication_noise,86,Gritar,"COD: emitir um som agudo e penetrante, chorar ou falar palavras.",121117
4710,sputter,"COD: speak in a series of incoherent bursts.",33,Communication_noise,86,Espremer,"COD: falar em uma série de explosões incoerentes.",129692
4716,trill,"FN: speak producing a quavering or warbling sound; sing or pronounce with a trill",33,Communication_noise,86,trilha,"FN: falar produzindo um som trêmulo ou varíola; cantar ou pronunciar com um trilo",6807
4717,trumpet,"COD: proclaim widely or loudly.",33,Communication_noise,86,trompetista,"COD: proclamar amplamente ou alto.",35262
4719,wail,"COD: manifest or feel deep sorrow for; lament.",33,Communication_noise,86,gritar,"COD: manifestar ou sentir uma profunda tristeza por; lamentar.",121117
4725,yell,"COD: shout in a loud or piercing way.",33,Communication_noise,86,gritar,"COD: gritar de forma alta ou estridente.",121117
4727,grill,"COD: subject to intense questioning or interrogation.",34,Questioning,86,churrasco,"COD: sujeito a questionamento ou interrogatório intenso.",1984
4732,query,"COD: a question, especially one expressing doubt.",34,Questioning,83,consulta,"COD: uma pergunta, especialmente uma que expressa dúvida.",61523
4733,query,"COD: ask a query about something, or put a query or queries to. ",34,Questioning,86,consulta,"COD: fazer uma consulta sobre algo, ou colocar uma consulta ou consultas.",61523
4735,question,"COD: ask questions of. ",34,Questioning,86,pergunta,"COD: faça perguntas de.",30006
4738,ask,"COD: say something in order to obtain an answer or some information from someone",34,Questioning,86,peça,"COD: diga algo para obter uma resposta ou alguma informação de alguém",27
4739,appeal,"COD: make a serious or heartfelt request",35,Request,83,recurso,"COD: faça um pedido sério ou sincero",31909
4740,ask,"COD: request to do or give something.",35,Request,86,perguntar,"COD: solicitação de fazer ou dar algo.",120632
4741,beg,"COD: ask for (something) earnestly or humbly",35,Request,86,peça,"COD: pedir (algo) sinceramente ou humildemente",27
4745,command,"COD: give an authoritative or peremptory order",35,Request,86,comando,"COD: dar uma ordem autoritária ou peremptória",17756
4747,demand,"COD: ask authoritatively or brusquely",35,Request,86,exigência,"COD: pergunte de forma autoritária ou brusca",10677
4753,order,"FN: to give an authoritative command",35,Request,86,pedido,"FN: dar uma ordem autoritária",7361
4758,request,"FN: ask politely or formally in an effort to bring something about.",35,Request,86,solicitação,"FN: pedir educadamente ou formalmente em um esforço para trazer algo sobre.",7360
4760,tell,"COD: instruct (someone) to do something",35,Request,86,dizer,"COD: instruir (alguém) a fazer algo",116905
4765,instruct,"FN: to order or command someone to do something",35,Request,86,instruir,"FN: para mandar ou ordenar a alguém que faça algo",131114
4768,answer,"COD: respond with an answer.",36,Communication_response,86,resposta,"COD: responda com uma resposta.",32291
4769,comeback,"COD: a quick reply to a critical remark.",36,Communication_response,83,retorno,"COD: uma resposta rápida a um comentário crítico.",32344
4770,counter,"COD: speak or act in opposition or response to.",36,Communication_response,86,contador,"COD: falar ou agir em oposição ou resposta a.",9773
4774,reply,"COD: say or write something in response to something said or written",36,Communication_response,86,resposta,"COD: diga ou escreva algo em resposta a algo dito ou escrito",32291
4781,reaction,"FN: Verbal response",36,Communication_response,83,reação,"Resposta verbal",31783
