idLU,lemmaName(en),senseDescription(en),idFrame,frameName,idPOS,lemmaName(pt),senseDescription(pt),idLemma(pt)
561,house,"to be the location of a touristic attraction",1222,Tourist_potential,86,casa,"ser o local de uma atração turística",165
564,draw,"to attract tourists to a given place or attraction",1223,Attracting_tourists,86,desenhar,"atrair turistas para um determinado lugar ou atração",120630
566,provide,"to offer attractions to tourists",1223,Attracting_tourists,86,fornecer,"oferecer atrações aos turistas",121161
567,offer,"to provide attractions to tourists",1223,Attracting_tourists,86,oferta,"fornecer atrações para turistas",28945
23923,present,"to exhibit something to others.",1223,Attracting_tourists,86,presente,"exibir algo para os outros.",37442
23925,make,"take someone to do something.",1223,Attracting_tourists,86,fazer,"Trazê-lo para fazer algo.",116954
23927,reserve,"to keep something for a future time or place.",1223,Attracting_tourists,86,reserva,"guardar algo para um futuro tempo ou lugar.",514
23928,surprise,"to cause the feeling of surprise.",1223,Attracting_tourists,86,surpresa,"causar o sentimento de surpresa.",34099
23929,show,"to exhibit something to others.",1223,Attracting_tourists,86,exibir,"exibir algo para os outros.",130013
25299,appeal,"some feature of a place, an attraction or a person that attracts other people.",1223,Attracting_tourists,83,recurso,"Um traço de um lugar, atração ou pessoa que atrai outras pessoas.",31909
583,leave,"to depart from a place or attraction",1226,Tourism_scenario_departure,86,deixar,"partir de um lugar ou atração",116863
684,ticket,"document that gives the tourist access to the use of means of transportation such as planes and trains",1231,Transportation,83,ingresso,"Documento que dá ao turista acesso ao uso de meios de transporte como aviões e trens",9508
