idLU,lemmaName(en),senseDescription(en),idFrame,frameName,idPOS,lemmaName(pt),senseDescription(pt),idLemma(pt)
31599,strike,"the act of swinging or striking at a ball with a club or racket or bat or cue or hand. The action of hitting the ball with the bat, a shot. In swimming, it is the movement in which there is the movement of the arms against the water to thrust the body.",1356,Individual_moves,86,greve,"O ato de balançar ou acertar uma bola com um taco, raquete, bastão, bilbo ou mão. A ação de acertar a bola com o bastão, um chute. No nado, é o movimento no qual há o movimento dos braços contra a água para impulsionar o corpo.",23778
31602,head,"touch the ball with the head.",1356,Individual_moves,86,cabeça,"Toque na bola com a cabeça.",6542
31603,heading,"act of touching the ball with the head.",1356,Individual_moves,83,título,"ato de tocar na bola com a cabeça.",583
31605,walk,"in athletics, it is walking a certain distance, from one specific place to another and in a specific way.",1356,Individual_moves,86,andar,"No atletismo, é caminhar uma certa distância, de um lugar específico para outro e de uma maneira específica.",116882
31610,take,"put sports equipment, usually a ball, in motion using your hands, feet, other parts of your body or other sports equipment.",1356,Individual_moves,86,tomar,"Colocar equipamentos esportivos, geralmente uma bola, em movimento usando as mãos, pés, outras partes do corpo ou outros equipamentos esportivos.",117247
31612,cross-court,"in tennis, it is a ball thrown in a diagonal line, from right to left, or vice versa.",1356,Individual_moves,83,cruzado,"No tênis, é uma bola lançada em uma linha diagonal, de direita para esquerda ou vice-versa.",1050
31613,cross,"in tennis, it is throwing the ball in a diagonal line, from right to left, or vice versa.",1356,Individual_moves,86,cruz,"No tênis, é lançar a bola em uma linha diagonal, de direita para esquerda ou vice-versa.",9579
31628,mark,"in rugby, when the opposing team kicks the ball and the other team's player catches it without falling to the ground and within the 22-meter area, he can ask for a mark or mark, which consists of the possibility of benefiting from a free kick. The player who requested a mark has the right to take a kick from where he caught the ball or to play by hand without interference by the opponent.",1356,Individual_moves,83,marca,"No rugby, quando o time adversário chuta a bola e um jogador do outro time a apanha sem cair no chão e dentro da área de 22 metros, ele pode pedir uma marca ou um penal, que consiste na possibilidade de beneficiar de um chute livre. O jogador que pediu uma marca tem o direito de chutar a bola de onde a pegou ou de jogar com a mão sem interferência do adversário.",36669
31638,swing,"in golf, it is the rotation movement that the body makes to make the golf swing and that produces the propulsion effect, which gives distance to the strokes.",1356,Individual_moves,83,balanço,"No golfe, é o movimento de rotação que o corpo faz para fazer o swing e que produz o efeito de propulsão, que dá distância aos golpes.",14756
31639,row,"the movement of the paddle over the water to move the vessel.",1356,Individual_moves,83,fila,"O movimento da pá sobre a água para mover o veículo.",9371
31645,sail,"travel by water powered by air or other means.",1356,Individual_moves,86,Navegar,"Viajar por água movida a ar ou outros meios.",120740
32120,dive,"in diving, it is to propel the body into the air before falling into the pool.",1356,Individual_moves,86,Mergulhar,"Em mergulho, é fazer o corpo se projetar no ar antes de cair na piscina.",120922
3262,counter,"a return punch especially by a boxer.",1357,Interactive_moves,83,contador,"Um soco de retorno, especialmente por um boxeador.",9773
28239,hand-off,"the delivery of sports equipment to another athlete on the same team.",1357,Interactive_moves,83,entrega,"A entrega de equipamentos esportivos para outro atleta no mesmo time.",20893
28247,block,"a move in which an athlete, at the moment when the opponent attempts an act of attack, blocks his attempt.",1357,Interactive_moves,86,bloqueio,"Um movimento no qual um atleta, no momento em que o oponente tenta uma ação de ataque, bloqueia sua tentativa.",1042
28248,deflect,"a move in which an athlete, at the moment when the opponent attempts an act of attack, blocks his attempt.",1357,Interactive_moves,86,desviar,"Um movimento no qual um atleta, no momento em que o oponente tenta uma ação de ataque, bloqueia sua tentativa.",120820
28249,deflection,"the act of obstructing or deflecting someone's movements.",1357,Interactive_moves,83,desvio,"o ato de obstruir ou desviar os movimentos de alguém.",8709
28298,cross,"a punch with the second hand delivered right-to-left or left-to-right on the opponent's face or body. In football, it is a medium- to-long-range pass from a wide area of the field towards the centre of the field near the opponent's goal.",1357,Interactive_moves,83,cruz,"Um soco com o segundo relógio entregue de direita para esquerda ou de esquerda para direita no rosto ou corpo do oponente. No futebol, é um passe de médio a longo alcance de uma área ampla do campo em direção ao centro do campo perto do gol do oponente.",9579
29003,counterattack,"to take possession of the ball while suffering an attack by the opposing team, and attack back, aiming to score a goal.",1357,Interactive_moves,86,contra-ataque,"A tomar posse da bola enquanto sofre um ataque pelo time adversário e contra-atacar, visando marcar um gol.",211
29012,"cut out","to intercept a pass or move.",1357,Interactive_moves,86,cortar,"interceptar um passe ou uma jogada.",116888
29016,mark,"to follow an opposing player, limiting his moves.",1357,Interactive_moves,86,marca,"Seguir um jogador adversário, limitando seus movimentos.",36669
29056,lurk,"to become unmarked by getting rid of the other team's markers.",1357,Interactive_moves,86,espiar,"Tornar-se não marcado ao se livrar dos marcadores da outra equipe.",120964
29068,combination,"an exchange of passes between two players.",1357,Interactive_moves,83,combinação,"Um passeio entre dois jogadores.",8582
31215,"drop shot","in football, it is when the ball is kicked from underneath with accuracy but with less than maximum force, to launch it high into the air in order either to pass it over the heads of opponents or to score a goal. in tennis, it is a shot in which the ball is hit relatively softly, and lands just over and close to the net. In volleyball, it is a weightless move, when an athlete, instead of attacking the ball, throws it slightly towards the rival court, close to the net, aiming for an empty space on the court.",1357,Interactive_moves,83,"drop shot","No futebol, é quando a bola é chutada com precisão, mas com menos força do que o máximo, para lançá-la alto no ar, a fim de passar por cima das cabeças dos adversários ou marcar um gol. No tênis, é um golpe em que a bola é atingida relativamente suavemente e cai logo acima e perto da rede. No vôlei, é um movimento sem peso, quando um atleta, em vez de atacar a bola, joga-a levemente em direção à quadra rival, perto da rede, visando um espaço vazio na quadra.",1025
31217,chip,"in football, it is when the ball is kicked from underneath with accuracy but with less than maximum force, to launch it high into the air in order either to pass it over the heads of opponents or to score a goal. in tennis, it is a shot in which the ball is hit relatively softly, and lands just over and close to the net. In volleyball, it is a weightless move, when an athlete, instead of attacking the ball, throws it slightly towards the rival court, close to the net, aiming for an empty space on the court.",1357,Interactive_moves,83,chip,"No futebol, é quando a bola é chutada com precisão, mas com menos força do que o máximo, para lançá-la alto no ar, com o objetivo de passá-la por cima dos cabeças dos adversários ou para marcar um gol. No tênis, é um golpe em que a bola é atingida relativamente suavemente e cai perto da rede, um pouco acima dela. No vôlei, é um movimento sem peso, quando um atleta, em vez de atacar a bola, a lança levemente em direção à quadra rival, perto da rede, visando um espaço vazio na quadra.",8855
31269,cross,"In football, it is to pass the ball from a medium-to-long-range  wide area of the field towards the centre of the field near the opponent's goal.",1357,Interactive_moves,86,cruz,"No futebol, é passar a bola de uma área ampla média-longa do campo em direção ao centro do campo perto do gol do oponente.",9579
31321,punch,"strike with one hand with a closed fist.",1357,Interactive_moves,86,soco,"Atacar com uma mão com um punho fechado.",1232
