idLU,lemmaName(en),senseDescription(en),idFrame,frameName,idPOS,lemmaName(pt),senseDescription(pt),idLemma(pt)
31477,park,"skateboarding discipline  carried out in an environment prepared with the existence of half-pipes, handrails, crates, vert ramps, pyramids, swimming pools, as well as several other types of obstacles.",1358,Sports_disciplines,83,Parque,"skateboarding disciplina realizada em um ambiente preparado com a existência de meia-tubos, corrimãos, caixas, rampas verticais, pirâmides, piscinas, bem como vários outros tipos de obstáculos.",6689
31478,street,"skateboarding modality in which the sport practice scenario is the urban environment through maneuvers on benches, stairs, handrails and the pavement.",1358,Sports_disciplines,83,rua,"Modilidade de skate em que o cenário da prática esportiva é o ambiente urbano por meio de manobras em bancos, degraus, corrimãos e calçadas.",872
1470,score,"to gain a point by shooting the ball into the goal.",1359,Winning_moves,86,pontuação,"Ganhar um ponto atirando a bola no gol.",1020
3278,goal,"method of scoring in many sports;In many sports, an area into which the players attempt to put an object. Place where a ball or puck needs to be entered into to score points in a game. Game equipment consisting of the place toward which players of a game try to advance a ball or puck in order to score points.",1359,Winning_moves,83,objetivo,"Método de pontuação em muitos esportes;Em muitos esportes, uma área na qual os jogadores tentam colocar um objeto. Local onde uma bola ou puca precisa ser inserida para marcar pontos em um jogo. Equipamento de jogo que consiste no local para o qual os jogadores de um jogo tentam avançar uma bola ou puca a fim de marcar pontos.",6
28253,tuck,"in artistic gymnastics, it is the position in which all parts of the body flex and approach the center point of the body. The legs should be flexed and the forehead should touch the knee. In diving, it is the position of the body where the legs are bent towards the chest and are held by the hands.",1359,Winning_moves,83,doce,"No ginástica artística, é a posição na qual todas as partes do corpo se curvam e se aproximam do ponto central do corpo. As pernas devem ser flexionadas e o testa deve tocar no joelho. No mergulho, é a posição do corpo onde as pernas são flexionadas em direção ao peito e são seguradas pelas mãos.",1310
29255,release,"in artistic gymnastics, it is the act of releasing the bar during the movement.",1359,Winning_moves,83,lançamento,"Na ginástica artística, é o ato de soltar a barra durante o movimento.",1351
29256,release,"in artistic gymnastics, it is to release the bar during the movement.",1359,Winning_moves,86,lançamento,"Em ginástica artística, é soltar a barra durante o movimento.",1351
29260,rotation,"in artistic gymnastics, it is the act of moving around the bar at a 360º angle. In rhythmic gymnastics, it is the movements of rotation of a rope around the athlete's body.",1359,Winning_moves,83,rotação,"Na ginástica artística, é o ato de se mover em torno da barra em um ângulo de 360º. Na ginástica rítmica, são os movimentos de rotação de uma corda em torno do corpo do atleta.",32640
29261,turn,"in artistic gymnastics, it is to move around the bar at a 360º angle.",1359,Winning_moves,86,virar,"Em ginástica artística, é se mover em volta da barra em um ângulo de 360 graus.",120706
29266,catch,"in artistic gymnastics, it is to hold firmly on the high bar or another apparatus.",1359,Winning_moves,86,apanhar,"Em ginástica artística, é manter-se firmemente na barra fixa ou em outro aparelho.",121138
29268,swing,"in artistic gymnastics, it is to move the body while holding the bar.",1359,Winning_moves,86,balanço,"No ginástica artística, é mover o corpo segurando a barra.",14756
29269,dismount,"in artistic gymnastics, it is when the gymnast finishes their series of movements, on the high-bar for example, and makes a movement out of the apparatus.",1359,Winning_moves,86,desmontar,"No ginástica artística, é quando o ginasta termina sua série de movimentos, no trave por exemplo, e faz um movimento fora do aparelho.",120885
29270,land,"in artistic gymnastics, it is when the gymnast finishes their series of movements, on the high-bar for example, and makes a movement out of the apparatus.",1359,Winning_moves,86,terra,"No ginástica artística, é quando o ginasta termina sua série de movimentos, no trave por exemplo, e faz um movimento fora do aparelho.",2039
29427,grappling,"in fights and martial arts, it is the act of the athlete holding the opponent firmly.",1359,Winning_moves,83,"luta corporal","Em lutas e artes marciais, é o ato do atleta manter o oponente firmemente.",70304
29438,cross,"a side punch over the opponent's head or chest.",1359,Winning_moves,83,cruz,"Um soco lateral na cabeça ou no peito do oponente.",9579
29439,straight,"a punch usually thrown with the dominant hand the instant an opponent leads with his opposite hand. In diving, it is the position in which the body is straight during the jump.",1359,Winning_moves,83,direito,"Um soco geralmente lançado com a mão dominante no momento em que um oponente leva com a mão oposta. No mergulho, é a posição em que o corpo está reto durante o salto.",8946
31195,"score goal","make the ball go through the structure called goal, scoring points.",1359,Winning_moves,86,"marcar gol","Fazer a bola passar pela estrutura chamada de gol, marcando pontos.",37651
31345,hop,"to jump or to propel oneself off the ground.",1359,Winning_moves,86,pular,"saltar ou se projetar no ar.",120904
31347,jump,"to propel oneself off the ground.",1359,Winning_moves,86,pular,"propulsar-se do chão.",120904
