idLU,lemmaName(en),senseDescription(en),idFrame,frameName,idPOS,lemmaName(pt),senseDescription(pt),idLemma(pt)
5715,situate,"COD: place in a particular location or context",56,Placing,86,situar,"COD: lugar em um local ou contexto específico",117253
5716,smear,"COD: spread (a greasy or sticky substance) over a surface",56,Placing,86,Espalhar,"COD: espalhar (uma substância gordurosa ou pegajosa) sobre uma superfície",117334
5718,stash,"COD: store safely in a secret place.",56,Placing,86,Estoque,"COD: armazenar com segurança em um local secreto.",21729
5723,bag,"COD: put in a bag",56,Placing,86,sacola,"COD: colocar numa bolsa",32781
5726,bottle,"COD: place in bottles for storage",56,Placing,86,garrafa,"COD: lugar em garrafas para armazenamento",23263
5728,box,"COD: put in ... a box",56,Placing,86,caixa,"COD: colar em ... uma caixa",6543
5730,crate,"COD: pack in a crate for transportation",56,Placing,86,caixa,"COD: embalar em uma caixa para transporte",6543
5732,garage,"COD: put or keep (a motor vehicle) in a garage.",56,Placing,86,garagem,"COD: colocar ou manter (um veículo motorizado) em um garagem.",9146
5733,pocket,"COD: put into one' s pocket",56,Placing,86,bolso,"COD: colocar no bolso",690
5734,shelve,"COD: place on a shelf",56,Placing,86,estante,"COD: colocar em prateleira",62752
5743,dust,"FN: apply (a powdered substance) lightly to a surface",56,Placing,86,poeira,"FN: aplicar (uma substância em pó) levemente sobre uma superfície",30513
5744,heap,"COD: put in or form a heap",56,Placing,86,pilha,"COD: colocar ou formar uma pilha",8593
5746,rub,"COD: apply with a rubbing action",56,Placing,86,esfregar,"COD: aplicar com uma ação de esfregar",129446
5747,cram,"COD: force too many (people or things) into a container",56,Placing,86,empurrar,"COD: forçar muitas coisas (pessoas ou objetos) em um recipiente",128043
5748,shower,"FN: pour or throw (a liquid or other substance) in a shower",56,Placing,86,chuveiro,"FN: derrame ou despeje (um líquido ou outra substância) em uma ducha",9338
5749,pot,"COD: plant in a pot",56,Placing,86,Pote,"COD: planta em um vaso",30718
5751,warehouse,"FN: place in a warehouse.",56,Placing,86,armazém,"FN: local em um armazém.",9182
5752,shoulder,"FN: to support or carry on or as if on the shoulder(s)",56,Placing,86,ombro,"FN: para apoiar ou continuar ou como se estivesse sobre os ombros",29034
5753,stick,"COD: with obj. and adverbial of place put somewhere in a quick or careless way. ",56,Placing,86,fio,"COD: com objeto e advérbio de lugar, colocar em algum lugar de maneira rápida ou descuidada.",22433
5754,bestow,"COD: [archaic] put (something) in a specified place.",56,Placing,86,conceder,"COD: [arcaico] colocar (algo) em um lugar especificado.",135226
5756,package,"COD: put into a box or wrapping. ",56,Placing,86,pacote,"COD: colocar em uma caixa ou embrulho.",448
5758,arrange,"FN: put in order on or against a background",56,Placing,86,arrumar,"FN: colocar em ordem sobre ou contra um fundo",116890
5760,enclose,"FN: insert inside a container",56,Placing,86,encolher,"FN: inserir dentro de um recipiente",128303
5767,drain,"FN: cause liquid to go out of, empty from",57,Removing,86,drenagem,"FN: causar líquido para sair de, esvaziado de",20099
5773,evacuate,"COD: remove from a place of danger to a safer place",57,Removing,86,evacuar,"COD: remover de um lugar perigoso para um lugar mais seguro",129948
5774,evacuation,"COD: evacuation is a derivative of evacuate",57,Removing,83,evacuação,"COD: evacuação é um derivado de evacuar",21909
5775,evict,"FN: remove a tenant from a dwelling for violation of the lease, esp. non-payment",57,Removing,86,expulsar,"FN: remover um inquilino de uma residência por violação do contrato de locação, esp. não pagamento",130053
5776,eviction,"COD: eviction is a derivative of evict",57,Removing,83,expulsão,"COD: expulsão é um derivado de expulsar",1013
5778,expel,"COD: force or drive out",57,Removing,86,expulsar,"COD: forçar ou expulsar",130053
5779,expulsion,"COD: the action of expelling.",57,Removing,83,expulsão,"COD: a ação de expulsar.",1013
5782,oust,"COD: drive out or expel from a position or place",57,Removing,86,derrubar,"COD: conduzir ou expulsar de uma posição ou lugar",117049
5783,pluck,"COD: take hold of (something) and quickly remove it from its place.",57,Removing,86,Puxar,"COD: tomar e remover rapidamente de seu lugar.",133098
5784,prise,"COD: obtain something from (someone) with effort or difficulty.",57,Removing,86,tomada,"COD: obter algo de (alguém) com esforço ou dificuldade.",68166
5789,skim,"COD:  remove (a substance) from the surface of a liquid",57,Removing,86,Espremer,"COD: remover (uma substância) da superfície de um líquido",129692
5790,snatch,"COD: seize quickly and deftly.",57,Removing,86,apreender,"COD: capturar rapidamente e habilmente.",120946
5793,take,"COD: remove from a place",57,Removing,86,tomar,"COD: remover de um lugar",117247
5795,withdrawal,"FN: the act of withdrawing or removing something from a place",57,Removing,83,retirada,"FN: o ato de retirar ou remover algo de um lugar",6871
5796,unload,"COD: remove (goods) from a vehicle, ship, etc. NB: there is a closely related sense of unload in the Emptying frame",57,Removing,86,descarga,"COD: remover (mercadorias) de um veículo, navio, etc.
NB: existe um sentido intimamente relacionado de descarregar no quadro de Esvaziamento",19282
5800,rinse,"COD: often rinse something off/out with obj. and adverbial remove (soap or dirt) by rinsing. ",57,Removing,86,Enxaguar,"COD: geralmente enxaguar algo com objeto e advérbio para remover (sabonete ou sujeira) enxaguando.",121121
5802,dust,"COD: remove dust from the surface of.",57,Removing,86,poeira,"COD: remove o pó da superfície de.",30513
5805,rip,"FN: take away a piece from a larger piece by ripping",57,Removing,86,rasgar,"FN: retirar um pedaço de um pedaço maior rasgando-o",117200
5806,tear,"FN: FN: take away a piece from a larger piece by tearing",57,Removing,86,rasgar,"FN: FN: retirar um pedaço de um pedaço maior, rasgando-o",117200
5807,cut,"FN: to remove a piece from a larger piece by cutting.",57,Removing,86,cortar,"FN: remover uma peça de um pedaço maior por corte.",116888
5810,flush,"FN: remove dirt, debris, etc. from something by running a fluid through it.",57,Removing,86,Despejar,"FN: remove sujeira, detritos, etc., de algo passando um fluido por ele.",127154
5811,weed,"FN: remove (weeds, or other undesirable elements).",57,Removing,86,"erva daninha","FN: remover (ervas daninhas ou outros elementos indesejáveis).",9111
5812,amputate,"FN: to surgically separate a body part from a person",57,Removing,86,amputação,"FN: separar cirurgicamente uma parte do corpo de uma pessoa",13135
