idLU,lemmaName(en),senseDescription(en),idFrame,frameName,idPOS,lemmaName(pt),senseDescription(pt),idLemma(pt)
8188,trust,"FN: hold a belief",129,Certainty,86,confiança,"FN: manter uma crença",17955
34403,maybe,"Denoting uncertainty.",129,Certainty,89,talvez,"Designando incerteza.",139808
34856,course,"Having certainty of an information.",129,Certainty,83,curso,"Ter certeza de uma informação.",7570
8203,piece,"COD: a portion of an object or of material produced by cutting, tearing, or breaking the whole. ",130,Part_piece,83,peça,"COD: uma porção de um objeto ou de material produzido por corte, rasgo ou quebra do todo.",27
8205,lump,"COD: a compact mass, especially one without a definite or regular shape. ",130,Part_piece,83,grumo,"COD: uma massa compacta, especialmente sem forma definida ou regular.",23820
8208,clump,"COD: a compacted mass or lump of something. ",130,Part_piece,83,grumo,"COD: uma massa ou grumo compacto de algo.",23820
8210,board,"FN: A flat, manufactured silicon chip made for use in computers.",130,Part_piece,83,tabela,"FN: Um chip de silício plano e fabricado, feito para ser usado em computadores.",565
8211,top,"COD: the highest or uppermost point, part, or surface. ",131,Part_orientational,83,tampa,"COD: o ponto mais alto ou superior, parte ou superfície.",34317
8221,bottom,"COD: in the lowest position. ",131,Part_orientational,84,fundo,"COD: na posição mais baixa.",82412
8224,tip,"COD: the pointed or rounded extremity of something slender or tapering.",131,Part_orientational,83,dica,"COD: o extremo pontiagudo ou arredondado de algo esguio ou que se afina.",9425
8227,face,"COD: the surface of a thing, especially one that is presented to the view or has a particular function.",131,Part_orientational,83,Rosto,"COD: a superfície de uma coisa, especialmente aquela que está à vista ou tem uma função específica.",11044
8230,heart,"COD: the central, innermost, or vital part of something.",131,Part_orientational,83,coração,"COD: a parte central, interior ou vital de algo.",18269
8235,right,"COD: the right-hand part, side, or direction. ",131,Part_orientational,83,direito,"COD: a parte, lado ou direção da direita.",8946
39404,central,,131,Part_orientational,84,central,,73905
8264,discontinuation,"FN: the act or instance of stopping (a process, creation, act)",132,Process_stop,83,interrupção,"FN: o ato ou instância de parar (um processo, criação, ato)",25212
8267,shutdown,"FN: the halting of a process (note: that the locale at which the process takes place may be used instead of the process proper) ",132,Process_stop,83,desligamento,"FN: a interrupção de um processo (nota: que o local em que o processo ocorre pode ser usado em vez do próprio processo)",19483
8268,kill,"FN: to end a process prematurely",132,Process_stop,86,matar,"FN: para encerrar um processo prematuramente",121055
8269,"shut down","FN: halting a process.",132,Process_stop,86,desligar,"FN: interrompendo um processo.",121097
34131,carry,"To continue a process.",133,Process_continue,86,levar,"Para continuar um processo.",117341
