idLU,lemmaName(en),senseDescription(en),idFrame,frameName,idPOS,lemmaName(pt),senseDescription(pt),idLemma(pt)
18029,hypothesis,"FN: a conjecture which explains a phenomenon and can be tested by experimentation",1124,Experimentation,83,hipótese,"FN: uma conjetura que explica um fenômeno e pode ser testada por experimentação",
18031,"on the lam","FN: evading capture or arrest.",1125,Fugitive,84,"Fugindo da polícia.","FN: Evasão de captura ou prisão.",
18032,"on the run","FN: evading capture from law enforcement.",1125,Fugitive,84,Fugindo,"FN: Evadir captura por parte das autoridades policiais.",
18033,lamster,"FN: a fugitive.",1125,Fugitive,83,lamster,"FN: o foragido.",
18034,"on the loose","COD: having escaped from confinement. ",1125,Fugitive,84,"solto na rua","COD: tendo escapado da confinamento.",
18037,savagery,"FN: an act of cruelty.",1126,Violence,83,sauvagerie,"FN: um ato de crueldade.",
18038,barricade,"FN: block off an area, especially by erecting barriers.",1127,Change_accessibility,86,barricada,"FN: bloquear uma área, especialmente erguendo barreiras.",
18040,"cordon off","FN: block off an area, typically by surrounding it.",1127,Change_accessibility,86,"cordon off","FN: bloquear uma área, geralmente cercando-a.",
18041,road-block,"FN: a barrier to passage on a roadway, especially as erected by government or law enforcement.",1127,Change_accessibility,83,"bloqueio de estrada","FN: uma barreira para passagem em uma via pública, especialmente aquela erguida por governo ou aplicação da lei.",
18048,compromise,"FN: reach an agreement by conceding items of interest.",1129,Make_compromise,86,Compromisso,"FN: alcance um acordo concedendo itens de interesse.",
18049,compromise,"FN: an agreement reached by both parties conceding some number of points.",1129,Make_compromise,83,compromisso,"FN: um acordo alcançado por ambas as partes concedendo alguns pontos.",
18050,"meet half-way","FN: come to an agreement by mutual concession.",1129,Make_compromise,86,"encontrar-se no meio do caminho","FN: chegar a um acordo por concessão mútua.",
18051,sacrifice,"FN: give up for a greater purpose.",1130,Sacrificing_for,86,sacrifício,"FN: desistir por um propósito maior.",
18052,compromise,"FN: give up or devalue in favor of something else.",1130,Sacrificing_for,86,Compromisso,"FN: desistir ou desvalorizar em favor de algo mais.",
18063,order,"FN: a request for something to be served",1134,Request_entity,83,encomenda,"FN: um pedido de algo para ser servido",
18065,order,"FN: a physical entity (usually a document) requested to be fulfilled ",1134,Request_entity,83,encomenda,"FN: uma entidade física (geralmente um documento) solicitada para ser cumprida",
18067,kingdom,"FN: one of the highest taxonomic categories which currently contains six subdivisions: Bacteria, Protozoa, Chromista, Plantae, Fungi and Animalia",1135,Biological_classification,83,reino,"FN: uma das principais categorias taxonômicas que atualmente contém seis subdivisões: Bactérias, Protistas, Cromistias, Plantas, Fungos e Animais.",
18078,teeter,"FN: be likely to fall, usually due to slight motion in an unstable position.",1136,Precariousness,86,teeter,"FN: é provável que caia, geralmente devido a um movimento leve em uma posição instável.",
18080,instability,"FN: lack of stability",1136,Precariousness,83,instabilidade,"Falta de estabilidade",
18083,stability,"FN: the state or quality of being stable",1136,Precariousness,83,Estabilidade,"FN: o estado ou qualidade de ser estável",
18084,stable,"FN: not likely to fall or give way; steady in balance or position",1136,Precariousness,84,estável,"FN: não é provável que caia ou cede; equilibrado em equilíbrio ou posição",
18085,steady,"FN: firmly placed or fixed; stable",1136,Precariousness,84,estável,"FN: firmemente colocado ou fixo; estável",
18087,disorder,"FN: a state of chaos or confusion",1137,Chaos,83,desordem,"FN: um estado de caos ou confusão",
18091,disarray,"FN: a state of disorder",1137,Chaos,83,desordem,"FN: um estado de desordem",
18092,lawlessness,"FN: the lack of order",1137,Chaos,83,anarquia,"FN: a falta de ordem",
18093,riot,"FN: a noisy, violent public disorder caused by a mob of people",1137,Chaos,83,rioteiro,"FN: uma desordem pública barulhenta e violenta causada por uma multidão de pessoas",
34195,turmoil,"A state of chaos and disorder.",1137,Chaos,83,turbulência,"Um estado de caos e desordem.",
18096,nurse,"FN: a person licensed for administering limited forms of medical treatment and advice.",1138,Medical_interaction_scenario,83,enfermeira,"FN: uma pessoa licenciada para administrar formas limitadas de tratamento e aconselhamento médico.",
18098,"medical care","FN: supervision by a medical professional",1138,Medical_interaction_scenario,83,"Cuidados médicos","FN: supervisão de um profissional médico",
18101,leave,"FN: a temporary period of time in which someone is away",1139,Temporary_leave,83,deixar,"FN: um período temporário em que alguém está ausente",
18103,"leave of absence","FN: a period of time in which an employee is temporarily away from work",1139,Temporary_leave,83,"licença remunerada","FN: um período em que um funcionário está temporariamente ausente do trabalho",
18108,pto,"paid time off; a period of time spent away from work with pay",1139,Temporary_leave,83,PTO,"Férias remuneradas; um período de tempo afastado do trabalho com pagamento",
18109,absent,"FN: to remove oneself from an activity or location for a period of time",1139,Temporary_leave,86,ausente,"FN: afastar-se de uma atividade ou local por um período de tempo",
18114,unlighted,"FN: not lighted, not lit",1140,Level_of_light,84,Desligado,"FN: não iluminado, não aceso",
18115,lightless,"FN:  lacking light",1140,Level_of_light,84,"sem luz","FN: falta de luz",
18116,light,"FN: bright; having a relatively large amount of light",1140,Level_of_light,84,luz,"FN: brilhante; com uma quantidade relativamente grande de luz",
18120,sunless,"FN: lacking light from the sun",1140,Level_of_light,84,"sem sol","FN: falta de luz do sol",
18121,moonless,"FN: lacking light from the moon",1140,Level_of_light,84,sem-lua,"Falta de luz da lua",
18124,pessimistic,"FN: having a bad outlook",1141,Attitude_description,84,Pessimista,"FN: ter uma má perspectiva",
18125,hopeful,"FN: having an optimistic outlook; being full of hope",1141,Attitude_description,84,Esperançoso,"FN: ter uma visão otimista; ser cheio de esperança",
18131,limit,"FN: place constraints on choices or possibilities of something.",1142,Limiting,86,limite,"FN: impor restrições às escolhas ou possibilidades de algo.",
18132,limit,"FN: the boundary of the capabilities or possibilities of something.",1143,Limitation,83,limite,"FN: o limite das capacidades ou possibilidades de algo.",
