idLU,lemmaName(en),senseDescription(en),idFrame,frameName,idPOS,lemmaName(pt),senseDescription(pt),idLemma(pt)
9644,ticket,"FN: a summons or warning given to a traffic-law violator",200,Fining,83,ingresso,"FN: uma intimação ou advertência dada a um infrator de leis de trânsito",9508
9645,ticket,"COD: issue with a ticket.",200,Fining,86,ingresso,"COD: problema com um bilhete.",9508
9646,mulct,"FN: punish with a fine.",200,Fining,86,multa,"FN: punir com uma multa.",28336
9655,decade,"FN: (of an event or state) lasting ten years",201,Measure_duration,83,década,"durante dez anos",20174
9656,century,"FN: (of an event or state) lasting one hundred years.",201,Measure_duration,83,século,"FN: (de um evento ou estado) durando cem anos.",2038
9663,execution,"FN: event in which a condemned person is killed.",202,Execution,83,execução,"FN: evento no qual uma pessoa condenada é morta.",21985
9668,hang,"COD: kill or be killed by tying a rope attached from above around the neck and removing the support from beneath the feet (used as a form of capital punishment). ",202,Execution,86,pendurar,"COD: matar ou ser morto por amarrar uma corda presa de cima ao pescoço e remover o suporte debaixo dos pés (usado como uma forma de pena de morte).",132533
9672,"put to death","FN: execute someone",202,Execution,86,matar,"FN: executar alguém",121055
9678,forename,"COD: another term for first name",205,Being_named,83,"nome próprio","COD: outro termo para nome próprio",70778
9680,"christian name","FN: a name conferred on a person at baptism or confirmation",205,Being_named,83,"nome próprio","FN: um nome conferido a uma pessoa no batismo ou na confirmação",70778
9686,"first name","COD: a personal name given to someone at birth or baptism and used before a family name",205,Being_named,83,"nome próprio","COD: um nome pessoal dado a alguém no nascimento ou batismo e usado antes de um sobrenome",70778
9691,"given name","COD: another term for first name.",205,Being_named,83,"nome próprio","COD: outro termo para nome próprio.",70778
9714,go,"COD: be known or called by (a specified name)",205,Being_named,86,ir,"COD: ser conhecido ou chamado por (um nome especificado)",116877
9723,daybreak,"COD: dawn",206,Calendric_unit,83,amanhecer,"COD: amanhecer",38323
