idLU,lemmaName(en),senseDescription(en),idFrame,frameName,idPOS,lemmaName(pt),senseDescription(pt),idLemma(pt)
22044,"police station","A police station is a building which serves to accommodate police officers and other members of staff.;",1264,Police,83,"delegacia de polícia","A delegacia de polícia é um edifício que serve para acomodar policiais e outros membros do pessoal.",6936
22050,law,"The force of policemen and officers;",1264,Police,83,lei,"A força de policiais e oficiais;",10684
22053,cop,"An officer in a law enforcement agency.;A member of a police force, especially one who is male.;A female police officer.;A police officer or prison guard.;A police officer, especially a junior one who does patrol instead of detection or supervising other policemen.;",1264,Police,83,copa,"Um oficial de uma agência de aplicação da lei; Um membro de uma força policial, especialmente um que é homem; Uma mulher polícia; Um guarda prisional ou policial; Um policial, especialmente um júnior que faz patrulha em vez de detecção ou supervisão de outros policiais.",215
22054,officer,"An officer in a law enforcement agency.;A member of a police force, especially one who is male.;A female police officer.;A police officer or prison guard.;A police officer, especially a junior one who does patrol instead of detection or supervising other policemen.;An officer of a law enforcement agency.;A male police officer.;A member of a police force;",1264,Police,83,oficial,"Um oficial de uma agência de aplicação da lei;
Um membro de uma força policial, especialmente um que é homem;
Uma mulher policial;
Um guarda ou policial;
Um policial ou guarda prisional;
Um policial, especialmente um júnior que faz patrulha em vez de detecção ou supervisão de outros policiais;
Um oficial de uma agência de aplicação da lei;
Um homem policial;
Um membro de uma força policial;",9058
1048,disembark,"to arrive at a destination using a vehicle such as a bus, plane, or ship",1268,Arrival_at_destination,86,desembarque,"chegar a um destino usando um veículo como ônibus, avião ou navio",251
1051,dance,"to move according to the rhythm of a song",1270,Go_dancing,86,dança,"mover-se ao ritmo de uma música",35
1052,samba,"typical Brazilian rhythm",1270,Go_dancing,83,samba,"ritmo típico brasileiro",9484
21660,tragedy,"Hazard resulting in an event causing significant physical damage, destruction or death;",1276,Natural_disaster,83,tragédia,"Perigo que resulta em um evento causando danos físicos significativos, destruição ou morte;",34995
21661,calamity,"A disastrous event, especially one involving great loss of life or injury.;An event resulting in great loss.;A sudden, violent event.;Any large and disastrous event of great significance.;An unforeseen event causing great loss, upset or unpleasantness of whatever kind.;",1276,Natural_disaster,83,calamidade,"Um evento desastroso, especialmente um que envolva grandes perdas de vidas ou lesões; Um evento que resulte em grandes perdas; Um evento repentino e violento; Qualquer grande e desastroso evento de grande importância; Um evento inesperado causando grandes perdas, perturbações ou desagradabilidades de qualquer tipo.",16122
21662,catastrophe,"A disastrous event, especially one involving great loss of life or injury.;An event resulting in great loss.;A sudden, violent event.;Any large and disastrous event of great significance.;An unforeseen event causing great loss, upset or unpleasantness of whatever kind.;",1276,Natural_disaster,83,catástrofe,"Um evento desastroso, especialmente um que envolva grande perda de vidas ou lesões; Um evento que resulte em grande perda; Um evento súbito e violento; Qualquer grande e desastroso evento de grande importância; Um evento inesperado causando grande perda, perturbação ou desagradabilidade de qualquer tipo;",16835
1104,board,"to enter a vehicle to leave a place",1278,Tourist_departure_locality,86,placa,"entrar em um veículo para sair de um lugar",8854
2958,assistant,"the auxiliary referee, who runs along the sidelines of the field and help the referee in taking decisions.",1279,Referees,83,assistente,"o árbitro assistente, que corre ao longo das laterais do campo e ajuda o árbitro na tomada de decisões.",37198
21601,official,"person in charge of ensuring that the match develops according to the rules of the game.",1279,Referees,83,oficial,"A pessoa responsável por garantir que o jogo se desenvolva de acordo com as regras do jogo.",9058
2973,twosome,"a pair of athletes who associate with one another in a sport.",1281,Athletes,83,par,"um par de atletas que se associam uns aos outros em um esporte.",8785
2974,pair,"two athletes playing in the same team.",1281,Athletes,83,par,"dois atletas jogando no mesmo time.",8785
27521,duo,"a pair of athletes.",1281,Athletes,83,dois,"um par de atletas",36843
31367,heat,"the group of swimmers or cyclists who race in events at a time.",1281,Athletes,83,calor,"o grupo de nadadores ou ciclistas que competem em eventos no mesmo tempo.",9327
1152,ace,"one of the best players in a soccer team.",1282,Athletes_by_position,83,ace,"Um dos melhores jogadores em uma equipe de futebol.",958
