idLU,lemmaName(en),senseDescription(en),idFrame,frameName,idPOS,lemmaName(pt),senseDescription(pt),idLemma(pt)
11748,incredible,"FN: being of exceptional quality",326,Desirability,84,incrível,"FN: ser de qualidade excepcional",73516
11750,amazing,FN:,326,Desirability,84,incrível,FN:,73516
11760,cool,"FN: fine, good. ",326,Desirability,84,legal,"FN: fino, bom.",73570
11761,nasty,"FN: offensivse or gross",326,Desirability,84,feio,"FN: ofensivo ou grosseiro",73801
11778,awesome,"FN: (variable use across dialects) astonishingly good.",326,Desirability,84,incrível,"FN: (uso variável entre dialetos) surpreendentemente bom.",73516
32508,hopeless,"inadequate; having no hope of becoming adequate",326,Desirability,84,desesperado,"inadequado; sem esperança de se tornar adequado",79664
11789,unrivaled,"COD: surpassing all others",328,Beyond_compare,84,incomparável,"COD: superando todos os outros",73978
11791,matchless,"COD: unequalled; incomparable. ",328,Beyond_compare,84,incomparável,"COD: incomparável; sem igual.",73978
11792,incomparable,"COD: without an equal in quality or extent; matchless",328,Beyond_compare,84,Incomparável,"COD: sem igual em qualidade ou extensão; incomparável",73978
11798,unequalled,"COD: superior to all others in performance or extent",328,Beyond_compare,84,incomparável,"COD: superior a todos os outros em desempenho ou extensão",73978
11802,crushed,"FN: pulverized",329,Ground_up,84,esmagado,"FN: pulverizado",73834
11803,milled,"FN: having been ground in a mill",329,Ground_up,84,moído,"FN: tendo sido moído em um moinho",86153
11807,shredded,"FN: having been torn into long  thin strips",329,Ground_up,84,rasgado,"FN: tendo sido rasgado em tiras longas e finas",88547
11811,outshine,"COD: be much better than.",330,Surpassing,86,brilhar,"COD: seria muito melhor que.",120807
11816,eclipse,"FN: surpass or be greater than.",330,Surpassing,86,eclipse,"FN: superar ou ser maior que.",120952
11821,discharge,"COD: emit or send out (a liquid, gas, or other substance). ",331,Emitting,86,descarga,"COD: emitir ou enviar (um líquido, gás ou outra substância).",19282
11822,radiate,"COD: emit (light, heat, or other energy) in the form of rays or waves. ",331,Emitting,86,irradiar,"COD: emitir (luz, calor ou outra energia) na forma de raios ou ondas.",131235
