idLU,lemmaName(en),senseDescription(en),idFrame,frameName,idPOS,lemmaName(pt),senseDescription(pt),idLemma(pt)
11742,so-so,"FN: of an average quality",326,Desirability,84,tão-tão,"FN: de qualidade média",
11743,substandard,"COD: below the usual or required standard. ",326,Desirability,84,Substandardado,"COD: abaixo do padrão usual ou exigido.",
11744,shitty,"COD: awful",326,Desirability,84,Merda.,"COD: horrível",
11746,top-notch,"COD: of the highest quality. ",326,Desirability,84,top-notch,"COD: da mais alta qualidade.",
11747,tip-top,"COD: of the very best; excellent. ",326,Desirability,84,Tops,"COD: do melhor; excelente.",
11749,crappy,"FN: awful",326,Desirability,84,Merda!,"FN: horrível",
11751,suck,"FN: be objectionable.",326,Desirability,86,Suga.,"FN: ser objetável.",
11752,rock,"FN: be outstanding.",326,Desirability,86,rocha,"FN: seja excepcional.",
11753,lamer,"FN: person who is uncool.",326,Desirability,83,lamber,"FN: pessoa sem graça.",
11754,lame,"FN: uncool.",326,Desirability,84,lame,"FN: descolado.",
11755,uncool,"FN: lacking in social approbation, or enjoyability.",326,Desirability,84,Descolado.,"Faltando em aprovação social ou em prazer.",
11768,atrocious,"FN: extremely unpleasent",326,Desirability,84,Atrocioso,"FN: extremamente desagradável",
11770,standout,"FN: notably excellent.",326,Desirability,83,destacado,"FN: notavelmente excelente.",
11775,gem,"FN: thing that is highly desirable.",326,Desirability,83,gema,"FN: coisa altamente desejável.",
11777,killer,"FN: amazingly good.",326,Desirability,84,assassino,"FN: incrivelmente bom.",
11779,"best thing since sliced bread","FN: a very good thing.",326,Desirability,83,"melhor coisa desde o pão fatiado","FN: uma coisa muito boa.",
29233,spectacular,"with a very good, great feature.",326,Desirability,84,espectacular,"com uma função muito boa, ótima.",
30959,marvel,"FN: something amazing.",326,Desirability,83,marvel,"FN: algo incrível.",
30964,wonderfully,"FN: to such a degree or in such a manner as to be wonderful.",326,Desirability,89,maravilhosa,"FN: de um modo ou grau tão maravilhoso como ser.",
31022,class,"impressive, great",326,Desirability,84,classe,"impressionante, ótimo",
34249,well-done,"Made with great quality.",326,Desirability,84,"Bem feito.","Feito com grande qualidade.",
11783,sole,"COD: one and only",327,Sole_instance,84,sol,"COD: um e só",
11784,only,"COD: alone of its or their kind; single or solitary",327,Sole_instance,84,apenas,"COD: sozinho de sua ou de sua espécie; único ou solitário",
11785,"one and only","COD: unique; single",327,Sole_instance,84,"um e só","COD: único; singular",
11786,lone,"COD:  having no companions; solitary. ",327,Sole_instance,84,lono,"COD: sem companheiros; solitário.",
34158,each,"Referring to one of two or more instances.",327,Sole_instance,89,cada,"Referindo-se a uma das duas ou mais instâncias.",
11788,unmatched,"COD: not matched or equalled. ",328,Beyond_compare,84,"sem igual","COD: não combinado ou igualado.",
11790,peerless,"FN: unrivalled",328,Beyond_compare,84,"sem par","FN: incomparável",
11793,nonpareil,"COD: unrivalled. ",328,Beyond_compare,84,não-parável,"COD: incomparável.",
11794,"without peer","FN: having no equal",328,Beyond_compare,84,"sem par","FN: sem igual",
11795,"without equal","FN: having no peer, unmatched",328,Beyond_compare,84,"sem igual","FN: sem par, incomparável",
11796,"without match","FN: unmatched, unrivalled",328,Beyond_compare,84,"sem igual","FN: incomparável, sem igual",
11797,"without compare","FN: unmatched",328,Beyond_compare,84,"sem comparação","FN: incomparável",
11799,"beyond compare","FN: unmatched, unequalled",328,Beyond_compare,84,"sem comparação","FN: incomparável, sem precedentes",
11800,pulverized,"COD: reduced to fine particles",329,Ground_up,84,pulverizada,"COD: reduzido a partículas finas",
11801,ground,"COD: being reduced to fine particles",329,Ground_up,84,terra,"COD: sendo reduzido a partículas finas",
11804,grated,"COD:  having been reduced (food) to small shreds by rubbing it on a grater. ",329,Ground_up,84,rala,"COD: tendo sido reduzido (alimento) a pequenos pedaços por esfregá-lo em um ralador.",
11805,flaked,"FN: having been split into flakes",329,Ground_up,84,flocos,"FN: tendo sido dividido em flocos",
11806,powdered,"FN: having been reduced to a powder",329,Ground_up,84,"em pó","FN: tendo sido reduzida a uma poeira",
11808,crumbled,"COD: having been broken into small fragments",329,Ground_up,84,esfarelado,"COD: tendo sido quebrado em fragmentos pequenos",
11809,granulated,"FN: having been made into granules.",329,Ground_up,84,granulado,"FN: tendo sido transformados em grânulos.",
11810,outstrip,"COD: exceed",330,Surpassing,86,"Superar em muito.","COD: exceder",
11812,surpass,"COD: be greater or better than. ",330,Surpassing,86,suplantar,"COD: ser maior ou melhor que.",
11813,outdo,"COD: be superior to in action or performance",330,Surpassing,86,"fazer fora","COD: ser superior em ação ou desempenho",
11814,better,"COD: improve on or surpass. ",330,Surpassing,86,melhor,"COD: melhorar ou superar.",
11817,pale,"COD: seem or become less important.",330,Surpassing,86,pálido,"COD: parecer ou tornar-se menos importante.",
11818,exceed,"FN: be greater than (especially in quantifiable value).",330,Surpassing,86,exceder,"FN: ser maior que (especialmente em valor quantitativo).",
11819,exude,"COD: (with reference to moisture or a smell) discharge slowly and steadily.",331,Emitting,86,exalar,"COD: (com referência à umidade ou a um cheiro) descarregar lentamente e consistentemente.",
11820,emit,"COD: discharge; send forth or give out.",331,Emitting,86,emitir,"COD: descarga; enviar ou dar.",
11823,secrete,"COD: (of a cell, gland, or organ) produce by secretion",331,Emitting,86,secreto,"COD: (de uma célula, glândula ou órgão) produzir por secreção",
11824,exhale,"COD: give off (vapour or fumes).",331,Emitting,86,Exalar,"COD: emitir (vapor ou fumaça).",
11825,"give off","FN: to emit",331,Emitting,86,"dar a entender","FN: emitir",
11826,excrete,"COD: (of a living organism) separate and expel as waste (a substance, especially a product of metabolism)",331,Emitting,86,excreta,"COD: (de um organismo vivo) separar e expulsar como desperdício (uma substância, especialmente um produto de metabolismo)",
11827,void,"COD: discharge or drain away (water, gases, etc.)",331,Emitting,86,vazio,"COD: descarga ou esvaziamento (de água, gases, etc.)",
11828,emanate,"FN: to give out or emit something",331,Emitting,86,emanar,"FN: dar ou emitir algo",
11830,incompatible,"COD: not able to exist or be used together. ",332,Compatibility,84,Incompatível,"COD: não capaz de existir ou ser usado junto.",
11831,incompatibility,"FN: the state of not being able to exist or be used together",332,Compatibility,83,incompatibilidade,"FN: o estado de não poder existir ou ser usado junto",
11832,compatibility,"FN: the state of being able to exist or be used together",332,Compatibility,83,Compatibilidade,"FN: o estado de poder existir ou ser usado junto",
11833,harmonize,"FN: be harmonious",332,Compatibility,86,harmonizar,"FN: seja harmônico",
11834,congruent,"COD: in agreement or harmony",332,Compatibility,84,congruente,"COD: em acordo ou harmonia",
11835,congruous,"COD: in agreement or harmony. ",332,Compatibility,84,congruoso,"COD: em acordo ou harmonia.",
11836,consonant,"COD: in agreement or harmony with. ",332,Compatibility,84,consonante,"COD: em acordo ou harmonia com.",
11837,dovetail,"COD: fit together easily or conveniently. ",332,Compatibility,86,"escada de mão","COD: encaixar-se facilmente ou convenientemente.",
