idLU,lemmaName(en),senseDescription(en),idFrame,frameName,idPOS,lemmaName(pt),senseDescription(pt),idLemma(pt)
13070,spatula,"FN: an implement with a broad, flat, usually flexible blade, used for lifting, spreading, or stirring foods, paints, etc.",390,Artifact,83,Espátula,"FN: um implemento com uma lâmina larga e plana, geralmente flexível, usado para levantar, espalhar ou mexer alimentos, tintas, etc.",21532
13074,oven,"FN: an enclosed heated compartment used for baking or roasting food, etc.",390,Artifact,83,forno,"FN: uma divisão fechada e aquecida usada para assar ou grelhar alimentos, etc.",22771
33516,crutch,"A long stick with a crosspiece at the top, used as a support under the armpit by a person with an injury or disability.",390,Artifact,83,"Cadeira de rodas","Um bastão longo com uma peça transversal na parte superior, usado como suporte sob o axila de uma pessoa com lesão ou deficiência.",10653
33517,curtain,,390,Artifact,83,cortina,,18381
1137,attack,"offensive action in which a team tries to score a goal against its opponent",393,Attack,83,ataque,"ação ofensiva na qual uma equipe tenta marcar um gol contra seu oponente",90
1138,attack,"to carry out an offensive action aimed at scoring a goal against the opposing team",393,Attack,86,ataque,"realizar uma ação ofensiva com o objetivo de marcar um gol contra a equipe adversária",90
13112,assault,"COD: make an assault on. ",393,Attack,86,agressão,"COD: fazer um assalto em.",12500
13113,assault,"COD:  a violent attack.",393,Attack,83,assalto,"COD: um ataque violento.",8710
13117,fall,"FN: attack suddenly and forcefully. (used only with PP-upon/on)",393,Attack,86,queda,"FN: atacar de repente e com força. (usado apenas com PP-upon/on)",31412
13120,onset,"COD:  a military attack.",393,Attack,83,início,"COD: um ataque militar.",2051
13121,strike,"COD:  a sudden attack, typically a military one.",393,Attack,83,greve,"COD: um ataque repentino, tipicamente militar.",23778
13124,charge,"COD:  rush forward in attack. ",393,Attack,86,carregar,"COD: avançar em ataque.",117207
13128,set,"COD:  attack (someone) violently. (NB:  used only with PP-upon/on.)",393,Attack,86,conjunto,"COD: atacar alguém violentamente. (NB: usado apenas com PP-upon/on.)",8693
13129,storm,"COD:  (of troops) suddenly attack and capture (a place).",393,Attack,86,tempestade,"COD: (de tropas) atacar e capturar de repente (um lugar).",10196
13130,strike,"COD: attack suddenly. ",393,Attack,86,greve,"COD: ataque repentinamente.",23778
13134,jump,"COD:  attack suddenly and unexpectedly.",393,Attack,86,pular,"COD: ataque repentinamente e inesperadamente.",120904
13135,assail,"COD: make a concerted or violent attack on.",393,Attack,86,assalto,"COD: lançar um ataque concertado ou violento contra.",8710
13137,bomb,"COD: attack with a bomb or bombs.",393,Attack,86,bomba,"COD: ataque com uma ou mais bombas.",15534
13140,attacker,"an individual who makes an attack.",393,Attack,83,atacante,"um indivíduo que faz um ataque.",89
13141,offensive,"COD: (of a military operation or weapon) involved or used in active attack.",393,Attack,84,ofensivo,"COD: (de uma operação ou arma militar) envolvido ou usado em ataque ativo.",73571
13144,hit,"FN: to strike. ",393,Attack,86,acertar,"FN: atacar.",117230
13146,fire,"FN: attack by projectile weapons.",393,Attack,83,fogo,"FN: ataque por armas de projéteis.",10788
