idLU,lemmaName(en),senseDescription(en),idFrame,frameName,idPOS,lemmaName(pt),senseDescription(pt),idLemma(pt)
21735,squatting,"the act of assuming or maintaining a crouching position with the knees bent and the buttocks near the heels.",1356,Individual_moves,83,"Aqui está a tradução do inglês para o português da palavra ""squatting"":

""esquistar","A postura de agachamento com os joelhos flexionados e as nádegas próximas aos calcanhares.",
21741,"backhand stroke","in table tennis, it is a blow performed in front of the body, in which the back of the racket's hand is facing the opponent. in tennis, it is a back-of-the-court hit on the opposite side where the player holds the racket. For a left-handed player, for example, the backhand is on his right side.",1356,Individual_moves,83,"estribo de trás","No tênis de mesa, é um golpe realizado na frente do corpo, no qual a parte de trás da empunhadura da raquete é voltada para o oponente. No tênis, é um golpe de fundo de quadra no lado oposto onde o jogador segura a raquete. Para um jogador canhoto, por exemplo, o backhand fica em seu lado direito.",
21742,"backhand shot","in table tennis, it is a blow performed in front of the body, in which the back of the racket's hand is facing the opponent. in tennis, it is a back-of-the-court hit on the opposite side where the player holds the racket. For a left-handed player, for example, the backhand is on his right side.",1356,Individual_moves,83,"shot de backhand","No tênis de mesa, é um golpe realizado na frente do corpo, no qual a parte posterior da empunhadura da raquete é voltada para o oponente. No tênis, é um golpe de trás da quadra no lado oposto onde o jogador segura a raquete. Para um jogador canhoto, por exemplo, o backhand fica em seu lado direito.",
21746,"forehand stroke","a return made with the palm of the hand facing the direction of the stroke as in tennis or badminton or squash.",1356,Individual_moves,83,"golpe de frente","Um retorno feito com a palma da mão voltada para a direção do golpe, como no tênis, badminton ou squash.",
21747,"forehand shot","a return made with the palm of the hand facing the direction of the stroke as in tennis or badminton or squash.",1356,Individual_moves,83,"tiro de forehand","Um retorno feito com a palma da mão voltada para a direção do golpe como no tênis, badminton ou squash.",
21749,turn,"a movement around the body axis.",1356,Individual_moves,83,virar,"movimento em torno do eixo corporal.",
21755,crawl,"in swimming, it is the movement in which the swimmer, on his front, gives three strokes and turns his head to the side for breathing. This swimming style is also known as freestyle and the legs swing up and down alternately.",1356,Individual_moves,83,rastejar,"No nado, é o movimento em que o nadador, de frente, dá três braçadas e vira a cabeça para o lado para respirar. Este estilo de nado também é conhecido como livre e as pernas balançam para cima e para baixo alternadamente.",
21756,"front crawl","in swimming, it is the movement in which the swimmer, on his stomach, takes three strokes and turns his head to the side to breathe. This style of swimming is also known as freestyle and the legs swing up and down alternately.",1356,Individual_moves,83,"nado de peito","No nado, é o movimento no qual o nadador, de barriga para baixo, faz três braçadas e vira a cabeça para o lado para respirar. Este estilo de nado também é conhecido como crawl e as pernas balançam para cima e para baixo alternadamente.",
21757,"australian crawl","a swimming stroke; in which arms are moved alternately overhead accompanied by a flutter kick.",1356,Individual_moves,83,"nado livre australiano","O nado peito; no qual os braços são movidos alternadamente por cima da cabeça acompanhado de um batimento das pernas.",
21758,"forward crawl","in swimming, it is the movement in which the swimmer, on his front, gives three strokes and turns his head to the side for breathing. This swimming style is also known as freestyle and the legs swing up and down alternately.",1356,Individual_moves,83,"crawling de frente","No nado, é o movimento no qual o nadador, de frente, dá três braçadas e vira a cabeça para o lado para respirar. Este estilo de nado também é conhecido como crawl e as pernas balançam para cima e para baixo alternadamente.",
21763,progress,"in handball, it is the action of moving around the court, moving from place to place, in possession of the ball, obeying the rules of the game with regard to reverence for handling the ball.",1356,Individual_moves,83,progresso,"No handebol, é a ação de se movimentar pelo campo, se deslocando de um lugar para outro, com a posse da bola, obedecendo às regras do jogo em relação à reverência ao manuseio da bola.",
21764,roll,"it consists of performing a circular movement with an axis in the abdomen, keeping on the back in a transversal way. It is also about moving a spherical or cylindrical sports equipment.",1356,Individual_moves,83,rolar,"É composto por realizar um movimento circular com um eixo no abdômen, mantendo-se de costas em uma posição transversal. Também envolve mover um equipamento esportivo esférico ou cilíndrico.",
28234,run-up,"the act of moving quickly, alternating short jumps with both feet.",1356,Individual_moves,83,run-up,"O ato de se mover rapidamente, alternando saltos curtos com os dois pés.",
28235,run,"the  act to move quickly, alternating short jumps with both feet.",1356,Individual_moves,83,correr,"o ato de se mover rapidamente, alternando saltos curtos com ambos os pés.",
28237,"leap off","the action of getting off the ground through the thrust of the feet and legs.",1356,Individual_moves,86,"saltar de uma vez","o ato de se levantar do chão através da força dos pés e pernas.",
28251,"goal kick","in football, it is the kick given by the goalkeeper to put back in the game the ball that came out of the goal line when in possession of the attacking team. In handball, it occurs when, before reaching the end of the line, the ball has been touched last by a player of the attacking team or the goalkeeper of the defending team within their goal area. In waterpolo, it is a kind of goal kick taken at the two-meter line.",1356,Individual_moves,83,"chute do goleiro","No futebol, é o chute dado pelo goleiro para colocar de volta no jogo a bola que saiu da linha do gol quando em posse do time atacante. No handebol, ocorre quando, antes de atingir a linha final, a bola foi tocada pela última vez por um jogador do time atacante ou pelo goleiro do time defensor dentro de sua área do gol. No polo aquático, é um tipo de chute de meta feito na linha dos dois metros.",
28258,scoop,"in field hockey, it is also called a push and can be understood as a last-minute turn of the wrists to get the ball off the ground.",1356,Individual_moves,83,Scoop,"No hóquei em campo, também é chamado de ""push"" e pode ser entendido como uma última volta dos pulsos para tirar a bola do chão.",
28259,push,"in field hockey, it is also called a push and can be understood as a last-minute turn of the wrists to get the ball off the ground.",1356,Individual_moves,83,empurrar,"No hóquei em campo, também é chamado de ""push"" e pode ser entendido como um movimento de pulso de última hora para tirar a bola do chão.",
28299,"corner kick","a free kick from the corner awarded to the other side when a player has sent the ball behind his own goal line.",1356,Individual_moves,83,"chute de canto","uma cobrança de falta direta concedida quando um jogador envia a bola atrás da linha do próprio gol.",
28940,"goalie kick","In football, it is the kick given by the goalkeeper to put back in the game the ball that came out of the goal line when in possession of the attacking team. In handball, it occurs when, before reaching the end of the line, the ball has been touched last by a player of the attacking team or the goalkeeper of the defending team within their goal area. In waterpolo, it is a kind of goal kick taken at the two-meter line.",1356,Individual_moves,83,"chute do goleiro","No futebol, é o chute dado pelo goleiro para colocar de volta no jogo a bola que saiu da linha do gol quando em posse do time atacante. No handebol, ocorre quando, antes de atingir a linha final, a bola foi tocada pela última vez por um jogador do time atacante ou pelo goleiro do time defensor dentro de sua área de meta. No polo aquático, é um tipo de chute de meta realizado na linha dos dois metros.",
29182,deliver,"in sports in general, it is to propel a sports equipment with force through the air by a movement of the arm and hand into a given direction with force.",1356,Individual_moves,86,entregue,"No geral dos esportes, é projetar um equipamento esportivo com força pelo ar por meio de um movimento do braço e da mão em uma determinada direção com força.",
29185,throwing,"in sports in general, it is the movement of propelling sports equipment into a given direction with force.",1356,Individual_moves,83,lançando,"No geral dos esportes, é o movimento de propulsão de equipamentos esportivos em uma direção específica com força.",
29186,throw,"in sports in general, it is the movement of propelling sports equipment into a given direction with force.",1356,Individual_moves,83,arremessar,"No geral dos esportes, é o movimento de propulsão de equipamentos esportivos em uma direção específica com força.",
29189,put,"in sports in general, it is the movement of propelling sports equipment into a given direction with force.",1356,Individual_moves,83,colocar,"No geral dos esportes, é o movimento de propulsão de equipamentos esportivos em uma direção específica com força.",
29458,lift,"pick up and move to a higher different position.",1356,Individual_moves,86,elevá-lo,"Pegue e mova-se para uma posição diferente mais elevada.",
29460,snatch,"in weightlifting, contestants must lift the barbell directly from the floor to above their head in one movement.",1356,Individual_moves,83,apreender,"No levantamento de peso, os competidores devem levantar o barra de peso diretamente do chão até acima da cabeça em um único movimento.",
29477,"ride up","in surf, it is a move upward out of its proper position.",1356,Individual_moves,86,"Andar de bicicleta","Em surfe, é um movimento ascendente fora de sua posição correta.",
31037,race,"the act to move quickly, alternating short jumps with both feet.",1356,Individual_moves,83,raça,"o ato de se mover rapidamente, alternando saltos curtos com os dois pés.",
31097,lift,"the act of removing sports equipment from a surface.",1356,Individual_moves,83,elevar,"A remoção de equipamentos esportivos de uma superfície.",
31161,hit,"the act of coming into contact with some sports equipment.",1356,Individual_moves,83,acertar,"O ato de entrar em contato com algum equipamento esportivo.",
31227,vault,"to leap or spring while supporting or propelling oneself with one or both hands or with the help of a pole.",1356,Individual_moves,86,cofre,"Salto ou salto enquanto se apoia ou impulsiona com uma ou ambas as mãos ou com a ajuda de um bastão.",
31228,vault,"it is the act of leaping or springing while supporting or propelling oneself with one or both hands or with the help of a pole.",1356,Individual_moves,83,cofre,"É o ato de pular ou saltar enquanto se sustenta ou impulsiona com uma ou ambas as mãos ou com a ajuda de um pau.",
31232,breakaway,"in cycling, it is when a cyclist increases the pace to escape a peloton.",1356,Individual_moves,83,quebra,"No ciclismo, é quando um ciclista aumenta o ritmo para escapar de um pelotão.",
31274,"scissor kick","a move in football in which the player leans his body back in the air, supporting himself with one leg, placing the other above the head region. Thus, the player hits the ball in an air launch.",1356,Individual_moves,83,"Chute de tesoura","Um movimento no futebol no qual o jogador inclina seu corpo para trás no ar, se apoiando em uma perna, colocando a outra acima da região da cabeça. Assim, o jogador acerta a bola em um lançamento aéreo.",
31275,"bicycle kick","a move in football in which the player leans his body back in the air, supporting himself with one leg, placing the other above the head region. Thus, the player hits the ball in an air launch.",1356,Individual_moves,83,"chute de bicicleta","Uma jogada no futebol na qual o jogador inclina seu corpo para trás no ar, apoiando-se em uma perna, colocando a outra acima da região da cabeça. Assim, o jogador acerta a bola em um lançamento aéreo.",
31276,"overhead kick","a move in football in which the player leans his body back in the air, supporting himself with one leg, placing the other above the head region. Thus, the player hits the ball in an air launch.",1356,Individual_moves,83,"chute de voleio","A jogada no futebol em que o jogador inclina seu corpo para trás no ar, se apoiando em uma perna, colocando a outra acima da região da cabeça. Assim, o jogador acerta a bola em um lançamento aéreo.",
31281,swim,"an act or period of swimming.",1356,Individual_moves,83,Nadar,"um ato ou período de natação.",
31302,backstroke,"in swimming, it is the style in which swimmers swim on their backs.",1356,Individual_moves,83,"nado de costas","nado costas",
31306,"back crawl","in swimming, it is the style in which swimmers swim on their backs.",1356,Individual_moves,83,"nado de costas","nado livre, é o estilo em que os nadadores nadam de costas.",
31307,fly,"in swimming, it is the style with the shoulders aligned to the water surface, the swimmer makes the simultaneous movement of the arms. The aligned legs also go up and down simultaneously.",1356,Individual_moves,83,voar,"No nado, é o estilo com os ombros alinhados à superfície da água, o nadador faz o movimento simultâneo dos braços. As pernas também se alinham e fazem o movimento ascendente e descendente ao mesmo tempo.",
31315,scissors,"type of jump in which, when jumping, the front leg is raised over the bar and then the other leg.",1356,Individual_moves,83,tesouras,"tipo de salto em que, ao pular, a perna da frente é levantada sobre a barra e então a outra perna.",
31316,"scissor jump","type of jump in which, when jumping, the front leg is raised over the bar and then the other leg.",1356,Individual_moves,83,"pulo com tesoura","tipo de salto em que, ao pular, a perna da frente é levantada sobre a barra e então a outra perna.",
31322,jump,"the act of jumping. Propelling yourself off the ground.",1356,Individual_moves,83,pular,"O ato de pular. Impulsionar-se do chão.",
31581,sink,"immerse a part of the body, the whole body or sports equipment in the water.",1356,Individual_moves,86,afogar-se,"Imersão de parte do corpo, do corpo inteiro ou de equipamentos esportivos na água.",
31584,hold,"hold sports equipment with your hands.",1356,Individual_moves,83,prender,"Segure equipamentos esportivos com as mãos.",
31587,grab,"hold sports equipment with your hands.",1356,Individual_moves,83,agarrar,"Segure equipamentos esportivos com as mãos.",
31592,"get a rebound","a move in which the athlete tries to score a point a second time, after the ball has been defended or has hit the post or hoop.",1356,Individual_moves,86,"Fazer um retorno","Um movimento no qual o atleta tenta marcar um ponto pela segunda vez, depois que a bola foi defendida ou bateu no poste ou na cesta.",
31593,"pick up a rebound","a move in which the athlete tries to score a point a second time, after the ball has been defended or has hit the post or hoop.",1356,Individual_moves,86,"Pegar um rebote","Um movimento no qual o atleta tenta marcar um ponto pela segunda vez, depois que a bola foi defendida ou bateu na trave ou no aro.",
31596,"back swing","in golf, it is the rotation movement that the body makes backwards before the swing.",1356,Individual_moves,83,"swing de trás","No golfe, é o movimento de rotação que o corpo faz para trás antes do swing.",
31597,"backhand clear","in badminton, the player's movement in which he, with his back to the net, throws the shuttle to the side of the opponent's court.",1356,Individual_moves,83,"backhand limpo","No badminton, o movimento do jogador no qual ele, de costas para a rede, arremessa a raquete para o lado da quadra do oponente.",
