idLU,lemmaName(en),senseDescription(en),idFrame,frameName,idPOS,lemmaName(pt),senseDescription(pt),idLemma(pt)
13927,argue,"COD: exchange diverging or opposite views heatedly. ",447,Quarreling,86,argumentar,"COD: trocar pontos de vista divergentes ou opostos de forma acalorada.",
13932,bickering,"FN: pointless argument.",447,Quarreling,83,Discutir,"FN: argumento inútil.",
13933,disagreement,"FN: a quarrel.",447,Quarreling,83,desacordo,"FN: uma briga.",
13934,dispute,"COD: a disagreement or argument",447,Quarreling,83,litígio,"COD: uma discordância ou argumento",
13935,disputation,"COD: debate or argument. ",447,Quarreling,83,disputação,"COD: debate ou argumento.",
13937,fight,"FN: an argument.",447,Quarreling,83,lutar,"FN: um argumento.",
13939,quibble,"COD: argue about a trivial matter. ",447,Quarreling,86,quibbe,"COD: discuta sobre um assunto trivial.",
13940,row,"COD: an acrimonious quarrel.",447,Quarreling,83,"barco"" ou ""embarcação","COD: uma discussão amarga.",
13942,spat,"COD: a petty quarrel.",447,Quarreling,83,espata,"COD: uma briga mesquinha.",
13945,tiff,"COD: a quarrel. ",447,Quarreling,83,tifa,"COD: uma briga.",
13946,wrangle,"COD: engage in a wrangle.",447,Quarreling,86,"Discutir vigorosamente sobre algo; discutir acaloradamente.","COD: envolver-se em uma briga.",
13947,wrangling,"FN: intense indecisive disagreement.",447,Quarreling,83,Discórdia,"FN: intensa discordância indecisa.",
13948,wrangle,"COD: a long and complicated dispute or argument.",447,Quarreling,83,"Discutir vigorosamente sobre algo","COD: uma longa e complicada disputa ou argumento.",
13949,scold,"COD: angrily remonstrate with or rebuke. ",448,Judgment_direct_address,86,repreender,"COD: indignar-se e protestar ou repreender.",
13950,upbraid,"COD: scold or reproach. ",448,Judgment_direct_address,86,repreender,"COD: repreender ou repreender.",
13953,rebuke,"COD: criticize or reprimand sharply. ",448,Judgment_direct_address,86,reprovar,"COD: crítica ou repreensão severa.",
13954,rebuke,"COD: a sharp criticism. ",448,Judgment_direct_address,83,reprimenda,"COD: uma crítica aguda.",
13955,jeer,"COD: make rude and mocking remarks at someone. ",448,Judgment_direct_address,86,"Jeer"" em português é ""uau"".","COD: fazer comentários grosseiros e sarcásticos sobre alguém.",
13956,jeer,"COD: a rude and mocking remark. ",448,Judgment_direct_address,83,"Jeer"" em português é ""uau"".","COD: um comentário rude e sarcástico.",
13957,compliment,"COD: a polite expression of praise or admiration.",448,Judgment_direct_address,83,elogie,"COD: uma expressão educada de elogio ou admiração.",
13958,compliment,"COD: politely congratulate or praise (someone)",448,Judgment_direct_address,86,complimento,"COD: felicitar ou elogiar educadamente (alguém)",
13960,chastise,"COD: reprimand severely. ",448,Judgment_direct_address,86,chastise,"COD: reprime severamente.",
13962,castigation,"COD: a severe reprimand",448,Judgment_direct_address,83,castigação,"COD: uma severa repreensão",
13963,berate,"COD: scold or criticize angrily.",448,Judgment_direct_address,86,berate,"COD: repreender ou criticar com raiva.",
13964,admonish,"COD: reprimand firmly",448,Judgment_direct_address,86,admonish,"COD: repreender firmemente",
13965,admonishment,"FN: reprimand.",448,Judgment_direct_address,83,admonição,"FN: repreensão.",
13967,reprimand,"COD: a formal expression of disapproval. ",448,Judgment_direct_address,83,reprimand,"COD: uma expressão formal de desaprovação.",
13968,reprimand,"COD: address a reprimand to. ",448,Judgment_direct_address,86,reprimand,"COD: endireite uma repreensão para.",
13969,castigatory,"FN: serving to reprimand severely",448,Judgment_direct_address,84,castigatório,"FN: servindo para reprimir severamente",
13970,reproach,"COD: express to (someone) one' s disapproval of or disappointment in their actions.",448,Judgment_direct_address,86,Repreensão,"COD: expressão de desaprovação ou desapontamento em relação às ações de alguém.",
13971,harangue,"COD: criticize at length in an aggressive and hectoring manner",448,Judgment_direct_address,86,harangue,"COD: crítica extensivamente de uma maneira agressiva e mandona",
13972,reprove,"COD: rebuke or reprimand.",448,Judgment_direct_address,86,reprovar,"COD: repreensão ou repreensão.",
13973,reproof,"COD: a rebuke or reprimand. ",448,Judgment_direct_address,83,reprovação,"COD: uma repreensão ou repreensão.",
13974,"take to task","COD: reprimand or criticize someone",448,Judgment_direct_address,86,"tomar por tarefa","Reprimenda ou critica alguém",
13976,"telling off","FN: an event of chastizement.",448,Judgment_direct_address,83,reprimenda,"FN: um evento de castigação.",
13977,tongue-lashing,"COD: a loud or severe scolding.",448,Judgment_direct_address,83,scolder,"COD: um repreensão forte ou severa.",
13979,talking-to,"FN: (with various verbs; us. from a superior to an inferior) speech intended to criticize and correct behavior.",448,Judgment_direct_address,83,"falar com","FN: (com vários verbos; us. de um superior para um inferior) discurso destinado a criticar e corrigir o comportamento.",
13980,"give shit","FN: (extremely informal; with addressee as direct object) criticize. ",448,Judgment_direct_address,86,"dar merda","FN: (informal; com o destinatário como objeto direto) criticar.",
13983,tied,"FN: related to in some respect.",449,Cognitive_connection,84,amarrado,"FN: relacionado de alguma forma.",
13984,connected,"FN: being related in some respect",449,Cognitive_connection,84,conectado,"FN: estar relacionado de alguma forma",
13985,related,"FN: connotated or connected; reminding of",449,Cognitive_connection,84,relacionado,"FN: conotado ou conectado; lembrando de",
13988,"identify with","FN: Experience a mental connection with something.  ",449,Cognitive_connection,86,"identificar-se com","FN: Experimente uma conexão mental com algo.",
13989,"have to do","FN: be related (to).",449,Cognitive_connection,86,"tem que fazer","FN: estar relacionado (a).",
13991,woo,"COD:  try to gain the love of (a woman).",450,Forming_relationships,86,Sussurrar,"COD: tente conquistar o amor de (uma mulher).",
13993,betroth,"FN: to promise someone in marriage to someone else.",450,Forming_relationships,86,betrocar,"FN: prometer alguém em casamento a outra pessoa.",
14002,"tie the knot","FN: to get married",450,Forming_relationships,86,"Amarrar os nós","FN: casar-se",
14004,wed,"COD: marry. ",450,Forming_relationships,86,casar-se,"COD: casar.",
14007,engagement,"COD: a formal agreement to get married.",450,Forming_relationships,83,compromisso,"COD: um acordo formal para se casar.",
14009,stingy,"COD: mean; ungenerous. ",451,Stinginess,84,avarento,"COD: significa; ingrato.",
14010,mean,"COD: unwilling to give or share money. ",451,Stinginess,84,significar,"COD: Indisposta a dar ou compartilhar dinheiro.",
14011,lavish,"COD: giving or given in profusion.",451,Stinginess,84,lavish,"COD: dando ou dado em abundância.",
14012,lavish,"COD: bestow or cover in generous or extravagant quantities.",451,Stinginess,86,lavish,"COD: abençoar ou cobrir com generosidade ou em quantidades extravagantes.",
14013,miserliness,"FN: the quality characteristic of a miser; the state of being a miser",451,Stinginess,83,avarentismo,"FN: a característica de qualidade de um misantropo; o estado de ser um misantropo",
14014,miser,"COD: a person who hoards wealth and spends very little. ",451,Stinginess,83,miser,"COD: uma pessoa que acumula riqueza e gasta muito pouco.",
14015,hoard,"FN: be reluctant to use or give away.",451,Stinginess,86,hoardar,"FN: ser relutante em usar ou dar.",
14016,miserly,"COD: of or characteristic of a miser. ",451,Stinginess,84,avarento,"COD: de ou característica de um misantropo.",
14017,niggardliness,"FN: the quality or state of being niggardly",451,Stinginess,83,avarentismo,"FN: a qualidade ou estado de ser avarento",
14018,niggardly,"COD: ungenerous. ",451,Stinginess,84,avarento,"COD: avarento.",
14019,ungenerous,"COD: not generous; mean. ",451,Stinginess,84,ungênero,"COD: não generoso; mesquinho.",
14023,dilate,"FN: become wider, larger, or more open.",452,Expansion,86,Dilatar,"FN: tornar-se mais largo, maior ou mais aberto.",
14024,enlargement,"COD: the action or state of enlarging or being enlarged. ",452,Expansion,83,aumento,"COD: a ação ou estado de alargar ou estar alargado.",
