idLU,lemmaName(en),senseDescription(en),idFrame,frameName,idPOS,lemmaName(pt),senseDescription(pt),idLemma(pt)
6808,harass,"COD: torment by subjecting to constant interference or intimidation",85,Manipulate_into_doing,86,assediar,"COD: tormento submetendo-se à interferência ou intimidação constante",123657
6810,cajole,"COD: persuade (someone) to do something by sustained coaxing or flattery",85,Manipulate_into_doing,86,Convencer,"COD: persuadir alguém a fazer algo por meio de insistência ou lisonja sustentadas",125360
6811,bully,"COD: intimidate",85,Manipulate_into_doing,86,bullying,"COD: intimidar",70295
6813,dupe,"COD: deceive; trick.",85,Manipulate_into_doing,86,Dupla,"COD: enganar; enganar.",767
6819,altercation,"FN: an angry dispute",86,Hostile_encounter,83,alteração,"FN: uma disputa furiosa",12911
6820,duel,"COD: (chiefly historical) a pre-arranged contest with deadly weapons between two people to settle a point of honour",86,Hostile_encounter,83,duelo,"COD: (principalmente histórico) uma disputa pré-arranjada com armas mortais entre duas pessoas para resolver um ponto de honra",1227
6825,bout,"FN: a contest between antagonists",86,Hostile_encounter,83,botão,"FN: uma disputa entre antagonistas",697
6835,battle,"COD: fight or struggle tenaciously with an enemy or to achieve something. ",86,Hostile_encounter,86,luta,"COD: lutar ou lutar tenaciosamente com um inimigo ou para alcançar algo.",1225
6836,duel,"COD: fight a duel",86,Hostile_encounter,86,duelo,"COD: lutar um duelo",1227
6838,brawl,"COD: take part in a brawl",86,Hostile_encounter,86,briga,"COD: participar de uma briga",39
6839,skirmish,"COD: engage in a minor conflict or fight",86,Hostile_encounter,86,escolha,"COD: envolver-se em um conflito ou luta menor",20
6840,scuffle,"COD: engage in a scuffle",86,Hostile_encounter,86,briga,"COD: se envolver em uma briga",39
6841,confront,"COD: stand or meet face to face with hostile intent. ",86,Hostile_encounter,86,enfrentar,"COD: ficar de pé ou encontrar cara a cara com intenção hostil.",120698
6843,war,"COD: engage in a war",86,Hostile_encounter,86,guerra,"COD: entrar em guerra",11007
6844,gunfight,"COD: a fight involving an exchange of fire with guns. ",86,Hostile_encounter,83,tiroteio,"COD: uma luta que envolve um tiroteio com armas de fogo.",34768
6845,shootout,"COD: informal a decisive gun battle. ",86,Hostile_encounter,83,tiroteio,"COD: uma batalha decisiva com armas de fogo.",34768
6860,struggle,"FN: to fight against an enemy or some kind of feature, esp. when the odds of victory are slim",86,Hostile_encounter,86,luta,"FN: lutar contra um inimigo ou algum tipo de característica, especialmente quando as chances de vitória são escassas",1225
6862,engage,"FN: fight (esp. as a military action)",86,Hostile_encounter,86,envolver,"FN: luta (esp. como uma ação militar)",120771
6867,snitch,"FN: to take something (usually of little value) away illegally.",87,Theft,86,espião,"FN: roubar algo (geralmente de pouco valor).",9082
6870,lift,"COD: (informal) steal.",87,Theft,86,elevar,"COD: (informal) roubar.",120683
6883,snatch,"COD: steal or kidnap by seizing suddenly",87,Theft,86,apreender,"COD: roubar ou sequestrar por apreensão súbita",120946
