idLU,lemmaName(en),senseDescription(en),idFrame,frameName,idPOS,lemmaName(pt),senseDescription(pt),idLemma(pt)
17196,durable,"FN: the capability to resist wear, decay, etc.; enduring",1392,Level_of_force_resistance,84,durável,"FN: a capacidade de resistir ao desgaste, à deterioração, etc.; durável",73364
17206,flexible,"FN: capable of being bent (usually without breaking)",1392,Level_of_force_resistance,84,flexível,"FN: capaz de ser dobrado (geralmente sem quebrar)",82135
31030,supple,"Wiki: pliant, flexible, easy to bend",1392,Level_of_force_resistance,84,suave,"Wiki: dobrável, flexível, fácil de dobrar",73196
34128,solid,"Resistant, capable of enduring high amounts of damage.",1392,Level_of_force_resistance,84,sólido,"Resistente, capaz de suportar grandes quantidades de dano.",92126
18560,faction,"FN: a subgroup sharing opinions or goals which differ from those of the larger group, especially, such a group within a political party.",1393,Offshoot,83,fação,"FN: um subgrupo que compartilha opiniões ou objetivos diferentes dos do grupo maior, especialmente, tal grupo dentro de um partido político.",70289
18562,sect,"FN: a subgroup within a religion based on different beliefs from the majority, usually leading to a separate organization. 
<ex>Christianity began as a Jewish sect.</ex>",1393,Offshoot,83,setor,"FN: um subgrupo dentro de uma religião baseado em crenças diferentes da maioria, geralmente levando a uma organização separada.
<ex>O Cristianismo começou como uma seita judaica.</ex>",542
13529,prevent,"COD: keep from happening or arising. ",1395,Preventing_or_letting,86,prevenir,"COD: manter de acontecer ou surgir.",132963
13534,"stave off","FN: prevent something bad or dangerous.",1395,Preventing_or_letting,86,afastar,"FN: prevenir algo ruim ou perigoso.",120928
13535,check,"FN: stop the progress of something.",1395,Preventing_or_letting,86,verificar,"FN: interromper o progresso de algo.",121219
13539,prohibit,"COD: prevent.",1395,Preventing_or_letting,86,proibir,"COD: prevenir.",120732
13540,stop,"FN: prevent an event from occurring.",1395,Preventing_or_letting,86,parar,"FN: prevenir um evento de ocorrer.",116969
13542,keep,"FN: prevent (focusing on the previous state).",1395,Preventing_or_letting,86,manter,"FN: prevenir (com foco no estado anterior).",117299
30736,prevent,"COD: keep from happening or arising. ",1395,Preventing_or_letting,86,prevenir,"COD: manter de acontecer ou surgir.",132963
30741,"stave off","FN: prevent something bad or dangerous.",1395,Preventing_or_letting,86,desviar,"FN: prevenir algo ruim ou perigoso.",120820
30742,check,"FN: stop the progress of something.",1395,Preventing_or_letting,86,verificar,"FN: interromper o progresso de algo.",121219
30746,prohibit,"COD: prevent.",1395,Preventing_or_letting,86,proibir,"COD: prevenir.",120732
17175,starve,"FN: render someone totally without a desired possession or state-of-affairs.",1396,Prevent_or_allow_possession,86,fome,"FN: deixar alguém totalmente sem um objeto ou estado desejado.",9403
15460,advance,"FN: make progress",1397,Progression,86,avanço,"FN: fazer progresso",14530
15470,improve,"FN: to become better",1397,Progression,86,melhorar,"FN: para se tornar melhor",116965
