idLU,lemmaName(en),senseDescription(en),idFrame,frameName,idPOS,lemmaName(pt),senseDescription(pt),idLemma(pt)
6904,cop,"FN: steal, nab.",87,Theft,86,copa,"FN: roubar, capturar.",215
6906,bag,"FN: to take property without permission",87,Theft,86,sacola,"FN: tomar propriedade sem permissão",32781
6908,"make off","FN: steal, usually by surreptitiously picking up an item and then walking away with it hidden.",87,Theft,86,Fugir,"FN: roubar, geralmente pegando furtivamente um item e depois se afastando com ele escondido.",117347
6912,rich,"COD: having (something) in large amounts. ",88,Position_on_a_scale,84,rico,"COD: ter (algo) em grandes quantidades.",71103
6913,deficient,"COD: insufficient or inadequate. ",88,Position_on_a_scale,84,deficiente,"COD: insuficiente ou inadequado.",74009
6915,advanced,"COD: complex; not elementary. ",88,Position_on_a_scale,84,avançado,"COD: complexo; não elementar.",73460
6916,medium,"COD: between two extremes; average.",88,Position_on_a_scale,84,meio,"COD: entre dois extremos; média.",85577
6917,poor,"FN: having a low or insufficient amount (of something)",88,Position_on_a_scale,84,pobre,"FN: ter uma quantidade baixa ou insuficiente (de algo)",73444
6928,growth,"FN: the act of moving up on a scale",89,Cause_change_of_position_on_a_scale,83,crescimento,"FN: o ato de subir em uma escala",6653
6930,diminish,"FN: to make  less.",89,Cause_change_of_position_on_a_scale,86,diminuição,"FN: para fazer menos.",19803
6931,cut,"COD: reduce the amount or quantity of",89,Cause_change_of_position_on_a_scale,86,cortar,"COD: reduzir a quantidade ou quantidade de",116888
6933,move,"FN: cause the position to change",89,Cause_change_of_position_on_a_scale,86,mover,"FN: causar que a posição mude",120818
6935,"knock down","COD: reduce the price of an article.
",89,Cause_change_of_position_on_a_scale,86,derrubar,"COD: reduzir o preço de um artigo.",117049
6937,push,"FN: force to change position",89,Cause_change_of_position_on_a_scale,86,empurrar,"FN: força para mudar de posição",128043
6939,promote,"COD:  increase the activity of ",89,Cause_change_of_position_on_a_scale,86,promover,"COD: aumentar a atividade de",120739
6941,add,"FN: increase a value or attribute",89,Cause_change_of_position_on_a_scale,86,adicionar,"FN: aumentar um valor ou atributo",121700
6942,development,"FN: the process of growth of an entity from one position on a scale to a higher position",89,Cause_change_of_position_on_a_scale,83,desenvolvimento,"FN: o processo de crescimento de uma entidade de uma posição em uma escala para uma posição mais alta",8926
6946,drop,"FN: to make lower",89,Cause_change_of_position_on_a_scale,86,cair,"FN: fazer mais baixo",120923
6949,convince,"FN: make an impression on someone so that they believe something.",90,Eventive_cognizer_affecting,86,Convencer,"FN: fazer uma impressão em alguém de modo que eles acreditem em algo.",125360
6953,mug,"FN: an act of robbing",91,Robbery,86,copo,"FN: um ato de roubo",668
7068,engaged,"COD: having formally agreed to marry",93,Personal_relationship,84,comprometido,"COD: tendo concordado formalmente em se casar",78356
7073,single,"COD: not involved in a stable romantic or sexual relationship",93,Personal_relationship,84,único,"COD: não envolvido em um relacionamento romântico ou sexual estável",73198
7074,date,"COD: go on a date with",93,Personal_relationship,86,data,"COD: sair para um encontro com",18897
7078,mistress,"COD: a woman (other than a wife) having a sexual relationship with a married man",93,Personal_relationship,83,Mestre,"COD: uma mulher (exceto uma esposa) tendo um relacionamento sexual com um homem casado",8826
7081,court,"COD: be involved with romantically, typically with the intention of marrying",93,Personal_relationship,86,tribunal,"COD: envolver-se romanticamente, tipicamente com a intenção de casar",35175
7089,seeing,"COD: meet regularly as a boyfriend or girlfriend",93,Personal_relationship,86,ver,"COD: se reúne regularmente como namorado ou namorada",116936
7090,widow,"COD:  (passive only) to become a widow or widower",93,Personal_relationship,86,viúva,"COD: (passivo só) tornar-se viúva ou viúvo",8986
7099,chum,"COD: a close friend.",93,Personal_relationship,83,Chumbo,"COD: um amigo próximo.",17257
