idLU,lemmaName(en),senseDescription(en),idFrame,frameName,idPOS,lemmaName(pt),senseDescription(pt),idLemma(pt)
3379,"water craft","watercraft;A boat is a watercraft, usually smaller than most ships.;A watercraft designed to float or plane on, and provide transport over water.;A small vessel for travel on water.",1292,Means_of_transportation,83,"embarcação aquática","barco;Um barco é um veículo aquático, geralmente menor do que a maioria dos navios.;Um veículo aquático projetado para flutuar ou planar sobre, e fornecer transporte sobre a água.;Um pequeno veículo para viagens na água.",
3381,riverboat,"a boat used on rivers or to ply a river.",1292,Means_of_transportation,83,barco-rio,"Um barco utilizado em rios ou para navegar num rio.",
3384,tram,"a conveyance that transports passengers or freight in carriers suspended from cables and supported by a series of towers.",1292,Means_of_transportation,83,tram,"Um veículo que transporta passageiros ou carga em veículos suspensos por cabos e suportados por uma série de torres.",
3387,craft,"in English the word craft since the 17th century has denoted a vehicle or watercraft/vessel that is used for transportation on the sea, in the air or in space.",1292,Means_of_transportation,83,artefato,"A palavra ""craft"" em inglês desde o século XVII tem denotado um veículo ou embarcação/embarcação usada para transporte no mar, ar ou espaço.",
3388,trainset,"a train is a form of rail transport consisting of a series of vehicles that usually runs along a rail track to transport cargo or passengers although magnetic levitation trains that float above the track exist too.",1292,Means_of_transportation,83,"conjunto de treinamento","Um trem é um tipo de transporte ferroviário que consiste em uma série de veículos que normalmente corre ao longo de uma via férrea para transportar carga ou passageiros, embora também existam trens de levitação magnética que flutuam acima da via férrea.",
3390,"sailing ship","a vessel that is powered by the wind; often having several masts.",1292,Means_of_transportation,83,"navio a vela","Um navio que é movido pelo vento; geralmente tendo vários mastros.",
3391,sailboat,"very fast sailing ship of the 19th century.",1292,Means_of_transportation,83,"barco à vela","Navio de vela muito rápida do século XIX.",
19952,"taxi service",,1292,Means_of_transportation,83,"serviço de táxi",,
19953,"air taxi",,1292,Means_of_transportation,83,"taxis aéreos",,
21926,"jet airliner","A large jet plane that carries passengers;",1292,Means_of_transportation,83,"jato comercial","Um grande avião a jato que transporta passageiros;",
21928,autogyro,"An aircraft that is supported in flight by unpowered rotating horizontal wings (or blades); forward propulsion is provided by a conventional propeller;",1292,Means_of_transportation,83,autogiro,"Um avião que é suportado em voo por asas horizontais giratórias (ou pás) não alimentadas; a propulsão para frente é fornecida por uma hélice convencional.",
21929,"underground railway","An electric passenger railway operated in underground tunnels.;",1292,Means_of_transportation,83,"ferrovia subterrânea","Um trem elétrico de passageiros operava em túneis subterrâneos.",
21933,"rapid transit","An underground railway.;An underground railway, especially for mass transit of people in urban areas.;The London Underground railway system, originally referred to the lower level lines that ran in tubular tunnels as opposed to the higher ones which ran in rectangular section tunnels. (Often the tube.);An electric railway operating below the surface of the ground (usually in a city);",1292,Means_of_transportation,83,"transito rápido","Um trem subterrâneo; um trem subterrâneo, especialmente para o transporte de massa em áreas urbanas; o sistema de trens subterrâneos de Londres, originalmente se referia às linhas de nível inferior que corriam em túneis tubulares, em oposição às linhas de nível superior que corriam em túneis de seção retangular. (Geralmente o ""tube"".); Um trem elétrico que opera sob a superfície do solo (geralmente em uma cidade);",
21934,"underground train","An urban public transit system using underground or elevated trains;",1292,Means_of_transportation,83,"trem subterrâneo","Um sistema de transporte público urbano que utiliza trens subterrâneos ou elevados;",
21935,autobus,"A vehicle carrying many passengers; used for public transport;",1292,Means_of_transportation,83,Autobús,"Um veículo que transporta muitos passageiros; usado para transporte público;",
21937,double-decker,"A vehicle carrying many passengers; used for public transport;",1292,Means_of_transportation,83,"deck de dois níveis","Um veículo que transporta muitos passageiros; usado para transporte público;",
21938,bus,"A vehicle set up to carry many people (now usually called a bus).;A single decked long-distance, or privately hired bus.;A motorised bus, or coach;A motorised bus, or coach.;A bus that is a motor vehicle, as opposed to earlier horse-drawn buses.;A vehicle, usually a bus or coach, with two decks.;A large, long-bodied motor vehicle equipped with seating for passengers, usually operating as part of a scheduled service.;",1292,Means_of_transportation,83,autocarro,"Um veículo concebido para transportar muitas pessoas (agora geralmente chamado de autocarro).; Um autocarro de um só andar e de longa distância ou contratado privadamente.; Um autocarro motorizado, ou autocarro.; Um autocarro motorizado, ou autocarro.; Um autocarro que é um veículo motorizado, em oposição a autocarros puxados por cavalos.",
21941,"means of transport","The conveyance of people over land, water or through air by automobile, bus, train, airplane or some other means of travel.;Something that serves as a means of transportation.;The act or means of moving tangible objects (persons or goods) from place to place. Often involves the use of some type of vehicle.;",1292,Means_of_transportation,83,"meios de transporte","O transporte de pessoas por terra, água ou ar por automóvel, ônibus, trem, avião ou algum outro meio de viagem; Algo que serve como meio de transporte; A ação ou meio de mover objetos tangíveis de um lugar para outro. Frequentemente envolve o uso de algum tipo de veículo.",
25706,"tour boat","a boat used to carry passengers in a tour.",1292,Means_of_transportation,83,barco-turismo,"Um barco usado para transportar passageiros em um passeio.",
25708,chairlift,"a series of chairs hanging from a cable, used to carry people up and down a mountain.",1292,Means_of_transportation,83,teleférico,"Uma série de cadeiras penduradas em um cabo, usadas para transportar pessoas para cima e para baixo de uma montanha.",
25710,"bed wagon","a wagon that provides sleeping accomodations.",1292,Means_of_transportation,83,"cama de carga","Um vagão que oferece acomodações para dormir.",
25711,"tour bus","a bus used to carry passengers on a tour.",1292,Means_of_transportation,83,"ônibus turístico","Um ônibus usado para transportar passageiros em uma excursão.",
33545,wheelchair,"A chair fitted with wheels for use as a means of transport by a person who is unable to walk as a result of illness, injury, or disability.",1292,Means_of_transportation,83,cadeirante,"Cadeira com rodas para uso como meio de transporte por uma pessoa que não consegue andar devido a doença, lesão ou deficiência.",
1347,go,"to move towards a destination",1293,Go_places,86,vá,"mover-se em direção a um destino",
1348,stroll,"a walk taken for leisure",1293,Go_places,83,caminhar,"Uma caminhada tomada por lazer",
3076,walking,"the act of traveling by foot.",1293,Go_places,83,caminhar,"a pé",
3077,lumpered,"the act of traveling by foot.",1293,Go_places,83,lumperado,"a pé",
3081,junket,"a journey taken for pleasure.",1293,Go_places,83,"jantar de gala","Uma viagem tomada por prazer.",
3082,"pleasure trip","a journey taken for pleasure.",1293,Go_places,83,"viagem de lazer","Uma viagem tomada por prazer.",
3083,drive,"a path set aside for walking.",1293,Go_places,83,dirigir,"Um caminho reservado para caminhar.",
1377,boo,"to show disapproval of a move of an athlete or referee by making a sound.",1306,Crowd_reactions,86,"Puta que pariu!","to mostrar desaprovação de um movimento de um atleta ou árbitro fazendo um som.",
1378,cheer,"to demonstrate support for a team by making sounds or actions such as putting the hands up or clapping hands.",1306,Crowd_reactions,86,Alegre-se!,"aplaudir ou fazer gestos como colocar as mãos no ar ou bater palmas",
27850,look,"to ascertain using someone's eyes.",1306,Crowd_reactions,86,olhe,"Averiguar usando os olhos de alguém.",
27851,watch,"to see something paying attention.",1306,Crowd_reactions,86,assista,"ver algo com atenção.",
27852,roar,"to produce a long loud sound.",1306,Crowd_reactions,86,rugir,"produzir um som alto e longo.",
27855,celebrate,"to display contentment because of a given situation.",1306,Crowd_reactions,86,celebre,"Mostrar contentamento por uma determinada situação.",
27857,explode,"to react generally positively to any moves or outcome of the match.",1306,Crowd_reactions,86,explode,"reagir geralmente de forma positiva a qualquer movimento ou resultado da partida.",
3189,flaw,"something that does not achieve the intended goal. An act that does not achieve its intended goal.",1316,Infractions,83,flaw,"algo que não atinge o objetivo pretendido. Um ato que não atinge seu objetivo pretendido.",
3191,misfire,"a failure to hit. A failure to hit or meet or find etc.",1316,Infractions,83,"falha de ignição","um fracasso em acertar. Um fracasso em acertar ou encontrar ou etc.",
31073,"make a foul","to commit an infraction in which a foul is called.",1316,Infractions,83,"fazer uma falta","Cometer uma infração em que é marcado um falta.",
31046,"blow the final whistle","to mark the end of the match using a whistle.",1318,Referee_actions,86,"Apite o apito final","marcar o fim do jogo usando um apito.",
31047,"blow the starting whistle","to mark the start of the match using a whistle.",1318,Referee_actions,86,"Apite o apito de início","marcar o início do jogo usando um apito.",
31048,"blow the whistle","to grant compensation, impose a sanction or determine the start, end or suspension of the match using a whistle.",1318,Referee_actions,86,"Soar o apito","conceder compensação, impor uma sanção ou determinar o início, fim ou suspensão da partida usando um apito.",
31051,decide,"to point out the occurrence of an infraction, apply a sanction or confirm a point.",1318,Referee_actions,86,decide,"Para apontar a ocorrência de uma infração, aplicar uma sanção ou confirmar um ponto.",
