idLU,lemmaName(en),senseDescription(en),idFrame,frameName,idPOS,lemmaName(pt),senseDescription(pt),idLemma(pt)
34221,untouched,"An entity that has not been touched, or explored by humans.",485,Attributes,84,intacto,"Uma entidade que não foi tocada ou explorada por humanos.",
34247,angled,"Positioned in a certain angle.",485,Attributes,84,angulada,"Posicionada em um ângulo específico.",
34428,open-fronted,"The quality of being open on the front.",485,Attributes,84,"de frente aberta","A qualidade de ser aberto na frente.",
34439,"open minded","The characteristic of being open to new things.",485,Attributes,84,"mente aberta","A característica de ser receptivo a novas coisas.",
34961,open,"The quality of being keen to other experiences or ideas.",485,Attributes,84,abrir,"A qualidade de estar atento a outras experiências ou ideias.",
14459,thick,"COD: with opposite sides or surfaces relatively far apart. ",486,Measurable_attributes,84,gordo,"COD: com lados ou superfícies opostos relativamente distantes.",
14461,"big around","FN: having a large circumference.",486,Measurable_attributes,84,"grande em volta","FN: ter uma circunferência grande.",
14463,broad,"FN: wide",486,Measurable_attributes,84,ampla,"FN: largo",
14465,light,"FN: not heavy. ",486,Measurable_attributes,84,luz,"FN: não pesado.",
14472,breakneck,"COD: dangerously or extremely fast",487,Speed_description,84,"velocidade louca","COD: perigosamente ou extremamente rápido",
14476,quickly,"FN: in a fast manner",487,Speed_description,89,rápido,"FN: de maneira rápida",
14490,slowly,"FN: being done or happening at a slow pace.",488,Taking_time,89,lenta,"FN: estar sendo feito ou acontecendo em um ritmo lento.",
14493,quickly,"FN: in a fast manner",488,Taking_time,89,rápido,"FN: de maneira rápida",
14498,rind,"COD: a tough outer layer or covering, especially of fruit, cheese, or bacon.",489,Shaped_part,83,rindo,"COD: uma camada externa dura ou cobertura, especialmente de frutas, queijo ou bacon.",
14499,brim,"FN: the (sometimes projecting) edge or rim of a hollow vessel.",489,Shaped_part,83,brim,"FN: a (por vezes projectante) borda ou borda de um recipiente oco.",
14500,handle,"COD: the part by which a thing is held, carried, or controlled.",489,Shaped_part,83,manuseio,"COD: a parte pela qual um objeto é segurado, transportado ou controlado.",
14504,mantel,"FN: a structure of wood, marble, or stone around a fireplace",490,Architectural_part,83,mantel,"FN: uma estrutura de madeira, mármore ou pedra em volta de um fogão",
14506,rail,"COD: a bar or series of bars fixed on upright supports or attached to a wall or ceiling, serving as part of a fence or barrier or used to hang things on",490,Architectural_part,83,carril,"COD: uma barra ou série de barras fixas em suportes verticais ou anexadas a uma parede ou teto, servindo como parte de uma cerca ou barreira ou usada para pendurar coisas",
14514,landing,"FN: a section of floor from which a stairway is accessible, especially such a piece of floor between flights of stairs.",490,Architectural_part,83,pouso,"FN: uma seção de piso acessível por meio de uma escadaria, especialmente tal peça de piso entre degraus de uma escada.",
30995,chimney,"FN: part of a building that projects upwards through the roof to conduct smoke out of the building. ",490,Architectural_part,83,chaminé,"FN: parte de um edifício que se projeta para cima através do telhado para conduzir fumaça fora do edifício.",
32128,transom,"upper part of the door frame, especially of wood; lintel.",490,Architectural_part,83,Transom,"Parte superior da moldura da porta, especialmente de madeira; lintel.",
14521,oldish,"FN: somewhat old",491,Age,84,velhinho,"FN: um pouco velho",
14532,geezer,"FN: an old man",492,People_by_age,83,geezão,"FN: um velho",
14533,coot,"FN: an eccentric old man ",492,People_by_age,83,coote,"FN: um velho excêntrico",
14534,"spring chicken","COD: a young person",492,People_by_age,83,"frango de primavera","COD: uma pessoa jovem",
14536,adult,"COD: a person who is fully grown and developed or a person who has reached the age of majority.",492,People_by_age,83,adulto,"COD: uma pessoa que está totalmente crescida e desenvolvida ou uma pessoa que atingiu a maioridade.",
14541,neonate,"FN: a newborn child, especially one less than a month old.",492,People_by_age,83,neonate,"FN: um recém-nascido, especialmente um menor de um mês.",
