idLU,lemmaName(en),senseDescription(en),idFrame,frameName,idPOS,lemmaName(pt),senseDescription(pt),idLemma(pt)
14250,grill,"FN: to cook on a grill",469,Absorb_heat,86,churrasco,"FN: cozinhar em grelha",1984
14254,saute,"FN: to be fried lightly and quickly in hot oil or fat",469,Absorb_heat,86,salto,"FN: para ser frito levemente e rapidamente em óleo ou gordura quente",991
14255,steam,"FN: to become heated as a result of the application of steam",469,Absorb_heat,86,vapor,"FN: tornar-se aquecido como resultado da aplicação de vapor",35717
14256,toast,"FN: to be cooked by exposure to radient heat",469,Absorb_heat,86,torrada,"FN: ser cozido por exposição ao calor radiante",34911
14263,blast,"COD: a single loud note of a horn or whistle.",470,Sounds,83,explosão,"COD: uma única nota alta de um apito ou sino.",22039
14268,buzz,"COD: a low, continuous humming or murmuring sound, made by or similar to that made by an insect",470,Sounds,83,zumbido,"COD: um zumbido baixo e contínuo ou um murmúrio semelhante ao de um inseto",36522
14274,chuckle,"COD: a quiet or suppressed laugh.",470,Sounds,83,Risada,"COD: uma risada quieta ou suprimida.",32478
14277,clash,"COD: an instance of clashing.",470,Sounds,83,confronto,"COD: um exemplo de colisão.",17975
14278,clatter,"COD: a loud rattling sound as of hard objects falling or striking each other.",470,Sounds,83,barulho,"COD: um barulho alto e estridente, como de objetos duros caindo ou batendo uns nos outros.",9438
14283,cough,"COD: a sound of coughing",470,Sounds,83,Tosse,"COD: um som de tosse",34939
14286,drone,"COD: a low continuous humming sound.",470,Sounds,83,drone,"COD: um baixo zumbido contínuo.",71028
14290,grunt,"COD: a grunting sound.",470,Sounds,83,grunhido,"COD: um som de guincho.",23822
14298,neigh,"COD: a characteristic high whinnying sound made by a horse.",470,Sounds,83,vizinhança,"COD: um característico som alto e chiado feito por um cavalo.",36146
14299,patter,"COD: a repeated light tapping.",470,Sounds,83,padrão,"COD: um toque leve repetitivo.",9396
14300,peal,"FN: a loud sound or succession of sounds, especially of bells or laughter",470,Sounds,83,Pele,"FN: um som alto ou sucessão de sons, especialmente de sinos ou risos",29851
14302,plash,"COD: a splashing sound.",470,Sounds,83,Brilho,"COD: um som de salpicada.",7389
14337,whistle,"FN: a clear, high-pitched sound such as the one made by forcing breath through a small hole between partly closed lips, or between one' s teeth",470,Sounds,83,apito,"FN: um som claro e agudo, como o produzido ao forçar o ar através de uma pequena abertura entre lábios parcialmente fechados ou entre os dentes.",67
14344,noise,"COD: a sound, especially one that is loud, unpleasant, or disturbing.",470,Sounds,83,ruído,"COD: um som, especialmente um alto, desagradável ou perturbador.",32688
