idLU,lemmaName(en),senseDescription(en),idFrame,frameName,idPOS,lemmaName(pt),senseDescription(pt),idLemma(pt)
15879,estimation,"FN: the act of estimating (some feature' s value)",671,Estimating,83,estimação,"FN: o ato de estimar (algum valor de uma característica)",
15882,"put at","FN: to estimate something",671,Estimating,86,"colocar em","FN: estimar algo",
15887,"air force","COD: a branch of the armed forces concerned with fighting or defence in the air.",672,Military,83,"Força Aérea","COD: uma ramificação das forças armadas preocupada com a luta ou defesa no ar.",
15889,naval,"COD: of, in, or relating to a navy or navies.",672,Military,84,naval,"COD: de, em ou relacionado à marinha ou marinhas.",
15890,"armed forces","FN: the army, navy, and air force.",672,Military,83,"forças armadas","FN: o exército, a marinha e a força aérea.",
15891,military,"COD: of, relating to, or characteristic of soldiers or armed forces.",672,Military,84,militar,"COD: de, relativo a, ou caracterizando soldados ou forças armadas.",
15892,"military forces","FN: the army, navy, etc. of a nation.",672,Military,83,"forças militares","FN: o exército, a marinha, etc., de uma nação.",
15893,militia,"FN: a military force composed of citizens, as opposed to professional full-time soldiers.",672,Military,83,milícia,"FN: uma força militar composta de cidadãos, opondo-se aos soldados profissionais em tempo integral.",
15894,"national guard","FN: the branch of the armed services that functions more like a militia - is more of a reserve force, and is capable of functioning in both military and law enforcement situations",672,Military,83,"Guarda Nacional","FN: a ramificação das forças armadas que funciona mais como uma milícia - é mais de uma força reserva e é capaz de funcionar em situações tanto militares quanto de aplicação da lei",
15895,marines,"COD: a body of troops trained to serve on land or sea, in particular (in the US), the Marine Corps.",672,Military,83,Marines,"COD: um corpo de tropas treinado para servir em terra ou no mar, em especial (nos EUA), o Corpo de Fuzileiros Navais.",
15896,"coast guard","COD: a person or organization that keeps watch over coastal waters to assist people or ships in danger and to preven smuggling.",672,Military,83,"Guarda Costeira","COD: uma pessoa ou organização que vigia as águas costeiras para auxiliar pessoas ou navios em perigo e prevenir contrabando.",
15897,estimate,"COD: an approximate calculation or judgement.",673,Estimated_value,83,estimar,"COD: um cálculo ou julgamento aproximado.",
15898,estimation,"FN: approximate calculation (of a feature' s value)",673,Estimated_value,83,estimação,"FN: cálculo aproximado (do valor de uma característica)",
15900,"ballpark figure","FN: approximate value",673,Estimated_value,83,"figura aproximada","FN: valor aproximado",
15905,pull-out,"FN: withdrawal from an undertaking.",674,Withdraw_from_participation,83,recuo,"FN: retirada de uma empresa.",
15906,"beg off","COD: withdraw from a promise or undertaking.",674,Withdraw_from_participation,86,Desculpe-me.,"COD: retirar-se de uma promessa ou compromisso.",
15912,"bring about","FN: Cause goal to be accomplished.",675,Accomplishment,86,"trazer sobre","FN: Causa objetivo a ser alcançado.",
15916,submission,"FN: the act of presenting (a proposal or application) for consideration or judgement.",676,Submitting_documents,83,submissão,"FN: o ato de apresentar (uma proposta ou aplicação) para consideração ou julgamento.",
15920,file,"FN: Submit document to be placed in a file. ",676,Submitting_documents,86,arquivo,"FN: Enviar documento para ser colocado em um arquivo.",
15922,interception,"FN: the act of intercepting",677,Intercepting,83,intercepção,"FN: o ato de interceptar",
15923,resolve,"COD: settle or find a solution to.",678,Resolve_problem,86,resolve,"COD: resolver ou encontrar uma solução para.",
15924,solve,"COD: find an answer to, explanation for, or way of dealing with (a problem or mystery).",678,Resolve_problem,86,Resolvido,"COD: encontrar uma resposta para, explicação de ou maneira de lidar com (um problema ou mistério).",
15925,"work through","FN: solve, especially a difficult problem requiring several steps.",678,Resolve_problem,86,"trabalhar através de","FN: resolver, especialmente um problema difícil que requer várias etapas.",
15928,"clear up","COD: solve or explain something.",678,Resolve_problem,86,Esclareça,"COD: resolver ou explicar algo.",
15929,"do something about","FN: go about resolving a problem",678,Resolve_problem,86,"fazer algo sobre","FN: vá em frente para resolver um problema",
15930,address,"COD: think about and begin to deal with.",678,Resolve_problem,86,endereço,"COD: pense e comece a lidar com.",
15931,handle,"FN: solve a problem.",678,Resolve_problem,86,manuseio,"FN: resolver um problema.",
15932,correct,"FN: To set right",678,Resolve_problem,86,Correto,"FN: Ajustar",
15935,"get a handle","FN: (finally) bring (a problem) under control.",678,Resolve_problem,86,"pegue uma alça","FN: (finalmente) trazer (um problema) sob controle.",
15940,stipulation,"FN: demand that is part of a bargain or agreement.",680,Terms_of_agreement,83,cláusula,"FN: demanda que faz parte de um acordo ou barganha.",
15941,provision,"COD: a condition or requirement in a legal document.",680,Terms_of_agreement,83,provisão,"COD: uma condição ou requisito em um documento jurídico.",
15943,clause,"COD: a particular and separate article, stipulation, or proviso in a treaty, bill, or contract",680,Terms_of_agreement,83,cláusula,"COD: um artigo, cláusula ou condição específica e separada em um tratado, projeto de lei ou contrato",
15945,parameter,"COD: a limit or boundary which defines the scope of a particular process or activity.",680,Terms_of_agreement,83,parâmetro,"COD: um limite ou fronteira que define o escopo de um processo ou atividade específica.",
15946,spent,"COD: used up; exhausted.",681,Used_up,84,gasto,"COD: usado; esgotado.",
15947,"worn out","FN: having all ones resources exhausted",681,Used_up,84,desgastado,"FN: tendo todos os recursos esgotados",
15948,depleted,"FN: being reduced in number or quantity ",681,Used_up,84,Depreciado,"FN: estar reduzido em número ou quantidade",
15951,through,"COD: having finished an activity, relationship, etc.",681,Used_up,84,"por meio de","COD: tendo terminado uma atividade, relação, etc.",
15954,mere,"COD: that is solely, or no more or better than, what is specified.",682,Ranked_expectation,84,merece,"COD: que é apenas, ou não mais ou melhor do que, o que é especificado.",
15957,completeness,"FN: the state of being complete or the degree of completeness",683,Completeness,83,completude,"FN: o estado de ser completo ou o grau de completude",
15960,electricity,"COD: the supply of electric current to a building for heating, lighting, etc.",684,Electricity,83,eletricidade,"COD: o fornecimento de corrente elétrica para um edifício para aquecimento, iluminação, etc.",
15964,"electric power","FN: electric energy.",684,Electricity,83,"energia elétrica","FN: energia elétrica.",
15968,electrical,"COD: concerned with, operating by, or producing electricity.",684,Electricity,84,elétrica,"COD: preocupado com, operando por, ou produzindo eletricidade.",
15969,hydroelectric,"FN: related to the production of electricity by waterpower.",684,Electricity,84,Hidrelétrica,"FN: relacionado à produção de eletricidade por energia hidrelétrica.",
15970,hydroelectricity,"FN: electricity produced by water power.",684,Electricity,83,hidrelétrica,"FN: eletricidade produzida por energia hidráulica.",
15971,photoelectric,"COD: characterized by or involving the emission of electrons from a surface by the action of light.",684,Electricity,84,fotoelétrico,"COD: caracterizado por ou envolvendo a emissão de elétrons de uma superfície pela ação da luz.",
15972,photoelectricity,"FN: electricity created or affected by light.",684,Electricity,83,fotociticidade,"FN: eletricidade criada ou afetada pela luz.",
15974,"electrical power","FN: electric energy.",684,Electricity,83,"poder elétrico","FN: energia elétrica.",
15975,current,"FN: the flow of electrons providing power to electrical devices.",684,Electricity,83,atual,"FN: o fluxo de elétrons que fornece energia a dispositivos elétricos.",
15977,inactive,"FN: not participating vigorously in a particular sphere or activity.",685,Being_active,84,inativo,"FN: não participando vigorosamente em uma esfera ou atividade específica.",
15978,actively,"FN: in a way characterized by vigorous or energetic work.",685,Being_active,89,ativamente,"FN: de uma forma caracterizada por trabalho vigoroso ou energético.",
15981,emphasize,"FN: devote  relatively more attention and effort to",687,Emphasizing,86,enfatizar,"FN: dedicar relativamente mais atenção e esforço a",
15982,prioritize,"COD: designate or treat as most important.",687,Emphasizing,86,Priorize,"COD: designar ou tratar como mais importante.",
15984,"place weight","FN: attaching importance to something",687,Emphasizing,96,"peso do lugar","FN: dar importância a algo",
15985,centered,"COD: taking a specified subject as the most important element",687,Emphasizing,84,centralizado,"COD: assumindo que um sujeito especificado é o elemento mais importante",
15986,focused,"FN: directed towards or placing importance on a particular subject.",687,Emphasizing,84,focado,"FN: direcionado para ou colocando ênfase em um assunto específico.",
