idLU,lemmaName(en),senseDescription(en),idFrame,frameName,idPOS,lemmaName(pt),senseDescription(pt),idLemma(pt)
34153,get,"To ingest something.",238,Ingestion,86,obter,"Ingerir algo.",117118
34160,feed,"To provide sustenance for another entity.",238,Ingestion,86,alimentação,"Fornecer sustento para outra entidade.",9434
10328,kip,"COD:  sleep",239,Sleep,86,cabo,"COD: sono",688
10337,kip,"COD:  1. a sleep; a nap. ",239,Sleep,83,cabo,"COD: 1. o sono; uma soneca.",688
10350,dice,"COD: Cut (food) into small cubes.",240,Cutting,86,dado,"COD: Corte (alimento) em cubos pequenos.",37658
10352,cube,"COD: cut (food) into small cubes. ",240,Cutting,86,cubo,"COD: corte (comida) em pequenos cubos.",18645
10354,fillet,"COD: cut (fish or meat) into fillets. ",240,Cutting,86,filete,"COD: corte (peixe ou carne) em filés.",22483
10361,bungle,"COD: carry out (a task) clumsily or incompetently.",241,Bungling,86,desastre,"COD: executar (uma tarefa) de forma desajeitada ou incompetente.",247
10363,ruin,"FN: to screw something up irreparably. ",241,Bungling,86,ruína,"FN: estragar algo de forma irreparável.",9449
10367,screw-up,"COD: a situation that has been completely mismanaged or mishandled ",241,Bungling,83,falha,"COD: uma situação que foi completamente mal administrada ou mal tratada",972
10368,mess-up,"FN: a minor mistake.",241,Bungling,83,bagunça,"FN: um pequeno erro.",9440
10370,screw-up,"FN: a person who habitually makes mistakes",241,Bungling,83,falha,"FN: uma pessoa que costuma cometer erros",972
10377,bumble,"COD:  act or speak in an awkward or confused manner. ",241,Bungling,86,zumbido,"COD: agir ou falar de maneira estranha ou confusa.",36522
10380,stumble,"FN: make a mistake or repeated mistakes",241,Bungling,86,tropeçar,"FN: cometer um erro ou cometer erros repetidas vezes",134909
10381,bollix,"FN: accidentally cause to be in an undesirable state.",241,Bungling,86,merda,"FN: causar acidentalmente estar em um estado indesejável.",7991
10383,"botch up","FN: carry out a task without getting the desired result.",241,Bungling,86,Estragar,"FN: executar uma tarefa sem obter o resultado desejado.",129835
30966,error,"FN: an action that does not achieve a desirable goal.",241,Bungling,83,erro,"FN: uma ação que não atinge um objetivo desejável.",6619
30967,mistake,"FN: an action that produces undesirable consequences.",241,Bungling,83,erro,"FN: uma ação que produz consequências indesejáveis.",6619
34194,mix,"An error that occurs while amalgamating two or more entities while trying to identify one.",241,Bungling,86,mistura,"Um erro que ocorre ao fundir duas ou mais entidades enquanto tenta identificar uma única entidade.",6730
10403,sprinkle,"COD: scatter or pour (small drops or particles) over an object or surface. ",242,Dispersal,86,polvilhar,"COD: dispersar ou derramar (gotas ou partículas pequenas) sobre um objeto ou superfície.",132792
10405,"pass on","FN: to transmit something (information, disease, etc) to another without loss of possession",242,Dispersal,86,passar,"FN: transmitir algo (informação, doença, etc.) para outro sem perda de posse",117128
