idLU,lemmaName(en),senseDescription(en),idFrame,frameName,idPOS,lemmaName(pt),senseDescription(pt),idLemma(pt)
8967,mesa,"COD: an isolated flat-topped hill with steep sides, found in landscapes with horizontal strata. ",171,Natural_features,83,mesa,"COD: uma colina isolada de topo plano com encostas íngremes, encontrada em paisagens com estratos horizontais.",852
8973,key,"COD: a low-lying island or reef (especially in the Caribbean)",171,Natural_features,83,chave,"COD: uma ilha baixa ou recife (especialmente no Caribe)",36688
8975,bar,"COD: a sandbank or shoal at the mouth of a harbour or an estuary. ",171,Natural_features,83,bar,"COD: uma duna ou banco de areia na boca de um porto ou estuário.",116
8984,depression,"COD: a sunken place or hollow. ",171,Natural_features,83,depressão,"COD: um lugar afundado ou cavo.",19131
8988,gap,"FN: a mountain pass",171,Natural_features,83,lacuna,"FN: um passo de montanha",25937
8989,pass,"COD: a route over or through mountains. ",171,Natural_features,83,passe,"COD: uma rota sobre ou através de montanhas.",463
9000,shelf,"COD: a ledge of rock or protruding strip of land or a submarine bank, or a part of the continental shelf.",171,Natural_features,83,prateleira,"COD: uma plataforma de rocha ou uma faixa saliente de terra ou um banco submarino, ou uma parte da plataforma continental.",30763
9001,shoal,"COD: an area of shallow water or a submerged sandbank visible at low water. ",171,Natural_features,83,cardume,"COD: uma área de água raso ou um banco de areia submerso visível na maré baixa.",8694
9005,tor,"COD: a hill or rocky peak",171,Natural_features,83,torção,"COD: uma colina ou pico rochoso",34931
9017,height,"FN: a rise of ground, such as a hill or mountain",171,Natural_features,83,altura,"FN: um aumento do terreno, como uma colina ou montanha",6720
9021,continent,"COD: any of the world' s main continuous expanses of land (Europe, Asia, Africa, North and South America, Australia, Antarctica). ",171,Natural_features,83,continente,"COD: qualquer das principais extensões terrestres contínuas do mundo (Europa, Ásia, África, América do Norte e do Sul, Austrália, Antártica).",37066
9023,continental,"COD: forming or belonging to a continent.",171,Natural_features,84,continental,"COD: formando ou pertencente a um continente.",73297
9024,peak,"COD: the pointed top of a mountain. ",171,Natural_features,83,pico,"COD: o topo pontiagudo de uma montanha.",8849
9031,land,"FN: a broad piece of solid ground (in opposition to a large mass of water, i.e. a sea or ocean)",171,Natural_features,83,terra,"FN: uma vasta extensão de terra sólida (em oposição a uma grande massa de água, ou seja, um mar ou oceano)",2039
9034,range,"FN: land that produces plants for grazing of livestock",171,Natural_features,83,faixa,"FN: terra que produz plantas para o pasto de animais",856
21818,waste,"An uninhabited wilderness that is worthless for cultivation;",171,Natural_features,83,descarte,"Uma natureza selvagem desabitada que é inútil para a agricultura.",19289
21823,pond,"A pond is a body of standing water, either natural or man-made, that is usually smaller than a lake.;",171,Natural_features,83,poço,"Um lago é um corpo de água parada, seja natural ou artificial, que geralmente é menor do que um lago.",10202
21842,point,"A peninsula is a piece of land that is bordered by water on three sides but connected to mainland.;Piece of land that is bordered by water on three sides but connected to mainland;A piece of land projecting into water from a larger land mass.;",171,Natural_features,83,ponto,"Uma península é uma peça de terra rodeada por água em três lados, mas conectada ao continente.",487
