idLU,lemmaName(en),senseDescription(en),idFrame,frameName,idPOS,lemmaName(pt),senseDescription(pt),idLemma(pt)
1442,half,"each of the periods that form a match.",1324,Sports_temporal_subdivision,83,meia,"Cada um dos períodos que formam uma correspondência.",419
1449,end,"the final moment of the match.",1324,Sports_temporal_subdivision,83,fim,"o momento final da partida.",9374
3090,range,"the interval between the two halves of a sports match. One of the two halves of a match which are separated by a break in some team sports, such as football and rugby. An intermission between the first and second half of a game.",1324,Sports_temporal_subdivision,83,faixa,"o intervalo entre os dois tempos de uma partida esportiva. Um dos dois tempos de um jogo que são separados por um intervalo em alguns esportes coletivos, como futebol e rúgbi. Um intervalo entre o primeiro e o segundo tempo de um jogo.",856
31368,set,"each one of the parts that compõem um jogo de certos esportes like: badminton, tênis, table tênis, vôlei e vôlei de praia.",1324,Sports_temporal_subdivision,83,conjunto,"Cada uma das partes que compõem um jogo de determinados esportes como: badminton, tênis, tênis de mesa, vôlei e vôlei de praia.",8693
1459,card,"the cards referees show to the players during the match. A yellow card indicates a warning, while the red card indicates that the player must leave the match.",1327,Sports_equipment,83,carta,"as cartinhas que os árbitros mostram aos jogadores durante o jogo. Uma cartinha amarela indica um aviso, enquanto uma cartinha vermelha indica que o jogador deve deixar o jogo.",8930
1462,bar,"a metal beam used in weightlifting.",1327,Sports_equipment,83,bar,"uma viga de metal usada no levantamento de peso.",116
3101,cycle,"a human-powered, pedal-driven two-wheel vehicle. A vehicle that has two wheels, one behind the other, a steering handle, and a saddle. It is usually propelled by the action of a rider's feet upon pedals.",1327,Sports_equipment,83,ciclo,"Um veículo de duas rodas, movido a força humana e acionado por pedais. Um veículo que tem duas rodas uma atrás da outra, um manuseio de direção e um assento. É geralmente impulsionado pela ação dos pés do ciclista nos pedais.",17288
3124,arrow,"a shafted projectile that is shot with a bow.",1327,Sports_equipment,83,seta,"uma projétil cega que é atirada com um arco.",33285
3148,floor,"in gymnastics and fights, the floor refers to a specially prepared exercise surface, which is considered an apparatus.",1327,Sports_equipment,83,piso,"No ginásio e nas lutas, o chão refere-se a uma superfície de exercício especialmente preparada, que é considerada um aparelho.",9421
3155,beam,"an artistic gymnastics apparatus used by women gymnasts. ",1327,Sports_equipment,83,raio,"Um aparelho de ginástica artística utilizado por ginastas femininas.",31615
21687,stick,"an object transferred by runners in a relay race.",1327,Sports_equipment,83,fio,"um objeto transferido por corredores em uma corrida de revezamento.",22433
28196,foil,"in fencing, it is a piece of equipment consisting of a handle and a prismatic metal rod that ends in a flower-shaped bud.",1327,Sports_equipment,83,folha,"No esgrima, é um equipamento que consiste em uma empunhadura e uma haste metálica prismática que termina em um botão em forma de flor.",10698
29198,shot,"a sphere of bronze or cast iron and lead, used in the shot put.",1327,Sports_equipment,83,tiro,"Uma esfera de bronze ou ferro fundida e chumbo, usada no arremesso de peso.",38
29333,club,"in rhythmic gymnastics, it is equipment similar to a bowling pin, made of wood or plastic and used in the performance. A piece of sporting equipment used to hit a golf ball in a game of golf.",1327,Sports_equipment,83,clube,"No ginástica rítmica, é um equipamento semelhante a uma pina de boliche, feito de madeira ou plástico e usado na performance. Um objeto esportivo utilizado para acertar uma bola de golfe em um jogo de golfe.",8804
31112,board,"a piece of equipment used in surfing and skateboading in the shape of a long floating board.",1327,Sports_equipment,83,placa,"Uma prancha de surfe ou skate com forma alongada e flutuante.",8854
31385,camera,"equipment used to film and photograph, marking the positions and places of athletes in certain sports.",1327,Sports_equipment,83,câmera,"Equipamentos utilizados para filmar e fotografar, marcando as posições e lugares de atletas em determinados esportes.",16246
