idLU,lemmaName(en),senseDescription(en),idFrame,frameName,idPOS,lemmaName(pt),senseDescription(pt),idLemma(pt)
14547,newborn,"FN: a child which was born in the very recent past",492,People_by_age,83,nascido,"FN: uma criança que nasceu no passado muito recente",
14549,"new yorker","COD: a native or inhabitant of the state or city of New York.",493,People_by_origin,83,Nova-iorquino,"COD: um nativo ou morador do estado ou cidade de Nova York.",
14555,frenchwoman,"COD: a woman who is French by birth or descent.",493,People_by_origin,83,francesinha,"COD: uma mulher que é francesa por nascimento ou descência.",
14557,kraut,"COD: a German",493,People_by_origin,83,kraut,"COD: o alemão",
14558,brit,"COD: a British person",493,People_by_origin,83,brit,"COD: uma pessoa britânica",
14560,denverite,"FN: a person from Denver",493,People_by_origin,83,denverita,"FN: uma pessoa de Denver",
14561,chicagoan,"FN: a person from Chicago.",493,People_by_origin,83,chicagoano,"FN: uma pessoa de Chicago.",
14565,dubliner,"FN: A person from or residing in Dublin. ",493,People_by_origin,83,dublador,"FN: Uma pessoa de ou residente em Dublin.",
14573,indian((american)),"COD: an American Indian.  ",493,People_by_origin,83,"Indiano (americano)","COD: um índio americano.",
22009,brazilian,"Of, from, or pertaining to Brazil, or the Brazilian people.;Of or relating to or characteristic of Brazil or the people of Brazil;",493,People_by_origin,83,braziliano,"Do, de ou relativo ao Brasil, ou do povo brasileiro.",
22012,extraterrestrial,"Any life form of extraterrestrial origin.;A form of life assumed to exist outside the Earth or its atmosphere;",493,People_by_origin,83,extraterrestre,"Qualquer forma de vida de origem extraterrestre.",
22013,"french people","The people of France;",493,People_by_origin,83,"pessoas francesas","O povo da França;",
22019,"american indian","A member of the race of people living in America when Europeans arrived;",493,People_by_origin,83,"Índio Americano","Um membro da raça de pessoas que viviam na América quando os europeus chegaram;",
22020,"red indian","A member of the race of people living in America when Europeans arrived;",493,People_by_origin,83,"índio vermelho","Um membro da raça de pessoas que viviam na América quando os europeus chegaram;",
22022,"indigenous group","Indigenous people in this article refers to those groups specially protected in specified international or national legislation as having a set of specific rights based on their historical ties to a particular territory, and their cultural or historical distinctiveness from other populations.;",493,People_by_origin,83,"grupo indígena","Povos indígenas neste artigo se refere aos grupos especialmente protegidos em legislação internacional ou nacional especificada como tendo um conjunto de direitos específicos com base em suas ligações históricas a um determinado território e sua distinção cultural ou histórica de outras populações.",
26019,brazilian,"a person who is born in Brazil.",493,People_by_origin,84,braziliano,"Uma pessoa que nasce no Brasil.",
30954,"alien [et]","FN: intelligent being from another planet or universe.",493,People_by_origin,83,"alien [et]","FN: ser inteligente de outro planeta ou universo.",
30955,"alien [foreigner]","FN: person of foreign nationality.",493,People_by_origin,83,"alien [estrangeiro]","FN: pessoa de nacionalidade estrangeira.",
34116,highlander,"This term is related to people who live in the Scottish Highlands.",493,People_by_origin,83,highlander,"Este termo está relacionado com pessoas que vivem nas Terras Altas da Escócia.",
34255,copenhagenner,"A person that comes from the city of Copenhagen.",493,People_by_origin,83,copenhagenser,"Uma pessoa que vem da cidade de Copenhague.",
34257,dane,"A person native from Denmark.",493,People_by_origin,83,dane,"Uma pessoa nativa da Dinamarca.",
34339,syngaporean,"A person who is native from Singapore.",493,People_by_origin,83,singapurense,"Uma pessoa nativa de Singapura.",
34360,indian,"A person who was born in India.",493,People_by_origin,83,Indiano,"Uma pessoa que nasceu na Índia.",
34361,malayan,"A person who was born in Malaya.",493,People_by_origin,83,malaios,"Uma pessoa que nasceu na Malásia.",
34383,mykonian,"Someone who was born on the island of Mykonos.",493,People_by_origin,83,miconiano,"Alguém que nasceu na ilha de Míconos.",
34394,argentinian,"A person who was born in Argentina.",493,People_by_origin,83,argentino,"Uma pessoa que nasceu na Argentina.",
14576,"go apeshit","FN: (slang) lose control and move (or speak) wildly and violently, usually due to a perceived intolerable situation.",494,Losing_it,86,"Vamos lá!","FN: (slang) perder o controle e se mover (ou falar) de forma selvagem e violenta, geralmente devido a uma situação percebida como intolerável.",
14578,"go ballistic","FN: act in a fashion indicating extreme frustration.",494,Losing_it,86,"ir à bola","FN: agir de uma forma indicando extrema frustração.",
14579,"flip out","FN: suddenly become visibly deranged..",494,Losing_it,86,flipar,"FN: subitamente se torna visivelmente perturbado...",
14580,"blow cool","FN: lose one' s detachment out of anger, resulting in confrontational interaction.",494,Losing_it,86,"fazer merda","FN: perder a desapegação por raiva, resultando em interação confrontacional.",
14581,"freak out","FN: behave in an irrational fashion due to excessive fear",494,Losing_it,86,"Ficar louco.","FN: agir de maneira irracional devido ao medo excessivo",
30794,"blow (one's) cool","FN: lose one's detachment out of anger, resulting in confrontational interaction.",494,Losing_it,86,"Arranjar problemas","FN: perder a desapego por raiva, resultando em interação confrontacional.",
30943,"blow (one's) stack","FN: become uncontrollably angry.",494,Losing_it,96,"Fazer birra","FN: ficar furioso sem controle.",
30944,"lose (one's) shit","FN: become angry or upset and lose control.",494,Losing_it,96,"perder os pedaços","FN: ficar bravo ou perturbado e perder o controle.",
30945,"come apart","FN: become unable to function normally as a result of emotional disturbance.",494,Losing_it,86,Desmancha-se,"FN: tornar-se incapaz de funcionar normalmente como resultado de perturbação emocional.",
30946,"fall apart","FN: become incapable of normal function due to emotional disturbance.",494,Losing_it,86,"Cair em pedaços","FN: tornar-se incapaz de função normal devido a perturbação emocional.",
30947,"to bits","FN: into an emotionally uncontroled state.",494,Losing_it,90,"em bits","FN: em um estado emocional não controlado.",
30948,"to pieces","FN: into a state incapable of action due to emotional disturbance.",494,Losing_it,90,"em pedaços","FN: em um estado incapaz de ação devido a perturbação emocional.",
14585,grasp,"COD: a person' s understanding.",495,Grasp,83,apreender,"COD: compreensão de uma pessoa.",
14588,unintelligible,"COD: impossible to understand",495,Grasp,84,Ininteligível,"COD: impossível de entender",
14589,intelligible,"COD: able to be understood.",495,Grasp,84,inteligível,"COD: capaz de ser compreendido.",
14590,comprehensible,"COD: able to be understood; intelligible",495,Grasp,84,Compreensível,"COD: capaz de ser compreendido; inteligível",
14592,graspable,"FN: comprehensible",495,Grasp,84,graspável,"FN: compreensível",
34866,cosine,"Derivated from the art of creating food.",496,Craft,83,cosseno,"Derivada da arte de criar alimentos.",
14599,idiosyncratic,"FN: peculiar to a particular entity",497,Idiosyncrasy,84,idiossincrático,"FN: peculiar a uma entidade específica",
14603,idiosyncrasy,"FN: a behavior peculiar to an entity",497,Idiosyncrasy,83,idiossincrasia,"FN: um comportamento peculiar de uma entidade",
14605,certain,"COD: some but not all.",497,Idiosyncrasy,84,certos,"COD: alguns mas não todos.",
14606,oddity,"COD: the quality of being strange.",497,Idiosyncrasy,83,estranheza,"COD: a qualidade de ser estranho.",
