idLU,lemmaName(en),senseDescription(en),idFrame,frameName,idPOS,lemmaName(pt),senseDescription(pt),idLemma(pt)
7410,graduate,"COD: a person who has been awarded a first academic degree, or (N. Amer.) a high-school diploma.",101,Education_teaching,83,formado,"COD: uma pessoa que obteve um primeiro grau acadêmico ou (Am. do Norte) um diploma do ensino médio.",
7411,protege,"FN: a student of an expert",101,Education_teaching,83,protege,"FN: um estudante de um especialista",
39383,flunk,"to fail an exam or course of study.",101,Education_teaching,86,"Fazer merda","Ficar reprovado em um exame ou curso de estudos.",
7413,bayonet,"COD: stab with a bayonet.",102,Cause_harm,86,baioneta,"COD: empalar com uma baioneta.",
7414,beat,"COD: strike (a person or an animal) repeatedly and violently so as to hurt or punish them. ",102,Cause_harm,86,derrotar,"COD: acertar (uma pessoa ou um animal) repetidamente e violentamente de forma a machucá-los ou puni-los.",
7415,boil,"FN: harm people by putting them in boiling water or oil",102,Cause_harm,86,Fervura,"FN: prejudicar pessoas colocando-as em água ou óleo fervente",
7417,bludgeon,"COD: beat with a bludgeon. ",102,Cause_harm,86,Amasar,"COD: bater com um bastão.",
7419,crush,"COD: deform, pulverize, or force inwards by compressing forcefully. ",102,Cause_harm,86,crush,"COD: deformar, pulverizar ou forçar para dentro por compressão forte.",
7421,slice,"COD: cut with or as if with a sharp implement. ",102,Cause_harm,86,fatiar,"COD: cortar com ou como se fosse com um instrumento afiado.",
7432,hurt,"FN: to cause someone to feel pain",102,Cause_harm,86,dolorido,"FN: causar dor em alguém",
7433,whip,"COD: beat with a whip. ",102,Cause_harm,86,Chicote,"COD: bater com uma vara.",
7437,chop,"COD: strike with a short, heavy blow.",102,Cause_harm,86,fatiar,"COD: atingir com um golpe curto e pesado.",
7438,claw,"COD: scratch or tear at with the claws or fingernails. ",102,Cause_harm,86,garras,"COD: arranhar ou rasgar com as unhas ou garras.",
7439,clout,"FN: hit forcefully",102,Cause_harm,86,clout,"FN: acertar com força",
7441,cudgel,"COD: beat with a cudgel. ",102,Cause_harm,86,Cudgel,"COD: bater com um cudo.",
7444,gash,"COD: make a gash in. ",102,Cause_harm,86,gacho,"COD: faça uma ferida.",
7445,injure,"COD: do or undergo physical harm to; wound. ",102,Cause_harm,86,lesar,"COD: ferir ou sofrer dano físico de; ferida.",
7450,maul,"COD: wound by scratching and tearing. ",102,Cause_harm,86,Mau-mau,"COD: ferida por arranhar e rasgar.",
7451,pelt,"COD: hurl missiles at. ",102,Cause_harm,86,peltar,"COD: lançar mísseis em.",
7454,thwack,"COD: strike forcefully with a sharp blow. ",102,Cause_harm,86,Thwack,"COD: atingir com um golpe forte e preciso.",
7455,bash,"COD: strike hard and violently. ",102,Cause_harm,86,bash,"COD: ataquem com força e violência.",
7458,horsewhip,"COD: beat with such a whip. ",102,Cause_harm,86,"Corda de cavalo","COD: bater com tal chicote.",
7460,squash,"COD: crush or squeeze (something)",102,Cause_harm,86,espinho,"COD: esmagar ou apertar (algo)",
7464,pummel,"COD: strike repeatedly, especially with the fists",102,Cause_harm,86,Pummel,"COD: acertar repetidamente, especialmente com os punhos",
7465,electrocute,"COD: injure or kill by electric shock",102,Cause_harm,86,electrocute,"COD: ferir ou matar por choque elétrico",
7466,electrocution,"FN: the killing or injuring of a person by electric shock",102,Cause_harm,83,Eletrocução,"FN: o ato de matar ou ferir uma pessoa por choque elétrico",
7470,torture,"FN: to inflict severe pain as a punishment or a forcible means of persuasion",102,Cause_harm,86,tortura,"FN: infligir dor severa como punição ou meio coercitivo de persuasão",
7471,maim,"COD:  wound or injure (someone) so that part of the body is permanently damaged.",102,Cause_harm,86,Maim,"COD: ferir ou machucar (alguém) de forma que parte do corpo seja danificada permanentemente.",
7473,impale,"COD: transfix or pierce with a sharp instrument.",102,Cause_harm,86,impalar,"COD: transfixar ou perfurar com um instrumento afiado.",
7476,flagellate,"FN: flog or whip ",102,Cause_harm,86,flagelado,"FN: chicote ou flagelo",
7478,transfix,"COD: pierce with a sharp implement or weapon.",102,Cause_harm,86,transfixar,"COD: perfurar com um instrumento ou arma afiada.",
7482,sting,"FN: impale with a usually poisonous stinger",102,Cause_harm,86,picada,"FN: empalar com um dardo geralmente venenoso",
7483,swipe,"FN: scratch",102,Cause_harm,86,"Swipe"" em português é ""deslizar"".","FN: arranhar",
7487,twist,"FN: to injure by forcing a body part into distorted position",102,Cause_harm,86,twist,"FN: ferir forçando uma parte do corpo em uma posição distorcida",
7488,"run through","FN: To seriously injure someone by forcing a long, thin object (typically a sword or knife) through their body (typically their torso). This LU is more common with the Victim appearing before the through.",102,Cause_harm,86,"Correr por","FN: Para ferir gravemente alguém forçando um objeto longo e fino (tipicamente uma espada ou faca) através do seu corpo (tipicamente o tronco). Este LU é mais comum com a vítima aparecendo antes do através.",
7489,certain,"COD: able to be firmly relied on to happen or be the case. ",103,Likelihood,84,certos,"COD: capaz de ser firmemente confiado para acontecer ou ser o caso.",
7497,unlikely,"COD: not likely; improbable",103,Likelihood,84,improvável,"COD: improvável; não provável",
7499,improbability,"FN: the extent to which something is improbable",103,Likelihood,83,improbabilidade,"FN: o grau de improbabilidade de algo",
7500,prone,"COD: likely or liable to suffer from, do, or experience (something unfortunate)",103,Likelihood,84,prono,"COD: provável ou suscetível de sofrer de, fazer ou experimentar (algo infeliz)",
7501,sure,"COD: certain to receive, get, or do something",103,Likelihood,84,"com certeza","COD: certo de receber, obter ou fazer algo",
7504,tend,"COD: be likely NB: also has a use in the tendency frame. Clear examples of the likelihood-use of ' tend'  are cases where the verb takes a passive verb phrase complement: ""Men still tend to be taught to seek relationships with a larger number of people.""",103,Likelihood,86,tende,"COD: ser provável
NB: também tem uso no quadro de tendência. Exemplos claros do uso da probabilidade de ""tend"" são casos em que o verbo leva uma complemento de frase verbal passiva: ""Homens ainda tendem a ser ensinados a buscar relacionamentos com um maior número de pessoas.",
