idLU,lemmaName(en),senseDescription(en),idFrame,frameName,idPOS,lemmaName(pt),senseDescription(pt),idLemma(pt)
25475,seaside,"close to the sea.",171,Natural_features,84,marisco,"perto do mar.",
25490,"water flow","a flowing or flow of water.",171,Natural_features,83,"fluxo de água","Um fluxo ou corrente de água.",
25502,aquifer,"body of rock which contaisn or transmits groundwater.",171,Natural_features,83,Aquífero,"corpo rochoso que contém ou transmite água subterrânea.",
25504,paradisiac,"something that resembles the paradise.",171,Natural_features,84,paradísiac,"algo que se assemelha ao paraíso.",
30683,vale,"COD: a valley (poetic/literary, unless part of a place name)",171,Natural_features,83,Vale.,"COD: uma vale (poético/literário, a menos que parte de um nome de lugar)",
30684,falls,"COD: a waterfall or cascade. ",171,Natural_features,83,caídas,"COD: uma cachoeira ou cascata.",
33766,skies,"The visible atmosphere that can be seen by the human eye, where it is possible to see the movement of the stars above the horizon.",171,Natural_features,83,céus,"A atmosfera visível que pode ser vista pelo olho humano, onde é possível ver o movimento das estrelas acima do horizonte.",
33778,"northern light","Another name for the Aurora Borealis, particles from the Sun acting upon the Earth's magnetic field, visible in the Northern Hemisphere.",171,Natural_features,83,"Luz do norte","Outro nome para a aurora boreal, partículas do Sol agindo no campo magnético da Terra, visível no Hemisfério Norte.",
34280,outdoors,"Usually a natural place, outside any building.",171,Natural_features,83,letreiros,"Normalmente um lugar natural, fora de qualquer edifício.",
34363,skyline,"The shape buildings make against the sky.",171,Natural_features,83,skyline,"A forma que os edifícios fazem contra o céu.",
3373,site,"a land, and all the built structures on it, especially when considered as a single place.",172,Locale,83,site,"uma terra, e todas as estruturas construídas nela, especialmente quando consideradas como um único lugar.",
9050,grounds,"the desginated property of an area.",172,Locale,83,fundos,"a propriedade designada de uma área.",
21905,"business district","downtown is a term primarily used in North America by English speakers to refer to a citys core or central business district, often in a geographical, commercial, or communal sense. A central business district is the commercial and often geographic heart of a city.",172,Locale,83,"bairro de negócios","o centro da cidade é um termo principalmente usado na América do Norte por falantes de inglês para se referir ao núcleo ou distrito comercial central de uma cidade, muitas vezes em um sentido geográfico, comercial ou comunitário. Um distrito comercial central é o coração comercial e frequentemente geográfico de uma cidade.",
21908,"central city","the central part of a city.",172,Locale,83,"cidade central","a parte central de uma cidade.",
21910,"sub urban","a suburb is a residential area or a mixed use area, either existing as part of a city or urban area, or as a separate residential community within commuting distance of a city.",172,Locale,83,suburbano,"Um subúrbio é uma área residencial ou uma área de uso misto, seja existente como parte de uma cidade ou área urbana, ou como uma comunidade residencial separada dentro do alcance de deslocamento de uma cidade.",
21911,outskirts,"a residential area within commuting distance of a city. The area on the periphery of a city or large town. The populated area surrounding a city.",172,Locale,83,subúrbios,"uma área residencial dentro do raio de deslocamento de uma cidade. A área na periferia de uma cidade ou grande cidade. A área povoada que circunda uma cidade.",
21914,locus,"a point or extent in space. A small area of a place.",172,Locale,83,locus,"Um ponto ou extensão no espaço. Uma pequena área de um lugar.",
33752,somewhere,"An undefined place.",172,Locale,89,"algum lugar","Um lugar indefinido.",
34358,hometown,"An entity's birth city.",172,Locale,83,"cidade natal","Cidade de nascimento de uma entidade.",
34381,anywhere,"Any place.",172,Locale,89,"em qualquer lugar","Qualquer lugar.",
9060,bog,"COD: an area of very soft wet muddy ground",173,Biological_area,83,bogo,"COD: uma área de lama molhada muito macia",
9064,rainforest,"COD: a luxuriant, dense forest found in tropical areas with consistently heavy rainfall. ",173,Biological_area,83,"floresta tropical","COD: uma floresta exuberante e densa encontrada em regiões tropicais com precipitação constante e pesada.",
9066,plain,"COD: a large area of flat land with few trees.",173,Biological_area,83,simples,"COD: uma grande área de terra plana com poucas árvores.",
9067,meadowland,"FN: grassland, often used for the cultivation of grass.",173,Biological_area,83,meadowland,"FN: prado, geralmente usado para o cultivo de grama.",
9068,heathland,"COD: an area of open uncultivated land, typically on acid sandy soil and covered with heather, gorse, and coarse grasses",173,Biological_area,83,"heather bed","COD: uma área de terra aberta e não cultivada, geralmente com solo ácido arenoso e coberta de estorga, gorse e gramíneas grossas.",
9069,copse,"COD: a small group of trees. ",173,Biological_area,83,copse,"COD: um pequeno grupo de árvores.",
9070,glade,"COD: an open space in a wood or forest. ",173,Biological_area,83,Glade.,"COD: um espaço aberto em uma madeira ou floresta.",
9071,tundra,"COD: a vast, flat, treeless Arctic region of Europe, Asia, and North America in which the subsoil is permanently frozen. ",173,Biological_area,83,Tundra,"COD: uma vasta região ártica plana e sem árvores da Europa, Ásia e América do Norte, na qual o solo está permanentemente congelado.",
9072,taiga,"COD: swampy coniferous forest of high northern latitudes, especially that between the tundra and steppes of Siberia. ",173,Biological_area,83,taiga,"COD: pântano de floresta conífera de altas latitudes setentrionais, especialmente entre a tundra e as estepes da Sibéria.",
9075,fen,"COD: a low and marshy or frequently flooded area of land. ",173,Biological_area,83,fen,"COD: uma área baixa e pântana ou frequentemente inundada de terra.",
9076,moor,"COD: a tract of open uncultivated upland, typically covered with heather.",173,Biological_area,83,amarração,"COD: uma extensão de terra alta aberta e não cultivada, geralmente coberta de estorga.",
9078,grassland,"FN: a large area covered primarily with grass",173,Biological_area,83,prado,"FN: uma grande área coberta principalmente com grama",
9079,mead,"COD: a meadow. ",173,Biological_area,83,mead,"COD: um prado.",
9080,lea,"COD: an open area of grassy or arable land. ",173,Biological_area,83,lea,"COD: uma área aberta de terra gramada ou arável.",
9081,veld,"COD: open, uncultivated country or grassland in southern Africa. ",173,Biological_area,83,veldo,"COD: país não cultivado ou pradaria no sul da África.",
9083,thicket,"COD: a dense group of bushes or trees. ",173,Biological_area,83,espinho,"COD: um grupo denso de arbustos ou árvores.",
9084,savanna,"COD: a grassy plain  in tropcial and subtropcial regions, with few trees",173,Biological_area,83,Savana,"COD: uma planície gramínea  em regiões tropicais e subtropicais, com poucas árvores",
9085,mire,"COD: a stretch of swampy or boggy ground. ",173,Biological_area,83,Mire,"COD: uma extensão de terreno pantanoso ou pântano.",
9087,greenwood,"COD: a wood or forest in leaf, especially as a refuge for outlaws.",173,Biological_area,83,greenwood,"COD: uma madeira ou floresta em folhagem, especialmente como refúgio para fora-da-lei.",
9088,spinney,"COD:  a small area of trees and bushes. ",173,Biological_area,83,spinney,"COD: uma pequena área de árvores e arbustos.",
9089,scrub,"FN: a natural area defined by its abundance of shrubbery. ",173,Biological_area,83,esfregar,"FN: uma área natural definida por sua abundância de arbustos.",
9092,shrubbery,"FN: an area filled with shrubs",173,Biological_area,83,arbustos,"FN: uma área repleta de arbustos",
39384,nest,"a structure built by birds or insects to leave their eggs in to develop, and by some animals to give birth or live in.",173,Biological_area,83,neste,"A estrutura construída por pássaros ou insetos para deixar seus ovos para desenvolver, e por alguns animais para dar à luz ou viver em.",
9093,bootlace,"COD: a cord or leather strip for lacing boots. ",174,Clothing_parts,83,"corda de bota","COD: uma corda ou tira de couro para amarrar botas.",
9094,shoelace,"COD: a cord or leather strip passed through eyelets or hooks on opposite sides of a shoe and pulled tight and fastened. ",174,Clothing_parts,83,"laço de cadarço","COD: uma corda ou tira de couro passada por furos ou ganchos em lados opostos de um calçado e puxada e presa com firmeza.",
