idLU,lemmaName(en),senseDescription(en),idFrame,frameName,idPOS,lemmaName(pt),senseDescription(pt),idLemma(pt)
16607,regulate,"FN: to control by a rule, principle or method",806,Control,86,regularize,"FN: controlar por uma regra, princípio ou método",
16610,dominate,"FN: to rule over or control some entity or situation",807,Being_in_control,86,Domine,"FN: para governar ou controlar alguma entidade ou situação",
16612,manage,"FN: to direct, govern, or control in action or use",807,Being_in_control,86,gerenciar,"FN: dirigir, governar ou controlar em ação ou uso",
16619,fate,"COD: the development of events outside a person' s control, regarded as predetermined by a supernatural power.",808,Destiny,83,fado,"COD: o desenvolvimento de eventos fora do controle de uma pessoa, considerados predeterminados por uma força sobrenatural.",
16620,lot,"COD: a person' s destiny, luck, or condition in life.",808,Destiny,83,muita,"COD: o destino, sorte ou condição de uma pessoa na vida.",
16622,kismet,"COD: destiny; fate.",808,Destiny,83,Kismet,"COD: destino; fatalidade.",
16623,stars,"COD: a planet, constellation, or configuration regarded as influencing one' s fortunes or personality.

FN: [esp. in phrases ""thank lucky stars"", ""(not) in the stars""]",808,Destiny,83,estrelas,"COD: um planeta, uma constelação ou uma configuração considerada como influenciando a sorte ou a personalidade de alguém.

FN: [especialmente em frases ""grato às estrelas"", ""(não) nas estrelas""]",
16624,doom,"COD: death, destruction, or another terrible fate.",808,Destiny,83,doom,"COD: morte, destruição ou outro destino terrível.",
16625,"the breaks","FN: unavoidable circumstances, fate.",808,Destiny,83,"os freios","FN: circunstâncias inevitáveis, destino.",
16626,"in the cards","FN: [esp. negated] likely to occur, as if because of a tarot reading or metaphorical comparison to a card game.",808,Destiny,89,"Nos baralhos.","FN: [esp. negado] provável de ocorrer, como se por uma leitura do tarô ou comparação metafórica a um jogo de cartas.",
16627,predestined,"FN: happening inevitably, but not for reasons under anyone' s control.",808,Destiny,84,predestinado,"FN: acontecendo inevitavelmente, mas não por razões sob o controle de ninguém.",
16629,fated,"FN: occurring without anyone' s control.",808,Destiny,84,"do destino","FN: Ocorrendo sem o controle de ninguém.",
16630,doomed,"FN: unavoidably experiencing (a particular event).",808,Destiny,84,condenado,"FN: experimentando inevitavelmente (um evento específico).",
30863,"(them's) the breaks","FN: (usually in the phrase ""them's the breaks"") unavoidable circumstances, fate.",808,Destiny,83,"(aquelas) são as pausas","FN: (geralmente na frase ""them's the breaks"") circunstâncias imprevistas, destino.",
16638,fortuitous,"FN: being of a causeless happy accident",809,Luck,84,"A sorte.","FN: ser de um feliz acidente sem causa",
16641,coincidence,"COD: a remarkable concurrence of events or circumstances without apparent causal connection.",810,Coincidence,83,coincidência,"COD: uma notável concorrência de eventos ou circunstâncias sem conexão aparente de causa e efeito.",
16642,happenstance,"COD: coincidence.",810,Coincidence,83,acaso,"COD: coincidência.",
16646,chance,"FN: random",810,Coincidence,84,chance,"FN: aleatório",
16647,random,"FN: occurring unpredictably.",810,Coincidence,84,aleatório,"FN: ocorrendo de forma imprevisível.",
16649,randomly,"FN: without any predictability.",810,Coincidence,89,aleatoriamente,"FN: sem nenhuma previsibilidade.",
16652,besiege,"COD: surround (a place) with armed forces in order to capture it or force its surrender.",813,Besieging,86,besiege,"COD: cercar (um lugar) com forças armadas a fim de capturá-lo ou forçar sua rendição.",
16653,siege,"COD: a military operation in which enemy forces surround a town or building, cutting off essential supplies, with the aim of compelling the surrender of those inside.",813,Besieging,83,cerco,"COD: uma operação militar na qual as forças inimigas cercam uma cidade ou edifício, cortando os suprimentos essenciais, com o objetivo de obrigar a rendição daqueles dentro.",
16654,beleaguer,"COD: lay siege to.",813,Besieging,86,beleaguer,"COD: cercar.",
16657,siege,"FN: lay siege to.",813,Besieging,86,cerco,"FN: cercar.",
16658,besiegement,"FN: the act or process of besieging.",813,Besieging,83,siegement,"FN: o ato ou processo de cercar.",
16659,encirclement,"FN: completely surrounding so as to prevent escape.",813,Besieging,83,Cercamento,"FN: completamente cercado de modo a impedir fuga.",
16664,subset,"COD: a part of a larger group of related things.",814,Be_subset_of,83,subconjunto,"COD: uma parte de um grupo maior de coisas relacionadas.",
16665,tantamount,"COD: equivalent in seriousness to; virtually the same as.",815,Being_in_category,84,tanta-quanta,"COD: equivalente em gravidade a; praticamente o mesmo que.",
16669,cry,"COD: a distinctive call of a bird or other animal.  ",820,Vocalizations,83,chorar,"COD: um chamado distinto de um pássaro ou outro animal.",
16670,howl,"COD: a long doleful cry uttered by an animal such as a dog.",820,Vocalizations,83,Grrrar,"COD: um longo e triste uivo emitido por um animal, como um cachorro.",
16671,squeak,"COD: a short, high-pitched sound or cry",820,Vocalizations,83,Squeak,"COD: um som ou choro curto e agudo",
16676,snap,"FN: break quickly, often with a sharp sound (off of an object).",822,Breaking_off,86,clique,"FN: quebrar rapidamente, geralmente com um som agudo (de um objeto).",
16677,"break apart","FN: break into fragments.",824,Breaking_apart,86,quebrar-se,"FN: fragmentar.",
16683,splinter,"FN: break into splinters.",824,Breaking_apart,86,fenda,"FN: partir-se em lascas.",
16684,snap,"FN: break quickly, often with a sharp sound (into two or more pieces).",824,Breaking_apart,86,clique,"FN: quebrar rapidamente, muitas vezes com um som agudo (em duas ou mais partes).",
16686,crumble,"FN: to fall apart into small fragments",824,Breaking_apart,86,Rúcula,"FN: desmoronar-se em pequenos fragmentos",
16691,blocked,"FN: unable to enter or access.",826,Having_or_lacking_access,84,bloqueado,"FN: incapaz de inserir ou acessar.",
16695,open,"COD: allowing access, passage, or view; not closed, fastened, or restricted.",828,Openness,84,abrir,"COD: permitindo acesso, passagem ou visão; não fechado, preso ou restrito.",
34184,secluded,"Isolated, not open.",828,Openness,84,secluded,"Isolado, não aberto.",
16700,earnings,"COD: money or income earned.",829,Earnings_and_losses,83,Lucros,"COD: dinheiro ou renda ganho.",
16701,profit,"COD: a financial gain, especially the difference between an initial outlay and the subsequent amount earned.",829,Earnings_and_losses,83,lucro,"COD: ganho financeiro, especialmente a diferença entre um investimento inicial e o valor subsequente obtido.",
