idLU,lemmaName(en),senseDescription(en),idFrame,frameName,idPOS,lemmaName(pt),senseDescription(pt),idLemma(pt)
7619,effects,"COD: personal belongings. ",107,Possession,83,efeitos,"COD: pertences pessoais.",
7622,got,"FN: To posses an object; or, to proclaim trustworthiness.

This LU is present-tense only and usually non-third person singular.",107,Possession,86,got,"FN: Possuir um objeto; ou, proclamar confiabilidade.

Este LU é presente apenas e geralmente não terceiro pessoa singular.",
34139,own,"Possessed by an entity.",107,Possession,88,próprio,"Possuída por uma entidade.",
7722,arraignment,"FN: the calling of a defendant before a court to answer a criminal charge",109,Arraignment,83,Acusação,"FN: o chamado de um réu perante um tribunal para responder a uma acusação criminal",
7727,bond,"FN: Money paid to guarantee one' s performance of a duty; in this frame, to appear in court at the appropriate date.",110,Bail_decision,83,falso,"FN: Dinheiro pago para garantir o desempenho de uma obrigação; neste contexto, comparecer ao tribunal na data apropriada.",
7729,abduct,"COD: take (someone) away illegally by force or deception. ",111,Kidnapping,86,abduzir,"COD: levar (alguém) embora ilegalmente por força ou engano.",
7730,shanghai,"COD: force to join a ship' s crew by underhand means. ",111,Kidnapping,86,Xangai,"COD: forçar a se juntar à tripulação de um navio por meios desleal.",
7731,nab,"COD: take or grab suddenly. ",111,Kidnapping,86,nab,"COD: pegar ou agarrar de repente.",
7734,abduction,"FN: the action or condition of being taken away illegally by force or deception.",111,Kidnapping,83,abdução,"FN: a ação ou condição de ser levado embora ilegalmente à força ou por engano.",
7736,abductor,"FN: the person who is taking away (someone) illegally by force or decption.",111,Kidnapping,83,abductor,"FN: a pessoa que está levando alguém ilegalmente por força ou engano.",
7738,kidnapped,"FN: abducted and held captive, typically for ransom.",111,Kidnapping,84,sequestrado,"FN: Abduzido e mantido em cativeiro, tipicamente por resgate.",
7739,abducted,"FN: taken away illegally by force or deception.",111,Kidnapping,84,abduzido,"FN: levado embora ilegalmente por força ou engano.",
7741,hijacking,"FN: the act or instance of being illegally seized (as an aircraft, ship, or vehicle) while in transit",112,Piracy,83,"sequestro de avião","FN: o ato ou instância de ser apreendido ilegalmente (como um avião, navio ou veículo) enquanto em trânsito",
7743,carjacking,"COD: the action of stealing a car after violently ejecting its driver. ",112,Piracy,83,Carjacking,"COD: o ato de roubar um carro após ejetar violentamente seu motorista.",
7747,carjack,"FN: steal someone' s car while they are driving it. ",112,Piracy,86,Carjack,"FN: roubar o carro de alguém enquanto ele está dirigindo-o.",
7749,host,"COD: act as host (person who receives or entertains other people as guests) at (an event)",114,Social_event,86,hoste,"COD: atuar como anfitrião (pessoa que recebe ou entretém outras pessoas como convidados) em (um evento)",
7751,shindig,"COD:  a large, lively party. ",114,Social_event,83,Shindig,"COD: uma grande e animada festa.",
7752,fete,"FN: a party",114,Social_event,83,fete,"FN: uma festa",
7757,fair,"COD:  a gathering of stalls and amusements for public entertainment. ",114,Social_event,83,equitativo,"COD: uma reunião de barracas e diversões para entretenimento público.",
7763,dinner-party,"COD:  a social occasion at which guests eat dinner together. ",114,Social_event,83,Jantar-festa,"COD: uma ocasião social na qual os convidados jantam juntos.",
7764,bash,"COD: usu. with modifier a party or social event. ",114,Social_event,83,bash,"COD: comumente com modificador uma festa ou evento social.",
7765,gala,"COD: a festive entertainment or performance",114,Social_event,83,"festa de gala","COD: uma entretenimento ou apresentação festiva",
7766,jollification,"COD: merrymaking. ",114,Social_event,83,Jollificação,"COD: alegrias.",
7768,soiree,"FN: party",114,Social_event,83,soirée,"FN: festa",
7775,lock,"COD: a) a piece of a person' s hair that coils or hangs together.  b) locks chiefly poetic/literary a person' s hair.",115,Hair_configuration,83,trava,"COD: a) um pedaço do cabelo de uma pessoa que enrola ou se junta juntos. b) trançados, principalmente poético/literário o cabelo de uma pessoa.",
7776,tress,"COD: a long lock of a woman' s hair",115,Hair_configuration,83,três,"COD: uma longa trança de cabelo de mulher",
7777,curl,"COD: something in the shape of a spiral or coil, especially a lock of hair.",115,Hair_configuration,83,enrolar,"COD: algo na forma de uma espiral ou bobina, especialmente um pedaço de cabelo trançado.",
7778,curl,"COD:  form or cause to form a curved or spiral shape.",115,Hair_configuration,86,curl,"COD: formar ou causar uma forma curvada ou espiral.",
7779,blond,"FN: (of hair) fair or pale yellow.  Having fair hair and a pale complexion.  Usually pertaining to males.",115,Hair_configuration,84,loira,"FN: (de cabelo) loiro ou amarelo pálido. Ter cabelo loiro e uma pele clara. Geralmente se referindo a homens.",
7780,blonde,"COD: (of hair) fair or pale yellow.  having fair hair and a light complexion.",115,Hair_configuration,84,loira,"COD: (de cabelo) loiro ou amarelo pálido. ter cabelos loiros e uma pele clara.",
7781,pigtail,"COD: a plaited lock of hair worn singly at the back or on each side of the head.",115,Hair_configuration,83,Cachorro-quente,"COD: um rabo de cavalo trançado usado sozinho na parte de trás ou em cada lado da cabeça.",
7782,curly,"FN: (of hair): the characteristic of locks to naturally twist into ringlets",115,Hair_configuration,84,"cabelo cacheado","FN: (de cabelo): a característica de cachos naturais em se enrolarem em forma de anel",
7783,ponytail,"COD: a hairstyle in which the hair is drawn back and tied at the back of the head.",115,Hair_configuration,83,"rabo de cavalo","COD: um penteado em que o cabelo é puxado para trás e amarrado na parte de trás da cabeça.",
7784,plait,"COD: a single length of hair, rope or other material made up of three or more interlaced strands.",115,Hair_configuration,83,plait,"COD: um único comprimento de cabelo, corda ou outro material composto por três ou mais fios entrelaçados.",
7786,braided,"FN: the state of having the configuration of a braid.",115,Hair_configuration,84,trançado,"FN: o estado de ter a configuração de uma trança.",
7787,topknot,"COD: a knot of hair arranged on the top of the head.",115,Hair_configuration,83,topknot,"COD: um nó de cabelo arranjado no topo da cabeça.",
7788,wavy,"COD: having or consisting of a series of wave-like curves.",115,Hair_configuration,84,ondulante,"COD: tendo ou consistindo em uma série de curvas onduladas.",
7790,hairdo,"COD: (informal) the style of a woman' s hair.",115,Hair_configuration,83,cabeleira,"COD: (informal) o estilo do cabelo de uma mulher.",
7793,styled,"FN: being designed or arranged in a particular way ",115,Hair_configuration,84,estilizado,"FN: ser projetado ou organizado de uma maneira específica",
7794,hairstyle,"COD: a way in which someone' s hair is cut or arranged.",115,Hair_configuration,83,cabeleira,"COD: um jeito de cortar ou arrumar o cabelo de alguém.",
7795,haircut,"COD: the style in which someone' s hair is cut.",115,Hair_configuration,83,"corte de cabelo","COD: o estilo em que o cabelo de alguém é cortado.",
7796,cut,"COD: the way or style in which a garment or the hair is cut.",115,Hair_configuration,83,cortar,"COD: o jeito ou estilo em que uma roupa ou o cabelo é cortado.",
7797,cut,"FN: (of hair) styled in a certain way, as the result of a haircut.",115,Hair_configuration,84,cortar,"FN: (de cabelo) estilizado de uma certa maneira, como resultado de um corte de cabelo.",
7798,cropped,"FN: (of hair) cut very short.",115,Hair_configuration,84,cortado,"FN: (de cabelo) cortado muito curto.",
7805,rapist,"COD: a man who commits rape. ",116,Rape,83,estuprador,"COD: um homem que comete estupro.",
7806,raped,"FN: having been forced (by a man) to have sexual intercourse with (him)",116,Rape,84,estuprada,"FN: tendo sido forçada (por um homem) a ter relações sexuais com (ele)",
7807,"sexually assault","FN: force (another person) to have sexual intercourse with against their will.",116,Rape,86,"agredir sexualmente","FN: forçar (outra pessoa) a ter relações sexuais contra a sua vontade.",
7810,kind,"COD: a class or type of people or things having similar characteristics",117,Type,83,gentil,"COD: uma classe ou tipo de pessoas ou coisas com características semelhantes",
7811,sort,"COD: a category of people or things with a common feature",117,Type,83,classificar,"COD: uma categoria de pessoas ou coisas com uma característica comum",
