idLU,lemmaName(en),senseDescription(en),idFrame,frameName,idPOS,lemmaName(pt),senseDescription(pt),idLemma(pt)
6201,insurrection,"COD:  a rising in open resistance to established authority",66,Change_of_leadership,83,insurreição,"COD: a ascensão da resistência aberta contra a autoridade estabelecida",
6202,mutiny,"COD: an open revolt against constituted authority, especially by soliders or sailors against their officers.",66,Change_of_leadership,83,mutina,"COD: uma revolta aberta contra a autoridade estabelecida, especialmente por soldados ou marinheiros contra seus oficiais.",
6203,mutiny,"COD:  revolt",66,Change_of_leadership,86,mutina,"COD: revolt",
6205,rebellion,"COD: n. open reisitance to authority, esp. organized armed resistance to an established government.",66,Change_of_leadership,83,revolta,"COD: n. resistência aberta à autoridade, especialmente resistência armada organizada a um governo estabelecido.",
6208,uprising,"COD: an act of resistance or rebellion.",66,Change_of_leadership,83,revolta,"COD: um ato de resistência ou rebelião.",
6209,oust,"COD:  drive out or expel, especially by forcing oneself into the place of",66,Change_of_leadership,86,Oust,"COD: conduzir ou expulsar, especialmente forçando-se a ocupar o lugar de",
6210,depose,"COD: remove from office suddenly and forcefully",66,Change_of_leadership,86,depoise,"COD: remover do escritório de repente e à força",
6212,overthrow,"COD:  a removal from power; a defeat or downfall. ",66,Change_of_leadership,83,derrubar,"COD: remoção do poder; derrota ou queda.",
6213,revolt,"COD:  an attempt to end the authority of a person or body by rebelling.",66,Change_of_leadership,83,revoltar,"COD: uma tentativa de acabar com a autoridade de uma pessoa ou corpo através da rebelião.",
6214,"take over","COD: assume control of or responsibility for something.",66,Change_of_leadership,86,"assumir o controle","COD: assume controle de ou responsabilidade por algo.",
6215,topple,"FN: to overthrow.",66,Change_of_leadership,86,Quedar,"FN: para derrubar.",
6217,throne,"FN: install as leader (as if up on a throne).",66,Change_of_leadership,86,trono,"FN: instalar como líder (como se estivesse em um trono).",
6219,coronate,"FN: install as royal leader.",66,Change_of_leadership,86,coroar,"FN: instalar como líder real.",
6221,vest,"FN: give new power to someone (or some group).",66,Change_of_leadership,86,vest,"FN: dar novo poder a alguém (ou a um grupo).",
6225,rising,"FN: a revolt against an authority",66,Change_of_leadership,83,subindo,"FN: uma revolta contra uma autoridade",
6227,ouster,"FN: A situation in which a person holding some office is removed from that office abruptly. This term usually implies that regular proceedure is not followed, and some degree of force or coercion is used. Takes the FE Old_leader in a PP[of].",66,Change_of_leadership,83,destituição,"FN: Uma situação em que uma pessoa que ocupa algum cargo é removida desse cargo abruptamente. Esse termo geralmente implica que os procedimentos regulares não são seguidos e algum grau de força ou coerção é usado. Toma o líder antigo em um PP [de].",
6237,commandant,"COD: an officer in charge of a particular force or institution. ",67,Leadership,83,comandante,"COD: um oficial responsável por uma força ou instituição específica.",
6238,commander,"COD: a person in authority, especially in a military context. ",67,Leadership,83,comandante,"COD: uma pessoa com autoridade, especialmente em um contexto militar.",
6241,general,"COD: a commander of an army, or an army officer ranking above lieutenant general.",67,Leadership,83,gerais,"COD: um comandante de exército ou um oficial do exército com patente superior à de tenente-general.",
6242,govern,"COD: conduct the policy and affairs of (a state, organization, or people). ",67,Leadership,86,governar,"COD: conduzir a política e os assuntos de (um estado, organização ou povo).",
6246,imam,"COD: the person who leads prayers in a mosque. ",67,Leadership,83,imã,"COD: a pessoa que lidera as orações em uma mesquita.",
6250,mayor,"COD: the elected head of the municipal corporation of a city or borough. ",67,Leadership,83,maior,"COD: o chefe eleito da corporação municipal de uma cidade ou bairro.",
6252,monarch,"COD: a sovereign head of state, especially a king, queen, or emperor. ",67,Leadership,83,monarca,"COD: um chefe de estado soberano, especialmente um rei, rainha ou imperador.",
6254,preside,"COD: be in a position of authority in a meeting, court, etc; be in charge of (a situation).",67,Leadership,86,preside,"COD: estar em uma posição de autoridade em uma reunião, tribunal, etc.; ser responsável por (uma situação).",
6256,principal,"FN: the head or senior person in an organization or group, especially a school or collge.",67,Leadership,83,principal,"FN: o chefe ou pessoa sênior em uma organização ou grupo, especialmente uma escola ou faculdade.",
6257,queen,"COD: the female ruler of an independent state, especially one who inherits the position by right of birth. ",67,Leadership,83,rainha,"COD: a governante feminina de um estado independente, especialmente aquela que herda o cargo por direito de nascimento.",
6258,reign,"COD: rule as monarch. ",67,Leadership,86,reino,"COD: Rege como monarca.",
6260,ruler,"COD: a person or agent exercising government or dominion. ",67,Leadership,83,rebuço,"COD: uma pessoa ou agente que exerce governo ou domínio.",
6262,shah,"COD: a title of the former monarch of Iran. ",67,Leadership,83,شاه,"COD: o título do monarca anterior do Irã.",
6263,sovereign,"COD: a supreme ruler, especially a monarch. ",67,Leadership,83,soberania,"COD: um governante supremo, especialmente um monarca.",
6265,vice-captain,"FN: a person serving in the place of or as a deputy for the captain",67,Leadership,83,vice-capitão,"FN: uma pessoa servindo no lugar do ou como substituto do capitão",
6266,vice-chairman,"FN: a person deputizing for a chairman and serving in his place during his absence or indisposition",67,Leadership,83,vice-presidente,"FN: uma pessoa que delega os poderes de um presidente e atua em seu lugar durante sua ausência ou indisposição",
6267,vice-president,"COD: an official or executive ranking below and deputizing for a president.",67,Leadership,83,vice-presidente,"COD: um posto oficial ou executivo abaixo e representando um presidente.",
6269,viceroy,"COD: a ruler exercising authority in a colony on behalf of a sovereign.",67,Leadership,83,Viceroy,"COD: o governante que exerce autoridade em uma colônia em nome de um soberano.",
6270,caliph,"COD: the chief Muslim civil and religious ruler, regarded as the successor of Muhammad",67,Leadership,83,califa,"COD: o principal governante civil e religioso muçulmano, considerado o sucessor de Maomé",
6271,suzerain,"COD: a sovereign or state having some control over another state that is internally autonomous",67,Leadership,83,souverain,"COD: um país ou Estado que exerce algum controle sobre outro Estado que é autônomo internamente",
6272,satrap,"COD:  a subordinate or local ruler",67,Leadership,83,satrapia,"COD: um governante subordinado ou local",
6273,rector,"FN: a leader in charge of a church or other institution",67,Leadership,83,reitor,"FN: um líder encarregado de uma igreja ou outra instituição",
6274,headmaster,"COD: chiefly Brit. a male head teacher.",67,Leadership,83,diretor-geral,"COD: principalmente britânico, um diretor de escola masculina.",
6275,doyen,"COD: the most respected or prominent person in a particular field.",67,Leadership,83,Decano,"COD: a pessoa mais respeitada ou proeminente em um campo específico.",
6276,doyenne,"COD: (feminine) the most  respected or prominent person in a particular field ",67,Leadership,83,Doyen,"COD: (feminino) a mais respeitada ou proeminente pessoa em um campo específico",
6277,empress,"COD: the female ruler of an empire, or the wife/widow of an emperor",67,Leadership,83,imperatriz,"COD: a governante feminina de um império, ou a esposa/viúva de um imperador",
6278,maharaja,"COD: historical an Indian prince",67,Leadership,83,maharaja,"COD: um príncipe indiano histórico",
6279,tsar,"COD: an emperor of Russia before 1917",67,Leadership,83,tsar,"COD: um imperador da Rússia antes de 1917",
6280,tsarina,"COD: an empress of Russia before 1917",67,Leadership,83,tsarina,"COD: uma imperatriz da Rússia antes de 1917",
6281,sheik,"COD: an Arab leader, especially the chief or head of a tribe, family, or village",67,Leadership,83,sheik,"COD: um líder árabe, especialmente o chefe ou cabeça de uma tribo, família ou aldeia",
6282,vizier,"COD: high official in some Muslim countries, especially in Turkey under Ottoman rule",67,Leadership,83,vizir,"COD: alto funcionário em alguns países muçulmanos, especialmente na Turquia sob o domínio otomano",
6283,duchess,"FN: the wife/widow of a duke, or a woman holding a rank equivalent to duke ",67,Leadership,83,duquesa,"FN: a esposa ou viúva de um duque, ou uma mulher que detém um posto equivalente ao de duque",
6284,khan,"COD: a title given to rulers and officials in central Asia, Afghanistan, and certain other Muslim countries. ",67,Leadership,83,خان,"COD: um título dado a governantes e funcionários na Ásia Central, no Afeganistão e em alguns outros países muçulmanos.",
6285,khedive,"COD: the title of the viceroy of Egypt under Turkish rule 1867-1914",67,Leadership,83,Khedive,"COD: o título do vice-rei do Egito sob domínio turco 1867-1914",
6286,kaiser,"COD: the German Emperor, the Emperor of Austria, or the head of the Holy Roman Empire.",67,Leadership,83,Caiser,"COD: o Imperador Alemão, o Imperador da Áustria ou o chefe do Sacro Império Romano-Germânico.",
6287,pasha,"COD: The title of a Turkish officer of high rank. ",67,Leadership,83,pacha,"COD: O título de um oficial turco de alto escalão.",
6288,overlord,"COD:  A ruler, especially a feudal lord. ",67,Leadership,83,"senhor supremo","COD: O senhor, especialmente um senhor feudal.",
6289,baron,"FN: a member of the lowest order in British nobility, or a powerful person in business or industry",67,Leadership,83,barão,"FN: um membro da classe mais baixa na nobreza britânica, ou uma pessoa poderosa nos negócios ou na indústria",
6290,dictator,"COD: a ruler with total power over a country",67,Leadership,83,ditador,"COD: um governante com poder total sobre um país",
6294,"drug lord","FN: The leader of a criminal organization which traffics in illegal drugs",67,Leadership,83,"senhor do tráfico","FN: O líder de uma organização criminosa que tráfico de drogas ilegais",
6298,presidential,"FN: of or pertaining to a president",67,Leadership,84,presidencial,"FN: de ou relacionado a um presidente",
6299,regime,"COD: a government, especially an authoritarian one.",67,Leadership,83,regime,"COD: o governo, especialmente um autoritário.",
6300,"director general","COD: the chief executive of a large organization.",67,Leadership,83,diretor-geral,"COD: o diretor-executivo de uma grande organização.",
6303,charge,"FN: command, control.",67,Leadership,83,carregar,"FN: comando, controle.",
