idLU,lemmaName(en),senseDescription(en),idFrame,frameName,idPOS,lemmaName(pt),senseDescription(pt),idLemma(pt)
25264,stall,"temporary construction of light materials, where food and drinks are sold.",1253,Dining,83,barreira,"Construção temporária de materiais leves, onde alimentos e bebidas são vendidos.",811
957,plan,"to gather information about a tourist activity",1254,Planning_by_tourist,86,plano,"para reunir informações sobre uma atividade turística",8787
22108,tea,"A meal that is eaten in the late afternoon or evening daily.;",1255,Touristic_service,83,chá,"Uma refeição que é comida no final da tarde ou noite diariamente.",17145
24568,have,"to offer facilities, objects or services to the tourist.",1255,Touristic_service,86,ter,"Oferecer instalações, objetos ou serviços ao turista.",116847
21318,wreck,"A serious accident (usually involving one or more vehicles);",1258,Accident,83,ruína,"Um grave acidente (geralmente envolvendo um ou mais veículos);",9449
1023,activity,"something the tourist does for fun, leisure or to relax",1259,Tourist_activities,83,atividade,"Algo que o turista faz por diversão, lazer ou para relaxar",28
25292,skate,"the act or effect of riding with skates.",1259,Tourist_activities,86,patins,"o ato ou efeito de andar com patins.",69488
25293,surf,"activity carried out at sea, in the waves, with the aid of a surfboard.",1259,Tourist_activities,86,Surfe,"Atividade realizada no mar, nas ondas, com o auxílio de uma prancha de surfe.",34095
25295,pool,"board game, balls and taco, considered variety of English billiards.",1259,Tourist_activities,83,piscina,"jogo de tabuleiro, bolas e taco, considerado uma variedade de bilhar inglês.",873
1026,doctor,"a professional responsible for taking care of players injuries and lesions.",1260,Coaching_staff,83,Doutor,"Um profissional responsável por cuidar das lesões e contusões dos jogadores.",20075
27765,chef,"a professional with high experience responsible for the elaboration of menus and feeding of a sports team.",1260,Coaching_staff,83,chefe,"Um profissional com grande experiência responsável pela elaboração de menus e alimentação de uma equipe esportiva.",10800
27772,instructor,"a professional who deals with the instruction and training of athletes.",1260,Coaching_staff,83,professor,"Um profissional que lida com a instrução e treinamento de atletas.",672
21656,commission,"a group of people who represent a country in a sports event.",1261,Delegation,83,comissão,"um grupo de pessoas que representam um país em um evento esportivo.",36691
1029,hospital,"place where sick or injured people go for treatment",1262,Hospital,83,hospital,"local onde pessoas doentes ou feridas vão para tratamento",356
1030,book,"to make a reservation for a service",1263,Tourist_service_reserve,86,livro,"fazer uma reserva para um serviço",8572
24035,reserve,"to make a reservation for a service.",1263,Tourist_service_reserve,86,reserva,"fazer uma reserva para um serviço.",514
