idLU,lemmaName(en),senseDescription(en),idFrame,frameName,idPOS,lemmaName(pt),senseDescription(pt),idLemma(pt)
4488,stupid,"COD: lacking intelligence or common sense. ",24,Mental_property,84,estúpido,"COD: falta de inteligência ou bom senso.",81467
4490,wise,"COD: having or showing experience, knowledge, and good judgement.",24,Mental_property,84,sábio,"COD: ter ou mostrar experiência, conhecimento e bom julgamento.",89365
4491,stupidly,"FN: in a stupid, unintelligent manner.",24,Mental_property,89,estupidamente,"FN: de uma maneira estúpida e sem inteligência.",139882
4493,carelessly,"FN: without giving sufficient attention to (sth).",24,Mental_property,89,carinhosamente,"FN: sem dar atenção suficiente a (algo).",139815
4501,suspicious,"FN: distrustful and unwilling to confide. ",24,Mental_property,84,Suspeito,"FN: Desconfiado e relutante em confiar.",74117
4502,sense,"FN: a mental recognition of good and bad",24,Mental_property,83,sentido,"FN: a percepção mental de bem e mal",37088
4503,"common sense","FN:  practical knowledge acquired through experience",24,Mental_property,83,"Bom senso","Conhecimento prático adquirido através da experiência",10657
34291,cerebral,"Mentally active.",24,Mental_property,84,cerebral,"Mentalmente ativo.",77847
4504,analyse,"COD: examine methodically and in detail the constitution or structure of.",25,Scrutiny,86,análise,"COD: examinar meticulosamente e em detalhes a constituição ou estrutura de.",7584
4508,look,"COD: attempt to find.",25,Scrutiny,86,olhar,"COD: tentativa de encontrar.",120635
4509,perusal,"FN: the act of perusing.",25,Scrutiny,83,Exame,"FN: o ato de examinar.",10649
4517,study,"COD: look at closely in order to observe or read. ",25,Scrutiny,86,Estudo,"COD: olhar de perto para observar ou ler.",7592
4518,survey,"COD: an act of surveying.",25,Scrutiny,83,pesquisa,"COD: um ato de pesquisa.",6572
4519,survey,"COD: look carefully and thoroughly at. ",25,Scrutiny,86,pesquisa,"COD: olhe cuidadosamente e completamente para.",6572
4525,skim,"COD: read (something) quickly, noting only the important points. ",25,Scrutiny,86,Espremer,"COD: ler (algo) rapidamente, observando apenas os pontos importantes.",129692
4530,eyeball,"COD: stare at closely. ",25,Scrutiny,86,Olho,"COD: fique de olho no detalhe.",10676
4541,monitor,"COD: observe and check over a period of time.",25,Scrutiny,86,monitor,"COD: observar e verificar durante um período de tempo.",65229
4543,go,"COD: search through or examine carefully.",25,Scrutiny,86,ir,"COD: procurar ou examinar cuidadosamente.",116877
4544,monitoring,"FN: the act of observing and checking over a period of time.",25,Scrutiny,83,Monitoramento,"FN: o ato de observar e verificar ao longo de um período de tempo.",28077
4551,examination,"FN: the act of conducting an inspection of an area",25,Scrutiny,83,Exame,"FN: o ato de realizar uma inspeção em uma área",10649
34046,vote,"wrong
",25,Scrutiny,86,votar,errado,121695
4556,discreet,"COD: careful and prudent in one' s speech or actions, especially so as to avoid giving offence or attracting attention. ",26,Candidness,84,discreto,"COD: cuidadoso e prudente em suas palavras ou ações, especialmente para evitar ofender ou chamar a atenção.",80101
4558,forthcoming,"COD: willing to divulge information. ",26,Candidness,84,próximo,"COD: disposto a divulgar informações.",73248
4559,forthright,"COD: direct and outspoken. ",26,Candidness,84,direto,"COD: direto e franco.",73221
4561,honest,"COD: free of deceit; truthful and sincere. ",26,Candidness,84,honesto,"COD: livre de engano; verdadeiro e sincero.",73959
4566,straightforward,"COD: honest and open. ",26,Candidness,84,direto,"COD: honesto e aberto.",73221
4567,truthful,"COD: telling or expressing the truth; honest.",26,Candidness,84,verdadeiro,"COD: contar ou expressar a verdade; honesto.",73929
4576,straight,"COD: not evasive; honest.",26,Candidness,84,direito,"COD: não evasivo; honesto.",80082
34327,transparency,"The quality of being easy to perceive, or honest.",26,Candidness,83,transparência,"A qualidade de ser fácil de perceber, ou honesta.",35062
