idLU,lemmaName(en),senseDescription(en),idFrame,frameName,idPOS,lemmaName(pt),senseDescription(pt),idLemma(pt)
20377,center,,157,Buildings,83,centro,,6688
22058,dwelling,"The abode of a human being, their place of residence.;",157,Buildings,83,moradia,"O abrigo de um ser humano, seu lugar de residência.",28191
22062,place,"Ones own dwelling place; the house or structure in which one lives; especially the house in which one lives with his family; the habitual abode of ones family; also, ones birthplace.;A place of abode; settled dwelling; residence; house.;A habitation; a place or house in which a person lives; abode; domicile.;A house or home.;A residence at a particular place accompanied with an intention to remain there for an unlimited time; a residence accepted as a final abode.;A residence, dwelling or habitation.;A dynasty, a familial descendance; a family with its ancestors and descendants, especially a royal or noble one.;",157,Buildings,83,local,"O próprio lugar de moradia; a casa ou estrutura em que se vive; especialmente a casa em que se vive com a família; o habitat habitual da família; também, o local de nascimento. ;Um lugar de moradia; morada fixa; residência; casa. ;Uma habitação; um lugar ou casa onde uma pessoa mora; residência; domicílio. ;Uma casa ou lar. ;Uma residência em um determinado lugar acompanhada da intenção de permanecer lá por um período ilimitado; uma residência aceita como a última morada. ;Uma residência, moradia ou habitat. ;Uma dinastia, uma descendência familiar; uma família com seus ancestrais e descendentes, especialmente uma real ou nobre.",957
24600,headquarters,"a large building or group of buildings used to house soldiers.",157,Buildings,83,sede,"um grande edifício ou grupo de edifícios usados para abrigar soldados.",534
30675,hostel,"COD: an establishment which provides cheap food and lodging for a specific group of people. ",157,Buildings,83,albergue,"COD: uma instituição que oferece alimentação e hospedagem baratas para um grupo específico de pessoas.",62
30676,hotel,"COD: an establishment providing accommodation and meals for travellers and tourists. ",157,Buildings,83,hotel,"COD: uma instituição que oferece hospedagem e refeições para viajantes e turistas.",363
30677,motel,"COD: a roadside hotel designed primarily for motorists, typically having the rooms arranged in low blocks with parking directly outside. ",157,Buildings,83,motel,"COD: um hotel de estrada projetado principalmente para motoristas, geralmente com quartos dispostos em blocos baixos com estacionamento diretamente fora deles.",649
30678,inn,"COD: a public house, traditionally an establishment also providing food and lodging. ",157,Buildings,83,pousada,"COD: uma casa pública, tradicionalmente um estabelecimento que também fornece comida e hospedagem.",494
30788,bar,"COD: an establishment where alcohol and other refreshments are served.",157,Buildings,83,bar,"COD: uma casa onde são servidos álcool e outras bebidas refrescantes.",116
30874,pub,"FN: a place that serves drinks and usually food",157,Buildings,83,pub,"FN: um lugar que serve bebidas e geralmente comida",8703
34455,labyrinth,"An intricate irregular network of passages, rooms and doors in which it is difficult to find a way out.",157,Buildings,83,labirinto,"Uma intrincada rede irregular de passagens, salas e portas, em que é difícil encontrar uma saída.",25911
8728,smuggle,"COD: move (goods) illegally into or out of a country. ",158,Smuggling,86,contrabando,"COD: mover (mercadorias) ilegalmente para dentro ou para fora de um país.",18121
8736,get,"COD: come to have or hold; receive. ",161,Getting,86,obter,"COD: vir a ter ou manter; receber.",117118
8737,obtain,"COD: acquire or secure. ",161,Getting,86,obter,"COD: adquirir ou garantir.",117118
8738,acquire,"COD:  come to possess.",161,Getting,86,adquirir,"COD: vir a possuir.",120669
8739,acquisition,"COD: the act of acquiring. ",161,Getting,83,aquisição,"COD: o ato de adquirir.",6677
8741,acquisition,"COD:  a recently acquired asset or object.",161,Getting,83,aquisição,"COD: um ativo ou objeto recentemente adquirido.",6677
8743,procure,"COD: obtain",161,Getting,86,procurar,Obter,117343
8744,procurement,"FN: the act of obtaining.",161,Getting,83,aquisição,"FN: o ato de obter.",6677
8745,score,"FN: manage to obtain (something highly desirable).",161,Getting,86,pontuação,"FN: conseguir obter (algo altamente desejável).",1020
8746,win,"FN: acquire through effort or fortune",161,Getting,86,vencer,"FN: adquirir por esforço ou sorte",117187
34445,"pull out","To take something from a container.",161,Getting,86,tirar,"Tomar algo de um recipiente.",117182
8750,disbursement,"FN: payment (from a fund)",162,Commerce_pay,83,despesa,"FN: pagamento (de um fundo)",8893
