idLU,lemmaName(en),senseDescription(en),idFrame,frameName,idPOS,lemmaName(pt),senseDescription(pt),idLemma(pt)
13611,bar,"FN: to prohibit something from happening",1398,Prohibiting_or_licensing,86,bar,"FN: proibir algo de acontecer",116
13615,sanction,"FN: allow.",1398,Prohibiting_or_licensing,86,sanção,"FN: permitir.",32940
34862,censorship,"The supression or prohibition of an entity or act.",1398,Prohibiting_or_licensing,83,censura,"A supressão ou proibição de uma entidade ou ato.",14416
18483,go,"COD: pass into or be in a specified state, especially an undesirable one:",1400,Transition_to_a_quality,86,ir,"COD: passar para ou estar em um estado especificado, especialmente um indesejado:",116877
14763,get,"FN: come into a specified state",1402,Transition_to_a_state,86,obter,"FN: entrar em um estado especificado",117118
18484,metamorphosis,"COD: a change in form or nature.",1404,Undergo_transformation,83,metamorfose,"COD: uma mudança de forma ou natureza.",27655
18486,transformation,"FN: change form to a new kind.",1404,Undergo_transformation,83,transformação,"FN: mudar de forma para um novo tipo.",35043
18487,metamorphose,"FN: change form, often ending up in a more advanced and/or preferable state.",1404,Undergo_transformation,86,metamorfose,"FN: mudar de forma, muitas vezes terminando em um estado mais avançado e/ou preferível.",27655
18489,transmute,"FN: change in a surprising way.",1404,Undergo_transformation,86,Transmutar,"FN: mudança de uma maneira surpreendente.",10614
18495,transition,"FN: change (from one category or state to another); specialized use for changing gender status.",1404,Undergo_transformation,86,transição,"FN: mudança (de uma categoria ou estado para outro); uso especializado para mudar o status de gênero.",6566
31133,bench,"a long seat for several people, typically made of wood or stone.",1414,Furniture,83,bancada,"Uma longa cadeira para várias pessoas, normalmente feita de madeira ou pedra.",8697
25524,side,"food that accompanies the main course.",1423,Food_service,83,lado,"Alimentos que acompanham o prato principal.",6573
25525,garnish,"food that accompanies the main course.",1423,Food_service,83,Decoração,"Acompanhamento para o prato principal.",9420
25532,starter,"food that serves as appetizer appetizer, to whet the appetite.",1423,Food_service,83,iniciante,"Alimentos que servem como aperitivo para despertar o apetite.",25034
25953,departure,"the act of leaving a place.",1424,Tourist_departure_lodging,83,partida,"o ato de sair de um lugar",457
33767,creative,"Someone who can create, who has creativity.",1433,Personality_traits,84,Criativo,"Alguém que pode criar, que tem criatividade.",73171
34159,generous,"A person or entity that is ready to give more than expected of something.",1433,Personality_traits,84,generoso,"Uma pessoa ou entidade que está disposta a dar mais do que o esperado de algo.",73338
34242,side,"One of the personality traits of an entity.",1433,Personality_traits,83,lado,"Uma das características de personalidade de uma entidade.",6573
34278,ambitious,"Having a strong desire for success,",1433,Personality_traits,84,Avançado,"Ter um forte desejo de sucesso,",73460
34346,complacent,"The act or situation of feeling satisfied with oneself.",1433,Personality_traits,84,complacente,"O ato ou situação de se sentir satisfeito consigo mesmo.",78322
29717,revolt,"COD: rise in rebellion against authority",1436,Reject_leadership,86,revoltar,"COD: ascensão da rebelião contra a autoridade",117346
29719,rebel,"FN: refuse to accept previous or established rule.",1436,Reject_leadership,86,rebelde,"FN: recusa-se a aceitar regras anteriores ou estabelecidas.",66828
