idLU,lemmaName(en),senseDescription(en),idFrame,frameName,idPOS,lemmaName(pt),senseDescription(pt),idLemma(pt)
7507,might,"FN: used to express possibility",103,Likelihood,86,pode,"FN: usado para expressar possibilidade",
7509,likely,"COD: probably",103,Likelihood,89,provável,"COD: provavelmente",
7511,guaranteed,"FN: certain to occur.",103,Likelihood,84,garantido,"FN: certo de ocorrer.",
7512,can,"COD: used to indicate that something is typically the case",103,Likelihood,86,can,"COD: usado para indicar que algo é tipicamente o caso",
7517,assured,"COD: protected against discontinuance or change",103,Likelihood,84,assegurado,"COD: protegido contra descontinuação ou alteração",
7520,undoubtedly,"FN: without a feeling of uncertainty",103,Likelihood,89,indiscutivelmente,"FN: sem um sentimento de incerteza",
7522,would,"FN: used to indicate a conditional state or action",103,Likelihood,86,faria,"FN: usado para indicar um estado ou ação condicional",
7523,befall,"COD:  happen to (especially of something bad)",104,Catastrophe,86,befall,"COD: acontecer a (especialmente de algo ruim)",
7525,betide,"FN: befall; esp. used with woe",104,Catastrophe,86,betide,"FN: acontecer; p.s. usado com pena",
7528,mishap,"FN: an unlucky incident (often in negative contexts)",104,Catastrophe,83,Desgraça,"FN: um incidente infeliz (frequentemente em contextos negativos)",
7529,mischance,"COD: an unlucky occurrence",104,Catastrophe,83,"acaso infeliz","COD: um acontecimento infeliz",
7530,misfortune,"COD: an unfortunate event",104,Catastrophe,83,Desgraça,"COD: um evento infeliz",
7533,cataclysm,"COD: a violent upheaval or disaster",104,Catastrophe,83,cataclismo,"COD: uma perturbação ou desastre violento",
7534,apocalypse,"COD: an event involving destruction or damage on a catastrophic scale.",104,Catastrophe,83,apocalipse,"COD: um evento envolvendo destruição ou dano em escala catastrófica.",
7535,calamitous,"FN: having a profoundly negative effect",104,Catastrophe,84,calamitoso,"FN: tendo um efeito profundamente negativo",
7536,catastrophic,"FN: being a catastrophe; having a sudden, violent effect",104,Catastrophe,84,catastrófico,"FN: ser uma catástrofe; ter um efeito súbito e violento",
7542,disastrous,"FN: of or relating to a disaster",104,Catastrophe,84,desastrado,"FN: de ou relacionado a um desastre",
7550,try,"COD: an effort to accomplish something; an attempt. ",105,Attempt,83,provar,"COD: um esforço para alcançar algo; uma tentativa.",
7552,go,"COD:  an attempt or trial.",105,Attempt,83,ir,"COD: tentativa ou teste.",
7554,stab,"COD: an attempt to do.",105,Attempt,83,"está bem","COD: uma tentativa de fazer.",
7557,quest,"COD: a long or arduous search.",105,Attempt,83,"quest"" em português é ""missão"".","COD: uma busca longa ou árdua.",
7558,push,"FN: strenuous effort to reach a goal.",105,Attempt,83,empurrar,"FN: esforço árduo para alcançar um objetivo.",
7561,observe,"COD: fulfil or comply with",106,Compliance,86,observe,"Cumprir ou cumprir",
7563,compliance,"COD: the action or fact of being compliant",106,Compliance,83,Conformidade,"COD: a ação ou fato de ser conforme",
7565,observance,"COD: the practice of observing the requirements of law, morality, or ritual",106,Compliance,83,observância,"COD: a prática de observar os requisitos da lei, moralidade ou ritual",
7568,contravene,"COD: offend against the prohibition or order of (a law, treaty, etc.)",106,Compliance,86,contradiz,"COD: ofende contra a proibição ou ordem de (uma lei, tratado, etc.)",
7569,breach,"COD: break (a law, agreement, or code of conduct)",106,Compliance,86,brecha,"COD: quebrar (uma lei, acordo ou código de conduta)",
7570,violation,"FN: breaking or failing to comply with (a rule or formal agreement)",106,Compliance,83,violação,"FN: quebrar ou não cumprir (uma regra ou acordo formal)",
7572,breach,"COD: an act of breaking a law, agreement, or code of conduct",106,Compliance,83,brecha,"COD: um ato de quebrar uma lei, acordo ou código de conduta",
7573,flout,"COD: openly disregard (a rule, law, or convention)",106,Compliance,86,Flar,"COD: desprezar abertamente",
7574,conform,"COD: comply with rules, standards, or laws",106,Compliance,86,conformar-se,"COD: cumprir regras, padrões ou leis",
7577,transgress,"COD: go beyond the limits set by (a moral principle, standard, law, etc.)",106,Compliance,86,transgressão,"COD: ultrapassar os limites estabelecidos por (um princípio moral, padrão, lei, etc.)",
7578,transgression,"COD: a excession of the limits set by (a moral principle, standard, law, etc.)",106,Compliance,83,transgressão,"COD: uma exortação dos limites estabelecidos por (um princípio moral, padrão, lei, etc.)",
7579,lawless,"COD: not governed by or obedient to laws.",106,Compliance,84,ilegal,"COD: não governado ou obediente às leis.",
7580,contrary,"FN: not in conformity with what is usual or what is expected",106,Compliance,84,contrário,"FN: não está de acordo com o que é habitual ou esperado",
7581,conformity,"COD: compliance with conventions, rules, or laws.",106,Compliance,83,conformidade,"COD: conformidade com convenções, regras ou leis.",
7583,honor,"COD: fulfil (an obligation) or keep (an agreement).",106,Compliance,86,honorário,"COD: cumprir (uma obrigação) ou manter (um acordo).",
7585,abide,"FN: comply",106,Compliance,86,abide,"FN: cumprir",
7586,obedient,"FN: complying (with a duty)",106,Compliance,84,obediente,"FN: cumprir (uma obrigação)",
7587,observant,"COD: observing the rules of a religion. ",106,Compliance,84,observante,"COD: observando as regras de uma religião.",
7588,"play by the rules","FN: conform to social or other, more specific norms",106,Compliance,86,"Seguir as regras","FN: conformar-se às normas sociais ou outras, mais específicas",
7590,noncompliance,"FN:  Not obeying rules. ",106,Compliance,83,"não conformidade","FN: Não obedecendo às regras.",
7592,disobey,"FN: to fall out of compliance with some set of rules or an authority' s explicit direction. ",106,Compliance,86,desobedecer,"FN: sair do cumprimento de um conjunto de regras ou de uma direção explícita de uma autoridade.",
7593,"in accordance","FN: to be in compliance with a Norm; usually followed by ""with""",106,Compliance,84,"de acordo com","FN: estar em conformidade com uma Norma; geralmente seguido por ""com",
7594,by-pass,"FN: avoid or circumvent rules to accomplish a goal.",106,Compliance,86,by-pass,"FN: evitar ou contornar regras para alcançar um objetivo.",
7596,own,"COD: possess",107,Possession,86,próprio,"COD: possessivo",
7604,possessor,"FN: one who possesses s.t.",107,Possession,83,possuidor,"FN: um que possui s.t.",
7605,lacking,"COD: absent or deficient",107,Possession,84,falta,"COD: ausente ou deficiente",
7607,wanting,"COD: lacking in something required, necessary, or usual",107,Possession,84,querendo,"COD: faltando em algo necessário, necessário ou habitual",
7609,want,"COD: have a desire to possess or do (something); wish for. ",107,Possession,86,quer,"COD: desejar possuir ou fazer (algo); desejar.",
7612,assets,"COD: property owned by a person or company, regarded as having value and being available to meet debts, commitments, or legacies.",107,Possession,83,ativos,"COD: propriedade de uma pessoa ou empresa, considerada como tendo valor e estando disponível para atender dívidas, compromissos ou legados.",
