idLU,lemmaName(en),senseDescription(en),idFrame,frameName,idPOS,lemmaName(pt),senseDescription(pt),idLemma(pt)
10037,imprison,"COD: put or keep in prison. ",221,Inhibit_movement,86,prisioneiro,"COD: colocar ou manter na prisão.",
10038,confinement,"FN: the action of forcing or keeping withing a contained area.",221,Inhibit_movement,83,confinamento,"FN: a ação de forçar ou manter dentro de uma área contida.",
10039,detain,"COD: keep (someone) in official custody.",221,Inhibit_movement,86,detenção,"COD: manter (alguém) em custódia oficial.",
10041,immure,"COD: confine or imprison.",221,Inhibit_movement,86,imure,"COD: confinar ou aprisionar.",
10043,constrain,"FN: to forcibly confine (someone/something)",221,Inhibit_movement,86,constrain,"FN: confinar à força (alguém/algo)",
10045,knot,"COD: tangle. ",222,Rope_manipulation,86,nó,"COD: emaranhado.",
10046,tangle,"COD: twist (strands) together into a confused mass. ",222,Rope_manipulation,86,Emaranhado,"COD: enrolar (fios) juntos em uma massa confusa.",
10053,handcuff,"COD: put handcuffs on. ",225,Immobilization,86,algema,"COD: coloque algemas.",
10054,shackle,"COD: chain with shackles. ",225,Immobilization,86,Grampo,"COD: corrente com grilhões.",
10055,straitjacket,"FN: confine in a straitjacket.",225,Immobilization,86,"traje de força","FN: confinar em uma camisola de força.",
10056,item,"COD: an individual article or unit.",226,Entity,83,itens,"COD: um artigo ou unidade individual.",
10060,individual,"FN: single object",226,Entity,83,individual,"FN: objeto único",
10061,what,"FN: (used in questions to mark the entity about which the questioner is presenting themself as desiring more information) any kind of entity.",226,Entity,83,"o que","FN: (usado em perguntas para marcar a entidade sobre a qual o interrogador se apresenta como desejando mais informações) qualquer tipo de entidade.",
33771,anything,"A thing, no matter what.",226,Entity,89,"qualquer coisa","A coisa, não importa o quê.",
34387,fuse,"An electrical safety device that cuts the contact and turns the device off if the electricity is too high.",226,Entity,83,fusível,"Um dispositivo de segurança elétrica que corta o contato e desliga o dispositivo se a eletricidade estiver muito alta.",
34559,grocery,,226,Entity,83,"comércio de alimentos",,
10067,tie,"FN: connection; link",227,Make_cognitive_connection,83,amarrar,"Conexão; ligação",
10070,tie,"FN: something that serves as a connecting link in a relationship (as a bond of kinship or affection)",228,Social_connection,83,amarrar,"FN: algo que serve como um elo de ligação em uma relação (como um vínculo de parentesco ou afeição)",
10072,connected,"FN: having a social relationship with",228,Social_connection,84,conectado,"FN: ter uma relação social com",
10073,bond,"COD: a force or feeling that unites people. ",228,Social_connection,83,falso,"COD: uma força ou sentimento que une as pessoas.",
10074,close,"COD: (of a relationship or the people conducting it) very affectionate or intimate.",228,Social_connection,84,fechar,"COD: (de um relacionamento ou das pessoas que o conduzem) muito afetivo ou íntimo.",
10086,zip,"COD: with obj. fasten with a zip. ",229,Closure,86,zipar,"COD: com objeto de fixar com zíper.",
10088,unzip,"COD: unfasten the zip of.",229,Closure,86,Descompactar,"COD: desabotoar o zíper de.",
10089,unbuckle,"COD: with obj. unfasten the buckle of. ",229,Closure,86,desabotoar,"COD: com o objeto de afrouxar o fecho de.",
10090,uncork,"COD: pull the cork out of ",229,Closure,86,Desencapar,"COD: tire o tampo",
10091,unscrew,"COD: unfasten by twisting",229,Closure,86,Desvenda,"COD: desenrolar por torcer",
10092,seal,"COD: to fasten or close securely",229,Closure,86,selar,"COD: para prender ou fechar com segurança",
10094,unfasten,"COD: with obj. open the fastening of; undo. ",229,Closure,86,desamarrar,"COD: com objeto aberto o fecho de; desfazer.",
10098,allergist,"FN: a doctor who specializes in the diagnosis and treatment of allergies.",230,Medical_professionals,83,alergista,"FN: um médico que se especializa no diagnóstico e tratamento de alergias.",
10102,chiropractor,"FN: a practitioner of chiropractics",230,Medical_professionals,83,chiroprático,"FN: um praticante de quiroprática",
10105,gastroenterologist,"FN: a doctor who specializes in diorders of the stormach, intestines, and related organs",230,Medical_professionals,83,gastroenterologista,"FN: um médico que se especializa em distúrbios do estômago, intestinos e órgãos relacionados",
10106,gerontologist,"FN: a doctor who specializes in the phenomena associated with old age and aging",230,Medical_professionals,83,gerontologista,"FN: um médico que se especializa nos fenômenos associados ao envelhecimento e à velhice",
10107,homeopathist,"FN: a healthcare provider who practices homeopathy",230,Medical_professionals,83,homeopata,"FN: um provedor de saúde que pratica homeopatia",
10108,immunologist,"FN: a doctor who specializes in the disorders and the functioning of the immune system",230,Medical_professionals,83,imunologista,"FN: um médico que se especializa nos distúrbios e no funcionamento do sistema imunológico",
10109,neonatologist,"FN: a doctor who specializes in conditions and disorders of newborns",230,Medical_professionals,83,neonatologista,"FN: um médico que se especializa em condições e distúrbios de recém-nascidos",
10110,nephrologist,"FN: a doctor who specializes in the disorders and functioning of the kidneys",230,Medical_professionals,83,nefrologistaa,"FN: um médico que se especializa nos distúrbios e funções dos rins",
10112,obstetrician,"FN: a physician or surgeon qualified to practise in obstetrics",230,Medical_professionals,83,obstetra,"FN: um médico ou cirurgião qualificado para praticar obstetrícia",
10117,proctologist,"FN: a physician or surgeon who specializes in diseases affecting the rectum, colon, and anus",230,Medical_professionals,83,proctologistao,"FN: um médico ou cirurgião que se especializa em doenças que afetam o reto, cólon e ânus",
10119,psychoanalyst,"FN: a medical professional who practices psychoanalysis",230,Medical_professionals,83,psicanalista,"FN: um profissional médico que pratica psicanálise",
