idLU,lemmaName(en),senseDescription(en),idFrame,frameName,idPOS,lemmaName(pt),senseDescription(pt),idLemma(pt)
5324,cool,"FN: calm and collected",42,Experiencer_focused_emotion,84,legal,"FN: calma e coletado",73570
5325,easy,"FN: a state in which the experiencer is at ease; free from worry or anxiety.",42,Experiencer_focused_emotion,84,Fácil,"FN: um estado em que o experimentador está em paz; livre de preocupação ou ansiedade.",71079
31000,calm,"FN: a sense of peace; the state of being undisturbed and/or peaceful",42,Experiencer_focused_emotion,83,calma,"FN: um senso de paz; o estado de ser indisposto e/ou pacífico",10741
34170,hope,"The desire for something to be true or happen.",42,Experiencer_focused_emotion,83,esperança,"O desejo de que algo seja verdadeiro ou aconteça.",6629
5329,burn,"COD: be entirely possessed by (a desire or emotion).",43,Emotion_heat,86,queimar,"COD: ser completamente possuído por (um desejo ou emoção).",117198
5332,seethe,"COD: be filled with intense but unexpressed anger.",43,Emotion_heat,86,ferver,"COD: estar cheio de raiva intensa mas não expressa.",130229
5336,alleviate,"COD: make (pain or difficulty) less severe.",44,Cure,86,aliviar,"COD: tornar (dor ou dificuldade) menos grave.",122745
5341,rehabilitation,"FN: the action or proicess of restoring to health or normal life by training and therapy after addiction or illness",44,Cure,83,Reabilitação,"FN: a ação ou processo de restaurar à saúde ou vida normal através de treinamento e terapia após a dependência ou doença",31727
5342,treat,"COD: give medical care or attention to.",44,Cure,86,tratar,"COD: dar cuidados ou atenção médica a.",120628
5343,treatment,"COD: medical care for an illness or injury.",44,Cure,83,tratamento,"COD: cuidados médicos para uma doença ou lesão.",9387
5346,healer,"FN: somebody who heals",44,Cure,83,curandeiro,"FN: alguém que cura",18693
5349,alleviation,"FN: to make a condition more bearable ",44,Cure,83,alívio,"FN: para tornar uma condição mais suportável",12988
5350,remedy,"COD: a medicine or treatment for a disease or injury",44,Cure,83,remédio,"COD: uma medicina ou tratamento para uma doença ou lesão",6623
5352,ease,"COD: make or become less serious or severe",44,Cure,86,facilidade,"COD: fazer ou se tornar menos sério ou severo",22105
5356,palliative,"COD: relieving pain or alleviating a problem without dealing with the cause",44,Cure,84,paliativo,"COD: aliviando dores ou problemas sem lidar com as causas subjacentes",86954
5357,therapy,"COD: treatment intended to relieve or heal a disorder. ",44,Cure,83,Terapia,"COD: tratamento destinado a aliviar ou curar uma desordem.",34578
5359,therapist,"FN: somebody specializing in a particular course of treatment or rehabilitation",44,Cure,83,terapeuta,"FN: alguém que se especializa em um determinado curso de tratamento ou reabilitação",34577
5360,resuscitate,"COD: make active or vigorous again",44,Cure,86,ressuscitar,"COD: faça ativo ou vigoroso novamente",133840
5361,remedy,"FN: to cure using some remedy",44,Cure,86,remédio,"FN: para curar usando algum remédio",6623
5362,nurse,"FN: act as a nurse; treat with special care",44,Cure,86,enfermeiro,"FN: atuar como enfermeira; tratar com cuidado especial",9392
5365,heal,"FN: become sound or healthy again",45,Recovery,86,curar,"FN: ficar bom ou saudável de novo",125520
5366,recover,"COD: return to a normal state of health, mind, or strength",45,Recovery,86,recuperar,"COD: retornar a um estado normal de saúde, mente ou força",133427
5371,ease,"FN: to become less severe",45,Recovery,86,facilidade,"FN: tornar-se menos severo",22105
5372,allergic,"COD: of, caused by, or relating to an allergy.",46,Health_response,84,alérgico,"COD: de, causado por, ou relacionado a uma alergia.",74088
5373,allergy,"COD: a damaging immune response by the body to a substance to which it has become hypersensitive",46,Health_response,83,alergia,"COD: uma resposta imune prejudicial do corpo a uma substância à qual ele se tornou hipersensível",12724
5374,sensitive,"FN: quick to be affected by slight changes or influences",46,Health_response,84,sensível,"FN: rápido para ser afetado por pequenas mudanças ou influências",89692
5375,sensitivity,"COD: the quality or condition of being sensitive to slight changes or influences",46,Health_response,83,sensibilidade,"COD: a qualidade ou condição de ser sensível a pequenas mudanças ou influências",33194
5385,starve,"COD: suffer or die or cause to suffer or die from hunger.",47,Death,86,fome,"COD: sofrer ou morrer ou causar a sofrimento ou morte por fome.",9403
5386,starvation,"FN: the fact of suffering or dying from hunger",47,Death,83,Fome,"FN: o fato de sofrer ou morrer de fome",9403
5388,"pass away","FN: to die",47,Death,86,passar,"FN: morrer",117128
5390,drown,"COD: die through submersion in water",47,Death,86,afogar,"COD: morrer por imersão em água",122415
5393,suffocate,"FN: die from a lack of oxygen.",47,Death,86,sufocar,"FN: morrer de falta de oxigênio.",134456
5398,end,"FN: death; ' meet'  used as a support verb",47,Death,83,fim,"FN: morte; 'encontrar-se' usado como verbo de apoio",9374
5399,approach,"FN: an act of approaching",48,Arriving,83,abordagem,"FN: um ato de aproximar-se",11877
5400,approach,"COD: come near or nearer to in distance, time, or standard.",48,Arriving,86,abordagem,"COD: aproximar-se ou chegar mais perto em distância, tempo ou padrão.",11877
5405,entrance,"COD: an act of entering",48,Arriving,83,entrada,"COD: um ato de entrar",274
5406,return,"COD: an act of returning.",48,Arriving,83,retorno,"COD: um ato de devolver.",32344
5407,return,"COD:  come or go back to a place",48,Arriving,86,retorno,"COD: vir ou voltar para um lugar",32344
