idLU,lemmaName(en),senseDescription(en),idFrame,frameName,idPOS,lemmaName(pt),senseDescription(pt),idLemma(pt)
34448,clean,"The attribute of being unsoiled by any material.",485,Attributes,84,limpo,"O atributo de ser imaculado por qualquer material.",74004
34449,green,"A place populated by nature;",485,Attributes,84,verde,"Um lugar povoado pela natureza;",91572
34561,refined,"In a better form, without impurities, or unwanted entities.",485,Attributes,84,refinado,"Em uma forma melhor, sem impurezas ou entidades indesejadas.",88743
34879,individual,"The attribute of being unique.",485,Attributes,84,individual,"O atributo de ser único.",83842
34376,superficial,"Lacking depth.",486,Measurable_attributes,84,superficial,"Faltando profundidade.",90325
14474,rate,"COD: the speed with which something moves, happens, or changes.",487,Speed_description,83,taxa,"COD: a velocidade com que algo se move, acontece ou muda.",34424
14475,pace,"COD: speed or rate of motion, development, or change.",487,Speed_description,83,paço,"COD: velocidade ou taxa de movimento, desenvolvimento ou mudança.",29332
14480,smart,"FN: brisk and quick",487,Speed_description,84,inteligente,"FN: rápido e ágil",84214
37848,slow,"moving at a low speed.",487,Speed_description,84,lento,"movendo-se a uma baixa velocidade.",73615
14482,take,"COD: require or use up (a specified amount of time)",488,Taking_time,86,tomar,"COD: exigir ou usar (uma quantidade especificada de tempo)",117247
34186,sudden,"Taking very little time.",488,Taking_time,84,súbito,"Levando muito pouco tempo.",90435
14509,counter,"FN: a flat-topped, level surface usually in the kitchen",490,Architectural_part,83,contador,"FN: uma superfície plana e lisa, geralmente na cozinha",9773
14510,facade,"COD: the face of a building, especially its principal front.",490,Architectural_part,83,facada,"COD: o rosto de um edifício, especialmente sua frente principal.",22102
14513,flight,"FN: a stair between floors/landings usually forming part of a larger stair .",490,Architectural_part,83,voo,"FN: uma escada entre andares ou pátios que geralmente forma parte de uma maior escada.",2048
14526,fresh,"FN: not previously used; new. ",491,Age,84,fresco,"FN: não utilizado anteriormente; novo.",73633
14528,maturity,"FN: the age at adulthood which, in animals, is defined as full sexual development, and in humans is culture specific",491,Age,83,maturidade,"FN: a idade da maturidade que, em animais, é definida como desenvolvimento sexual completo, e em humanos é específica da cultura",8059
14531,elderly,"FN: old",491,Age,84,idoso,"FN: velho",83258
