idLU,lemmaName(en),senseDescription(en),idFrame,frameName,idPOS,lemmaName(pt),senseDescription(pt),idLemma(pt)
10413,"put together","FN: make food by mixing ingredients; mix ingredients",243,Cooking_creation,86,montar,"FN: fazer comida misturando ingredientes; misturar ingredientes",120905
10418,grill,"FN: cook by direct heat, as on/under a grill or over a hot fire",243,Cooking_creation,86,churrasco,"F: cozinhar com calor direto, como em grelha ou sobre fogo quente",1984
10419,grilling,"FN: the process of cooking by direct heat, as on/under a grill or over a hot fire",243,Cooking_creation,83,churrasco,"FN: o processo de cozimento por calor direto, como em uma grelha ou sobre um fogo quente",1984
10424,fix,"FN: produce a meal or part of a meal",243,Cooking_creation,86,fixar,"FN: preparar uma refeição ou parte de uma refeição",130267
10429,grope,"COD: feel about or search blindly or uncertainly with the hands.",244,Seeking,86,empurrar,"COD: sentir ou procurar com as mãos sem ver.",128043
10431,feel,"COD: perceive, examine, or search by touch. NB: Only searching relevant in this frame.",244,Seeking,86,sentir,"COD: perceber, examinar ou procurar por toque.

NB: Apenas a busca é relevante neste contexto.",117323
10433,hunt,"COD: search diligently for. ",244,Seeking,86,caçar,"COD: procure diligentemente por.",117305
10434,nose,"COD: look around or pry into something. ",244,Seeking,86,nariz,"COD: olhar ao redor ou intrometer-se em algo.",679
10436,pan,"COD: wash gravel in a pan to separate out (gold). ",244,Seeking,86,pão,"COD: lave cascalho em uma frigideira para separar (ouro).",1974
34321,source,"Search for something.",244,Seeking,86,Fonte,"Procure por algo.",36698
10453,puke,"COD: vomit",245,Excreting,86,vômito,"COD: vômito",10759
10454,regurgitate,"COD: bring (swallowed food) up again to the mouth. ",245,Excreting,86,regurgitar,"COD: trazer (alimento engolido) de volta à boca.",133569
10455,sweat,"COD: no obj. exude sweat. ",245,Excreting,86,suor,"COD: sem objeto, exalar suor.",34014
10456,spew,"COD: no obj. informal vomit. ",245,Excreting,86,vômito,"COD: no obj. informal vômito.",10759
10460,"throw up","COD: vomit",245,Excreting,86,vômitar,"COD: vômito",135144
10463,sweat,"COD: moisture exuded through the pores of the skin, especially as a reaction to heat, physical exertion, or anxiety.",245,Excreting,83,suor,"COD: umidade liberada pelas poros da pele, especialmente como reação ao calor, esforço físico ou ansiedade.",34014
10464,"spit up","COD: (especially of a baby) vomit.",245,Excreting,86,vômito,"COD: (especialmente de um bebê) vômito.",10759
10489,insipid,"COD: lacking flavour. ",246,Chemical-sense_description,84,insípido,"COD: sem sabor.",73873
10495,reek,"COD: have a foul smell. ",246,Chemical-sense_description,86,rechear,"COD: tem um cheiro ruim.",133358
10501,bouquet,"COD: the characteristic scent of a wine or perfume. ",246,Chemical-sense_description,83,Buquê,"COD: o aroma característico de um vinho ou perfume.",15867
10507,smell,"COD: have a strong or unpleasant odour. ",246,Chemical-sense_description,86,cheiro,"COD: tem um cheiro forte ou desagradável.",9344
