idLU,lemmaName(en),senseDescription(en),idFrame,frameName,idPOS,lemmaName(pt),senseDescription(pt),idLemma(pt)
4000,replica,"COD: an exact copy or model of something, especially one on a smaller scale. ",7,Duplication,83,replica,"COD: uma cópia exata ou modelo de algo, especialmente em escala reduzida.",32727
4002,"run off","COD: produce a copy on a machine.",7,Duplication,86,correr,"COD: produza uma cópia em uma máquina.",116883
4010,pretend,"COD: act so as to make it appear that something is the case when in fact it is not.",8,Feigning,86,pretender,"COD: age de forma a fazer parecer que algo é verdade quando, na verdade, não é.",116856
29061,dive,"to act so as to lure the referee to award a foul that was not committed by the opposing player.",8,Feigning,86,mergulhar,"Atuar de maneira a atrair o árbitro para marcar uma falta que não foi cometida pelo jogador adversário.",120922
29062,simulation,"in sports, it is the action of pretending to be the victim of a foul.",8,Feigning,83,simulação,"No esporte, é a ação de fingir ser vítima de uma falta.",1215
4023,mix,"FN: combine to form a whole",9,Cause_to_amalgamate,86,mistura,"FN: combina para formar um todo",6730
4024,lump,"COD: put in an indiscriminate mass or group. ",9,Cause_to_amalgamate,86,grumo,"COD: colocar em uma massa ou grupo indiscriminado.",23820
4030,flux,"COD: treat (a metal object) with a flux to promote melting. ",9,Cause_to_amalgamate,86,fluxo,"COD: tratar (um objeto metálico) com um fluido para promover o derretimento.",63117
4032,jumble,"COD:  mix up in a confused way.",9,Cause_to_amalgamate,86,confusão,"COD: embaralhar de forma confusa.",17977
4033,pair,"FN: join two items to form a pair.",9,Cause_to_amalgamate,86,par,"FN: junte dois itens para formar um par.",8785
4035,fold,"FN: to combine by gently adding one part to another, usually used in baking",9,Cause_to_amalgamate,86,dobrar,"FN: combinar por adicionar suavemente uma parte à outra, geralmente usado em assar",120894
4037,combination,"FN: The act of combining, or the result of agentive combining.",9,Cause_to_amalgamate,83,combinação,"FN: O ato de combinar, ou o resultado da combinação agente.",8582
4039,divide,"FN: separate into parts or groups",10,Separating,86,dividir,"FN: separar-se em partes ou grupos",117250
4040,part,"COD: move apart or divide to leave a central space. ",10,Separating,86,parte,"COD: separe ou divida para deixar um espaço central.",2040
4041,partition,"COD: divide into parts. ",10,Separating,86,partição,"COD: divide-se em partes.",29631
4042,section,"COD: divide into sections. ",10,Separating,86,seção,"COD: divide-se em seções.",8824
4043,segment,"COD: divide into segments. ",10,Separating,86,segmento,"COD: divide-se em segmentos.",8825
4046,split,"COD: divide or cause to divide into parts or groups.",10,Separating,86,dividir,"COD: dividir ou causar a divisão em partes ou grupos.",117250
4054,clap,"FN: strike the palms of (one' s hands) together repeatedly",11,Body_movement,86,aplaudir,"FN: bater palmas (das mãos) repetidamente",123291
4055,cock,"COD: bend a (limb or joint) at an angle.",11,Body_movement,86,galinha,"COD: dobrar a (limbo ou articulação) em um ângulo.",1243
4056,crane,"COD: stretch out (one' s neck) in order to see something.",11,Body_movement,86,guindaste,"COD: esticar o pescoço para ver algo.",1161
4057,cross,"FN: to place a pair of extremities across each other",11,Body_movement,86,cruz,"FN: colocar um par de extremos um contra o outro",9579
4058,drop,"FN: to move lower, to cause to sink",11,Body_movement,86,drop,"FN: para se mover mais baixo, para fazer afundar",1175
4065,hang,"FN: to allow (one' s head) to fall, droop",11,Body_movement,86,pendurar,"FN: permitir que a cabeça caia, fique pendurada",132533
4068,lift,"COD: raise to a higher position or level",11,Body_movement,86,elevar,"COD: elevar a um nível ou posição mais elevada",120683
4072,purse,"COD: (with reference to the lips) pucker or contract.",11,Body_movement,86,bolsa,"COD: (com referência aos lábios) puxar ou contrair.",15528
4073,roll,"FN: move a body part on an axis, rotate",11,Body_movement,86,rolar,"FN: mover uma parte do corpo em um eixo, girar",117232
4074,shake,"COD: move forcefully or quickly up and down or to and fro.",11,Body_movement,86,Agitar,"COD: move com força ou rapidamente para cima e para baixo ou de um lado para o outro.",121123
4078,swing,"FN: move or cause to move back and forth or from side to side",11,Body_movement,86,balanço,"FN: mover ou causar para mover para frente e para trás ou de um lado para o outro",14756
4079,throw,"COD: move quickly, hurriedly, or roughly",11,Body_movement,86,lançar,"COD: mova rapidamente, apressadamente ou ásperamente",117266
4084,wave,"COD: move (one' s hand or arm, or something held in one' s hand) to and fro.",11,Body_movement,86,onda,"COD: mover (a mão ou o braço de alguém, ou algo segurado na mão) para frente e para trás.",1122
4087,wrinkle,"COD: make or become wrinkled.",11,Body_movement,86,ruga,"COD: fazer ou tornar-se enrugado.",32684
4090,writhe,"COD: twist or squirm in pain or as if in pain",11,Body_movement,86,enrolar,"COD: torcer ou contorcer de dor ou como se estivesse com dor",120824
