idLU,lemmaName(en),senseDescription(en),idFrame,frameName,idPOS,lemmaName(pt),senseDescription(pt),idLemma(pt)
7636,earlobe,"COD: a soft, rounded fleshy part hanging from the lower margin of the ear. ",1375,Body_parts,83,aurícula,"COD: uma parte macia e arredondada de carne que pende pela borda inferior da orelha.",
7638,eyelid,"COD: each of the upper and lower folds of skin which cover the eye when closed. ",1375,Body_parts,83,páldao,"COD: cada uma das dobras superior e inferior da pele que cobrem o olho quando fechado.",
7645,groin,"COD: the area between the abdomen and the thigh on either side of the body, or the region of the genitals. ",1375,Body_parts,83,groin,"COD: a área entre o abdômen e a coxa de cada lado do corpo, ou a região dos genitais.",
7651,incisor,"COD: a narrow-edged tooth at the front of the mouth, adapted for cutting. ",1375,Body_parts,83,Incisor,"COD: um dente de borda estreita na parte da frente da boca, adaptado para cortar.",
7652,jaw,"COD: each of the upper and lower bony structures in vertebrates forming the framework of the mouth and containing the teeth.",1375,Body_parts,83,mandíbulas,"COD: cada uma das estruturas ósseas superiores e inferiores nos vertebrados que formam o quadro da boca e contêm os dentes.",
7653,toe,"COD: any of the five digits at the end of the human foot",1375,Body_parts,83,toe,"COD: qualquer dos cinco dígitos no final do pé humano",
7655,claw,"COD: a curved, pointed horny nail on each digit of the foot in birds, lizards, and some mammals",1375,Body_parts,83,garra,"COD: uma unha curvada e pontuda em cada dedo do pé de pássaros, lagartos e alguns mamíferos",
7657,talon,"COD: a claw, especially one belonging to a bird of prey",1375,Body_parts,83,talão,"COD: a garra, especialmente a de um pássaro de rapina",
7659,pelt,"COD: the skin of an animal with the fur, wool, or hair still on it.",1375,Body_parts,83,peltar,"COD: a pele de um animal com o pelo, lã ou cabelo ainda nela.",
7661,snout,"COD: the projecting nose and mouth of an animal, esp. a mammal",1375,Body_parts,83,Snout,"COD: o focinho e a boca de um animal, especialmente um mamífero",
7662,maw,"COD: the jaws or throat, esp. of a voracious animal.",1375,Body_parts,83,maw,"COD: as mandíbulas ou garganta, esp. de um animal voraz.",
7663,fang,"FN: a dangerous tooth, large and sharp and/or capable of delivering poison",1375,Body_parts,83,fangue,"FN: um dente perigoso, grande e afiado e/ou capaz de entregar veneno",
7666,feeler,"COD: an animal organ such as an antenna that is used for testing things by touch or for searching for food",1375,Body_parts,83,"feeler"" em português é ""sentidor"".","COD: um órgão animal como uma antena que é usado para testar coisas por toque ou para procurar comida",
7668,muzzle,"COD: the projecting part of the face, including the nose and mouth, of an animal such as a dog or horse",1375,Body_parts,83,muzzle,"COD: a parte da cabeça de um animal como um cão ou cavalo que projeta, incluindo o nariz e a boca",
7669,beak,"COD: a bird' s horny projecting jaws; a bill",1375,Body_parts,83,bico,"COD: o bico de um pássaro; uma bica",
7670,trunk,"COD: the elongated, prehensile nose of an elephant",1375,Body_parts,83,trunco,"COD: o focinho alongado e preênsil de um elefante",
7673,foreleg,"FN: each of the most anterior limbs used for locomotion or standing.",1375,Body_parts,83,"perna dianteira","FN: cada um dos membros mais anteriores utilizados para locomoção ou postura.",
7674,forefoot,"COD: each of the front feet of a four-footed animal",1375,Body_parts,83,pés-anteiros,"COD: cada uma das patas dianteiras de um animal de quatro patas",
7675,forepaw,"FN: each of the frontmost paws of an animal",1375,Body_parts,83,"pata dianteira","FN: cada uma das patas dianteiras de um animal",
7676,limb,"COD: an arm, leg, or wing",1375,Body_parts,83,limbo,"COD: um braço, uma perna ou uma asa",
7678,flipper,"COD: a broad, flat limb without fingers, used for swimming by sea animals such as seals, whales, and turtles",1375,Body_parts,83,flipper,"COD: uma extremidade larga e achatada, sem dedos, utilizada para nadar por animais marinhos como focas, baleias e tartarugas",
7680,nape,"COD: the back of a person' s neck. NB: not always used of people",1375,Body_parts,83,nape,"COD: o dorso do pescoço de uma pessoa. NB: nem sempre usado de pessoas",
7682,antenna,"COD: a long, thin sensory appendage found in pairs on the heads of insects and some other arthropods.",1375,Body_parts,83,antena,"COD: um apêndice sensorial longo e fino encontrado em pares nas cabeças de insetos e outros artrópodes.",
7684,fluke,"COD: either of the lobes of a whale' s tail",1375,Body_parts,83,fluke,"COD: qualquer uma das lobas da cauda de um baleia",
7686,forelimb,"FN: any of the frontmost limbs of a creature",1375,Body_parts,83,"membro anterior","FN: qualquer dos membros dianteiros de um criatura",
7687,hindlimb,"FN: any of the rearmost limbs of a creature.",1375,Body_parts,83,"perna posterior","FN: qualquer dos membros mais traseiros de um animal.",
7688,hindleg,"FN: any of the hindmost legs of a creature",1375,Body_parts,83,Pernas,"FN: qualquer uma das pernas traseiras de um criatura",
7689,fingertip,"FN: the tip of the finger",1375,Body_parts,83,"Dedo do pé","FN: o dedo",
7690,brow,"COD: a person' s forehead",1375,Body_parts,83,pêlo,"COD: a testa de uma pessoa",
7693,fingernail,"COD: the nail on the upper surface of the tip of each finger. ",1375,Body_parts,83,"unhas de gel","COD: o unha na superfície superior do dedo.",
7695,toenail,"COD: a nail on the upper surface of the tip of each toe",1375,Body_parts,83,unhas,"COD: uma unha na superfície superior do dedo do pé",
7697,nostril,"COD: either of two external openings of the nasal cavity in vertebrates that admit air to the lungs and smells to the olfactory nerves. ",1375,Body_parts,83,narizinho,"COD: uma das duas aberturas externas da cavidade nasal em vertebrados que permitem a entrada de ar para os pulmões e cheiros para as nervosas olfativas.",
7699,midriff,"COD: the region of the front of the body between the chest and the waist",1375,Body_parts,83,midriff,"COD: a região da frente do corpo entre o peito e a cintura",
7700,navel,"COD: a rounded knotty depression in the center of a person' s belly caused by the detachment of the umbilical cord after birth; the umbilicus",1375,Body_parts,83,navel,"COD: uma depressão arredondada e nodulosa no centro da barriga causada pela separação do cordão umbilical após o nascimento; o umbigo",
7702,hindquarters,"COD: the hind legs and adjoining parts of a quadruped.",1375,Body_parts,83,quadris,"COD: as pernas traseiras e partes adjacentes de um quadrupede.",
7703,forefinger,"COD: the finger next to the thumb.",1375,Body_parts,83,"dedão do pé","COD: o dedo ao lado do polegar.",
7706,tentacle,"COD: a long slender flexible appendage of an animal, used for grasping or moving about, or bearing sense organs.",1375,Body_parts,83,tentáculo,"COD: um apêndice longo e esguio de um animal, usado para agarrar ou se locomover, ou suportar órgãos sensoriais.",
7707,bill,"COD: a. the beak of a bird, especially when it is slender, flattened, or weak, or belongs to a web-footed bird or a bird of the pigeon family",1375,Body_parts,83,bilhete,"COD: o bico de um pássaro, especialmente quando é fino, achatado ou fraco, ou pertence a um pássaro com pés em teia ou da família do pombo",
7708,appendage,"COD: a projecting part of an organism, with a distinct appearance or function ",1375,Body_parts,83,appendage,"COD: uma parte projetando de um organismo, com uma aparência ou função distinta",
7710,rump,"FN: .the hind part of the body of a mammal, the lower back of a bird, or humourously a person' s buttocks",1375,Body_parts,83,Rump,"FN: .a parte posterior do corpo de um mamífero, a lombar inferior de um pássaro ou humoristicamente os glúteos de uma pessoa",
7718,pupil,"FN: the dark circular center of the eye surrounded by the iris",1375,Body_parts,83,pupilo,"FN: o centro escuro e circular do olho rodeado pela íris",
30958,"corpus callosum","FN: the largest bundle of nerve fibers connecting the left and right hemispheres of the cerebrum in placental mammals, including humans.",1375,Body_parts,83,"corpo caloso","FN: o maior feixe de fibras nervosas que conectam os hemisférios esquerdo e direito do cérebro em mamíferos placentários, incluindo humanos.",
34306,dna,"The deoxyribonucleic acid: is a chemical, present inside all of the cells of living things, it controls the structures and purposes of each cell of that body.",1375,Body_parts,83,DNA,"O ácido desoxirribonucleico: é uma substância química, presente em todas as células dos seres vivos, controla as estruturas e propósitos de cada célula desse organismo.",
39630,pulsar,,1375,Body_parts,83,pulsar,,
40040,p,,1375,Body_parts,83,p,,
18533,changed,"FN: describes entities which have undergone change",1376,Change_post-state,84,mudou,"FN: descreve entidades que sofreram alteração",
18534,unchanged,"FN: describes entities which have not undgone a change (in a situation in which change might be considered possible).",1376,Change_post-state,84,inalterado,"FN: descreve entidades que não sofreram uma mudança (em uma situação em que a mudança pode ser considerada possível).",
