idLU,lemmaName(en),senseDescription(en),idFrame,frameName,idPOS,lemmaName(pt),senseDescription(pt),idLemma(pt)
16512,terror,"FN: the means by which terrorists wage war",790,Terrorism,83,Terror,"FN: os meios pelos quais terroristas fazem guerra",8792
16517,dough,"FN: money (informal).",791,Money,83,massa,"FN: dinheiro (informal).",27296
16518,capital,"COD: wealth owned by a person or organization or invested, lent, or borrowed.",791,Money,83,capital,"COD: riqueza detida por uma pessoa ou organização ou investida, emprestada ou emprestada.",2114
16523,fund,"FN: a supply of money, set aside for some purpose",791,Money,83,fundo,"FN: uma provisão de dinheiro, reservada para algum propósito",762
16532,safely,"FN: without incurring any risk.",792,Risky_situation,89,seguramente,"FN: sem incorrer em nenhum risco.",142143
16533,warm,"FN: uncomfortable due to potential danger",792,Risky_situation,84,quente,"FN: desconfortável devido a um possível perigo",73635
16537,protract,"COD: prolong; draw out.",796,Change_event_duration,86,projetar,"COD: prolongar; desenrolar.",117274
16548,fare,"COD: perform in a specified way in a particular situation or period: ",797,Thriving,86,fazer,"COD: desempenhar de uma maneira especificada em uma situação ou período particular",116954
16549,prosperity,"FN: the state or degree of (financial) well-being.",797,Thriving,83,Prosperidade,"FN: o estado ou grau de (bem-estar) financeiro.",31054
16550,live,"FN: to exist (with a particular level of comfort)",797,Thriving,86,viver,"FN: existir (com um nível específico de conforto)",116906
16560,way,"FN: a means for doing something.",800,Means,83,caminho,"FN: um meio para fazer algo.",6733
16566,approach,"COD: a way of dealing with something.",800,Means,83,abordagem,"COD: um jeito de lidar com algo.",11877
16579,weather,"COD: come safely through.",801,Surviving,86,Clima,"COD: passe com segurança.",2131
16584,colony,"COD: a country or area under the political control of another country and occupied by settlers from that country.",802,Colonization,83,colônia,"COD: um país ou região sob o controle político de outro país e ocupada por colonos desse país.",8581
16585,settle,"FN: (for a nation-state, or members thereof) go to a new area to live.",802,Colonization,86,acordar,"FN: (para um estado-nação, ou membros dele) ir para uma nova área para viver.",116897
16589,people,"FN: come to inhabit.",802,Colonization,86,pessoas,"FN: vir a habitar.",9003
16593,domination,"FN: a state of controlling force over a situation.",803,Dominate_situation,83,domínio,"FN: um estado de força dominante sobre uma situação.",20028
16596,rule,"FN: having significant influence over a situation",803,Dominate_situation,86,regra,"FN: ter uma influência significativa sobre uma situação",32050
16598,domination,"FN: the state of control over someone or something.",804,Dominate_competitor,83,Domínio,"FN: o estado de controle sobre alguém ou algo.",20028
16601,control,"FN: to (primarily) determine various features of some situation or entity.",806,Control,86,controle,"FN: para (principalmente) determinar vários recursos de alguma situação ou entidade.",37441
