idLU,lemmaName(en),senseDescription(en),idFrame,frameName,idPOS,lemmaName(pt),senseDescription(pt),idLemma(pt)
11049,sacrament,"COD: (in the Christian Church) a religious ceremony or ritual regarded as imparting divine grace, such as baptism, the Eucharist, and (in the Catholic and many Orthodox Churches) penance and the anointing of the sick. ",275,Rite,83,sacramento,"COD: (na Igreja Cristã) uma cerimônia ou ritual religioso considerado como conferindo graça divina, tal como o batismo, a Eucaristia, e (nas Igrejas Católica e Ortodoxas) o confissão e unção dos enfermos.",
11051,ordain,"COD: confer holy orders on. ",275,Rite,86,ordena,"COD: confer ordens sagradas sobre.",
11052,christening,"FN: the ritual of giving a name at baptism in a Christian Church",275,Rite,83,Batismo,"FN: o ritual de dar um nome no batismo na Igreja Cristã",
11053,consecration,"FN: the performing of a ritual which makes or declares an object to be sacred; ordination to a sacred office",275,Rite,83,Consagração,"FN: a realização de um ritual que torna ou declara um objeto sagrado; ordenação para um cargo sagrado",
11054,"bar mitzvah","COD: the religious initiation ceremony of a Jewish boy who has reached the age of 13",275,Rite,83,"bar mitsvá","COD: a cerimônia de iniciação religiosa de um menino judeu que completou 13 anos",
11055,sacrifice,"COD: the practice or an act of killing an animal or person or surrendering a possession as an offering to a deity. ",275,Rite,83,sacrifício,"COD: a prática ou ato de matar um animal ou pessoa ou entregar uma posse como oferta a uma divindade.",
11056,initiation,"FN: formal admission into a group, usually by means a ritual",275,Rite,83,iniciação,"FN: admissão formal em um grupo, geralmente por meio de um ritual",
11058,"rite of passage","COD: a ceremony or event, e.g. marriage, marking an important stage in someone' s life",275,Rite,83,"Rite de Passage","COD: uma cerimônia ou evento, por exemplo, casamento, marcando uma importante etapa na vida de alguém",
11059,evensong,"COD: (especially in the Anglican Church) a service of evening prayers, psalms, and canticles",275,Rite,83,Evensong,"COD: (especialmente na Igreja Anglicana) um serviço de orações vesperais, salmos e canticos",
11060,worship,"COD: religious rites and ceremonies.",275,Rite,83,adorar,"COD: ritos e cerimônias religiosas.",
11062,vesper,"COD: evening prayer. ",275,Rite,83,vespera,"COD: oração vespertina.",
11063,sacrifice,"COD: offer or give up as a sacrifice.",275,Rite,86,sacrifício,"COD: oferecer ou desistir como sacrifício.",
11066,stormy,"COD: affected or disturbed by a storm. ",277,Weather,84,tempestuoso,"COD: afetado ou perturbado por uma tempestade.",
11067,snowy,"FN: marked by or covered by snow or looking as if it were",277,Weather,84,neve,"FN: marcado por ou coberto de neve ou parecendo que fosse",
11068,blizzard,"COD: a severe snowstorm with high winds. ",277,Weather,83,blizzard,"COD: uma forte tempestade de neve com ventos fortes.",
11071,hailstorm,"FN: an event where large pellets of frozen water fall amidst modest to high winds and possibly other precipitation. ",277,Weather,83,"tempestade de granizo","FN: um evento onde grandes pellets de água congelada caem em ventos moderados a fortes e possivelmente outras precipitações.",
11072,rainstorm,"COD: a storm with heavy rain. ",277,Weather,83,"Chuva forte","COD: uma tempestade com chuva forte.",
11073,snowstorm,"COD: a heavy fall of snow accompanied by a high wind.",277,Weather,83,"tempestade de neve","COD: uma forte queda de neve acompanhada por um vento forte.",
11075,thunderstorm,"COD: a storm with thunder and lightning and typically also heavy rain or hail.",277,Weather,83,"Trovão e chuva","COD: uma tempestade com trovões e relâmpagos e tipicamente também chuva forte ou granizo.",
11077,"lowering sky","FN: weather in which dark, low clouds presage a storm.",277,Weather,83,"abaixando céu","FN: tempo em que nuvens escuras e baixas preveem uma tempestade.",
11079,fair,"FN: generally nice weather",277,Weather,84,equitativo,"FN: geralmente tempo agradável",
33774,"full board","The phase of the moon in which it is completely illuminated.",277,Weather,83,pleno,"A fase da lua em que está completamente iluminada.",
3416,character,"a character or part played by a performer or actor. A position or role, especially in a play.",278,People,83,caractere,"Um personagem ou parte interpretada por um intérprete ou ator. Uma posição ou papel, especialmente em uma peça.",
3421,individual,"the generic use of the word to refer to any human being.",278,People,83,individual,"o uso genérico da palavra para se referir a qualquer ser humano.",
11082,un,"one. ",278,People,83,um,um,
11092,chap,"a man or a boy. ",278,People,83,chapão,"um homem ou um menino.",
11098,pax,"a person.",278,People,83,Paz.,"um(a) pessoa",
11100,folk,"a generic or specifed group of people.",278,People,83,folclore,"um grupo genérico ou específico de pessoas.",
11107,gent,"an informal way of addressing a man.",278,People,83,gentil,"um jeito descontraído de se dirigir a um homem.",
25959,mate,"a person who relates to others. An acquaintance or work associate or other social relation.",278,People,83,mate,"Uma pessoa que se relaciona com os outros. Um conhecido ou colega de trabalho ou outra relação social.",
33770,everyone,"The total amount of people who are being referred to in the sentence.",278,People,88,todos,"O número total de pessoas mencionadas na frase.",
34053,everybody,"A.l the people, every person.",278,People,88,"todo mundo","Todos os povos, todo povo.",
34388,firecracker,"A troublemaker, someone that makes a lot of noise, and fights a lot.",278,People,83,"foguete de artifício","Um bagunceiro, alguém que faz muito barulho e briga muito.",
34890,anyone,"Any person.",278,People,88,"qualquer um","Qualquer pessoa.",
11109,pal,"FN: a close friend",279,Attention_getting,83,pál,"FN: um amigo próximo",
11111,ma'am,"COD: a term of respectful address used for any woman. ",279,Attention_getting,83,Senhora.,"COD: um termo de cortesia usado para qualquer mulher.",
11117,miss,"COD: used to address a female shop assistant, teacher, etc. ",279,Attention_getting,83,perdi,"COD: usado para se dirigir a uma vendedora, professora, etc.",
11120,homes,"FN: a term of address used informally for a man",279,Attention_getting,83,casas,"FN: um termo de tratamento informal para um homem",
11121,yoohoo,"COD: a call to attract attention. ",279,Attention_getting,92,Ioiô!,"COD: um chamado para atrair atenção.",
11122,"hello there","FN: an informal term of greeting",279,Attention_getting,92,"Olá, pessoal!","FN: um termo informal de saudação",
11123,"excuse me","FN: a formal address, usually prefacing a question or complaint to a stranger.",279,Attention_getting,92,"com licença","FN: um endereço formal, geralmente precedendo uma pergunta ou reclamação a um estranho.",
11124,hey,"FN: an exclamation used to attract attention",279,Attention_getting,92,Ei,"FN: uma interjeição usada para atrair atenção",
11126,agglutinate,"COD: firmly stick or be stuck together to form a mass",280,Becoming_attached,86,aglutinar,"COD: firmemente aderir ou ser aderido para formar uma massa",
11127,bind,"FN: to attach oneself to something else",280,Becoming_attached,86,amarra,"FN: apegar-se a algo",
11129,moor,"FN: to become attached by cable or rope to the shore or to an anchor",280,Becoming_attached,86,amarração,"FN: tornar-se ligado por cabo ou corda à costa ou a uma âncora",
