idLU,lemmaName(en),senseDescription(en),idFrame,frameName,idPOS,lemmaName(pt),senseDescription(pt),idLemma(pt)
8765,"go on","FN: occuring, happening",168,Event,86,Continue.,"ocorrendo, acontecendo",
8770,anteroom,"COD: an antechamber, especially one serving as a waiting room, or a large room in an officers'  mess adjacent to the dining room. ",169,Building_subparts,83,"sala de espera","COD: uma antecâmara, especialmente um espaço de espera, ou uma grande sala em uma sala de oficiais adjacente à sala de jantar.",
8773,ballroom,"COD: a large room for formal dancing. ",169,Building_subparts,83,"sala de dança","COD: uma grande sala para dança formal.",
8777,ben,"COD: the inner room in a two-roomed cottage.",169,Building_subparts,83,Bem.,"COD: a sala interior de uma casa de duas salas.",
8778,boudoir,"COD: a woman' s bedroom or small private room. ",169,Building_subparts,83,boudoir,"COD: o quarto de uma mulher ou um pequeno cômodo privado.",
8779,buttery,"COD: a room in a college where food is kept and sold to students. ",169,Building_subparts,83,buttera,"COD: um quarto em uma faculdade onde comida é mantida e vendida para estudantes.",
8780,catacomb,"COD: an underground cemetery consisting of a gallery with recesses for tombs. ",169,Building_subparts,83,Catacumbas,"COD: um cemitério subterrâneo constituído por uma galeria com recesos para túmulos.",
8784,chancellery,"COD: sn office attached to an embassy or consulate.",169,Building_subparts,83,chanceleria,"COD: sn escritório anexado a uma embaixada ou consulado.",
8786,checkroom,"COD: a room where coats, luggage, etc. may be temporarily deposited for a fee. ",169,Building_subparts,83,"comodinho de bagagem","COD: uma sala onde casacos, bagagem, etc., podem ser depositados temporariamente por uma taxa.",
8790,den,"COD: a person' s private room. ",169,Building_subparts,83,den,"COD: o quarto de uma pessoa.",
8791,foyer,"COD: an entrance hall or other open area in a public building, especially a hotel or theatre. ",169,Building_subparts,83,foyer,"COD: um saguão ou qualquer outra área aberta em um edifício público, especialmente um hotel ou teatro.",
8792,garret,"COD: a top-floor or attic room, especially a small dismal one. ",169,Building_subparts,83,garrete,"COD: uma sala no sótão ou no andar de cima, especialmente uma pequena e sombria.",
8795,kitchenette,"COD: a small kitchen or part of a room equipped as a kitchen. ",169,Building_subparts,83,"cozinha americana","COD: uma cozinha pequena ou parte de um quarto equipada como cozinha.",
8796,larder,"COD: a room or large cupboard for storing food. ",169,Building_subparts,83,larder,"COD: uma sala ou armário grande para armazenar comida.",
8798,lift,"COD: a platform or compartment housed in a shaft for raising and lowering people or things. ",169,Building_subparts,83,elevar,"COD: uma plataforma ou compartimento alojado em um eixo para levantar e abaixar pessoas ou coisas.",
8800,lobby,"COD: a room out of which one or more other rooms or corridors lead, typically one near the entrance of a public building.",169,Building_subparts,83,lobby,"COD: uma sala da qual se acede por um ou mais corredores, geralmente próxima à entrada de um edifício público.",
8801,loft,"COD: a room or storage space directly under the roof of a house or other building, or a gallery in a church or hall. ",169,Building_subparts,83,loft,"COD: uma sala ou espaço de armazenamento diretamente sob o telhado de uma casa ou outro edifício, ou um corredor em uma igreja ou salão.",
8804,pantry,"COD: a small room or cupboard in which food, crockery, and cutlery are kept. ",169,Building_subparts,83,pantry,"COD: um pequeno quarto ou armário onde são guardados alimentos, louças e talheres.",
8806,playroom,"COD: a room in a house that is set aside for children to play in. ",169,Building_subparts,83,"salinha de brincar","COD: um quarto em uma casa que é reservado para as crianças brincarem.",
8807,porch,"COD: a covered shelter projecting in front of the entrance of a building.",169,Building_subparts,83,porch,"COD: um abrigo coberto que projeta na frente da entrada de um edifício.",
8809,repository,"COD: a place where or receptacle in which things are stored. ",169,Building_subparts,83,repositório,"COD: um lugar ou recipiente onde as coisas são armazenadas.",
8812,scullery,"COD: a small kitchen or room at the back of a house used for washing dishes and other dirty household work. ",169,Building_subparts,83,scullery,"COD: uma pequena cozinha ou quarto nos fundos de uma casa, usado para lavar louça e outras tarefas domésticas sujas.",
8814,stoop,"COD: a porch with steps in front of a house or other building. ",169,Building_subparts,83,Apoiar-se,"COD: uma varanda com degraus na frente de uma casa ou outro edifício.",
8815,storeroom,"COD: a room in which items are stored. ",169,Building_subparts,83,"armário de armazenamento","COD: uma sala em que itens são armazenados.",
8817,study,"a room for reading, writing, or academic work. ",169,Building_subparts,83,Estudar,"Um quarto para ler, escrever ou trabalhar em tarefas acadêmicas.",
8820,ward,"a room in a hospital, typically one allocated to a particular type of patient. ",169,Building_subparts,83,ward,"uma sala num hospital, tipicamente uma alocada para um tipo específico de paciente.",
8822,workroom,"a room in a building that is used especially for working",169,Building_subparts,83,"salão de trabalho","um quarto em um edifício que é usado especialmente para trabalhar",
8824,"banquet room","FN: a part of a building which is designed for the serving of banquets.",169,Building_subparts,83,"sala de banquete","FN: uma parte de um edifício projetada para servir jantares.",
8827,"family room","FN: a room in a house intended for family members to get together informally in",169,Building_subparts,83,"sala de família","FN: um quarto em uma casa destinado para os membros da família se reunirem de forma informal",
8831,"powder room","COD: a women' s toilet in a public building. ",169,Building_subparts,83,salinha,"COD: o banheiro feminino em um prédio público.",
8833,"rumpus room","COD: a room for playing games or other noisy activities. ",169,Building_subparts,83,"Rompimento de quarto","COD: um quarto para jogos ou outras atividades barulhentas.",
8835,"utility room","COD: a room with appliances for washing and other domestic work. ",169,Building_subparts,83,"quarto de serviços","COD: um quarto com aparelhos para lavar roupa e outros trabalhos domésticos.",
8838,flat,"COD: a set of rooms comprising an individual place of residence within a larger building. ",169,Building_subparts,83,chapéu-de-palha,"COD: um conjunto de salas que compõe uma residência individual dentro de um edifício maior.",
8839,lavatory,"COD: a toilet. ",169,Building_subparts,83,Sanitário,"COD: o vaso sanitário.",
8841,belfry,"COD:  the place in a bell tower or steeple in which bells are housed.",169,Building_subparts,83,"Belo Horizonte","COD: o lugar em uma torre de sino ou torre da igreja onde os sinos são alojados.",
22120,"fitness facility","Locality for both physical and intellectual education;A large room or building for indoor sports.;Physical education class;",169,Building_subparts,83,"instalação de fitness","Localidade para educação física e intelectual; Um grande quarto ou edifício para esportes internos; Aula de educação física;",
22122,loo,"A ceramic device used for depositing and removing human excrement with water through flushing.;",169,Building_subparts,83,loo,"Um dispositivo cerâmico utilizado para depositar e remover fezes humanas com água através de esvaziamento;",
22125,"water closet","A room or building equipped with one or more toilets.;",169,Building_subparts,83,Sanitário,"Um quarto ou edifício equipado com um ou mais banheiros.",
22127,tap-room,"A bar is a retail business establishment that serves alcoholic drinks -- beer, wine, liquor, and cocktails -- for consumption on the premises.;",169,Building_subparts,83,"salão de degustação","Um bar é um estabelecimento comercial que serve bebidas alcoólicas - cerveja, vinho, licores e coquetéis - para consumo no local.",
22128,"public house","Establishment serving alcoholic beverages for consumption on the premises;A business licensed to sell alcoholic drinks for consumption on the premises, or the premises themselves; public house.;A room where alcoholic drinks are served over a counter.;An establishment licensed to sell alcoholic beverages to be consumed on or off the premises; they often provide meals and sometimes accommodation.;A bar or barroom; a room where alcoholic beverages are served on tap.;The top surface of a bar (counter for serving drinks).;A public house, where beverages, primarily alcoholic, may be bought and drunk. Many pubs also provide food and/or entertainment.;",169,Building_subparts,83,"casa pública","Estabelecimento que serve bebidas alcoólicas para consumo no local; um negócio licenciado para vender bebidas alcoólicas para consumo no local, ou o próprio local; uma casa pública; um cômodo onde são servidas bebidas alcoólicas atrás de um balcão; um estabelecimento licenciado para vender bebidas alcoólicas para consumo no local ou fora dele; eles geralmente fornecem refeições e às vezes acomodação; um bar ou barroom; um cômodo onde bebidas alcoólicas são servidas na torneira; a superfície superior de um bar (balcão para servir bebidas).; uma casa pública, onde podem ser compradas e consumidas bebidas, principalmente alcoólicas. Muitos pubs também fornecem comida e/ou entretenimento.",
22130,"beer parlour","A business licensed to sell alcoholic drinks for consumption on the premises, or the premises themselves; public house.;A room where alcoholic drinks are served over a counter.;An establishment licensed to sell alcoholic beverages to be consumed on or off the premises; they often provide meals and sometimes accommodation.;A bar or barroom; a room where alcoholic beverages are served on tap.;The top surface of a bar (counter for serving drinks).;A public house, where beverages, primarily alcoholic, may be bought and drunk. Many pubs also provide food and/or entertainment.;A business licensed to sell intoxicating beverages for consumption on the premises, or the premises themselves;",169,Building_subparts,83,"bar de cerveja","Bar; casa de bebidas; boteco; lanchonete; barzinho; balcão; pub; boteco;",
22131,saloon,"A business licensed to sell intoxicating beverages for consumption on the premises, or the premises themselves;A room or establishment where alcoholic drinks are served over a counter;",169,Building_subparts,83,saloon,"Um negócio licenciado para vender bebidas intoxicantes para consumo no local, ou o próprio local; Um cômodo ou estabelecimento onde bebidas alcoólicas são servidas sobre um balcão;",
22132,ginmill,"A room or establishment where alcoholic drinks are served over a counter;",169,Building_subparts,83,ginmill,"Um quarto ou estabelecimento onde são servidas bebidas alcoólicas atrás de um balcão.",
22135,"spring floor","In gymnastics, the floor refers to a specially prepared exercise surface, which is considered an apparatus.;",169,Building_subparts,83,"piso de primavera","No ginástica, o chão refere-se a uma superfície de exercício especialmente preparada, que é considerada um aparato.",
22139,hard,"The court on which tennis is played;",169,Building_subparts,83,difícil,"A quadra onde se joga tênis;",
