idLU,lemmaName(en),senseDescription(en),idFrame,frameName,idPOS,lemmaName(pt),senseDescription(pt),idLemma(pt)
13353,retard,"COD:  delay or hold back in terms of development or progress. ",402,Hindering,86,atrasado,"COD: atraso ou retenção em termos de desenvolvimento ou progresso.",
13356,encumbrance,"COD: a burden or impediment.",402,Hindering,83,encumbrança,"COD: uma carga ou impedimento.",
13359,obstructive,"FN: creating a hinderance",402,Hindering,84,obstrução,"FN: criar um obstáculo",
13360,interfere,"COD: prevent (a plan or action) from progressing, succeeding, or being fulfilled. ",402,Hindering,86,interfere,"COD: impedir (um plano ou ação) de progredir, ter sucesso ou ser cumprida.",
13361,interference,"COD: the action of interfering or process of being interfered with.",402,Hindering,83,interferência,"COD: a ação de interferir ou o processo de ser interferido.",
13364,block,"FN: Obstruct or impede.",402,Hindering,86,bloco,"FN: obstruir ou impedir.",
13365,repress,"FN: to keep/put down or quell ",402,Hindering,86,reprimir,"FN: manter/colocar ou acalmar",
13366,repressive,"FN: tending or serving to repress (keep down, quell)",402,Hindering,84,repressivo,"FN: tendente ou servindo para reprimir (abater, acalmar)",
13369,slow,"FN: to retard; reduce the advancement or progress of",402,Hindering,86,lento,"FN: retardar; reduzir o avanço ou progresso de",
13370,"hold back","FN: to restrain or check",402,Hindering,86,reprimir,"FN: restringir ou controlar",
13374,similarity,"FN: the state of being similar to something else",403,Similarity,83,similaridade,"FN: o estado de ser semelhante a algo mais",
13375,dissimilarity,"FN: the state of being not similar or different from something",403,Similarity,83,diferenciabilidade,"FN: o estado de não ser semelhante ou diferente de algo",
13378,resemble,"COD: have a similar appearance to or features in common with",403,Similarity,86,semelhante,"COD: têm aparência semelhante ou características em comum com",
13380,unlike,"COD: in contrast to",403,Similarity,90,"a diferença entre","COD: em contraste com",
13381,resemblance,"COD: the state of resembling. ",403,Similarity,83,parecimento,"COD: o estado de assemelhar-se.",
13382,unlike,"FN: different, dissimilar",403,Similarity,84,"ao contrário de","FN: diferente, dissímil",
13383,ringer,"FN: somebody who strongly resembles another person",403,Similarity,83,"Aviso de chamada","FN: alguém que se assemelha muito a outra pessoa",
13384,"spitting image","COD: the exact double of",403,Similarity,83,"espelho da vida","COD: o exato duplo de",
13385,like,"FN: a person or thing that is similar to a familiar one",403,Similarity,83,gostar,"FN: uma pessoa ou coisa que é semelhante a uma familiar",
13386,similarity,"FN: a point of commonality or likeness.",403,Similarity,83,similaridade,"FN: um ponto de similaridade ou semelhança.",
13387,like,"COD:  in the manner of",403,Similarity,90,"gostar de","na forma de",
13388,like,"COD: having similar characteristics to another",403,Similarity,84,"gostar de","COD: tendo características semelhantes a outra",
13397,discrepancy,"COD: an illogical or surprising lack of compatibility or similarity between two or more fact",403,Similarity,83,desacordo,"COD: uma falta ilógica ou surpreendente de compatibilidade ou semelhança entre duas ou mais fatos",
13400,disparate,"COD: essentially different in kind; not able to be compared.",403,Similarity,84,disparado,"COD: essencialmente diferente em espécie; não capaz de ser comparado.",
13403,dissimilarity,"FN: the fact that (entities) are dissimilar.",403,Similarity,83,diferenciabilidade,"FN: o fato de (entidades) serem diferentes.",
13407,"very image","FN: the exact likeness of",403,Similarity,83,"imagem muito","FN: a semelhança exata de",
13408,"take after","FN: to look like or resemble",403,Similarity,86,"Seguir os passos de alguém","FN: parecer ou se assemelhar",
13410,mimic,"FN: Imitates to the point that it may be indistinguishable",403,Similarity,86,imitador,"FN: Imita até o ponto de ser indistinguível",
30935,"take (after)","FN: to look like or resemble in a way that results from kinship.",403,Similarity,86,"tomar (após)","FN: parecer ou se assemelhar de uma forma que resulta de parentesco.",
30936,deviate,"FN: differ (from an expected norm).",403,Similarity,86,Desviação,"FN: diferir (da norma esperada).",
30937,deviant,"FN: differing (from an expected norm).",403,Similarity,84,Desviado,"FN: diferindo (da norma esperada).",
13413,abusive,"FN: characterized by repeated mistreatment.",404,Abusing,84,abuso,"FN: caracterizado por repetidos abusos.",
13415,"domestic violence","FN: violence that occurs inside a family",404,Abusing,83,"violência doméstica","FN: violência que ocorre dentro de uma família",
13417,maltreatment,"FN: cruel, improper actions taken upon someone.",404,Abusing,83,mal-trato,"FN: ações cruéis e impróprias tomadas contra alguém.",
13421,tell,"COD: inform on.",405,Reporting,86,diga,"COD: informar sobre.",
13422,"rat out","COD: inform on",405,Reporting,86,ratar-se,"COD: informar sobre",
13423,squeal,"COD:  inform on someone. ",405,Reporting,83,Squeal,"Informar sobre alguém.",
13425,peach,"COD: inform on. ",405,Reporting,86,pêssego,"COD: informar sobre.",
13426,fink,"COD: an informer. ",405,Reporting,83,fink,"COD: um informante.",
13427,informer,"COD: a person who informs on another person to the police or other authority. ",405,Reporting,83,informar,"COD: uma pessoa que informa outra à polícia ou a alguma autoridade.",
13429,nark,"COD: a police informer. ",405,Reporting,83,nark,"COD: o informante da polícia.",
13430,fink,"COD: inform on.",405,Reporting,86,fink,"COD: informar.",
13435,conduct,"COD: the manner in which a person behaves",407,Conduct,83,conduzir,"COD: a maneira como uma pessoa se comporta",
13439,misbehave,"COD: behave badly",407,Conduct,86,"Fazer birra.","COD: se comportar mal",
13440,misbehavior,"FN: bad behavior",407,Conduct,83,"comportamento inadequado","FN: mau comportamento",
13441,behave,"COD: act or conduct oneself in a specified way",407,Conduct,86,comportar-se,"COD: agir ou conduzir-se de uma maneira especificada",
13443,"act up","COD: to behave badly.",407,Conduct,86,"Atuar mal","COD: agir mal.",
13446,"carry oneself","COD: stand and move in a specified way.",407,Conduct,86,"português: portar-se","COD: ficar em pé e se mover de uma maneira especificada.",
13447,demeanor,"COD: outward behaviour or bearing.",407,Conduct,83,demeurar,"COD: comportamento ou conduta externa.",
13454,inquiry,"COD: an official investigation.",408,Criminal_investigation,83,inquérito,"COD: uma investigação oficial.",
13455,probe,"COD: an investigation.",408,Criminal_investigation,83,probe,"COD: uma investigação.",
13457,inquire,"FN: to ask questions and gather evidence about a possible crime ""The police began to inquire into the circumstances of his death.""",408,Criminal_investigation,86,inquire,"FN: fazer perguntas e reunir provas sobre um possível crime ""A polícia começou a investigar as circunstâncias de sua morte.",
