idLU,lemmaName(en),senseDescription(en),idFrame,frameName,idPOS,lemmaName(pt),senseDescription(pt),idLemma(pt)
22144,"coffee bar","A small restaurant where drinks and snacks are sold;",169,Building_subparts,83,"Bar de café","Uma pequena restaurante onde são vendidos bebidas e lanches;",
22146,"tea shop","A business that sells various non-alcoholic drinks, and usually snacks and simple meals (such as breakfasts and lunches) with facilities to consume them.;",169,Building_subparts,83,"Loja de chá","Um negócio que vende vários tipos de bebidas não alcoólicas e, geralmente, petiscos e refeições simples (como café da manhã e almoço) com instalações para consumi-los.",
22149,"eating house","Establishment which prepares and serves food;An eating establishment in which diners are served food at their tables.;An establishment in which diners are served food at their tables.;A building where people go to eat;",169,Building_subparts,83,"Casa de refeições","Estabelecimento que prepara e serve comida;Um estabelecimento de alimentação em que os clientes são servidos à mesa;Um estabelecimento de alimentação em que os clientes são servidos à mesa;Um edifício onde as pessoas vão comer;",
22150,"eating place","A building where people go to eat;",169,Building_subparts,83,"local para comer","Um edifício onde as pessoas vão comer;",
22151,"sweat room","A Finnish steam bath; steam is produced by pouring water over heated rocks;",169,Building_subparts,83,"sala de suor","A sauna finlandesa; o vapor é produzido por derramar água sobre pedras aquecidas;",
22152,sudatory,"A Finnish steam bath; steam is produced by pouring water over heated rocks;",169,Building_subparts,83,Sudatório,"A sauna finlandesa; o vapor é produzido pela água derramada sobre pedras aquecidas;",
22154,steambath,"A room, often with wooden walls, which is designed for heating dry air and where steam may be produced by pouring water over hot stones.;",169,Building_subparts,83,"banho de vapor","Uma sala, geralmente com paredes de madeira, que é projetada para aquecer o ar seco e onde pode ser produzido vapor por derramar água sobre pedras quentes.",
22157,"health spa","A health resort near a mineral spring or hot spring.;",169,Building_subparts,83,"spa de saúde","Um resort de saúde perto de uma fonte mineral ou termal.",
22158,"health club","A place of business with equipment and facilities for exercising and improving physical fitness;",169,Building_subparts,83,"clube de saúde","Um local de negócios com equipamentos e instalações para exercício e melhoria da aptidão física;",
22159,"fitness club","A place of business with equipment and facilities for exercising and improving physical fitness;",169,Building_subparts,83,"clube de ginástica","Um local de negócios com equipamentos e instalações para exercício e melhoria da aptidão física;",
22160,terrace,"Usually paved outdoor area adjoining a residence;",169,Building_subparts,83,terraceira,"Área externa pavimentada geralmente adjacente a uma residência;",
22161,"patio cover","Usually paved outdoor area adjoining a residence;",169,Building_subparts,83,"cobertura do pátio","Área externa pavimentada geralmente adjacente a uma residência;",
23978,"study room","a room for reading, writing, or academic work. ",169,Building_subparts,83,"salão de estudos","Um quarto para ler, escrever ou trabalhar em tarefas acadêmicas.",
23982,haven,"a place that offers safety.",169,Building_subparts,83,não,"Um lugar que oferece segurança.",
23983,canteen,"a kind of cafeteria or snack bar.",169,Building_subparts,83,canteen,"um tipo de cafeteria ou lanchonete.",
23984,"catering hall","a place where people eat, normally in big places.",169,Building_subparts,83,"salão de catering","Um lugar onde as pessoas comem, normalmente em lugares grandes.",
23985,"studio apartment","It is an apartment consisting of one main room, one bathroom and a kitchenette.",169,Building_subparts,83,"apartamento estúdio","É um apartamento composto por um quarto principal, um banheiro e uma cozinha compacta.",
23987,"toy library","a kind of library or place with toys, puzzles, and games, functioning as a place for children to play or develop skills.",169,Building_subparts,83,"biblioteca de brinquedos","Um tipo de biblioteca ou lugar com brinquedos, quebra-cabeças e jogos, funcionando como um lugar para crianças brincarem ou desenvolverem habilidades.",
23988,"panoramic lift","a lift that normally has its walls made of transparent glass so that the observer can see their surroundings.",169,Building_subparts,83,"levante panorâmico","Um elevador que normalmente tem suas paredes feitas de vidro transparente para que o observador possa ver seus arredores.",
23990,"baggage storage room","it is a room that accomodation places have to store their guests' luggage.",169,Building_subparts,83,"sala de armazenamento de bagagem","É um espaço que os estabelecimentos de hospedagem devem disponibilizar para armazenar o bagagem dos hóspedes.",
23993,"private bathroom","a bathroom inside a bedroom for the exclusive use of the guest or the person who stays in that room.",169,Building_subparts,83,"banheiro privado","Um banheiro dentro de um quarto, para uso exclusivo do hóspede ou da pessoa que fica naquele quarto.",
23995,storey,"the space that the building has between two floor levels.",169,Building_subparts,83,"Andar ou piso de uma construção","a altura que o edifício tem entre dois níveis de piso.",
23996,playground,"a place, normally outdoors, destined to children to play.",169,Building_subparts,83,playground,"Um lugar, normalmente ao ar livre, destinado às crianças para brincar.",
24603,chancel,"it is the space that surrounds the main altar in a temple.",169,Building_subparts,83,cancelar,"É o espaço que circunda o altar principal em um templo.",
24604,presbitery,"it is the space that surrounds the main altar in a temple.",169,Building_subparts,83,presbiteriano,"É o espaço que circunda o altar principal em um templo.",
25557,underground,"a layer of soil situated directly below the ground floor.",169,Building_subparts,84,underground,"uma camada de solo situada diretamente abaixo do piso térreo.",
25558,"ground floor","a floor of a building at ground level.",169,Building_subparts,83,térreo,"o chão de um edifício no nível do solo.",
8848,oodles,"COD: a very great number or amount",170,Quantified_mass,83,Oodles,"COD: um número ou quantidade muito grande",
8850,ton,"COD: a large number or amount",170,Quantified_mass,83,tão,"COD: um grande número ou quantidade",
8852,load,"COD: a lot of. ",170,Quantified_mass,83,carregar,"COD: muito.",
8853,modicum,"COD: a small quantity of something",170,Quantified_mass,83,modicum,"COD: uma pequena quantidade de algo",
8854,mite,"COD: a very small amount",170,Quantified_mass,83,mite,"COD: uma quantidade muito pequena",
8857,scads,"COD: a large number or quantity. ",170,Quantified_mass,83,escadas,"COD: uma grande quantidade ou número.",
8858,hundreds,"COD: an unspecified large number",170,Quantified_mass,83,centenas,"COD: um número grande não especificado",
8859,thousands,"COD: an unspecified large number",170,Quantified_mass,83,milhares,"COD: um número grande não especificado",
8860,millions,"COD: a very large number or amount",170,Quantified_mass,83,milhões,"COD: um número ou quantidade muito grande",
8861,billion,"COD: a very large number or amount",170,Quantified_mass,83,bilhão,"COD: um número ou quantidade muito grande",
8862,dozens,"FN: an indefinitely large number",170,Quantified_mass,83,dezenas,"FN: um número indefinidamente grande",
8863,shitload,"COD: a large amount or number",170,Quantified_mass,83,"Carga pesada.","COD: uma grande quantidade ou número",
8865,myriad,"COD: an indefinitely great number",170,Quantified_mass,83,miriad,"COD: um número indefinidamente grande",
8869,pinch,"COD: an amount of an ingredient that can be held between fingers and thumb. ",170,Quantified_mass,83,pinch,"COD: uma quantidade de um ingrediente que pode ser mantida entre o dedo indicador e o dedo médio.",
8871,ounce,"COD: a very small amount",170,Quantified_mass,83,onça,"COD: uma quantidade muito pequena",
8878,deluge,"COD: a great quantity of something arriving at the same time",170,Quantified_mass,83,delúgio,"COD: uma grande quantidade de algo chegando ao mesmo tempo",
8879,torrent,"COD: an overwhelmingly copious outpouring",170,Quantified_mass,83,torrente,"COD: uma inundação esmagadora de derramamento abundante",
8881,trickle,"COD: a small group or number of people or things moving slowly.",170,Quantified_mass,83,gotejar,"COD: um pequeno grupo ou número de pessoas ou coisas se movendo lentamente.",
8882,stream,"COD: a continuous flow of liquid, air, gas, people, or things",170,Quantified_mass,83,transmissão,"COD: um fluxo contínuo de líquido, ar, gás, pessoas ou coisas",
8884,raft,"FN: a large number or amount of something",170,Quantified_mass,83,rafta,"FN: um grande número ou quantidade de algo",
8889,"a lot","FN: a large quantity",170,Quantified_mass,83,muito,"FN: uma grande quantidade",
8890,few,"COD: a small number of",170,Quantified_mass,83,poucos,"COD: um pequeno número de",
8891,many,"COD: a large number of.",170,Quantified_mass,83,muitos,"COD: um grande número de.",
8892,several,"COD: more than two but not many.",170,Quantified_mass,83,vários,"COD: mais de dois, mas não muitos.",
8893,several,"FN: consisting of more than two but not many",170,Quantified_mass,84,vários,"FN: consistindo de mais de dois, mas não muitos",
8894,few,"COD: not many.",170,Quantified_mass,84,poucos,"COD: não muito.",
8895,"a few","COD: a small number of.",170,Quantified_mass,87,alguns,"COD: um pequeno número de.",
8897,many,"COD: a large number of",170,Quantified_mass,84,muitos,"COD: um grande número de",
8898,all,"COD: the whole quantity",170,Quantified_mass,84,tudo,"COD: a quantidade total",
8899,numerous,"COD: many",170,Quantified_mass,84,numerosos,"COD: vários",
8900,"a bit","COD: a small piece, quantity, or extent of something.",170,Quantified_mass,83,"um pouco","COD: uma pequena peça, quantidade ou extensão de algo.",
8902,no,"COD: not any. ",170,Quantified_mass,84,não,"COD: não há.",
