idLU,lemmaName(en),senseDescription(en),idFrame,frameName,idPOS,lemmaName(pt),senseDescription(pt),idLemma(pt)
12039,mind-boggling,"FN: too stunning to comprehend.",336,Stimulus_focus,84,Deslumbrante,"FN: demasiado deslumbrante para compreender.",73942
12040,breathtaking,"COD: astonishing or awe-inspiring.",336,Stimulus_focus,84,Deslumbrante,"COD: impressionante ou inspirador.",73942
12043,striking,"FN: surprising, noticeable, especially due to beauty or appearance.",336,Stimulus_focus,84,estupendo,"FN: surpreendente, notável, especialmente devido à beleza ou aparência.",73449
12054,color,"FN: vividness and variety and interest",336,Stimulus_focus,83,cor,"FN: vivacidade, variedade e interesse",18265
33070,extraordinary,"FN: surprising beyond any normal degree",336,Stimulus_focus,84,extraordinário,"FN: surpreendente além de qualquer grau normal",73202
34219,bother,"To pay too much attention, or make an effort to do something.",336,Stimulus_focus,86,aborrecimento,"Dá muito trabalho.",9098
34229,peace,"The opposite of chaos, war, or violence.",336,Stimulus_focus,83,Paz,"O oposto de caos, guerra ou violência.",9486
12063,practice,"COD: the business or premises of a doctor or lawyer",337,Businesses,83,prática,"COD: o negócio ou local de um médico ou advogado",9406
12065,operation,"COD: a business organization; a company. ",337,Businesses,83,operação,"COD: uma organização empresarial; uma empresa.",29088
12068,chain,"COD: a group of hotels or shops owned by the same company.",337,Businesses,83,cadeia,"COD: um grupo de hotéis ou lojas de propriedade da mesma empresa.",16046
12070,paper,"FN: a company or firm which publishes a newspaper",337,Businesses,83,papel,"FN: uma empresa ou firma que publica um jornal",673
19954,gym,,337,Businesses,83,ginásio,,866
19967,"disco club",,337,Businesses,83,discoteca,,9140
