idLU,lemmaName(en),senseDescription(en),idFrame,frameName,idPOS,lemmaName(pt),senseDescription(pt),idLemma(pt)
5410,visit,"COD: go to see and spend some time",48,Arriving,86,visitar,"COD: ir ver e passar algum tempo",116845
5412,make,"COD: manage to arrive at (a place) or catch (a train or other transport). ",48,Arriving,86,fazer,"COD: conseguir chegar a (um lugar) ou apanhar (um trem ou outro meio de transporte).",116954
5413,get,"COD:  come or go eventually or with some difficulty",48,Arriving,86,obter,"COD: vir ou ir eventualmente ou com alguma dificuldade",117118
5416,crest,"COD: reach the top of.",48,Arriving,86,crista,"COD: alcançar o topo de.",8844
5417,entry,"COD: an act or the action of entering.",48,Arriving,83,entrada,"COD: um ato ou a ação de entrar.",274
5419,hit,"FN: to reach a destination or location. ",48,Arriving,86,acertar,"FN: alcançar um destino ou local.",117230
5422,find,"FN: to reach a destination or a goal",48,Arriving,86,encontrar,"FN: alcançar um destino ou uma meta",117283
23932,land,"to disembark from a ship or plane.",48,Arriving,86,terra,"Desembarcar de um navio ou avião.",2039
23934,disembark,"to leave a ship or airplane.",48,Arriving,86,desembarque,"Sair de um navio ou avião.",251
5430,pitch,"COD: throw heavily or roughly",49,Cause_motion,86,proposta,"COD: arremessar fortemente ou com força",7378
5431,press,"COD: move or cause to move into a position of contact with something by exerting continuous physical force",49,Cause_motion,86,imprensa,"COD: mover ou causar que algo se mova para uma posição de contato com outra coisa por meio do exercício de força física contínua",24744
5439,scoot,"FN: push or pull along a surface against resistance, generally causing it to move only a short distance.",49,Cause_motion,86,Soltar,"FN: empurrar ou puxar ao longo de uma superfície contra resistência, geralmente causando sua movimentação apenas por uma curta distância.",117199
5440,draw,"COD: pull or move (something) in a specified direction.",49,Cause_motion,86,desenhar,"COD: puxar ou mover (algo) em uma direção especificada.",120630
5441,run,"FN: cause to move while in light contact. [Generally of the fingers, tongue, or some entity manipulated by the hand.]",49,Cause_motion,86,Correr,"FN: causar movimento enquanto em contato leve. [Geralmente dos dedos, língua ou alguma entidade manipulada pelo mão.]",116883
5442,slide,"FN: cause to move along a surface, generally horizontally. ",49,Cause_motion,86,fita,"FN: causar o movimento ao longo de uma superfície, geralmente horizontalmente.",845
5444,drive,"COD: propel or carry along by force in a specified direction.",49,Cause_motion,86,dirigir,"COD: propulsão ou transporte por força em uma direção especificada.",120880
5445,move,"FN: cause (something) to move",49,Cause_motion,86,mover,"FN: causar (algo) para se mover",120818
5446,force,"COD: push into a specified position using force.",49,Cause_motion,86,força,"COD: empurrar para uma posição especificada usando força.",6665
5451,roll,"FN: to rotate something on an axis",49,Cause_motion,86,rolar,"FN: girar algo em um eixo",117232
5454,launch,"to hurl on abject.",49,Cause_motion,86,lançamento,"a lançar-se sobre o abjeto.",1351
5455,stick,"FN: thrust a typically sharp object in some direction or through something",49,Cause_motion,86,barra,"FN: empurrar um objeto tipicamente afiado em alguma direção ou através de algo",813
5456,transfer,"FN: the removal of a theme from a location or situation follwed by the relocation of that theme to a new location or situation.",49,Cause_motion,86,transferir,"FN: a remoção de um tema de um local ou situação seguida pela realocação desse tema para um novo local ou situação.",120711
5457,hit,"FN: to strike an object effectively causing it to move. ",49,Cause_motion,86,acertar,"FN: acertar um objeto de forma eficaz, fazendo-o se mover.",117230
5460,drop,"FN: to let something fall downward",49,Cause_motion,86,drop,"FN: deixar algo cair para baixo",1175
5464,wrest,"FN: to pull, jerk, or twist forcibly",49,Cause_motion,86,lutar,"FN: puxar, sacudir ou torcer de forma forçada",117219
5466,accompany,"COD: go somewhere with",50,Cotheme,86,Acompanhar,"COD: vá para algum lugar com",116866
5467,chase,"COD: pursue in order to catch or catch up with.",50,Cotheme,86,perseguir,"COD: perseguir para apanhar ou apanhar.",132609
5471,guide,"COD: show or indicate the way to.",50,Cotheme,86,guia,"COD: mostrar ou indicar o caminho para.",6809
5472,hound,"COD: harass or pursue relentlessly.",50,Cotheme,86,Cão,"COD: assediar ou perseguir implacavelmente.",8718
5473,lead,"COD: show (someone) the way to a destination by preceding or accompanying them.",50,Cotheme,86,chumbo,"COD: mostrar (a alguém) o caminho para um destino precedendo-os ou acompanhando-os.",17257
5474,pursue,"COD: follow in order to catch or attack.",50,Cotheme,86,perseguir,"COD: seguir para apanhar ou atacar.",132609
5475,shadow,"COD:  follow and observe secretly",50,Cotheme,86,sombra,"COD: seguir e observar secretamente",33631
5476,shepherd,"COD: guide or direct somewhere.",50,Cotheme,86,pastor,"COD: guia ou direciona para algum lugar.",9543
5477,tail,"COD: secretly follow and observe (someone).",50,Cotheme,86,cauda,"COD: seguir e observar secretamente (alguém).",16840
5479,trail,"FN: follow the trail of",50,Cotheme,86,trilha,"FN: siga a trilha de",6807
5482,usher,"COD: show or guide somewhere.",50,Cotheme,86,guia,"COD: mostrar ou guiar para algum lugar.",6809
5483,stalk,"COD: pursue or approach stealthily. ",50,Cotheme,86,perseguir,"COD: perseguir ou abordar furtivamente.",132609
5484,"tag along","COD: accompany someone without invitation",50,Cotheme,86,Acompanhar,"COD: Acompanhar alguém sem convite",116866
5485,walk,"COD: guide, accompany, or escort (someone) on foot.",50,Cotheme,86,andar,"COD: guiar, acompanhar ou conduzir alguém a pé.",116882
5487,dog,"FN: to follow in a determined and distressing way.",50,Cotheme,86,Cão,"FN: seguir de perto e com angústia.",8718
5489,show,"FN: guide",50,Cotheme,86,exibir,"FN: guia",130013
5493,departure,"COD: the action of departing.",51,Departing,83,partida,"COD: a ação de partir.",457
5497,escape,"FN: to leave an area",51,Departing,86,fugir,"FN: deixar uma área",117347
5501,exit,"COD: go out of or leave a place.",51,Departing,86,saída,"COD: sair ou deixar um lugar.",526
5503,leave,"COD: go away from.",51,Departing,86,saia,"COD: afaste-se de.",9767
5509,drain,"COD: cause the water or other liquid in (something) to run out, leaving it empty or dry.",52,Emptying,86,dreno,"COD: causar a saída de água ou outro líquido em (algo), deixando-o vazio ou seco.",20100
