idLU,lemmaName(en),senseDescription(en),idFrame,frameName,idPOS,lemmaName(pt),senseDescription(pt),idLemma(pt)
3910,cause,"COD: be the cause of; make happen. ",1,Causation,86,causa,"COD: ser a causa de; fazer acontecer.",16853
3913,lead,"FN: ""One thing leads to another""; a rather vaguely defined sort of causation, although often used in quite definite cases: ""Smoking leads to higher rates of lung cancer"".",1,Causation,86,chumbo,"Uma coisa leva à outra""; um tipo de causalidade bastante vagamente definido, embora frequentemente usado em casos bastante definitivos: ""Fumar leva a taxas mais altas de câncer de pulmão"".",17257
3914,reason,"COD: a cause, explanation, or justification.",1,Causation,83,razão,"COD: a causa, explicação ou justificativa.",6557
3915,send,"COD: cause to be in a specified state:",1,Causation,86,enviar,"COD: causar estar em um estado especificado:",116940
3924,wreak,"FN: cause (usually damage or harm)",1,Causation,86,pregar,"FN: causa (geralmente dano ou prejuízo)",132900
3925,put,"COD: bring into a particular state or condition.",1,Causation,86,colocar,"COD: trazer para um estado ou condição específica.",120609
3929,raise,"COD: cause to be heard, felt, or considered",1,Causation,86,aumentar,"COD: causar para ser ouvido, sentido ou considerado",120615
3930,result,"COD: have (a specified end or outcome).",1,Causation,86,resultado,"COD: tem (um fim ou resultado especificado).",6613
3931,mean,"COD: have as a consequence or result.",1,Causation,86,significar,"COD: ter como consequência ou resultado.",120714
3935,see,"FN: for the existence of one thing or event to lead, even subtly, to the occurance of another thing or event.",1,Causation,86,ver,"FN: para a existência de uma coisa ou evento levar, mesmo sutilmente, à ocorrência de outra coisa ou evento.",116936
3936,force,"FN: cause to do something by hostile means",1,Causation,86,força,"FN: causar para fazer algo por meios hostis",6665
3937,"give rise","FN: make happen or produce",1,Causation,86,"dar origem","FN: fazer acontecer ou produzir",120707
3940,responsible,"FN: accountable for something that has happened
",1,Causation,84,responsável,"FN: responsável por algo que aconteceu",71087
3947,motivate,"FN: provide with a motive",1,Causation,86,motivar,"FN: fornecer com um motivo",132034
3948,sway,"COD: cause to change in opinion, action, etc.; influence. ",1,Causation,86,balançar,"COD: causar mudança de opinião, ação, etc.; influenciar.",120821
3950,communicate,"FN: convey  a message to someone verbally or non-verbally, e.g. He communicated his feelings mainly through his paintings.",2,Communication,86,Comunicação,"FN: transmitir uma mensagem a alguém verbalmente ou não verbalmente, por exemplo: Ele expressou seus sentimentos principalmente através de suas pinturas.",17870
3951,speech,"FN: the faculty of speech",2,Communication,83,discurso,"FN: a faculdade de fala",10817
3953,indicate,"COD: point out; show.",2,Communication,86,indicar,"COD: apontar; mostrar.",121047
3954,signal,"COD: instruct or indicate by means of a signal.",2,Communication,86,sinal,"COD: instruir ou indicar por meio de um sinal.",33401
3955,communication,"COD: the action of communicating.",2,Communication,83,Comunicação,"COD: a ação de comunicar.",17870
3956,communication,"COD: a letter or message containing information or news.",2,Communication,83,Comunicação,"COD: uma carta ou mensagem contendo informações ou notícias.",17870
3957,contact,"COD: a communication or relationship.",2,Communication,83,contato,"COD: comunicação ou relação.",6822
3960,password,"COD:  secret word or phrase used to gain admission to something.",2,Communication,83,senha,"COD: palavra ou frase secreta usada para obter acesso a algo.",33184
3963,share,"FN: to communicate a piece of information ",2,Communication,86,compartilhar,"FN: comunicar uma informação",120660
3972,soar,"COD: glide high in the air. ",3,Motion,86,soar,"COD: desliza alto no ar.",120763
3975,swerve,"COD: abruptly diverge or from a straight course",3,Motion,86,desvio,"COD: abruptamente diverge ou de um curso reto",8709
3976,snake,"to move with a twisting motion like that of a snake.",3,Motion,86,cobra,"A mover-se com um movimento de torção como o de uma cobra.",17588
3979,weave,"COD: move from side to side to progress around obstructions.",3,Motion,86,tecer,"COD: move de um lado para o outro para progredir em torno de obstáculos.",120929
3981,wind,"FN: to move in a twisting course",3,Motion,86,vento,"FN: para se mover em um curso tortuoso",35833
3985,circle,"FN: move in a circle",3,Motion,86,círculo,"FN: mover em círculo",8576
3986,spiral,"FN: go in a spiral course.",3,Motion,86,espiral,"FN: ir em um curso espiral.",62709
3987,swing,"FN: move quickly changing direction",3,Motion,86,balanço,"FN: move rapidamente mudando de direção",14756
3988,travel,"FN: move.",3,Motion,86,viagem,"FN: movimento.",618
31252,return,"an act of coming or going back to a place or activity.",3,Motion,83,retorno,"Um ato de ir ou voltar a um lugar ou atividade.",32344
32797,shift,,3,Motion,86,mudança,,6549
3992,copy,"COD: make a copy of. ",7,Duplication,86,cópia,"COD: fazer uma cópia de",18831
3998,replicate,"COD: make an exact copy of; reproduce. ",7,Duplication,86,repetir,"COD: fazer uma cópia exata de; reproduzir.",121096
