idLU,lemmaName(en),senseDescription(en),idFrame,frameName,idPOS,lemmaName(pt),senseDescription(pt),idLemma(pt)
29720,insurgence,"FN: a violent attempt to displace former powers.",1436,Reject_leadership,83,insurgência,"FN: um violento esforço para deslocar as antigas potências.",
29721,rising,"FN: a revolt against an authority",1436,Reject_leadership,83,aumentando,"FN: uma revolta contra uma autoridade",
30931,insurgent,"FN: relating to a violent attempt to overthrow current rule.",1436,Reject_leadership,84,insurgente,"FN: relacionado a uma tentativa violenta de derrubar o governo atual.",
30932,"rise (against)","FN: rebel (against).",1436,Reject_leadership,86,"subir (contra)","FN: rebelde (contra).",
30933,"rise up","FN: rebel.",1436,Reject_leadership,86,Levante-se,"FN: rebelde.",
30662,fret,"COD: be constantly or visibly anxious. ",1434,Worry,86,freta,"COD: estar constantemente ou visivelmente ansioso.",
30663,fuss,"COD: show unnecessary or excessive concern about something. ",1434,Worry,86,fuso,"COD: mostrar preocupação desnecessária ou excessiva sobre algo.",
30720,"lose sleep","FN: worry to such an extent that one does not sleep sufficiently.",1434,Worry,86,"perder o sono","FN: preocupação ao ponto de não dormir o suficiente.",
30729,agonize,"COD: undergo great mental anguish through worrying over something. ",1434,Worry,86,agonizar,"COD: sofrer grande angústia mental através de se preocupar com algo.",
30786,obsess,"FN: to be preoccupied continually or to a troubling extent.",1434,Worry,86,obsessar,"FN: estar preocupado continuamente ou em uma extensão preocupante.",
30789,obsession,"COD: the state of being obsessed.",1434,Worry,83,obsessão,"COD: o estado de obsessão.",
30928,worry_[topic],"FN: a topic someone is thinking about too much, whose outcome is unknown and potentially negative.",1434,Worry,83,preocupação_[topico],"FN: um tópico sobre o qual alguém está pensando demais, cujo resultado é desconhecido e potencialmente negativo.",
39687,no,,1466,Medicines,84,não,,
42537,drape,curtain.,1584,Bedding,83,Drape,cortina.,
43803,firstly,"used to refer to or introduce a first point, topic, etc.",1604,Enumerating,89,"em primeiro lugar","usado para se referir ou introduzir um primeiro ponto, tópico, etc.",
43832,secondly,"used to refer to or introduce a point, topic, etc. that comes after the first one",1604,Enumerating,89,"em segundo lugar","usado para se referir ou introduzir um ponto, tópico, etc. que vem depois do primeiro",
43834,thirdly,"used to refer to or introduce a point, topic, etc. that comes after the second one",1604,Enumerating,89,terceiro,"usado para se referir ou introduzir um ponto, tópico, etc. que vem depois do segundo",
43835,fourthly,"used to refer to or introduce a point, topic, etc. that comes after the third one",1604,Enumerating,89,quarto,"usado para se referir ou introduzir um ponto, tópico, etc. que vem depois do terceiro",
43839,fourth,"used to refer to or introduce a point, topic, etc. that comes after the third one",1604,Enumerating,85,quarta,"usado para se referir ou introduzir um ponto, tópico, etc. que vem depois do terceiro",
43804,"ladies and gentlemen","members of the audience addressed in a speech",1605,Addressing_initial,83,"senhoras e senhores","membros da plateia abordados em um discurso",
43807,dear,"used to greet or address a person, esp. in the beginning of a letter or speech",1605,Addressing_initial,84,Querida,"usar para cumprimentar ou dirigir-se a uma pessoa, especialmente no início de uma carta ou discurso",
43808,commissioner,"term of address for a person that has a position of responsibility in a government or organization",1605,Addressing_initial,83,comissário,"tratamento de cortesia para uma pessoa que tem uma posição de responsabilidade em um governo ou organização",
43855,hopefully,"the speaker has an optimistic outlook on the state of affairs",1609,Self_positioning,89,esperançosamente,"o orador tem uma visão otimista do estado das coisas",
43856,understandably,"the speaker can understand/grasp something and is empathetic",1609,Self_positioning,89,compreensivelmente,"O orador pode compreender/aperceber algo e é empático",
43858,back,"to be in favour of something, to support",1609,Self_positioning,86,"de volta","ser a favor de algo, apoiar",
43859,oppose,"to be against something, not supporting it",1609,Self_positioning,86,oposto,"ser contra algo, não apoiá-lo",
43860,pleased,"being satisfied and happy",1609,Self_positioning,84,"por favor","estar satisfeito e feliz",
43861,welcome,"to be pleased about and support something",1609,Self_positioning,86,Bem-vindo(a),"estar contente com algo e apoiá-lo",
43850,frank,"honest and direct, candid",1610,Metacommunicative_comment,84,frank,"Honesto e direto, sincero",
43852,honestly,"in a sincere way and without deceit; used when giving a candid and direct opinion",1610,Metacommunicative_comment,89,honestamente,"De uma maneira sincera e sem engano; usado quando se dá uma opinião sincera e direta",
43853,"in other words","introduces/ marks an alternative and possibly clearer way of expressing something that was said before",1610,Metacommunicative_comment,89,"ou seja","introduz/marca uma forma alternativa e possivelmente mais clara de expressar algo que foi dito antes",
43825,however,"adding a statement with a content that is different from what was said before",1611,Contrast,91,porém,"adicionar uma declaração com um conteúdo diferente do que foi dito antes",
43825,however,"adding a statement with a content that is different from what was said before",1611,Contrast,94,"no entanto","adicionar uma declaração com um conteúdo diferente do que foi dito antes",
43840,evidently,"clear in a way that the speaker is confident that something is the case",1612,Epistemic_stance,89,evidentemente,"claro de uma forma que o falante tenha confiança de que algo é verdade",
43841,clearly,"the speaker is confident that something is the case; without doubt",1612,Epistemic_stance,89,claramente,"o orador tem certeza de que algo é o caso; sem dúvida",
43842,obviously,"the speaker is confident that something is the case; clearly",1612,Epistemic_stance,89,obviamente,"o orador tem certeza de que algo é o caso; claramente",
43844,indeed,"the speaker is confident that something is the case and emphasizes this; clearly",1612,Epistemic_stance,89,indeed,"o orador tem certeza de que algo é o caso e enfatiza isso; claramente",
43846,likely,"a speaker believes something might well be the case; probably",1612,Epistemic_stance,89,provável,"um orador acredita que algo pode muito bem ser o caso; provavelmente",
43820,famously,"well known, describes something many people are expected to know",1613,Common_ground,89,famosamente,"bem conhecido, descreve algo que muitas pessoas são esperadas para saber",
43822,known,"describes something many people are expected to be familiar with/ aware of",1613,Common_ground,84,conhecida,"descreve algo com que muitas pessoas são esperadas para estar familiarizados/ conscientes de",
