idLU,lemmaName(en),senseDescription(en),idFrame,frameName,idPOS,lemmaName(pt),senseDescription(pt),idLemma(pt)
31011,termination,"FN: the event in which an Agent ceases an Activity without completing it",150,Activity_stop,83,terminação,"FN: o evento em que um Agente cessa uma Atividade sem completá-la",
8590,"take break","FN: interrupt continuity",151,Activity_pause,86,"fazer uma pausa","FN: interrupção da continuidade",
8591,freeze,"COD: keep or stop at a fixed level or in a fixed state.",151,Activity_pause,86,Congelar,"COD: manter ou parar em um nível fixo ou em um estado fixo.",
8592,freeze,"COD: an act of freezing",151,Activity_pause,83,congelar,"COD: um ato de congelamento",
8593,moratorium,"COD: a temporary prohibition of an activity.",151,Activity_pause,83,moratória,"COD: uma proibição temporária de uma atividade.",
8594,adjourn,"FN: to suspend for a period of time",151,Activity_pause,86,adiar,"FN: suspender por um período de tempo",
29057,free,"in sports, it means unmarked. A player is free when he manages to get rid of the other team's markers.",153,Activity_ready_state,84,grátis,"No contexto esportivo, significa ""livre"". Um jogador está livre quando consegue se livrar dos marcadores do time adversário.",
8598,prepare,"COD: make ready for use or consideration, or make or get ready to do or deal with something. ",154,Activity_prepare,86,Prepare,"COD: preparar para uso ou consideração, ou fazer ou preparar-se para fazer ou lidar com algo.",
8599,"get ready","FN: prepare",154,Activity_prepare,86,Prepare-se,"FN: Prepare-se",
8600,ready,"FN: to get ready (for an activity).  ",154,Activity_prepare,86,pronto,"FN: para se preparar (para uma atividade).",
8602,rally,"COD: bring or come together for concerted action.",154,Activity_prepare,86,rally,"COD: trazer ou vir juntos para ação concertada.",
8603,"gear up","FN: make ready or prepare for activity.",154,Activity_prepare,86,Prepare-se.,"FN: preparar-se ou preparar para atividade.",
8609,buyer,"FN: a person or company who purchases something",155,Commerce_buy,83,comprador,"FN: uma pessoa ou empresa que compra algo",
8610,purchaser,"FN: a person or company who buys something",155,Commerce_buy,83,comprador,"FN: uma pessoa ou empresa que compra algo",
31020,buy,"FN: the Goods that have been bought",155,Commerce_buy,83,comprar,"FN: os Bens que foram comprados",
8612,retail,"COD: sell (goods)",156,Commerce_sell,86,varejo,"COD: vender (mercadorias)",
8613,retailer,"FN: one who sells goods ",156,Commerce_sell,83,retalhista,"FN: um que vende bens",
34220,"selling point","A characteristic that convinces people to buy a product.",156,Commerce_sell,83,"ponto de venda","Uma característica que convence as pessoas a comprar um produto.",
3353,"reading room","a library is an organized collection of sources of information and similar resources, made accessible to a defined community for reference or borrowing.",157,Buildings,83,"sala de leitura","Uma biblioteca é uma coleção organizada de fontes de informação e recursos semelhantes, disponibilizados a uma comunidade definida para referência ou empréstimo.",
3361,duomo,"the principal Christian church building of a bishop's diocese.",157,Buildings,83,Duomo,"a principal igreja cristã de uma diocese episcopal.",
3363,"museums of art","an art museum or art gallery is a building or space for the exhibition of art, usually visual art.",157,Buildings,83,"museus de arte","um museu de arte ou galeria de arte é um edifício ou espaço para a exposição de arte, geralmente arte visual.",
3365,"picture gallery","an institution, building, or room for the exhibition and conservation of works of art.;A room, group of rooms, or other space where works of art are placed on display, possibly for sale;A room or series of rooms where works of art are exhibited.",157,Buildings,83,"Galeria de fotos","Uma instituição, edifício ou sala para exposição e conservação de obras de arte; Um espaço, seja uma sala única ou um conjunto de salas, onde as obras de arte são expostas, possivelmente para venda; Uma sala ou série de salas onde as obras de arte são exibidas.",
3366,"church building","a building where Christian religious activities take place.",157,Buildings,83,"edifício da igreja","Um edifício onde ocorrem atividades religiosas cristãs.",
3369,playhouse,"form of literature intended for theatrical performance;A theatrical performance featuring actors.;Theatrical plays in general.",157,Buildings,83,"teatro infantil","Forma de literatura destinada a uma representação teatral;Uma representação teatral com atores;Peças teatrais em geral.",
8622,houseboat,"COD: a boat which is fitted for use as a dwelling. ",157,Buildings,83,barco-casa,"COD: um barco adaptado para uso como moradia.",
8630,dacha,"COD: a country house or cottage in Russia, typically used as a second or holiday home. ",157,Buildings,83,dacha,"COD: uma casa de campo ou chalé na Rússia, geralmente usada como segunda residência ou casa de férias.",
8639,lodge,"COD: a small house at the gates of a park or in the grounds of a large house, occupied by a gatekeeper or other employee, or a small country house occupied in season for sports such as hunting and shooting, or a large house or hotel, or a porter' s quarters at the main entrance of a college or other large building. ",157,Buildings,83,albergaria,"COD: uma pequena casa nos portões de um parque ou nas terras de uma grande casa, ocupada por um porteiro ou outro funcionário, ou uma pequena casa de campo ocupada na época da caça e do tiro, ou uma grande casa ou hotel, ou os aposentos de um porteiro no principal portão de uma faculdade ou outro grande edifício.",
8647,shack,"COD: a roughly built hut or cabin. ",157,Buildings,83,xauxa,"COD: uma cabana ou abrigo mal construído.",
8648,shanty,"COD: a small, crudely built shack. ",157,Buildings,83,Shanty,"COD: uma pequena e mal construída cabana.",
8651,tenement,"COD: a separate residence within a house or block of flats.",157,Buildings,83,tenimento,"COD: uma residência separada dentro de um edifício ou bloco de apartamentos.",
8652,tent,"COD: a portable shelter made of cloth, supported by one or more poles and stretched tight by cords attached to pegs driven into the ground.",157,Buildings,83,Tente,"COD: abrigo portátil feito de tecido, suportado por uma ou mais varas e esticadas apertadas por cordas anexadas a pregos enfurrecados no chão.",
8653,villa,"COD: a detached or semi-detached house in a residential district, or a large country house, having an estate and consisting of buildings arranged around a courtyard. ",157,Buildings,83,villa,"COD: uma casa independente ou semi-independente num bairro residencial, ou uma grande casa de campo, com um terreno e composta por edifícios dispostos em torno de um pátio.",
8659,barracks,"COD: a large building or group of buildings used to house soldiers. ",157,Buildings,83,baracas,"COD: um grande edifício ou grupo de edifícios usados para abrigar soldados.",
8661,blockhouse,"COD: a reinforced concrete shelter used as an observation point. ",157,Buildings,83,"casa de bloco","COD: um abrigo de concreto reforçado utilizado como ponto de observação.",
8664,caravanserai,"COD: inn with a central courtyard for travellers in the desert regions of Asia or North Africa",157,Buildings,83,caravanserai,"COD: inn com um pátio central para viajantes nas regiões desérticas da Ásia ou do Norte da África",
8669,gazebo,"COD: a small building, especially one in the garden of a house, that gives a wide view of the surrounding area. ",157,Buildings,83,"pavilhão de verificação","COD: um pequeno edifício, especialmente um no jardim de uma casa, que oferece uma ampla visão da área circundante.",
8672,hangar,"COD: a large building with extensive floor area, typically for housing aircraft. ",157,Buildings,83,pendurar,"COD: um grande edifício com uma área de piso extensa, normalmente para abrigar aeronaves.",
8674,hovel,"COD: a small squalid or poorly constructed dwelling. ",157,Buildings,83,Cocha,"COD: uma pequena moradia suja ou mal construída.",
8679,maisonette,"COD: a set of rooms for living in, typically on two storeys of a larger building and having a separate entrance. ",157,Buildings,83,Maisonette,"COD: um conjunto de salas para viver, geralmente em dois andares de um edifício maior e com entrada separada.",
