idLU,lemmaName(en),senseDescription(en),idFrame,frameName,idPOS,lemmaName(pt),senseDescription(pt),idLemma(pt)
21363,cod,"Major food fish of Arctic and cold-temperate waters;",621,Ingredients,83,código,"Principais peixes alimentares de águas árticas e temperadas frias;",18826
21368,leaflard,"Lard is pig fat in both its rendered and unrendered forms.;",621,Ingredients,83,livraria,"A gordura de porco em suas formas renderizadas e não renderizadas é chamada de ""lard"".",909
21385,shark,"Any of numerous elongate mostly marine carnivorous fishes with heterocercal caudal fins and tough skin covered with small toothlike scales;A scaleless fish with a cartilaginous skeleton that has 5 to 7 gill slits on each side of its head.;",621,Ingredients,83,tubarão,"Qualquer de diversos peixes alongados, geralmente marinhos, carnívoros, com caudais heterocercais e pele resistente coberta por pequenas escamas dentadas; Peixe sem escamas com um esqueleto cartilaginoso que tem 5 a 7 fendas branquiais em cada lado da cabeça.",35326
21395,espresso,"A break or rest from work; leisure time.;A rest period during the business day (usually of about 10 or 15 minutes). So named because it is an opportunity to get coffee.;",621,Ingredients,83,expresso,"Um intervalo ou descanso do trabalho; tempo de lazer. Um período de descanso durante o dia de trabalho (geralmente de cerca de 10 ou 15 minutos). Chamado assim porque é uma oportunidade para tomar café.",9247
21428,"draught beer","Carbonated beverage, originally made using the root of a sassafras plant;A beverage, most often a carbonated soft drink made from a combination of vanilla, cherry tree bark, licorice root, sarsaparilla root, sassafras root bark, nutmeg, anise and molasses, among other things.;Carbonated drink containing extracts of roots and herbs;",621,Ingredients,83,cerveja,"Bebida gaseificada, originalmente feita usando a raiz de uma planta de sassafrás;Uma bebida, mais comumente uma bebida gaseificada sem álcool feita de uma combinação de extrato de baunilha, casca de cerejeira, raiz de regaliz, raiz de sarsaparilla, casca de raiz de sassafrás, noz-moscada, anis e mel, entre outros ingredientes;Bebida gaseificada contendo extratos de raízes e ervas;",1276
21431,jerky,"Meat (especially beef) cut in strips and dried in the sun;",621,Ingredients,83,salgado,"Carne (especialmente bovina) cortada em tiras e seca ao sol;",9485
21477,flour,"Coarsely ground foodstuff; especially seeds of various cereal grasses or pulse;",621,Ingredients,83,fundo,"Alimentos grosseiramente moídos; especialmente sementes de várias gramíneas ou leguminosas cereais;",762
21503,tenderloin,"A cut of meat taken from the side and back of an animal between the ribs and the rump;",621,Ingredients,83,fralda,"Uma fatia de carne retirada do lado e das costas de um animal entre as costelas e o rabo;",22864
