idLU,lemmaName(en),senseDescription(en),idFrame,frameName,idPOS,lemmaName(pt),senseDescription(pt),idLemma(pt)
6700,wealthy,"FN: possessing wealth;affluent;rich",79,Wealthiness,84,Riqueioso,"FN: possuir riqueza; próspero; rico",
6705,admonish,"COD: earnestly urge or warn. ",80,Attempt_suasion,86,admonizar,"COD: instar ou advertir seriamente.",
6707,badger,"COD: repeatedly and annoyingly ask (someone) to do something. ",80,Attempt_suasion,86,"O que é um ""badger""?","COD: pedir repetidamente e irritantemente que alguém faça algo.",
6709,cajole,"COD: persuade (someone) to do something by sustained coaxing or flattery. ",80,Attempt_suasion,86,Cajolar,"COD: persuadir alguém a fazer algo usando coação ou flertando continuamente.",
6710,exhort,"COD: strongly encourage or urge (someone) to do something. ",80,Attempt_suasion,86,exortar,"COD: incentiva ou urgentemente (alguém) a fazer algo.",
6712,prevail,"COD: persuade to do something. ",80,Attempt_suasion,86,prevalece,"COD: persuadir alguém a fazer algo.",
6713,wheedle,"COD: employ endearments or flattery to persuade someone to do something. ",80,Attempt_suasion,86,Persuadir,"COD: empregue carinhos ou lisonjas para persuadir alguém a fazer algo.",
6714,press,"COD: make strong efforts to persuade or force to do something.",80,Attempt_suasion,86,prensa,"COD: fazer esforços fortes para persuadir ou forçar a fazer algo.",
6717,lobby,"COD: seek to influence (a legislator).",80,Attempt_suasion,86,lobby,"COD: busca influenciar (um legislador).",
30952,advice,"FN: a recommended action or method.",80,Attempt_suasion,83,aconselhamento,"FN: uma ação ou método recomendado.",
6729,"what become","FN: (questioning the subject) happen (to) [implying likely negative impact on the entity affected]",81,Eventive_affecting,86,"o que se torna","FN: (questionando o sujeito) acontecer [a implicar impacto negativo provável na entidade afetada]",
6734,persuade,"COD: cause to do something through reasoning or argument. ",82,Suasion,86,persuasão,"COD: causar para fazer algo através de raciocínio ou argumento.",
6735,sway,"COD: cause to change in opinion, action, etc.; influence. ",82,Suasion,86,sway,"COD: causar mudança de opinião, ação, etc.; influenciar.",
30988,"sell (on)","FN: convince of something unlikely or wrong, often using doubtful arguments.",82,Suasion,86,"vender (em)","FN: convencer de algo improvável ou errado, muitas vezes usando argumentos duvidosos.",
6738,induce,"COD: succeed in persuading or leading (someone) to do something. ",83,Talking_into,86,induz,"COD: conseguir convencer ou levar alguém a fazer algo.",
6742,increase,"FN: become greater along some dimension",84,Change_position_on_a_scale,86,aumento,"FN: tornar-se maior ao longo de alguma dimensão",
6743,increase,"FN: a move up on a scale",84,Change_position_on_a_scale,83,aumento,"FN: um movimento para cima em uma escala",
6747,rise,"FN: a move upwards on a scale",84,Change_position_on_a_scale,83,acordar,"FN: um movimento ascendente numa escala",
6752,plummet,"FN: move down rapidly on a scale",84,Change_position_on_a_scale,86,plumbo,"FN: desce rapidamente numa escala",
6755,decline,"FN: become smaller, fewer, or less",84,Change_position_on_a_scale,86,declinar,"FN: tornar-se menor, menos ou menos",
6756,decline,"FN: a lessening along some dimension; usually implies negative evaluation",84,Change_position_on_a_scale,83,declinar,"FN: uma diminuição ao longo de alguma dimensão; geralmente implica avaliação negativa",
6757,tumble,"COD: decline rapidly in amount or value",84,Change_position_on_a_scale,86,tremurar,"COD: declina rapidamente em quantidade ou valor",
6758,tumble,"FN: a rapid decline in amount or value",84,Change_position_on_a_scale,83,tremurar,"FN: uma rápida diminuição em quantidade ou valor",
6760,slide,"FN: change gradually to a lower level",84,Change_position_on_a_scale,86,apresentações,"FN: mudar gradualmente para um nível inferior",
6761,gain,"FN: move up on a scale",84,Change_position_on_a_scale,86,ganho,"FN: avançar em uma escala",
6766,double,"COD: become double",84,Change_position_on_a_scale,86,duplo,"COD: tornar-se duplo",
6767,triple,"COD: become three times as much or as many",84,Change_position_on_a_scale,86,triple,"COD: tornar-se três vezes mais ou tanto quanto",
6768,fluctuate,"COD: rise and fall irregularly in number or amount",84,Change_position_on_a_scale,86,fluctuar,"COD: sobe e desce irregularmente em número ou quantidade",
6769,fluctuation,"COD: irregular rises and falls in number or amount",84,Change_position_on_a_scale,83,fluctuação,"COD: irregularidades de aumento e diminuição em número ou quantidade",
6771,explode,"COD:  increase suddenly in number or extent.",84,Change_position_on_a_scale,86,explode,"COD: aumentar de repente em número ou extensão.",
6776,swell,"FN: become greater in (intensity, amount, or volume)",84,Change_position_on_a_scale,86,inchar,"FN: tornar-se maior em (intensidade, quantidade ou volume)",
6777,skyrocket,"COD: (of a price or amount) increase very rapidly.",84,Change_position_on_a_scale,86,skyrace,"COD: (de um preço ou valor) aumentar muito rapidamente.",
6779,dip,"FN: to drop in value",84,Change_position_on_a_scale,86,dip,"FN: cair em valor",
6780,edge,"FN: to move slighlty up or down in value",84,Change_position_on_a_scale,86,costa,"FN: mover-se ligeiramente para cima ou para baixo em valor",
6783,escalation,"COD: increase rapidly.",84,Change_position_on_a_scale,83,escala,"COD: aumentar rapidamente.",
6786,gain,"COD: an increase (in wealth or resources).",84,Change_position_on_a_scale,83,ganho,"COD: um aumento (de riqueza ou recursos).",
6787,increasingly,"FN: to an increasing extent or frequency.",84,Change_position_on_a_scale,89,aumentadamente,"FN: a um nível crescente ou frequência.",
6789,growing,"FN: the action of increasing in scale",84,Change_position_on_a_scale,84,crescendo,"FN: a ação de aumentar em escala",
6792,depressed,"FN: a decrease from a baseline state
",84,Change_position_on_a_scale,84,deprimido,"FN: uma diminuição de um estado de linha de base",
6794,accelerated,"FN: Increase in rate",84,Change_position_on_a_scale,84,acelerado,"FN: Aumento da taxa",
6798,down,"FN: having decreased (by some amount).
NB: this preposition often modifies a quantity, specifiying that it is the value after a change, and may occur with an initial value marked by from.",84,Change_position_on_a_scale,90,baixar,"FN: tendo diminuído (de alguma quantidade).
NB: esta preposição muitas vezes modifica uma quantidade, especificando que é o valor após uma mudança, e pode ocorrer com um valor inicial marcado por de.",
6799,deceive,"COD: deliberately mislead or misrepresent the truth to",85,Manipulate_into_doing,86,decepcionar,"COD: deliberadamente enganar ou representar falsamente a verdade para",
6800,defraud,"COD: llegally obtain money from (someone) by deception",85,Manipulate_into_doing,86,defraudar,"Obter dinheiro de alguém por engano",
6801,con,"COD: deceive (someone) into doing or believing something by lying to them",85,Manipulate_into_doing,86,con,"COD: enganar (alguém) para fazer ou acreditar algo, mentindo para eles",
