idLU,lemmaName(en),senseDescription(en),idFrame,frameName,idPOS,lemmaName(pt),senseDescription(pt),idLemma(pt)
8283,"take up","FN: begin to hold or fulfil a position or post.",134,Activity_start,86,assumir,"FN: começar a deter ou cumprir uma posição ou posto.",117292
8287,swing,"FN: start (a very active, vigorous activity) in response (to something).",134,Activity_start,86,balanço,"FN: iniciar (uma atividade muito ativa e vigorosa) em resposta (a algo).",14756
8290,launch,"FN: begin an activity energetically and enthusiastically",134,Activity_start,86,lançamento,"FN: começar uma atividade com energia e entusiasmo",1351
8291,"strike up","FN: to start an activity (usually social or communicative) suddenly ",134,Activity_start,86,"fazer contato","FN: iniciar uma atividade (geralmente social ou comunicativa) de repente",120860
8292,open,"FN: begin an attack (esp. with ""fire"").",134,Activity_start,86,abrir,"FN: iniciar um ataque (esp. com ""fogo"").",121150
8296,kilogram,"COD: the SI unit of mass, equal to 1,000 grams (approximately 2.205 lb) and equivalent to the international standard kept at Sevres near Paris",135,Measure_mass,83,quilograma,"COD: a unidade SI de massa, igual a 1.000 gramas (aproximadamente 2,205 libras) e equivalente ao padrão internacional mantido em Sèvres perto de Paris",31465
8301,milligram,"COD: also milligramme abbrev.: mg [Measure] n",135,Measure_mass,83,miligrama,"COD: também miligrama abreviatura: mg [Medida] n",27826
8304,restart,"FN: to resume to take place",136,Process_resume,86,reiniciar,"FN: resumir para acontecer",117152
8307,yard,"COD: a unit of linear measure equal to 3 feet (0.9144 metre).",140,Measure_of_distance_and_length,83,jardim,"COD: uma unidade de medida linear igual a 3 pés (0,9144 metro).",10714
8308,foot,"COD: a unit of linear measure equal to 12 inches (30.48 cm). ",140,Measure_of_distance_and_length,83,pé,"COD: uma unidade de medida linear igual a 12 polegadas (30,48 cm).",681
8315,block,"FN: one city street length",140,Measure_of_distance_and_length,83,bloqueio,"FN: um comprimento de rua da cidade",1042
8317,cup,"COD: chiefly N. Amer. a measure of capacity used in cookery, equal to half a US pint (0.237 litre)",141,Measure_volume,83,taça,"COD: principalmente N. Amer. uma medida de capacidade utilizada na culinária, igual a meia xícara americana (0,237 litro)",58969
8318,bottle,"FN: the volume of a container with a narrow neck, used for storing liquids",141,Measure_volume,83,garrafa,"FN: o volume de um recipiente com pescoço estreito, usado para armazenar líquidos",23263
8319,bushel,"COD: a measure of capacity equal to 8 gallons (equivalent to 36.4 litre), or in the US a measure of capacity equal to 64 US pints (equivalent to 35.2 litres).",141,Measure_volume,83,Cesto,"COD: uma medida de capacidade igual a 8 galões (equivalente a 36,4 litros) ou, nos EUA, uma medida de capacidade igual a 64 xícaras americanas (equivalente a 35,2 litros).",17046
8320,box,"FN: the volume of a container with a flat base and sides",141,Measure_volume,83,caixa,"FN: o volume de um recipiente com uma base plana e laterais",6543
8321,glass,"FN: the volume contained in a drinking container made of glass",141,Measure_volume,83,vidro,"FN: o volume contido em um recipiente de bebida feito de vidro",35989
8324,pack,"COD: a cardboard or paper container and the items contained within it",141,Measure_volume,83,pacote,"COD: um recipiente de papelão ou papel e os itens contidos nele",448
8325,bowl,"FN: the volume contained by a round, deep dish or basin",141,Measure_volume,83,tigela,"FN: o volume contido por uma tigela redonda, rasa ou bacia",34706
8328,spoon,"FN: the volume or amount held by an implement consisting of a small, shallow oval or round bowl on a long handle, used for eating, stirring, and serving food",141,Measure_volume,83,colher,"FN: o volume ou quantidade mantida por um instrumento que consiste em uma pequena tigela oval ou redonda rasa em um cabo longo, usada para comer, mexer e servir comida",37059
8330,bag,"FN: the volume contained by a flexible container with an opening at the top",141,Measure_volume,83,sacola,"FN: o volume contido por um recipiente flexível com uma abertura no topo",32781
8331,quart,"COD: a unit of liquid capacity equal to a quarter of a gallon or two pints, equivalent in Britain to approximately 1.13 litres and in US to approximately 0.94 litre.",141,Measure_volume,83,quarto,"COD: uma unidade de capacidade líquida igual a um quarto de galão ou duas pintas, equivalente na Grã-Bretanha a aproximadamente 1,13 litros e nos EUA a aproximadamente 0,94 litro.",1220
8338,sackful,"FN: the volume or amount contained by a sack",141,Measure_volume,83,saco,"FN: o volume ou quantidade contida por um saco",32770
8339,packet,"FN: the amount contained in a paper or cardboard container",141,Measure_volume,83,pacote,"FN: o valor contido em um recipiente de papel ou cartão",448
8340,mug,"FN: the amount of contents of a large cup, typically cylindrical and with a handle and used without a saucer",141,Measure_volume,83,copo,"FN: a quantidade de conteúdo de uma xícara grande, tipicamente cilíndrica e com alça e usada sem uma taça",668
8344,platter,"FN: a selection of food placed on a platter",141,Measure_volume,83,placa,"FN: uma seleção de alimentos colocados em um prato",8854
8345,tray,"FN: the contents of a flat, shallow container with a raised rim, typically used for carrying or holding.",141,Measure_volume,83,traje,"FN: o conteúdo de um recipiente plano e raso com borda elevada, normalmente utilizado para transportar ou conter.",35000
8355,case,"FN: boxful, amount contained in one carton or box",141,Measure_volume,83,caso,"FN: caixa cheia, quantidade contida em uma cartela ou caixa",6570
8356,hectare,"COD: a metric unit of square measure, equal to 10,000 square metres (2.471 acres)",142,Measure_area,83,Hectare,"COD: uma unidade métrica de medida quadrada, igual a 10.000 metros quadrados (2,471 acres)",24062
8362,obese,"COD:  grossly fat or overweight. ",143,Body_description_holistic,84,obeso,"COD: obeso ou com sobrepeso.",86569
8368,skinny,"COD:  -ier, -iest (of a person) unattractively thin. ",143,Body_description_holistic,84,magro,"COD: -ier, -iest (de uma pessoa) magro de forma pouco atraente.",85254
8369,beefy,"FN: stocky, muscular of build",143,Body_description_holistic,84,gorduroso,"FN: de corpo robusto, musculoso",82755
8370,short,"COD: (of a person) small in height. ",143,Body_description_holistic,84,curto,"COD: (de uma pessoa) pequeno de altura.",73320
8374,thin,"COD:  having little flesh or fat on the body. ",143,Body_description_holistic,84,fino,"COD: com pouca carne ou gordura no corpo.",73323
8376,slim,"COD:  gracefully thin; slenderly built. ",143,Body_description_holistic,84,magro,"COD: graciosamente magro; esguio.",85254
8383,tall,"FN: of more than average height. ",143,Body_description_holistic,84,alto,"FN: de mais do que altura média.",73280
