idLU,lemmaName(en),senseDescription(en),idFrame,frameName,idPOS,lemmaName(pt),senseDescription(pt),idLemma(pt)
16212,record,"COD: state or express officially.",733,Recording,86,registro,"COD: estado ou expressão oficial.",10685
16213,register,"FN: record",733,Recording,86,registro,"FN: registro",10685
16214,document,"COD: record in written, photographic, or other form.",733,Recording,86,documento,"COD: registro em forma escrita, fotográfica ou outra.",261
16215,chronicle,"COD: record (a series of events) in a factual and detailed way.",733,Recording,86,Crônica,"COD: registro (uma série de eventos) de forma factual e detalhada.",10760
16216,system,"FN: a group of independent but interacting elements conceived of as a unified whole",734,Set_of_interrelated_entities,83,sistema,"FN: um grupo de elementos independentes mas interligados concebidos como um todo unificado",6580
16217,in,"COD: present at one' s home or office.",735,Expected_location_of_person,90,em,"COD: presente na casa ou escritório de alguém.",146475
16219,out,"COD: not at home or one' s place of work.",735,Expected_location_of_person,90,fora,"COD: não está em casa ou no local de trabalho.",146654
16225,hospitalize,"FN: to place in a hospital for treatment",736,Institutionalization,86,hospitalizar,"FN: colocar em um hospital para tratamento",130849
16236,lament,"COD: express regret or disappointment about.",737,Complaining,86,lamentar,"COD: expressar pesar ou decepção sobre.",120939
16237,gripe,"COD: express a trivial complaint; grumble.  ",737,Complaining,86,gripe,"COD: expressa uma reclamação trivial; murmúrio.",23793
16238,belly-ache,"COD: complain noisily or persistently.",737,Complaining,86,diarreia,"COD: reclamar alto ou persistentemente.",19727
16240,gripe,"COD:  a trivial complaint.",737,Complaining,83,gripe,"COD: uma reclamação trivial.",23793
16245,vent,"COD: give free expression to (a strong emotion)",738,Expressing_publicly,86,vento,"COD: dar livre expressão a (uma forte emoção)",35833
16246,air,"COD: express (an opinion or grievance) publicly.",738,Expressing_publicly,86,ar,"COD: expressar (uma opinião ou reclamação) publicamente.",11045
16247,express,"FN: to convey a message to a group of people",738,Expressing_publicly,86,expresso,"FN: transmitir uma mensagem a um grupo de pessoas",9247
16248,voice,"COD: express in words",738,Expressing_publicly,86,voz,"COD: expresse em palavras",36205
16259,rejection,"FN: the act of refusing a proposal by another",739,Respond_to_proposal,83,rejeição,"FN: o ato de recusar uma proposta de outra pessoa",32093
16264,preen,"FN: gloat or exult",740,Bragging,86,preencher,"FN: gozar ou regozajar",132891
16269,gripe,"COD: express a trivial complaint; grumble",740,Bragging,86,gripe,"COD: expressa uma reclamação trivial; resmunga",23793
16274,agree,"COD:  consent to do something.",741,Agree_or_refuse_to_act,86,concordar,"COD: consentir em fazer algo.",125189
16279,shield,"COD: protect from a danger, risk, etc.",743,Protecting,86,escudo,"COD: proteger de um perigo, risco, etc.",21272
16281,insulate,"COD: protect from something unpleasant.",743,Protecting,86,Isolar,"COD: proteger de algo desagradável.",131244
16288,shield,"COD: a person or thing providing protection",743,Protecting,83,escudo,"COD: uma pessoa ou coisa que fornece proteção",21272
16290,guard,"FN: to keep watch over some asset",743,Protecting,86,guarda,"FN: para vigiar algum ativo",23864
16291,shelter,"FN: a shield against something harmful.",743,Protecting,83,abrigo,"FN: uma proteção contra algo prejudicial.",9173
16293,shelter,"FN: give protection to.",743,Protecting,86,abrigo,"FN: dar proteção a.",9173
16294,cover,"FN: protection, often from attack from above.",743,Protecting,83,cobertura,"FN: proteção, muitas vezes de ataques de cima.",9169
16298,reluctant,"COD: unwilling and hesitant. ",744,Willingness,84,receptivo,"COD: indiferença e relutância.",73960
16302,unwillingness,"FN: the state or degree of being opposed to",744,Willingness,83,indisposição,"FN: o estado ou grau de ser contrário a",24931
16305,board,"COD: get on or into (a ship, aircraft, or other vehicle).",745,Board_vehicle,86,placa,"COD: entrar em ou sobre (um navio, avião ou outro veículo).",8854
16306,get,"FN: enter or mount a vehicle",745,Board_vehicle,86,obter,"FN: entrar ou montar em um veículo",117118
16307,embark,"COD: go on board a ship or aircraft.",745,Board_vehicle,86,embarque,"COD: embarcar num navio ou numa aeronave.",268
16309,entrain,"FN: board a train.",745,Board_vehicle,86,treinamento,"FN: embarcar num trem.",2033
16310,mount,"COD: get up on (an animal or bicycle) in order to ride it.",745,Board_vehicle,86,montar,"COD: subir em (um animal ou bicicleta) para andar nele.",120905
16311,hop,"COD: jump on to (a vehicle)",745,Board_vehicle,86,pular,"COD: pular em (um veículo)",120904
