idLU,lemmaName(en),senseDescription(en),idFrame,frameName,idPOS,lemmaName(pt),senseDescription(pt),idLemma(pt)
4098,duck,"COD: lower the head or body quickly to avoid a blow or missile or so as not to be seen.",11,Body_movement,86,pato,"COD: abaixe rapidamente a cabeça ou o corpo para evitar um golpe ou projétil ou para não ser visto.",
4099,crease,"COD: make a crease in the skin, especially the face ",11,Body_movement,86,dobra,"COD: fazer uma dobra na pele, especialmente no rosto",
4102,close,"FN: to move (a bodypart) so that it is closed.",11,Body_movement,86,feche,"FN: mover (uma parte do corpo) para que esteja fechado.",
4104,twiddle,"FN: move (one' s thumbs), generally as a humorously pointless way to spend time.",11,Body_movement,86,twiddle,"FN: mexer com os polegares, geralmente de uma maneira sem sentido e engraçada para passar o tempo.",
4105,stamp,"FN: bring down (one' s foot) heavily on the ground or an object, perhaps crushing, or flattening it.",11,Body_movement,86,carimbo,"FN: trazer para baixo (um' pé) fortemente no chão ou em um objeto, talvez esmagando, ou achatando-o.",
4106,crinkle,"COD: form or cause to form small creases or wrinkles.",11,Body_movement,86,Rugido,"COD: forma ou causa pequenas dobras ou rugas.",
29445,open,"allowing access, passage, or a view through an empty space; not closed or blocked up.",11,Body_movement,84,abrir,"permitindo acesso, passagem ou uma visão através de um espaço vazio; não fechado ou bloqueado.",
4113,clasp,"COD: grasp tightly with one' s hand.",12,Manipulation,86,clasp,"COD: agarre firmemente com uma mão.",
4114,claw,"COD: try desperately to move something with the hands.",12,Manipulation,86,garra,"COD: tentar desesperadamente mover algo com as mãos.",
4115,clutch,"FN: grasp and hold tightly",12,Manipulation,86,clutch,"FN: agarre e mantenha firmemente",
4119,grip,"COD: take and keep a firm hold of; grasp tightly.",12,Manipulation,86,grampo,"COD: pegar e manter uma firmeza de; apertar firmemente.",
4122,nip,"COD: pinch, squeeze, or bite sharp",12,Manipulation,86,nip,"COD: pinchar, apertar ou morder com força",
4125,pinch,"COD: grip (the flesh) tightly and sharply between finger and thumb. ",12,Manipulation,86,pinch,"COD: apertar (a carne) firmemente e com força entre o dedo indicador e o polegar.",
4128,seize,"COD: take hold of suddenly and forcibly. ",12,Manipulation,86,seize,"COD: tomar de repente e à força.",
4130,tug,"FN: to pull on something hard and suddenly   ",12,Manipulation,86,tug,"FN: puxar algo duro e de repente",
4132,wring,"COD: squeeze (someone' s hand) tightly. ",12,Manipulation,86,Esguicho,"COD: apertar (a mão de alguém) com força.",
4133,yank,"FN: to tug on something causing it to move",12,Manipulation,86,yank,"FN: puxar algo que o faz se mover",
4134,fumble,"COD:  use the hands clumsily while doing or handling something ",12,Manipulation,86,fumble,"COD: usar as mãos de forma desajeitada enquanto faz ou manipula algo",
4138,"grab hold","COD: grasp",12,Manipulation,86,Aperte-se,"COD: compreender",
4139,pull,"COD: an act of pulling something.",12,Manipulation,83,puxar,"COD: um ato de puxar algo.",
4146,diddle,"FN: to manipulate with the finger, usually irregularly",12,Manipulation,86,"fazer batidinha","FN: manipular com o dedo, geralmente de forma irregular",
4149,handle,"FN: hold (esp. said of merchandise).",12,Manipulation,86,manuseio,"FN: segurar (especialmente dito de mercadorias).",
4151,poke,"FN: touch somewhat forcefully with the end of a relatively long, thin object.",12,Manipulation,86,Poke,"FN: tocar com alguma força usando o extremo de um objeto relativamente longo e fino.",
4153,crouch,"FN: to be in a position where the knees are bent and the upper body is brought forward and down. ",13,Posture,86,agachar-se,"FN: estar em uma posição onde os joelhos estão flexionados e o tronco superior é levado para frente e para baixo.",
4154,hunch,"FN: to sit or stand in a position in which one' s shoulders and the top of one' s body are bent forward ",13,Posture,86,curvatura,"FN: sentar ou ficar em uma posição na qual os ombros e o topo do corpo estão curvados para frente",
4158,lie,"FN: to be in a horizontal position on a supporting surface",13,Posture,86,mentira,"FN: estar em posição horizontal sobre uma superfície de apoio",
4160,sit,"COD: to be in a position in which one' s weight is supported by one' s buttocks rather than one' s feet and one' s back is upright. ",13,Posture,86,Sentar-se,"COD: estar em uma posição na qual o peso é suportado pelo traseiro, em vez dos pés, e a coluna está ereta.",
4162,sprawl,"COD: sit, lie, or fall with one' s limbs spread out in an ungainly way. ",13,Posture,86,espraia-se,"COD: sentar, deitar ou cair com as extremidades espalhadas de maneira desajeitada.",
4165,stoop,"FN: to bend one' s body forwards and downward",13,Posture,86,Apoiar-se,"FN: dobrar o corpo para frente e para baixo",
4167,crouched,"FN: in a crouching posture.",13,Posture,84,agachado,"FN: em uma postura agachada.",
4168,huddled,"FN: having the limbs drawn in so that the body takes up little space.",13,Posture,84,Agrupados,"FN: tendo as extremidades desenhadas de forma que o corpo ocupe pouco espaço.",
4170,sprawled,"FN: with one' s limbs spread out in an ungainly way",13,Posture,84,esparramado,"FN: com as extremidades espalhadas de uma maneira desajeitada",
4171,slouched,"FN: stand or sit in a lazy, drooping way with one' s muscles extremely relaxed",13,Posture,84,esfregou,"FN: ficar ou sentar de forma preguiçosa, pendurada com um relaxamento extremo dos músculos",
30661,kneel,"COD: fall or rest on a knee or the knees. ",13,Posture,86,Ajoelhar-se,"COD: cair ou descansar no joelho ou nos joelhos.",
34279,"lay back","To lay in a relaxed way.",13,Posture,86,deitar-se,"Deitar-se de forma relaxada.",
4186,hunch,"COD: a feeling or guess based on intuition.",14,Awareness,83,curvatura,"COD: um sentimento ou uma suposição baseada na intuição.",
4190,knowledgable,"COD: intelligent and well informed.",14,Awareness,84,conhecimento,"COD: inteligente e bem informado.",
4191,presume,"FN: assume that something is the case absent proof to the contrary",14,Awareness,86,presume,"FN: assume que algo é o caso ausente prova em contrário",
4192,presumption,"COD: an act or instance of presuming something to be the case.",14,Awareness,83,presumição,"COD: um ato ou instância de presumir algo como sendo o caso.",
4194,supposition,"COD: an assumption or hypothesis.",14,Awareness,83,Suposição,"COD: uma suposição ou hipótese.",
4196,suspicion,"COD: a feeling that something is possible or probable or that someone is guilty of a crime or offence.",14,Awareness,83,suspeita,"COD: um sentimento de que algo é possível ou provável, ou que alguém é culpado de um crime ou ofensa.",
