idLU,lemmaName(en),senseDescription(en),idFrame,frameName,idPOS,lemmaName(pt),senseDescription(pt),idLemma(pt)
4200,understanding,"COD: the ability to understand something; comprehension",14,Awareness,83,compreender,"COD: a capacidade de compreender algo; compreensão",
4201,ignorance,"FN: the state of lacking knowledge or awareness in general.",14,Awareness,83,Ignorância,"FN: o estado de falta de conhecimento ou consciência em geral.",
18960,clue,"(with negation or question, usually with ""have"") knowledge.",14,Awareness,83,clue,"conhecimento (com negação ou questão, geralmente com ""tem"")",
40021,saber,,14,Awareness,83,saber,,
4215,espy,"COD: catch sight of",15,Becoming_aware,86,Espia.,Vê-lo,
4221,come,"FN: encounter a new phenomenon",15,Becoming_aware,86,comem,"FN: encontrar um novo fenômeno",
4222,come,"FN: discover a new phenomenon.",15,Becoming_aware,86,comem,"FN: descobrir um novo fenômeno.",
4229,observe,"FN: detect a phenomenon",15,Becoming_aware,86,Observe,"FN: detectar um fenômeno",
4231,"find out","FN: discover information or a fact.",15,Becoming_aware,86,Descubra,"FN: descobrir informação ou um facto.",
4232,tell,"FN: to recognize with one or more of the senses",15,Becoming_aware,86,diga,"FN: reconhecer com um ou mais dos sentidos",
4234,categorization,"FN: the act of categorizing",16,Categorization,83,categorização,"FN: o ato de classificar",
4235,categorize,"COD: place in a particular category; classify.",16,Categorization,86,classifique,"COD: lugar em uma categoria específica; classificar.",
4243,regard,"COD: consider in a particular way.",16,Categorization,86,regardar,"COD: considere de uma maneira particular.",
4246,peg,"FN: to place in a particular category",16,Categorization,86,pegue,"FN: colocar em uma categoria específica",
4247,pigeonhole,"COD: assign to a particular category, especially an overly restrictive one",16,Categorization,86,"caixinha de correio","COD: atribuir a uma categoria específica, especialmente uma muito restritiva",
4248,stereotype,"COD: view or represent as a stereotype",16,Categorization,86,estereótipo,"COD: ver ou representar como um estereótipo",
4249,typecast,"COD:  regard as fitting a stereotype",16,Categorization,86,"tipo de papel","COD: considerar como encaixando-se em um estereótipo",
4253,define,"FN: distinguish or characterize",16,Categorization,86,define,"Distinguir ou caracterizar",
4259,bracket,"FN: consider to be a member of a group or type.",16,Categorization,86,colchete,"FN: considerar-se como membro de um grupo ou tipo.",
4264,consideration,"COD: careful thought",17,Cogitation,83,consideração,"COD: pensamento cuidadoso",
4267,deliberate,"COD: engage in long and careful consideration",17,Cogitation,86,deliberado,"COD: envolver-se em uma longa e cuidadosa consideração",
4268,deliberation,"COD: the action or process of engaging in long and careful consideration",17,Cogitation,83,deliberação,"COD: a ação ou processo de se envolver em longa e cuidadosa consideração",
4269,dwell,"COD: think, speak, or write at length about.",17,Cogitation,86,dwell,"COD: pensar, falar ou escrever sobre extensivamente.",
4271,meditation,"COD: a discourse expressing considered thoughts on a subject",17,Cogitation,83,meditação,"COD: um discurso expressando pensamentos considerados sobre um assunto",
4272,"mull over","COD: think about at length.",17,Cogitation,86,"refletir sobre","COD: pense profundamente.",
4277,ruminate,"COD: think deeply about something.",17,Cogitation,86,rememorar,"COD: pense profundamente sobre algo.",
4280,"give thought","FN: give careful consideration or attention.",17,Cogitation,96,"dar pensamento","FN: dar consideração ou atenção cuidadosa.",
34277,"feel like","To think an information is real.",17,Cogitation,86,"sentir-se como","Achar que uma informação é real.",
4287,guess,"COD: an estimate or conjecture",18,Coming_to_believe,83,Adivinhar,"COD: uma estimativa ou conjetura",
