idLU,lemmaName(en),senseDescription(en),idFrame,frameName,idPOS,lemmaName(pt),senseDescription(pt),idLemma(pt)
11840,comport,"COD: accord with; agree with",332,Compatibility,86,comportar,"COD: concordar com; concordar com",125157
11841,rhyme,"COD: of a word, syllable, or line) have or end with a sound that corresponds to another. ",332,Compatibility,86,rima,"COD: de uma palavra, sílaba ou linha) têm ou terminam com um som que corresponde a outra.",32464
11842,accord,"COD: be harmonious or consistent ",332,Compatibility,86,acordo,"COD: seja harmônico ou consistente",6645
11843,agree,"COD: be consistent with.",332,Compatibility,86,concordar,"COD: seja consistente com.",125189
11847,go,"COD: be harmonious, complementary, or matching",332,Compatibility,86,ir,"COD: seja harmônico, complementar ou combinado",116877
11849,match,"COD: correspond or cause to correspond in some essential respect; make or be harmonious.",332,Compatibility,86,combate,"COD: corresponder ou fazer corresponder em algum aspecto essencial; fazer ou ser harmônico.",1226
11851,conflict,"COD: be incompatible or at variance with.",332,Compatibility,86,conflito,"COD: incompatível ou em desacordo com.",6644
11854,"fly in the face of","FN: be completely incompatible with.",332,Compatibility,86,contrariar,"FN: completamente incompatível com.",125342
11856,issue,"COD:  flow out from. ",333,Emanating,86,problema,"COD: flui de fora.",6620
11859,discharge,"FN: to expel or unload ",333,Emanating,86,descarga,"FN: expulsar ou descarregar",19282
11864,fall,"COD: move from a higher to a lower level, typically rapidly and without control",334,Motion_directional,86,queda,"COD: mover de um nível mais alto para um nível mais baixo, tipicamente rapidamente e sem controle",31412
11868,rise,"FN: to move in an upward direction",334,Motion_directional,86,acordar,"FN: mover-se em uma direção ascendente",116897
11870,angle,"FN: to move at an angle (linear incline in comparison to some point)",334,Motion_directional,86,ângulo,"FN: mover-se em um ângulo (inclinação linear em comparação com algum ponto)",36578
31004,drop,"FN: The event in which a Theme moves towards some Goal, typically downwards",334,Motion_directional,83,drop,"FN: O evento em que um Tema se move em direção a algum Objetivo, tipicamente para baixo",1175
11875,determine,"FN: to firmly decide",335,Deciding,86,determinar,"FN: decidir firmemente",120650
11899,disillusioning,"FN: causing disappointment at losing a belief or ideal",336,Stimulus_focus,84,decepcionante,"FN: causando decepção ao perder uma crença ou ideal",73941
11926,pleasurable,"COD: pleasing; enjoyable. ",336,Stimulus_focus,84,Prazeroso,"COD: agradável; divertido.",87847
11933,heart-warming,"COD: emotionally rewarding or uplifting. ",336,Stimulus_focus,84,Acolhedor,"COD: emocionalmente gratificante ou elevador.",73952
