idLU,lemmaName(en),senseDescription(en),idFrame,frameName,idPOS,lemmaName(pt),senseDescription(pt),idLemma(pt)
12855,industrial,"FN: related to economic activity concerned with the processing of raw materials and manufacture of goods in factories.",377,Manufacturing,84,industrial,"FN: relacionado à atividade econômica preocupada com o processamento de matérias-primas e a fabricação de bens em fábricas.",
12862,"assembly line","FN: may either refer to the physical location where products are manufactured or the process by which those products are made.",377,Manufacturing,83,"linha de montagem","FN: pode referir-se tanto ao local físico onde os produtos são fabricados como ao processo pelo qual esses produtos são feitos.",
12871,soundtrack,"COD: the sound accompaniment to a film",378,Behind_the_scenes,83,"trilha sonora","COD: o acompanhamento sonoro de um filme",
12873,stage,"COD: present a performance of (a play or other show).",378,Behind_the_scenes,86,estágio,"COD: apresentar uma performance de (uma peça ou outro espetáculo).",
12874,cast,"FN: select the cast for a performance.",378,Behind_the_scenes,86,casto,"FN: selecione o elenco para uma apresentação.",
30957,choreograph,"FN: plan how performance dance in a performance.",378,Behind_the_scenes,86,coreografar,"FN: planeje como dançar em uma apresentação.",
12876,seize,"FN: to take by force, esp. despite the resistance of the current possessor or contrary to law",379,Taking,86,seize,"FN: tomar à força, especialmente apesar da resistência do atual possuidor ou contrariamente à lei",
12879,commandeer,"FN: to take possession of something for one' s own use, without the authority to do so",379,Taking,86,Comander,"FN: tomar posse de algo para uso próprio, sem a autoridade para fazê-lo",
12882,receipt,"COD: the action of receiving something or the fact of its being received",380,Receiving,83,recebimento,"COD: a ação de receber algo ou o fato de ser recebido",
12884,portend,"COD: be a sign or warning that (something momentous or calamitous) is likely to happen",381,Omen,86,significa,"COD: ser um sinal ou aviso de que (algo importante ou calamitoso) é provável que aconteça",
12885,portent,"COD:  a sign or warning that a momentous or calamitous event is likely to happen",381,Omen,83,portento,"COD: um sinal ou aviso de que um evento importante ou calamitoso é provável que aconteça",
12886,foretoken,"COD: be a sign of",381,Omen,86,premonitório,"COD: ser um sinal de",
12887,betoken,"COD:  be a warning or sign of. ",381,Omen,86,betocar,"COD: ser um aviso ou sinal de.",
12888,foretoken,"COD: a sign of something to come",381,Omen,83,premonitório,"COD: um sinal de algo para vir",
12889,presage,"COD: be a sign or warning of (an imminent event)",381,Omen,86,Presage,"COD: ser um sinal ou aviso de (um evento iminente)",
12891,omen,"COD:    an event regarded as a portent of good or evil.",381,Omen,83,omeno,"COD: um evento considerado como presságio de bom ou mau agouro.",
12892,forebode,"COD: act as an advance warning of (something bad)",381,Omen,86,anteceder,"COD: atua como um aviso prévio de (algo ruim)",
12893,augur,"COD: portend (a specified outcome)",381,Omen,86,augúrio,"COD: prever",
12895,ominous,"COD:  giving the worrying impression that something bad is going to happen.",381,Omen,84,Sinistras,"COD: dando a preocupante impressão de que algo ruim vai acontecer.",
12897,foreshadow,"COD:  be a warning or indication of. ",381,Omen,86,premonição,"COD: ser um aviso ou indicação de.",
12899,foreshadowing,"FN: presenting an indication of some entity or event beforehand",381,Omen,83,premonição,"FN: apresentando uma indicação de alguma entidade ou evento com antecedência",
12900,prefigure,"COD:     be an early indication or version of",381,Omen,86,prefigurar,"COD:    ser uma indicação ou versão inicial precoce de",
12901,promise,"COD: give good grounds for expecting",381,Omen,86,promessa,"COD: dar boas razões para esperar",
12902,herald,"COD: signal the imminence of",381,Omen,86,heraldo,"COD: sinalizar a iminência de",
12903,announce,"FN: signal (the arrival or occurrence)",381,Omen,86,anuncie,"FN: sinal (a chegada ou ocorrência)",
12904,promising,"COD: showing great potential.",381,Omen,84,Promissor,"COD: mostrando grande potencial.",
12905,promise,"COD: an indication that something is likely to occur",381,Omen,83,promessa,"COD: uma indicação de que algo é provável que ocorra",
12912,co-star,"COD: a performer appearing with another or others of equal importance. ",382,Performers_and_roles,83,co-estar,"COD: um intérprete que aparece com outro ou outros de igual importância.",
12917,as,"FN: playing in the role of",382,Performers_and_roles,90,os,"FN: atuando no papel de",
12918,co-star,"appear in a production as a co-star.",382,Performers_and_roles,86,co-estrela,"aparecer em uma produção como um ator principal.",
12920,character,"COD: a part played by an actor.",382,Performers_and_roles,83,caractere,"COD: a parte interpretada por um ator.",
30733,"co-star (in)","COD:  appear in a production as a co-star.",382,Performers_and_roles,86,co-estrela,"COD: aparecer em uma produção como um co-estrela.",
30734,"star (in)","COD: have a principal role in a film, play, etc. ",382,Performers_and_roles,86,"estrela (em)","COD: têm um papel principal em um filme, peça, etc.",
12927,snap,"FN: cause to break suddenly after the application of tension.",383,Cause_to_fragment,86,clique,"FN: causar uma ruptura súbita após a aplicação de tensão.",
12930,splinter,"FN: cause to break into small, long, thin pieces (i.e. splinters).",383,Cause_to_fragment,86,fenda,"FN: causar para se quebrar em pequenos, longos, peças finas (ou seja, lascas).",
12938,cleave,"COD: split or sever along a natural grain or line.",383,Cause_to_fragment,86,cleave,"COD: dividir ou separar ao longo de uma linha ou grão natural.",
12941,"break apart","FN: forcibly separate into pieces",383,Cause_to_fragment,86,quebrar-se,"FN: separar à força em pedaços",
12947,dissect,"FN: methodically cut up ",383,Cause_to_fragment,86,dissecar,"FN: cortar meticulosamente",
12949,rive,"COD: tear apart.",383,Cause_to_fragment,86,rivers,"COD: rasgar-se.",
