idLU,lemmaName(en),senseDescription(en),idFrame,frameName,idPOS,lemmaName(pt),senseDescription(pt),idLemma(pt)
6106,rasp,"COD: make a harsh, grating noise.",63,Make_noise,86,raspar,"COD: faça um barulho agudo e estridente.",133219
6107,rattle,"FN: make a rapid succession of short, sharp knocking or clinking sounds",63,Make_noise,86,rachar,"FN: fazer uma rápida sucessão de curtos e fortes sons de batida ou estalo",133166
6110,scrape,"FN: make a sound as if rubbing against a rough surface.",63,Make_noise,86,raspar,"FN: fazer um som como se estivesse esfregando contra uma superfície áspera.",133219
6112,scrunch,"FN: to emit a loud, crunching sound",63,Make_noise,86,Enrolar,"FN: emitir um som alto e estalado",120824
6138,whistle,"FN: emit or produce a whistle",63,Make_noise,86,apito,"FN: emitir ou produzir um apito",67
6155,sound,"FN: to make an object emit phonons of compression and rarefaction.",63,Make_noise,86,som,"FN: para fazer um objeto emitir fonões de compressão e rarefação.",11037
6157,play,"FN: to produce sounds, as that of a musical instrument",63,Make_noise,86,brincar,"FN: produzir sons, como o de um instrumento musical",117309
41227,odor,,63,Make_noise,83,odor,,28937
41228,soar,,63,Make_noise,86,soar,,120763
6165,sense,"COD: perceive by a sense or senses'  be vaguely or indefinably aware of",64,Perception_experience,86,sentido,"COD: perceber por um ou mais sentidos; ter uma vaga ou indefinida consciência de",37088
6166,smell,"FN: perceive or detect the odour of something by the faculty of smell.",64,Perception_experience,86,cheiro,"FN: perceber ou detectar o odor de algo pela capacidade do olfato.",9344
6167,taste,"COD: perceive or experience the flavour of.",64,Perception_experience,86,gosto,"COD: perceber ou experimentar o sabor de.",8958
6171,experience,"FN: to undergo an experience or event",64,Perception_experience,86,experiência,"FN: passar por uma experiência ou evento",6571
34367,perspective,"Someone's opinion based on their point of view.",64,Perception_experience,83,perspectiva,"Uma opinião de alguém baseada em sua perspectiva.",66058
41233,odor,,64,Perception_experience,83,odor,,28937
6172,aroma,"COD: a pleasant and distinctive smell.",65,Sensation,83,aroma,"COD: um cheiro agradável e distinto.",13948
6173,bouquet,"COD: the characteristic scent of a wine or perfume.",65,Sensation,83,buquê,"COD: o cheiro característico de um vinho ou perfume.",15867
6178,incense,"COD: a gum, spice, or other substance that is burned for the sweet smell it produces",65,Sensation,83,incenso,"COD: a goma, especiaria ou outra substância que é queimada para produzir o doce cheiro que produz",24826
6179,noise,"FN: a loud, unpleasant sound",65,Sensation,83,ruído,"FN: um som alto e desagradável",32688
6180,odor,"COD: a distinctive smell.",65,Sensation,83,odor,"COD: um cheiro distinto.",28937
6182,perception,"FN: the ability to become aware of something through the senses",65,Sensation,83,percepção,"FN: a capacidade de se tornar consciente de algo através dos sentidos",29963
6186,scent,"FN: a distinctive, pleasant smell",65,Sensation,83,cheiro,"FN: um cheiro distinto e agradável",9344
6188,sense,"COD: an awareness of something or feeling that something is the case.",65,Sensation,83,sentido,"COD: consciência de algo ou sentimento de que algo é o caso.",37088
6191,smell,"COD:  a quality in something that is perceived by this faculty",65,Sensation,83,cheiro,"COD: uma qualidade em algo que é percebido por esta faculdade",9344
6192,sound,"COD: vibrations which travel through the air or another medium and are sensed by the ear",65,Sensation,83,som,"COD: vibrações que viajam pelo ar ou outro meio e são percebidas pelo ouvido",11037
6193,stink,"COD: a strong, unpleasant smell",65,Sensation,83,cheiro,"COD: um cheiro forte e desagradável",9344
6194,taste,"COD: the sensation of flavour perceived in the mouth on contact with a substance.",65,Sensation,83,gosto,"COD: a sensação de sabor percebida na boca ao entrar em contato com uma substância.",8958
6196,scene,"FN: a real or imaginary complex visual image, usually suggesting a prototypical situation",65,Sensation,83,cena,"FN: uma imagem visual complexa, real ou imaginária, geralmente sugerindo uma situação prototípica",16958
34284,hot,"Describing a high temperature.",65,Sensation,84,quente,"Descriando uma alta temperatura.",73635
