idLU,lemmaName(en),senseDescription(en),idFrame,frameName,idPOS,lemmaName(pt),senseDescription(pt),idLemma(pt)
18234,smother,"FN: Cause (a fire) to end by means of placing impermeable object or substance on it",1166,Putting_out_fire,86,Amasar,"FN: causar (um incêndio) para terminar por colocar objeto ou substância impermeável sobre ele",
18245,"gutter out","FN: Cease to burn, preceded by sputtering",1169,Fire_going_out,86,"gutter out","FN: Parar de queimar, precedido por estalidos",
18247,conflagration,"FN: a very large and intense fire likely resulting in complete destruction.",1170,Fire_burning,83,conflagration,"FN: um incêndio muito grande e intenso que provavelmente resultará em destruição completa.",
18248,inferno,"FN: a very large fire.",1170,Fire_burning,83,Inferno,"FN: um incêndio muito grande.",
18251,"hot spot","FN: Within a burning fire, a point of intense heat.",1170,Fire_burning,83,"ponto quente","FN: Dentro de um fogo ardente, um ponto de calor intenso.",
18252,backfire,"FN: A fire that is burning fuel in order to prevent that fuel from being consumed by any other fire(s).",1170,Fire_burning,83,bomba-falsa,"FN: Um fogo que está queimando combustível para evitar que esse combustível seja consumido por qualquer outro fogo(s).",
18255,flames,"FN: Metonymic description of the fire.",1170,Fire_burning,83,flames,"Descrição metonímica do fogo.",
18256,"spot fire","FN: A fire that arises when an ember or hot object falls on a flammable spot. A spot fire does not spread.",1170,Fire_burning,83,"fogo de cobertura","FN: Um incêndio que surge quando uma brasa ou objeto quente cai em um ponto inflamável. Um incêndio de ponto não se espalha.",
18259,"on fire","FN: burning.",1170,Fire_burning,84,"em chamas","FN: queima.",
18261,"brush fire","FN: a fire fueled by brush debris",1170,Fire_burning,83,"incêndio de vegetação","FN: um fogo alimentado por detritos de vegetação",
18264,ablaze,"FN: burning; on fire",1170,Fire_burning,84,Ablaze,"FN: queimando; em chamas",
18265,alight,"FN: burning, on fire",1170,Fire_burning,84,desembarcar,"FN: queimando, em chamas",
18269,"catch fire","FN: Be introduced to, and subsequently consumed by, fire.",1172,Catching_fire,86,"pegar fogo","FN: Ser apresentado e posteriormente consumido por fogo.",
18271,combust,"COD: with obj. consume or be consumed by fire. ",1172,Catching_fire,86,Combustão,"COD: com objeto, consumir ou ser consumido por fogo.",
18281,"gain ground","FN: To advance a firefighting effort into territory that was previously burning, or was thought to be burning. Most often used to describe advances made on wildfires burning in non-urban areas.",1177,Firefighting,96,"ganhar terreno","FN: Avançar um esforço de combate a incêndios em território que estava queimando ou que se pensava estar queimando. Mais comumente usado para descrever avanços feitos em incêndios florestais em áreas não urbanas.",
18284,tackle,"FN: Firefighting unit aggressively pushes forward toward a fire so that it can be doused before causing any more damage than it might already have caused.",1177,Firefighting,86,tackler,"FN: A unidade de combate a incêndios avança agressivamente em direção ao fogo para que ele possa ser apagado antes de causar mais danos do que já causou.",
18287,"fire fighting","FN: to process of extinguishing fires",1177,Firefighting,83,"combate a incêndios","FN: o processo de extinção de incêndios",
18288,"wildland fire","FN: Fire burning in rural, undeveloped area.",1179,Emergency_fire,83,"incêndio florestal","FN: Fogo queima em área rural e não desenvolvida.",
18289,wildfire,"FN: A fire in non-urban areas requiring emergency response.",1179,Emergency_fire,83,"incêndio florestal","FN: Incêndio em áreas não urbanas que requerem resposta de emergência.",
18292,"fire break","FN: A strip of land that is cleared or has been cleared with the specific intention of preventing a fire from crossing it. The fire break can be made by using a controlled burn to remove dangerously combustible material, thus preventing an uncontrolled blaze from combusting the material later.",1181,Fire_break,83,Quebra-fogo,"FN: Uma faixa de terra desimpedida ou que foi desimpedida com a intenção específica de impedir que um incêndio cruze por ela. A quebra de fogo pode ser feita usando uma queima controlada para remover materiais inflamáveis perigosamente, assim impedindo que um incêndio descontrolado queime o material posteriormente.",
18293,"fire line","FN: A strip of land that is cleared or has been cleared with the specific intention of preventing a fire from crossing it. The fire line can be made by using a controlled burn to remove dangerously combustible material, thus preventing an uncontrolled blaze from combusting the material later.",1181,Fire_break,83,"linha de fogo","FN: Uma faixa de terra que foi desimpedida ou tem sido desimpedida com a intenção específica de impedir que um incêndio cruze por ela. A linha de fogo pode ser feita usando uma queima controlada para remover materiais perigosamente inflamáveis, assim impedindo que um incêndio descontrolado acenda o material mais tarde.",
18298,"make arrangements","FN: to make preparations for an event",1183,Making_arrangements,96,"faça as disposições","FN: fazer preparativos para um evento",
18300,organize,"FN: to make preparations for an event or activity",1183,Making_arrangements,86,organize,"FN: fazer preparativos para um evento ou atividade",
18308,sheep,"a domesticated ruminant animal with a thick woolly coat and, typically only in the male, curving horns. It is kept in flocks for its wool or meat, and is proverbial for its tendency to follow others in the flock.",1184,Animals,83,Sheep,"Um animal ruminante domesticado com uma pelagem grossa e lã, e tipicamente apenas no macho, chifres curvados. É mantido em rebanhos por sua lã ou carne, e é famoso por sua tendência de seguir os outros no rebanho.",
29658,bellbird,"a tropical American bird of the cotinga family, with loud explosive calls. There are wattles on the head of the male. Any of a number of Australasian songbirds with a ringing call.",1184,Animals,83,belvira,"Um pássaro tropical da América do Sul da família dos cotings, com chamadas explosivas e altas. Existem bigodes na cabeça do macho. Qualquer um de uma série de pássaros cantores da Austrália com um chamado de toque.",
29660,ox,"a domesticated bovine animal kept for milk or meat; a cow or bull.",1184,Animals,83,ox,"Um animal bovino domesticado criado para leite ou carne; uma vaca ou touro.",
29662,lamb,"a young sheep.",1184,Animals,83,lamb,"um jovem cordeiro.",
29668,offspring,"a person's child or children.",1184,Animals,83,descendência,"a pessoa's filho ou filhos.",
29671,rooster,"a male domestic chicken.",1184,Animals,83,roster,"galinha doméstica do sexo masculino.",
29674,bug,"any small invertebrate animal, especially one with several pairs of legs.",1184,Animals,83,bugue,"qualquer pequeno animal invertebrado, especialmente aquele com vários pares de pernas.",
29676,ladybird,"a small beetle with a domed back, typically red or yellow with black spots; a ladybug.",1184,Animals,83,ladybird,"Uma pequena besoura com costas em forma de cúpula, geralmente vermelha ou amarela com manchas pretas; uma joaninha.",
29679,piglet,"a young pig.",1184,Animals,83,Pezinho,"um porquinho.",
29681,"praying mantis","a slender predatory insect related to the cockroach. It waits motionless for prey with its large spiky forelegs folded like hands in prayer.",1184,Animals,83,"Mantis religiosa","Um inseto predatório magro relacionado ao barata. Ele espera imóvel por presas com suas grandes pernas dianteiras espinhosas dobradas como mãos em oração.",
29684,vulture,"a large bird of prey with the head and neck more or less bare of feathers, feeding chiefly on carrion and reputed to gather with others in anticipation of the death of a sick or injured animal or person.",1184,Animals,83,caracara,"Um grande pássaro predador, com cabeça e pescoço mais ou menos despidos de penas, alimentando-se principalmente de carne podre e reputado por se reunir com outros em antecipação à morte de um animal ou pessoa doente ou ferido.",
