idLU,lemmaName(en),senseDescription(en),idFrame,frameName,idPOS,lemmaName(pt),senseDescription(pt),idLemma(pt)
4988,dejection,"FN: the state of being depressed and dejected",40,Emotion_directed,83,depressão,"FN: o estado de estar deprimido e desanimado",19131
4994,agitation,"FN: the state of being emotionally disturbed",40,Emotion_directed,83,agitação,"FN: o estado de estar emocionalmente perturbado",12471
4996,amusement,"COD: the state or experience of finding something funny. ",40,Emotion_directed,83,divertimento,"COD: o estado ou experiência de encontrar algo engraçado.",9470
4998,boredom,"FN: the state of being weary from repition or tediousness",40,Emotion_directed,83,tédio,"FN: o estado de estar cansado da repetição ou do tédio",35417
5001,excitement,"FN: a state of emotional arousal",40,Emotion_directed,83,Emoção,"FN: um estado de excitação emocional",8789
5063,fed-up,"COD: annoyed or bored. ",40,Emotion_directed,84,Cansado,"COD: irritado ou entediado.",77427
5073,frightened,"FN: scared or afraid",40,Emotion_directed,84,assustado,"FN: assustado ou com medo",73689
5090,mystified,"FN: completely bewildered",40,Emotion_directed,84,misterioso,"FN: completamente desorientado",85841
34137,relax,"To become less tense, angry or anxious.",40,Emotion_directed,86,relaxar,"Para se tornar menos tenso, bravo ou ansioso.",121028
34259,content,"A state of happiness and peace.",40,Emotion_directed,84,conteúdo,"Um estado de felicidade e paz.",78693
34869,unhappy,"The quality of being sad or discontent.",40,Emotion_directed,84,infeliz,"A qualidade de estar triste ou insatisfeito.",73456
41201,stress,,40,Emotion_directed,83,estresse,,21771
