idLU,lemmaName(en),senseDescription(en),idFrame,frameName,idPOS,lemmaName(pt),senseDescription(pt),idLemma(pt)
9438,hooked,"FN: be addicted.",191,Addiction,84,gancho,"FN: ser viciado.",
9439,stoned,"COD: under the influence of drugs, especially cannabis, or alcohol",192,Intoxication,84,Pedinte.,"COD: sob influência de drogas, especialmente cannabis, ou álcool",
9442,intoxicated,"FN: caused to lose control of their faculties, usu by alcohol or drugs",192,Intoxication,84,intoxicado,"FN: causado a perder o controle de suas faculdades, usu por álcool ou drogas",
9443,sober,"COD: not affected by alcohol; not drunk",192,Intoxication,84,soberba,"COD: não afetado por álcool; não bêbado",
9444,pissed,"COD: Brit. drunk",192,Intoxication,84,Fodido.,Bebido,
9445,tipsy,"COD: slightly drunk",192,Intoxication,84,Tontos,"COD: ligeiramente bêbado",
9446,inebriated,"COD: drunk; intoxicated",192,Intoxication,84,inebriado,"COD: bêbado; intoxicado",
9447,sloshed,"COD: informal drunk",192,Intoxication,84,borracho,"COD: bêbado",
9449,"under the influence","FN: affected by a mind-altering substance (used esp. in the context of capability and legality of driving)",192,Intoxication,90,"sob influência","FN: afetado por uma substância que altera a mente (usada especialmente no contexto da capacidade e legalidade de dirigir)",
9450,blasted,"COD: drunk",192,Intoxication,84,explodido,"COD: bêbado",
9452,wasted,"FN: intoxicated",192,Intoxication,84,desperdiçado,"FN: intoxicado",
9456,forward,"in the direction that one is facing or travelling.",193,Direction,89,avançar,"na direção em que alguém está enfrentando ou viajando.",
9465,outward,"COD: going out or away from a place.",193,Direction,89,externo,"COD: sair ou ir embora de um lugar.",
9469,"true north","FN: Geographic north, as opposed to magnetic north.",193,Direction,83,"true north","FN: Norte geográfico, em oposição ao norte magnético.",
9474,reward,"FN: something given in recognition of an achievement",194,Rewards_and_punishments,83,recompensa,"FN: algo dado em reconhecimento de uma conquista",
9475,reward,"COD:  give a reward to",194,Rewards_and_punishments,86,recompensa,"COD: dar uma recompensa a",
9477,disciplinary,"FN: employed for punishing or rebuking formally for an offence. ",194,Rewards_and_punishments,84,Disciplinar,"FN: empregado para punir ou repreender formalmente por uma ofensa.",
9479,punitive,"COD:  inflicting or intended as punishment. ",194,Rewards_and_punishments,84,penal,"COD: infligindo ou pretendendo como punição.",
9480,punishment_penalty,"COD: the penalty inflicted. ",194,Rewards_and_punishments,83,punição/penalidade,"COD: a penalidade infligida.",
9481,punishment_act,"COD: the action of punishing or the state of being punished. ",194,Rewards_and_punishments,83,"ato de punição","COD: a ação de punir ou o estado de ser punido.",
9482,recompense,"COD: compensate. ",194,Rewards_and_punishments,86,recompensa,"COD: compensar.",
34205,punishable,"Related to something that a person can be punished by doing.",194,Rewards_and_punishments,84,punível,"Relacionado com algo que uma pessoa pode ser punida por fazer.",
9488,brace,"COD: a pair of things, especially birds or mammals killed in hunting",196,Cardinal_numbers,83,brace,"COD: um par de coisas, especialmente pássaros ou mamíferos mortos na caça",
9499,dual,"COD: consisting of two parts, elements, or aspects.",196,Cardinal_numbers,84,duplo,"COD: consistindo de duas partes, elementos ou aspectos.",
9503,fourteen,"COD: equivalent to the product of seven and two; one more than thirteen, or six less than twenty; 14.",196,Cardinal_numbers,83,quatorze,"COD: equivalente ao produto de sete e dois; um a mais que treze, ou seis a menos que vinte; 14.",
9527,fifty-two,"FN: the number that is 51+1 or 53-1",196,Cardinal_numbers,85,52,"FN: o número que é 51 + 1 ou 53 - 1",
34216,forty-five,"9x5, the number preceding 46, and after 44.",196,Cardinal_numbers,83,"Quarenta e cinco","9x5, o número que precede 46, e após 44.",
34410,forty-eight,"The number after 47 and before 49.",196,Cardinal_numbers,85,48,"O número após 47 e antes de 49.",
34427,two-twenty,"Another way of saying two hundred-twenty.",196,Cardinal_numbers,85,dois-vinte,"Duzentos e vinte.",
39641,doer,,196,Cardinal_numbers,83,Dói.,,
9535,gibe,"FN: make insulting or mocking remark",197,Judgment_communication,86,dê,"FN: fazer comentário insultuoso ou sarcástico",
9536,excoriate,"COD: (formal) censure or criticize severely.",197,Judgment_communication,86,Excoriar,"COD: (formalmente) censurar ou criticar severamente.",
9537,excoriation,"FN: censure or severe criticism",197,Judgment_communication,83,Excoriação,"FN: censura ou crítica severa",
9538,denigrative,"FN: disparaging, belittling",197,Judgment_communication,84,denigrativo,"Desprezo, menosprezo",
9539,denunciatory,"FN: associated with or characteristic of denunciation",197,Judgment_communication,84,denunciatório,"FN: associado ou característico de denúncia",
9540,denunciative,"FN: characteristic of or associated with denunciation",197,Judgment_communication,84,denunciativo,"FN: característica de ou associada à denúncia",
