idLU,lemmaName(en),senseDescription(en),idFrame,frameName,idPOS,lemmaName(pt),senseDescription(pt),idLemma(pt)
16991,magic,"COD: mysterious and enchanting",866,Ineffability,84,mágica,"COD: misterioso e encantador",
16993,ineffable,"COD: too great or extreme to be expressed in words",866,Ineffability,84,Inefável,"COD: muito grande ou extremo para ser expresso em palavras",
16994,ineffability,"FN: being too great or extreme to be expressed in words",866,Ineffability,83,Ineffabilidade,"FN: ser muito grande ou extremo para ser expresso em palavras",
16995,"je ne sais quoi","FN: indescribableness",866,Ineffability,83,"Eu não sei o quê.",Indescribabilidade,
16996,magicalness,"FN: the condition or quality of having a mysterious and enchanting quality.",866,Ineffability,83,magicalness,"FN: a condição ou qualidade de ter uma qualidade misteriosa e encantadora.",
16998,way,"FN: option",867,Alternatives,83,"caminho"" ou ""jeito","FN: opção",
17002,use,"FN: way of using; application. ",867,Alternatives,83,utilize,"FN: modo de uso; aplicação.",
17003,alternative,"COD: one of two or more available possibilities.",867,Alternatives,83,alternativo,"COD: uma das duas ou mais possibilidades disponíveis.",
17010,"drop in","FN: make an unannounced visit.",875,Drop_in_on,86,"drop in","FN: fazer uma visita não anunciada.",
17011,"stop in","FN: make a short visit.",875,Drop_in_on,86,"parar em","FN: fazer uma breve visita.",
17012,"pop in","FN: make a short, unannounced visit.",875,Drop_in_on,86,popar,"FN: fazer uma visita breve e não anunciada.",
17013,"have over","FN: be host to a visitor at, e.g., one' s home.",880,Have_visitor_over,86,"tem sobre","FN: ser anfitrião de um visitante em casa, por exemplo.",
17018,rough,"near the initial stages, unpolished.",881,Version_sequence,84,rugoso,"perto das fases iniciais, não polido.",
17019,working,"provisional, temporarily fulfilling a purpose.",881,Version_sequence,84,trabalhando,"provisório, temporariamente cumprindo um propósito.",
17020,hospitality,"FN: willingness to warmly and coridally accept guests.",882,Hospitality,83,hospitalidade,"FN: vontade de acolher os hóspedes com calorosa e cordialidade.",
17022,"red carpet","FN: respectful and lavish treatment of an important guest.",882,Hospitality,83,"tapete vermelho","FN: tratamento respeitoso e luxuoso de um hóspede importante.",
17025,buttress,"FN: make stronger by reinforcement",883,Supporting,86,buttress,"FN: tornar mais forte por reforço",
17027,"a little","FN: to a small degree",884,Degree,89,"um pouco","FN: em pequena medida",
17028,"a little bit","FN: to a small degree",884,Degree,89,"um pouco","FN: em pequena medida",
17030,that,"FN: very much so (to a particular and high degree understood by all)",884,Degree,89,aquele,"FN: muito mesmo (a um grau particular e alto compreendido por todos)",
17033,heavily,"FN: to a great degree",884,Degree,89,pesadamente,"FN: a um grande grau",
17034,far,"FN: very much so",884,Degree,89,faro,Sim.,
17036,somewhat,"FN: not very much.",884,Degree,89,"alguma coisa","FN: não muito.",
17040,way,"FN: adds emphasis to a description of some entity or state of affairs. ",884,Degree,89,"caminho"" ou ""jeito","FN: enfatiza uma descrição de alguma entidade ou estado das coisas.",
17046,sopping,"FN: (with wet) extremely.",884,Degree,84,Soppante,"FN: (com molhado) extremamente.",
17049,"as hell","FN: impressively.",884,Degree,89,Diabo!,"FN: impressionante.",
17051,"kind of","FN: somewhat.",884,Degree,89,"tipo de","FN: um pouco.",
32475,partially,"FN: to some degree, not entirely",884,Degree,89,parcialmente,"FN: em certa medida, não totalmente",
32476,partly,"FN: in part, not completely",884,Degree,89,parcialmente,"FN: em parte, não completamente",
32486,rather,"FN: quite; a bit",884,Degree,89,"em vez disso","FN: bastante; um pouco",
34045,closely,"With a strong relation to.",884,Degree,89,"de perto","Com uma forte relação com.",
34161,most,"Referring to the greatest quantity.",884,Degree,83,mostrar,"Referindo-se à maior quantidade.",
34258,almost,"Not completely.",884,Degree,90,quase,"Não completamente.",
34440,hardly,"Almost nonexistent.",884,Degree,89,hardly,"Quase inexistente.",
17057,subsistence,"FN: the means by which a person or society obtains basic food necessities.",887,Attempt_obtain_food_scenario,83,subsistência,"FN: os meios pelos quais uma pessoa ou sociedade obtém as necessidades básicas de alimentos.",
17060,harvest,"FN: gather up ready crops",888,Food_gathering,86,colheita,"FN: reúnam os cultivos prontos",
17061,"bring in","FN: remove and amass ready crops from where they grow",888,Food_gathering,86,"trazer para dentro","FN: remover e amassar culturas prontas de onde crescem",
31001,catch,"FN: The set of items caught by a hunter",890,Hunting_success_or_failure,83,pegar,"FN: O conjunto de itens capturados por um caçador",
17064,cultivate,"FN: foster crop growth from the land",892,Agriculture,86,Cultive,"FN: fomentar o crescimento das culturas a partir da terra",
17065,farming,"FN: the process of cultivating the land and raising animals",892,Agriculture,83,farming,"FN: o processo de cultivar a terra e criar animais",
17070,sow,"FN: put seeds into the ground so that they may grow",894,Planting,86,semeie,"FN: coloque sementes no chão para que elas possam crescer",
17072,takeover,"FN: The seizing of a land, its people, and its goverment by force.",900,Conquering,83,"tomada de controle","FN: A tomada de um território, de seu povo e de seu governo à força.",
17073,capture,"FN: forcibly taking over a land, its people, and its governement.",900,Conquering,86,capturar,"FN: assumir à força um território, seu povo e sua governança.",
