idLU,lemmaName(en),senseDescription(en),idFrame,frameName,idPOS,lemmaName(pt),senseDescription(pt),idLemma(pt)
31413,stage,"each of the time periods that can be observed in a sports competition.",1221,Elimination_tournament,83,estágio,"Cada um dos períodos de tempo que podem ser observados em uma competição esportiva.",
31420,repechage,"a practice in series competitions that allows participants who failed to meet qualifying standards by a small margin to continue to the next round.",1221,Elimination_tournament,83,repêchagem,"Uma prática em competições por séries que permite aos participantes que não atingiram os padrões de qualificação por uma pequena margem continuar para a próxima rodada.",
31450,"seeded side","one of the strongest athletes, teams or squads in a sports competition that are set apart in the first stage of the tournament, and, therefore, heads one of the groups in the competition.",1221,Elimination_tournament,83,"lado semeado","Um dos atletas mais fortes, equipes ou esquadrões em uma competição esportiva que se destacam na primeira etapa do torneio, e, portanto, lidera um dos grupos na competição.",
31451,"seeded team","one of the strongest athletes, teams or squads in a sports competition that are set apart in the first stage of the tournament, and, therefore, heads one of the groups in the competition.",1221,Elimination_tournament,83,"equipe com semente","Um dos atletas mais fortes, equipes ou esquadrões em uma competição esportiva que são distintos na primeira etapa do torneio, e, portanto, lidera um dos grupos na competição.",
31452,"third place match","a game that defines who will be third in a competition.",1221,Elimination_tournament,83,"Jogo de terceiro lugar","Um jogo que define quem será o terceiro em uma competição.",
31453,"third place play-off","a game that defines who will be third in a competition.",1221,Elimination_tournament,83,"Play-off de terceiro lugar","Um jogo que define quem será o terceiro em uma competição.",
31454,"knockout rounds","a series of eliminatory matches played by the squads that were qualified in the group stage.",1221,Elimination_tournament,83,"rodadas de eliminação","uma série de partidas eliminatórias disputadas pelas equipes que se qualificaram na fase de grupos.",
31455,"knockout stages","a series of eliminatory matches played by the squads that were qualified in the group stage.",1221,Elimination_tournament,83,"fases de eliminação direta","uma série de partidas eliminatórias disputadas pelas equipes classificadas na fase de grupos.",
31458,"the last sixteen","first stage of the playoffs, played by sixteen teams, divided into eight opposing pairs.",1221,Elimination_tournament,83,"as últimas dezesseis","primeira fase dos playoffs, disputada por dezesseis equipes, divididas em oito pares de adversários.",
31459,"round of eight","the second stage of the playoffs with eight teams playing.",1221,Elimination_tournament,83,Oitavas-de-final,"a segunda fase dos playoffs com oito equipes jogando.",
31460,"the last eight","the second stage of the playoffs with eight teams playing.",1221,Elimination_tournament,83,"os últimos oito","a segunda fase dos playoffs com oito equipes jogando.",
31461,semi-finals,"the last stage of the playoffs with four teams playing.",1221,Elimination_tournament,83,semi-finais,"a última etapa dos play-offs com quatro equipes jogando.",
31463,single-elimination,"a series of eliminatory matches played by the squads that were qualified in the group stage.",1221,Elimination_tournament,83,"eliminação única","uma série de partidas eliminatórias disputadas pelas equipes que se qualificaram na fase de grupos.",
31464,knockout,"a series of eliminatory matches played by the squads that were qualified in the group stage.",1221,Elimination_tournament,83,nocoagem,"uma série de partidas eliminatórias disputadas pelas equipes que se classificaram na fase de grupos.",
31465,"sudden death tournament","a series of eliminatory matches played by the squads that were qualified in the group stage.",1221,Elimination_tournament,83,"torneio de morte súbita","uma série de partidas eliminatórias disputadas pelas equipes que se qualificaram na fase de grupos.",
26020,concentrate,"to own or lodge attractions that promote the displacement of tourists of different origins to know or enjoy its benefits.",1222,Tourist_potential,86,concentrar-se,"Atrair ou hospedar atrações que promovam o deslocamento de turistas de diferentes origens para conhecer ou desfrutar de seus benefícios.",
26023,own,"to have or to house attractions that promote the displacement of tourists of different origins to know or to enjoy its benefits.",1222,Tourist_potential,86,próprio,"Ter ou abrigar atrações que promovam o deslocamento de turistas de diferentes origens para conhecer ou desfrutar de seus benefícios.",
26025,"there be","to indicate the existence of attractions that promote the displacement of tourists of different origins to know or enjoy its benefits.",1222,Tourist_potential,86,houver,"Indicar a existência de atrações que promovam o deslocamento de turistas de diferentes origens para conhecer ou desfrutar de seus benefícios.",
565,lure,"to draw the attention to a place or any of its features",1223,Attracting_tourists,86,"Isso é um verbo em inglês que significa ""lure"". A tradução para o português é ""isolar"".","chamar atenção para um lugar ou qualquer de suas características",
23924,invite,"to request formally the participation or the presence of someone.",1223,Attracting_tourists,86,Convide,"Solicitar formalmente a participação ou presença de alguém.",
23930,"stand out","to be highly noticeable.",1223,Attracting_tourists,86,"se destacar","Ser altamente notável.",
3046,coming,"coming; coming to; approach; arrival. Arrival that has been awaited (especially of something momentous).",1224,Arrival,83,chegando,"Chegada; aproximação; chegada. Chegada que foi aguardada (especialmente de algo importante).",
579,stay,"period during which the tourist stays at the destination",1225,Tourism_scenario_stay,83,fique,"período em que o turista permanece no destino",
580,stay,"to spend some time at a destination",1225,Tourism_scenario_stay,86,fique,"passar algum tempo em um destino",
3047,visit,"a temporary residence. A temporary stay (e.g., as a guest).",1225,Tourism_scenario_stay,83,visitar,"residência temporária. Permanência temporária (por exemplo, como hóspede).",
3052,going,"the act of departing or something that has departed. ",1226,Tourism_scenario_departure,83,ir,"o ato de partir ou algo que partiu",
3053,"going away","the act of departing.",1226,Tourism_scenario_departure,83,"ir embora","A partida.",
3054,leaving,"the act of departing.",1226,Tourism_scenario_departure,83,sair,"A partida.",
3055,parting,"the act of departing.",1226,Tourism_scenario_departure,83,partindo,"o ato de partir",
25791,"go away","the act of departing.",1226,Tourism_scenario_departure,86,"Fique longe.","A partida.",
3044,"travel industry","The business of providing services to tourists;Tourism is the travel for recreation, leisure, religious, family business purposes, usually of a limited duration.;",1228,Tourism_scenario,83,"indústria de viagens","O negócio de fornecer serviços aos turistas; Turismo é a viagem para fins de lazer, recreação, religioso, família negócios propósitos, geralmente de uma duração limitada.",
3479,happening,"a happening is a performance, event or situation meant to be considered art, usually as performance art.",1229,Event_tourism,83,acontecendo,"Um acontecimento é uma performance, evento ou situação destinada a ser considerada arte, geralmente como arte performática.",
681,airport,"building that provides the infrastructure for airline transportation",1231,Transportation,83,aeródromo,"edifício que fornece a infraestrutura para o transporte aéreo",
685,"bus stop","places where buses stop for passengers to get on and off",1231,Transportation,83,"Parada de ônibus","Locais onde ônibus param para passageiros embarcarem e desembarcarem",
686,stop,"places where buses and trains stop for passengers to get on and off",1231,Transportation,83,parar,"Lugar onde ônibus e trens param para passageiros embarcarem e desembarcarem",
687,"bus station","building at which buses arrive and from which they depart",1231,Transportation,83,"Estação rodoviária","edifício em que os ônibus chegam e partem",
3475,transporting,"a facility consisting of the means and equipment necessary for the movement of passengers or goods.",1231,Transportation,83,transportando,"uma instalação consistindo dos meios e equipamentos necessários para o movimento de passageiros ou mercadorias.",
3476,conveyance,"the act or means of moving tangible objects (persons or goods) from place to place, often involves the use of some type of vehicle.",1231,Transportation,83,conveyance,"O ato ou meio de mover objetos tangíveis (pessoas ou bens) de um lugar para outro, geralmente envolve o uso de algum tipo de veículo.",
20130,"helicopter tour agency",,1231,Transportation,83,"agência de passeios de helicóptero",,
20131,"bicycle repair shop",,1231,Transportation,83,"Loja de reparo de bicicletas",,
20134,"transportation escort service",,1231,Transportation,83,"serviço de escolta de transporte",,
22162,terminus,"Station where transport vehicles load or unload passengers or goods;",1231,Transportation,83,Terminus,"Estação onde veículos de transporte carregam ou descarregam passageiros ou mercadorias;",
22164,"bus stance","A place on a bus route where buses stop to discharge and take on passengers;",1231,Transportation,83,"Aqui está a tradução do texto ""bus stance"" para o português:

""Posição de ônibus","Um lugar em uma rota de ônibus onde os ônibus param para descarregar e pegar passageiros;",
22165,"bus shelters","A bus stop is a designated place where buses stop for passengers to board or alight from a bus.;",1231,Transportation,83,"abrigos de ônibus","A parada de ônibus é um local designado onde os ônibus param para que os passageiros embarquem ou desembarcem.",
22167,taxistand,"A designated place in a street, railway station, airport etc where taxicabs line up to wait for passengers.;A place intended for taxis to wait for passengers; a taxi rank.;A place where taxis park while awaiting customers;",1231,Transportation,83,"estação de táxi","Um lugar designado em uma rua, estação ferroviária, aeroporto, etc., onde táxis se alinham para esperar passageiros; um local destinado a táxis esperando passageiros; uma fila de táxi.",
22168,harbor,"A sheltered port where ships can take on or discharge cargo;",1231,Transportation,83,Harbor,"Um porto protegido onde os navios podem carregar ou descarregar carga;",
22169,harbour,"A sheltered port where ships can take on or discharge cargo;",1231,Transportation,83,harbour,"Um porto protegido onde os navios podem carregar ou descarregar carga;",
22170,"natural port","A harbor or harbor, or haven, is a body of water where ships, boats, and barges can seek shelter from stormy weather, or else are stored for future use.;MT Haven, formerly Amoco Milford Haven, was a VLCC, leased to Troodos Shipping.;",1231,Transportation,83,"porto natural","Um porto ou refúgio é um corpo de água onde navios, barcos e balsas podem procurar abrigo de mau tempo, ou são armazenados para uso futuro.",
22172,"bus terminal","Structure, larger than a bus stop, where city or intercity buses stop to pick up and drop off passengers;A major bus stop, one that serves as a transfer point between a large number of routes.;",1231,Transportation,83,"Terminal de ônibus","Estrutura, maior do que uma parada de ônibus, onde ônibus urbanos ou interurbanos param para pegar e deixar passageiros;Uma grande parada de ônibus, que serve como ponto de transferência entre um grande número de rotas.",
22173,"public utility vehicles","Public transport is a shared passenger transport service which is available for use by the general public, as distinct from modes such as taxicab, carpooling or hired buses which are not shared by strangers without private arrangement.;",1231,Transportation,83,"Veículos de utilidade pública","O transporte público é um serviço de transporte de passageiros compartilhado que está disponível para uso pelo público em geral, distinto de modos como táxi, carona ou ônibus contratados que não são compartilhados por estranhos sem arranjo privado.",
22175,"transportation system","A means of conveyance.;The conveyance of people or goods from one place to another, especially on a public transportation system; the vehicles used for such conveyance.;Any form of transport that can be used by a member of public (usually for a fee); as opposed to private ownership of e.g. cars.;The act or the means of conveying people in mass as opposed to conveyance in private vehicles.;",1231,Transportation,83,"Sistema de transporte","Um meio de transporte;A condução de pessoas ou bens de um local para outro, especialmente em um sistema de transporte público; os veículos utilizados para tal condução.Qualquer forma de transporte que possa ser usada por um membro do público (geralmente por uma taxa); como oposição à propriedade privada de, por exemplo, carros.A ação ou o meio de conduzir pessoas em massa, em oposição à condução em veículos privados.;",
23946,traffic,"a congestion of vehicles.",1231,Transportation,83,tráfego,"Um engarrafamento de veículos.",
23949,road,"the quality used to describe the means of transportation that pass on a road.",1231,Transportation,84,Estrada,"A qualidade utilizada para descrever os meios de transporte que passam por uma estrada.",
