idLU,lemmaName(en),senseDescription(en),idFrame,frameName,idPOS,lemmaName(pt),senseDescription(pt),idLemma(pt)
16411,genuine,"COD: truly what it is said to be; authentic",760,Artificiality,84,genuíno,"COD: realmente o que é dito ser; autêntico",82609
16416,real,"FN: Genuine, official, actual",760,Artificiality,84,real,"FN: Genuína, oficial, atual",73796
16417,actual,"FN: Not artificial; genuine",760,Artificiality,84,atual,"FN: Não artificial; genuíno",73640
33748,literally,"Exact, the literal meaning.",760,Artificiality,89,literalmente,"Exato, o significado literal.",139800
33768,really,"An actual fact in comparison to reality.",760,Artificiality,89,realmente,"Um fato real em comparação com a realidade.",139880
34133,naturally,"An event, situation or entity that occurs in a natural way.",760,Artificiality,89,naturalmente,"Um evento, situação ou entidade que ocorre de forma natural.",141635
34172,real,"Something that is not fake, it is legitimate.",760,Artificiality,84,real,"Algo que não é falso, é legítimo.",73796
34276,authentic,"An object that is real and original.",760,Artificiality,84,autêntico,"Um objeto que é real e original.",76347
34329,authenticity,"The quality of being authentic, original.",760,Artificiality,83,autenticidade,"A qualidade de ser autêntica, original.",14398
16428,pose,"COD:  pretend to be.",762,Posing_as,86,pôr,"COD: pretender ser.",121098
16433,"pass off","COD: falsely represent something as.",763,Passing_off,86,Passar,"COD: falsamente representar algo como.",117128
16440,conceal,"FN: prevent from being perceptually accessible",765,Hiding_objects,86,ocultar,"FN: prevenir de ser acessível à percepção",120957
16441,mask,"FN: to cover so as  to diminish perceptually accessibility",765,Hiding_objects,86,máscara,"FN: para cobrir de forma a diminuir perceptualmente acessibilidade",838
16442,shroud,"FN: to envelop an object so as to hide it from view",765,Hiding_objects,86,veludo,"FN: envolver um objeto de forma a ocultá-lo da vista",68704
16444,block,"FN: to hinder the view of an object by putting something in the path of the viewer",765,Hiding_objects,86,bloqueio,"FN: obstruir a visão de um objeto colocando algo no caminho do espectador",1042
16445,cover,"FN: to hinder the view of an object by placing something over or upon it",765,Hiding_objects,86,tampa,"FN: obstruir a visão de um objeto colocando-se algo sobre ou sobre ele",34317
16446,range,"COD: vary or extend between specified limits",766,Delimitation_of_diversity,86,faixa,"COD: variar ou estender entre limites especificados",856
16449,conscious,"COD: aware of and responding to one' s surroundings",767,Being_awake,84,consciente,"COD: ciente e respondendo ao seu entorno",78578
16451,watch,"COD: remain awake for the purpose of religious observance.",767,Being_awake,86,assistir,"COD: permanecer acordado para fins de observância religiosa.",117224
16457,deactivate,"COD: make (technical equipment or a virus) inactive by disconnecting or destroying it.",774,Change_operational_state,86,desativar,"COD: tornar (equipamento técnico ou um vírus) inativo desconectando-o ou destruindo-o.",126057
16459,cut,"FN: deactivate, esp. a motor or device driven by a motor.",774,Change_operational_state,86,cortar,"FN: desativar, especialmente um motor ou dispositivo movido a motor.",116888
16461,kill,"FN: to turn something off",774,Change_operational_state,86,matar,"FN: desligar algo",121055
34562,pride,"A feeling of satisfaction based on something, such as achievements.",779,Emotions,83,Orgulho,"Um sentimento de satisfação baseado em algo, como conquistas.",10703
34906,energy,"A general description meaning roughly the emotion felt by someone on a place, or situation.",779,Emotions,83,energia,"Uma descrição geral que significa aproximadamente a emoção sentida por alguém em um lugar ou situação.",20706
16468,experience,"FN: be affected by",782,Undergoing,86,experiência,"FN: afetar",6571
34052,"go through","To undergo or experience a difficult situation or period in life.",782,Undergoing,86,"passar por","Passar por ou vivenciar uma situação difícil ou um período desafiador na vida.",139180
16471,effect,"COD: the state of being or becoming operative.",783,Execute_plan,83,efeito,"COD: o estado de ser ou tornar-se operacional.",8062
16474,force,"FN: into effect",783,Execute_plan,83,força,"FN: em vigor",6665
16477,rent,"COD:  with obj.; pay someone for the use of. ",785,Renting,86,aluguel,"COD: com objeto; pagar a alguém pelo uso de.",12937
16479,hire,"COD: obtain the temporary use of in return for payment.",785,Renting,86,contratar,"COD: obter o uso temporário de em troca de pagamento.",117037
16481,rent,"COD: let someone use (something) in return for payment. ",786,Renting_out,86,aluguel,"COD: deixar alguém usar (algo) em troca de pagamento.",12937
16482,believe,"COD: accept the statement of (someone) as true.",787,Trust,86,acreditar,"COD: aceitar a afirmação de (alguém) como verdadeira.",120608
16486,trust,"FN: believe (someone, something)",787,Trust,86,confiança,"Acreditar (em alguém, em algo)",17955
16488,trust,"COD: firm belief in someone or something.",787,Trust,83,confiança,"COD: crença firme em alguém ou algo.",17955
16490,credence,"COD: belief in or acceptance of something as true.",787,Trust,83,credibilidade,"COD: crença ou aceitação de algo como verdadeiro.",18492
16492,faith,"FN: the belief in something (often religious)",787,Trust,83,fé,"FN: a crença em algo (geralmente religioso)",7356
16493,join,"FN: become a member of.",788,Becoming_a_member,86,juntar,"FN: tornar-se um membro de.",116898
16498,enter,"COD: join (an institution or profession).",788,Becoming_a_member,86,entrar,"COD: unir (uma instituição ou profissão).",116927
16499,front,"FN: act legitimately so as to to conceal an organization or their activities.",789,Front_for,86,frente,"FN: agir legitimamente de forma a esconder uma organização ou suas atividades.",8846
16500,front,"COD: a person or organization serving as a cover for subversive activities.",789,Front_for,83,frente,"COD: uma pessoa ou organização que serve de capa para atividades subversivas.",8846
16501,blind,"FN: a cover for illicit activity.",789,Front_for,83,cego,"FN: uma capa para atividade ilícita.",61049
