idLU,lemmaName(en),senseDescription(en),idFrame,frameName,idPOS,lemmaName(pt),senseDescription(pt),idLemma(pt)
12951,split,"FN: cause to separate into 2 or more pieces.",383,Cause_to_fragment,86,Dividir,"FN: causar separação em 2 ou mais peças.",117250
12952,"take apart","FN: separate into constituent parts",383,Cause_to_fragment,86,Desmontar,"FN: separar-se em partes constituintes",120885
12954,mar,"FN: to damage the surface of something, esp. so as to render it unattractive",384,Damaging,86,mar,"FN: danificar a superfície de algo, especialmente tornando-o pouco atraente",874
12957,dent,"FN: to hit something so as to cause a small depression in the surface",384,Damaging,86,dente,"FN: atingir algo de forma a causar uma pequena depressão na superfície",19100
12959,scratch,"FN: to create small grooves in the surface of something by sliding contact",384,Damaging,86,raspar,"FN: criar pequenas ranhuras na superfície de algo por contato deslizante",133219
12960,chip,"FN: to strike in such a way that a small chip is detached from a larger object",384,Damaging,86,chip,"FN: acertar de maneira que um pequeno pedaço se desprenda de um objeto maior",8855
12961,score,"FN: to scratch or cut, often repeatedly",384,Damaging,86,pontuação,"FN: arranhar ou cortar, muitas vezes repetidamente",1020
12963,key,"FN: damage (esp. a car) by scraping (with a key or other metal object).",384,Damaging,86,chave,"FN: dano (especialmente a um carro) por arranhar (com uma chave ou outro objeto de metal).",36688
12965,rend,"COD: tear to pieces.",384,Damaging,86,renda,"COD: rasgue ao pedaços.",32166
12969,scrape,"FN: rub with a rough object so as to damage the surface of something.",384,Damaging,86,raspar,"FN: esfregar com um objeto áspero para danificar a superfície de algo.",133219
12970,total,"COD: destroy or kill.",385,Render_nonfunctional,86,total,"COD: destruir ou matar.",68195
12971,break,"FN: make non-functional",385,Render_nonfunctional,86,pausa,"FN: não funcional",29755
12978,level,"COD: demolish (a building or town). ",386,Destroying,86,nível,"COD: demolir (um edifício ou cidade).",28854
12989,demolish,"FN: destroy a fixed structure by crushing",386,Destroying,86,demolir,"FN: destruir uma estrutura fixa esmagando-a",125688
12994,"blow up","FN: to destroy with explosives",386,Destroying,86,Explodir,"FN: destruir com explosivos",117081
12996,"take out","FN: incapacitate and destroy.",386,Destroying,86,tirar,"FN: incapacitar e destruir.",117182
12997,blast,"FN: destroy with an explosion or similar violent means.",386,Destroying,86,explosão,"FN: destruir com uma explosão ou meios violentos semelhantes.",22039
12998,ruin,"FN: A Destroyer causes an Undergoer to become unusable.",386,Destroying,86,ruína,"FN: Um Destruidor torna um Subordinado inutilizável.",9449
13000,partner,"COD: associate as partners",387,Collaboration,86,Parceiro,"COD: associados como parceiros",8981
13002,partner,"FN: somebody who takes part in an undertaking with one or more other people",387,Collaboration,83,parceiro,"FN: alguém que participa de uma empresa com uma ou mais outras pessoas",8981
13005,collaboration,"FN: the act of working together with someone",387,Collaboration,83,Colaboração,"FN: o ato de trabalhar junto com alguém",17656
13006,associate,"COD: a partner or companion in business or at work",387,Collaboration,83,associado,"COD: um parceiro ou companheiro nos negócios ou no trabalho",59940
13020,ribbon,"COD: a long, narrow strip of fabric, used for tying something or for decoration.",388,Connectors,83,fita,"COD: uma longa e estreita tira de tecido, usada para amarrar algo ou para decoração.",845
13022,thread,"COD: a long, thin strand of cotton, nylon, or other fibres used in sewing or weaving.",388,Connectors,83,fio,"COD: uma longa e fina tira de algodão, náilon ou outros fios usados em costura ou tecelagem.",22433
13023,string,"COD: material consisting of threads of cotton, hemp, etc. twisted together to form a thin leng",388,Connectors,83,fita,"COD: material constituído por fios de algodão, cânhamo, etc., entrelaçados para formar uma fina lingua",845
13025,chain,"COD:  a connected flexible series of metal links used for fastening, pulling, etc., or in jewellery.",388,Connectors,83,cadeia,"COD: uma série flexível e conectada de ligações metálicas usadas para fixação, puxão, etc., ou em joalheria.",16046
13027,adhesive,"FN: a malleable or liquid substance which can be applied to points of contact between objects to join them.",388,Connectors,83,Adesivo,"FN: uma substância maleável ou líquida que pode ser aplicada em pontos de contato entre objetos para uni-los.",674
13028,tape,"COD: a strip of paper or plastic coated with adhesive, used to stick things together.",388,Connectors,83,fita,"COD: uma tira de papel ou plástico revestida com adesivo, usada para colar coisas.",845
13029,glue,"COD: an adhesive substance used for sticking objects or materials together.",388,Connectors,83,cola,"COD: uma substância adesiva usada para unir objetos ou materiais.",17654
13030,bolt,"COD:  a long pin with a head that screws into a nut, used to fasten things together, a bar that slides into a socket to fasten a door or window",388,Connectors,83,chuveiro,"COD: uma longa mola com uma cabeça que se rosca em um parafuso, usada para prender coisas juntas, uma barra que desliza em uma soquete para prender uma porta ou janela",9338
13031,nut,"COD: a small flat piece of metal or other material, typically square or hexagonal, with a threaded hole through it for screwing on to a bolt.",388,Connectors,83,noz,"COD: uma pequena peça plana de metal ou outro material, normalmente quadrada ou hexagonal, com um furo roscado através dela para fixá-la a uma porca.",665
13034,strap,"COD: a strip of leather, cloth, or other flexible material, used for fastening, securing, carrying, or holding on to.",388,Connectors,83,Fita,"COD: uma tira de couro, tecido ou outro material flexível, usada para prender, segurar, transportar ou manter algo.",845
13035,tack,"COD: a small, sharp broad-headed nail, a drawing pin",388,Connectors,83,taco,"COD: uma pequena e afiada unha em forma de cunha, um prego de desenho",854
13039,lace,"COD: a cord or leather strip passed through eyelets or hooks to fasten a shoe or garment.",388,Connectors,83,renda,"COD: uma corda ou tira de couro passada por olho ou gancho para prender um calçado ou vestuário.",32166
13041,wire,"COD:  metal drawn out into a thin flexible thread or rod.",388,Connectors,83,fio,"COD: metal esticado em uma fina e flexível linha ou vareta.",22433
13043,link,"FN: something that connects.",388,Connectors,83,ligação,"FN: algo que conecta.",6654
