idLU,lemmaName(en),senseDescription(en),idFrame,frameName,idPOS,lemmaName(pt),senseDescription(pt),idLemma(pt)
7104,affair,"COD: a love affair",93,Personal_relationship,83,assunto,"COD: um caso de amor",10673
7113,befriend,"COD: act as or become a friend to.",93,Personal_relationship,86,amizade,"COD: agir ou tornar-se amigo de.",8973
7118,chummy,"FN: friendly",93,Personal_relationship,84,amigável,"FN: amigável",73407
26074,player,"someone who seduces and relates affectively or sexually with various people.",93,Personal_relationship,83,jogador,"Alguém que seduz e se relaciona de forma afetiva ou sexual com várias pessoas.",383
7121,brood,"COD: a family of young animals, especially birds, produced at one hatching or birth",94,Aggregate,83,pão,"COD: uma família de animais jovens, especialmente pássaros, produzidos em um único ninho ou nascimento",1974
7136,batch,"COD: a quantity or consignment of goods produced at one time",94,Aggregate,83,lote,"COD: uma quantidade ou remessa de mercadorias produzidas ao mesmo tempo",26572
7137,party,"COD: a group of people taking part in a particular activity or trip",94,Aggregate,83,festa,"COD: um grupo de pessoas que participam de uma atividade ou viagem específica",6638
7144,assembly,"COD: a group of people gathered together",94,Aggregate,83,montagem,"COD: um grupo de pessoas se reuniu",28151
7168,crop,"COD: an amount of related people or things appearing at one time",94,Aggregate,83,corte,"COD: uma quantidade de pessoas ou coisas relacionadas que aparecem ao mesmo tempo",18376
7169,mob,"COD: a disorderly or violent crowd, or an associated group of people, or a flock or herd of animals. ",94,Aggregate,83,móvel,"COD: uma multidão desordenada ou violenta, ou um grupo associado de pessoas, ou um rebanho ou manada de animais.",9429
7174,posse,"COD: a group of people with a common characteristic, interest, or purpose. ",94,Aggregate,83,posse,"COD: um grupo de pessoas com uma característica comum, interesse ou propósito.",6683
7177,repertory,"COD: another term for repertoire",94,Aggregate,83,repetição,Repertório,32203
41272,cd,,94,Aggregate,83,cd,,69402
