idLU,lemmaName(en),senseDescription(en),idFrame,frameName,idPOS,lemmaName(pt),senseDescription(pt),idLemma(pt)
17179,link,"FN: bring two things together as being related",924,Relating_concepts,86,ligação,"FN: unir duas coisas como sendo relacionadas",6654
17180,connect,"FN: relate one thing to another",924,Relating_concepts,86,conectar,"FN: relacionar uma coisa com outra",125209
17181,tie,"FN: act as evidence for the connection between two ideas",924,Relating_concepts,86,amarrar,"FN: servir como evidência para a conexão entre duas ideias",122886
17182,associate,"FN: tie two things as at least loosely related",924,Relating_concepts,86,associado,"FN: unir duas coisas como pelo menos vagamente relacionadas",59940
17209,launch,"COD: begin (something) energetically and enthusiastically",926,Launch_process,86,lançamento,"COD: começar (algo) energicamente e entusiasticamente",1351
17210,pass,"FN: transfer, hand something to someone.",927,Passing,86,passe,"FN: transferir, passar algo para alguém.",463
17211,win,"FN: receive reward for competition",928,Win_prize,86,ganhar,"FN: receber recompensa para competição",116903
17214,demolish,"FN: wine a game by a large margin",929,Beat_opponent,86,demolir,"FN: vinho um jogo por uma margem grande",125688
17218,upend,"FN: defeat",929,Beat_opponent,86,empurrar,"FN: derrotar",128043
17219,rout,"COD: a decisive defeat.",929,Beat_opponent,83,rota,"COD: uma derrota decisiva.",7580
17220,rout,"FN: defeat decisively",929,Beat_opponent,86,rota,"FN: derrotar decisivamente",7580
17224,rule,"COD: pronounce authoritatively and legally to be the case",931,Legal_rulings,86,regra,"COD: pronunciar de forma autoritária e legalmente para ser o caso",32050
17225,judge,"FN: to rule authoritatively and legally to be the case ",931,Legal_rulings,86,juiz,"FN: para governar de forma autoritária e legal é o caso",389
17228,judgment,"FN: a decision ruled upon by a legal authority",931,Legal_rulings,83,julgamento,"FN: uma decisão tomada por uma autoridade jurídica",25742
17229,deem,"FN: to rule upon as a legal authority",931,Legal_rulings,86,dar,"FN: decidir como autoridade legal",116844
17230,mention,"FN: to refer to something without going into detail",932,Mention,86,menção,"FN: para se referir a algo sem entrar em detalhes",7352
17231,touch,"FN: (with on) mention, but not as a main topic.",932,Mention,86,toque,"FN: (com ""on"") mencionar, mas não como tópico principal.",1223
17232,name,"FN: to give an indentity to",933,Indicating,86,nome,"FN: dar uma identidade a",6830
17233,indicate,"FN: to point out or make known",933,Indicating,86,indicar,"FN: apontar ou tornar conhecido",121047
17234,identify,"FN: to establish as being a particular person or thing",933,Indicating,86,identificar,"FN: para estabelecer ser uma pessoa ou coisa específica",120677
17236,finger,"FN: to identify someone or inform on to the police",933,Indicating,86,dedo,"FN: para identificar alguém ou informar à polícia",682
17239,dissipate,"FN: completely cease to exist",936,Ceasing_to_be,86,dissipar,"FN: completamente deixar de existir",121157
17241,disappearance,"FN: an event in which (something) ceases to exist",936,Ceasing_to_be,83,desaparecimento,"FN: um evento em que (algo) deixa de existir",8835
17244,dissolve,"FN: (gradually) cease to exist",936,Ceasing_to_be,86,dissolver,"FN: (gradualmente) cessar de existir",127542
17245,toast,"FN: (effectively) out of existence; no longer relevant",937,Out_of_existence,83,torrada,"FN: (efetivamente) fora de existência; não mais relevante",34911
17247,history,"COD: imminent departure, dismissal, or death.",937,Out_of_existence,83,história,"COD: partida iminente, demissão ou morte.",2117
17249,gone,"FN: no longer in existence; depleted",937,Out_of_existence,84,passado,"FN: não mais existente; esgotado",87137
17262,stand,"FN: to withstand, endure",945,Tolerating,86,parar,"FN: suportar, endurecer",116969
17264,tolerant,"FN: able to accept or tolerate",945,Tolerating,84,tolerante,"FN: capaz de aceitar ou tolerar",90824
17265,bear,"FN: to withstand (e.g. hardship, pain)",945,Tolerating,86,urso,"FN: suportar (por exemplo, dificuldades, dor)",35571
17266,toleration,"FN: the capacity or tendency to accept or endure (something that might be a problem or difficulty)",945,Tolerating,83,tolerância,"FN: a capacidade ou tendência de aceitar ou suportar (algo que possa ser um problema ou dificuldade)",34819
17268,try,"FN: make an attempt using some means",946,Attempt_means,86,provar,"FN: fazer um esforço usando algum meio",117342
17273,succession,"FN: sequence",948,Sequence,83,sucessão,"FN: sequência",33952
17277,order,"COD: the arrangement or disposition of people or things according to a particular sequence or method.",948,Sequence,83,pedido,"COD: a disposição ou organização de pessoas ou coisas de acordo com uma sequência ou método específico.",7361
17279,wind,"FN: put a long, thin object into a roughly circular configuration, often by encircling another object.",949,Manipulate_into_shape,86,vento,"FN: colocar um objeto longo e fino em uma configuração aproximadamente circular, muitas vezes envolvendo outro objeto.",35833
17283,coil,"FN: make into a coiled shape.",949,Manipulate_into_shape,86,bobina,"FN: fazer em forma de bobina.",15459
17284,twist,"FN: turn or bend.",949,Manipulate_into_shape,86,torção,"FN: virar ou dobrar.",34931
17285,curl,"FN: shape into a curl.",949,Manipulate_into_shape,86,enrolar,"FN: dar forma em um caracol.",120824
17286,mold,"FN: To cause to change shape.",949,Manipulate_into_shape,86,Forma,"FN: Fazer mudar de forma.",2044
17287,roll,"FN: To roll a Theme against a surface to create a new shape or configuration.",949,Manipulate_into_shape,86,rolar,"FN: Rolar um Tema contra uma superfície para criar uma nova forma ou configuração.",117232
17288,coil,"FN: go into a coiled configuration.",950,Go_into_shape,86,bobina,"FN: entrar em uma configuração enrolada.",15459
17290,twist,"FN: become twisted.",950,Go_into_shape,86,torção,"FN: tornar-se retorcido.",34931
17293,seat,"FN: have the capacity for holding a number of seated individuals.",951,Capacity,86,assento,"FN: tem capacidade para acomodar um número de pessoas sentadas.",14172
17295,take,"FN: be able to contain.",951,Capacity,86,tomar,"FN: ser capaz de conter.",117247
17296,sleep,"FN: have the capacity for a number of sleeping individuals.",951,Capacity,86,dormir,"FN: tem capacidade para vários indivíduos dormir.",116922
17297,feed,"FN: capable of holding guests for a meal.",951,Capacity,86,alimentar,"FN: capaz de hospedar convidados para uma refeição.",121024
17298,serve,"FN: have the capacity to serve number of people (often said of meals or dishes).",951,Capacity,86,servir,"FN: tem capacidade para servir um número de pessoas (frequentemente dito de refeições ou pratos).",116867
17299,time,"FN: a particular instance of the occurence of an event.",952,Event_instance,83,tempo,"FN: uma instância particular da ocorrência de um evento.",573
17304,repeatedly,"FN: having a recurrent pattern of instantiation",952,Event_instance,89,repetidamente,"FN: tendo um padrão recorrente de instanciamento",142050
