idLU,lemmaName(en),senseDescription(en),idFrame,frameName,idPOS,lemmaName(pt),senseDescription(pt),idLemma(pt)
4887,mute,"COD:  refraining from speech or temporarily speechless.",38,Volubility,84,mudo,"COD:  abstendo-se de falar ou temporariamente sem fala.",86157
4888,quiet,"FN: prone to stay silent; not talkative.",38,Volubility,84,calmo,"FN: propenso a ficar em silêncio; não falador.",73778
4922,startled,"FN: surprised and mildly alarmed",40,Emotion_directed,84,assustado,"FN: surpreso e ligeiramente alarmado",73689
4925,terror-stricken,"FN: filled with intense fear",40,Emotion_directed,84,aterrorizado,"FN: cheio de medo intenso",73691
4946,blue,"COD: melancholy, sad, or depressed. ",40,Emotion_directed,84,azul,"COD: melancólico, triste ou deprimido.",73268
4973,bafflement,"FN: confusion",40,Emotion_directed,83,Confusão,"FN: confusão",17977
4975,bewilderment,"FN: in a state of confusion and uncertainty",40,Emotion_directed,83,Confusão,"FN: em um estado de confusão e incerteza",17977
4980,dismay,"COD: consternation and distress. ",40,Emotion_directed,83,desmaio,"COD: consternação e angústia.",19495
