idLU,lemmaName(en),senseDescription(en),idFrame,frameName,idPOS,lemmaName(pt),senseDescription(pt),idLemma(pt)
5510,empty,"FN: make a location or container empty, remove the contents of a container",52,Emptying,86,vazio,"FN: deixar um local ou recipiente vazio, remover o conteúdo de um recipiente",
5511,purge,"FN: to free from impurities, cleanse, rid of unwanted things",52,Emptying,86,purga,"FN: livre de impurezas, limpar, livrar-se de coisas indesejadas",
5512,strip,"FN: remove of accessories or fittings",52,Emptying,86,tira,"FN: remoção de acessórios ou equipamentos",
5513,divest,"COD: deprive or dispossess someone or something of",52,Emptying,86,desinvestir,"COD: Deprive ou despoja alguém ou alguma coisa de",
5514,rid,"COD: make someone or something free of (an unwanted thing)",52,Emptying,86,ridiculo,"COD: tornar alguém ou algo livre de (algo indesejado)",
5515,disembowel,"COD: cut open and remove the internal organs of",52,Emptying,86,embolso,"COD: abrir e remover os órgãos internos de",
5521,debug,"FN: remove a bug from; generally used metaphorically concerning incorrect computer code or concealed listening devices.",52,Emptying,86,Depurar,"FN: remover o bicho de; geralmente usado metaforicamente no que diz respeito ao código de computador incorreto ou dispositivos de escuta escondidos.",
5522,deforest,"COD: clear of forest or trees",52,Emptying,86,deforestação,"COD: claro de floresta ou árvores",
5523,degrease,"FN: remove grease from",52,Emptying,86,Degreasse,"FN: remover graxa de",
5524,descale,"COD: remove deposits of scale from",52,Emptying,86,descascar,"COD: remove depósitos de escala de",
5525,scalp,"COD: take the scalp of (an enemy)",52,Emptying,86,cabeleira,"COD: arrancar a cabeça de (um inimigo)",
5526,defrost,"COD: make or become free of accumulated ice",52,Emptying,86,desfrostar,"COD: fazer ou se tornar livre de gelo acumulado",
5527,delouse,"FN: clear of lice ",52,Emptying,86,delouse,"FN: livre de piolhos",
5528,eviscerate,"COD: disembowel.",52,Emptying,86,eviscerar,"COD: esvaziamento.",
5529,denude,"COD: strip of covering or possessions; make bare",52,Emptying,86,denudado,"COD: tira de cobertura ou posses; despir",
5531,emptying,"FN: the act of emptying",52,Emptying,83,esvaziando,"FN: o ato de esvaziar",
5532,expurgate,"FN: to rid (a text of account) of matter regarded as obscene or unsuitable ",52,Emptying,86,Expurga,"FN: remover (um texto de conta) de assunto considerado obsceno ou inapropriado",
5533,void,"COD: empty or evacuate (a container or space)",52,Emptying,86,vazio,"COD: vazio ou evacuar (um recipiente ou espaço)",
5535,debone,"FN: remove the bones from.",52,Emptying,86,Desossar,"FN: remover os ossos de.",
5536,devein,"FN: remove the dark dorsal vein (of shrimp)",52,Emptying,86,devein,"FN: remover a veia dorsal escura (de camarão)",
5537,disarm,"FN: take a weapon or weapons away from.",52,Emptying,86,desarmar,"FN: tirar uma ou várias armas de fogo.",
5538,disarmament,"FN: the act of causing an individual (organization, nation, etc.) to disarm themselves.",52,Emptying,83,desarmamento,"FN: o ato de fazer com que um indivíduo (organização, nação, etc.) se desarme.",
5539,decontaminate,"COD: remove dangerous substances from.",52,Emptying,86,descontaminar,"COD: remove substâncias perigosas de.",
5540,decontamination,"FN: the act of removing harmful, often toxic, substances from something.",52,Emptying,83,descontaminação,"FN: o ato de remover substâncias prejudiciais e, muitas vezes, tóxicas de algo.",
5541,cleanse,"FN: empty of something, as if to clean.",52,Emptying,86,Clareza,"FN: vazio de algo, como se para limpar.",
5542,pit,"FN: remove the pit, typically from some kind of fruit",52,Emptying,86,pito,"FN: remover o caroço, tipicamente de algum tipo de fruta",
5547,expunge,"FN: completely clear of all traces of something.",52,Emptying,86,Expurga,"FN: completamente livre de todas as marcas de algo.",
31003,clean,"FN: empty of something",52,Emptying,86,limpo,"FN: vazio de algo",
5550,anoint,"FN: to smear or rub with an oily substance",53,Filling,86,Unsere,"FN: espalhar ou esfregar com uma substância oleosa",
5558,wrap,"COD: place around so as to encircle.",53,Filling,86,embrulhar,"COD: lugar ao redor de forma a cercar.",
5559,plaster,"COD: coat or cover all over with something, especially to an extent considered excessive",53,Filling,86,plaster,"COD: revestir ou cobrir com algo, especialmente em uma extensão considerada excessiva",
5560,drape,"FN: to (partially or completely) cover something by placing an object or objects over the surface",53,Filling,86,drape,"FN: cobrir (parcialmente ou completamente) algo colocando um objeto ou objetos sobre a superfície",
5561,dab,"FN: apply a substance to, in small or light strokes ",53,Filling,86,Dab.,"FN: aplicar uma substância em, com pequenos ou leves golpes",
5562,daub,"COD: coat or smear with a thick substance carelessly or liberally",53,Filling,86,daube,"COD: revestir ou cobrir com uma substância espessa de forma descuidada ou generosa",
5565,sow,"COD: plant (an area) with seed",53,Filling,86,semeia,"COD: plante (área) com semente",
5567,brush,"FN: apply a substance to (a surface) lightly or with a brush",53,Filling,86,escova,"FN: aplicar uma substância a (uma superfície) levemente ou com um pincel",
5570,spatter,"COD: cover with drops or spots",53,Filling,86,espatar,"COD: cobrir com gotas ou manchas",
5571,splash,"FN: cover or scatter with drops (of liquid)",53,Filling,86,Splash,"FN: cobrir ou espalhar com gotas (de líquido)",
5574,sprinkle,"COD: scatter or pour small drops or particles over",53,Filling,86,Polvilhe,"COD: dispersar ou derramar pequenas gotas ou partículas",
5575,squirt,"COD: wet with a jet of liquid",53,Filling,86,Squirt,"COD: molhado com um jato de líquido",
5577,drizzle,"FN: to apply a substance to (a surface) in a thin stream",53,Filling,86,garoa,"FN: aplicar uma substância em (uma superfície) em um fio fino",
5580,pump,"COD: fill (something) with (liquid, gas, etc.)",53,Filling,86,bombas,"COD: encher (algo) com (líquido, gás, etc.)",
5581,jam,"FN: fill or crowd tightly (with something)",53,Filling,86,jam,"FN: encher ou lotar apertadamente (com algo)",
5583,scatter,"FN: cover with (objects, substance) in a distributed or random way",53,Filling,86,esparram,"FN: cobrir com (objetos, substância) de forma distribuída ou aleatória",
5588,wallpaper,"COD: apply wallpaper to (a wall or room)",53,Filling,86,"papel de parede","COD: aplicar papel de parede em (uma parede ou quarto)",
5590,suffuse,"COD: gradually spread through or over",53,Filling,86,perfumar,"COD: gradualmente se espalhou por ou sobre",
5593,douse,"COD: drench with liquid",53,Filling,86,Dúse,"COD: mergulhar em líquido",
5597,varnish,"FN: cover with a substance consisting of resin dissolved in a liquid, applied to wood to give a hard, clear, shiny surface when dry. ",53,Filling,86,verniz,"FN: cobertura com uma substância composta de resina dissolvida em um líquido, aplicada à madeira para dar uma superfície dura, clara e brilhante quando seca.",
5598,paint,"FN: apply a substance which is spread over a surface and dries to leave a thin decorative or protective coating. ",53,Filling,86,pinte,"FN: aplicar uma substância que é espalhada sobre uma superfície e seca para deixar um revestimento decorativo ou protetor fino.",
5599,gild,"COD: cover thinly with gold.",53,Filling,86,gild,"COD: cubra-se levemente com ouro.",
5600,glaze,"COD: cover with a glaze. ",53,Filling,86,glaceia,"COD: cobrir com um glaseado.",
5601,embellish,"COD: adorn; decorate. ",53,Filling,86,embelezar,"COD: adornar; decorar.",
5603,wax,"FN: cover with wax.",53,Filling,86,cera,"FN: cobrir com cera.",
5608,accessorize,"FN: to furnish an entity with non-essential trappings ",53,Filling,86,acessórios,"FN: fornecer a uma entidade enfeites não essenciais",
5609,bang,"FN: to move making a sharp noise or thump",54,Motion_noise,86,Banga!,"FN: para mover-se fazendo um barulho agudo ou um baque",
