idLU,lemmaName(en),senseDescription(en),idFrame,frameName,idPOS,lemmaName(pt),senseDescription(pt),idLemma(pt)
11961,depressing,"FN: causing feelings of dejection and dispair.",336,Stimulus_focus,84,deprimente,"FN: causando sentimentos de desolação e desespero.",74076
11962,disappointing,"FN: failing to fufill expectation, desires and hopes",336,Stimulus_focus,84,decepcionante,"FN: não cumprir expectativas, desejos e esperanças",73941
11975,nerve-racking,"COD: stressful; frightening",336,Stimulus_focus,84,Nervoso,"COD: estressante; assustador",73690
12009,poignant,"COD: evoking a keen sense of sadness or regret. ",336,Stimulus_focus,84,poético,"COD: evocando um forte sentimento de tristeza ou arrependimento.",87833
12011,mystifying,"FN: bewildering",336,Stimulus_focus,84,misterioso,bewildering,85841
12025,vexation,"FN: a cause of irritation and trouble",336,Stimulus_focus,83,vexação,"FN: causa de irritação e problemas",9216
12027,jolly,"COD: lively and entertaining",336,Stimulus_focus,84,alegre,"COD: animado e divertido",71085
