idLU,lemmaName(en),senseDescription(en),idFrame,frameName,idPOS,lemmaName(pt),senseDescription(pt),idLemma(pt)
10840,bullshit,"COD: talk nonsense in an attempt to deceive. ",262,Prevarication,86,Merda.,"COD: falar besteira em uma tentativa de enganar.",
10841,"pull leg","COD:  deceive someone playfully",262,Prevarication,96,"tirar coice","COD: enganar alguém de maneira brincalhona",
10842,deceive,"COD: deliberately mislead or misrepresent the truth to. ",262,Prevarication,86,decepcionar,"COD: deliberadamente enganar ou representar falsamente a verdade para.",
10843,fib,"COD: tell a fib.",262,Prevarication,86,fib,"COD: contar uma mentira.",
10844,"pull the wool over eyes","FN: to deceive",262,Prevarication,96,"apresentar um veludo aos olhos","FN: enganar",
10846,"bullshit artist","FN: a person known to deceive. ",262,Prevarication,83,"Artista de merda","FN: uma pessoa conhecida por enganar.",
10848,dissembler,"FN: one who misrepresents him or herself.",262,Prevarication,83,dissembler,"FN: aquele que se representa de forma errada.",
10849,deceptive,"FN: to not be revealing the truth",262,Prevarication,84,Deceitoso,"FN: não revelar a verdade",
10850,tell,"FN: communicate the truth, a lie, etc (support only)",262,Prevarication,86,diga,"FN: comunicar a verdade, uma mentira, etc (apenas suporte)",
10851,terrorize,"COD: create and maintain a feeling of terror in. ",263,Cause_to_experience,86,terrorizar,"COD: criar e manter um sentimento de terror em.",
10852,torment,"COD:  annoy or tease unkindly. ",263,Cause_to_experience,86,tormento,"COD: irritar ou brincar de forma maliciosa.",
10854,amuse,"COD: cause to find something funny.",263,Cause_to_experience,86,divirta-se,"COD: causar para encontrar algo engraçado.",
10868,"konk out","FN: lose consciousness suddenly  (as if hit on the head)",266,Fall_asleep,86,"Conk out","FN: perder consciência repentinamente (como se tivesse sido atingido na cabeça)",
10869,"black out","FN: lose consciousness suddenly",266,Fall_asleep,86,apagão,"FN: perder consciência repentinamente",
10870,"doze off","FN: drift off into a light sleep.",266,Fall_asleep,86,"doze off","FN: adormecer levemente.",
10872,faint,"FN: suddenly lose consciousness (often resulting in falling down) as a result of emotional shock, pain, or some other internal cause.",266,Fall_asleep,86,falso,"FN: perder repentinamente a consciência (frequentemente resultando em cair) como resultado de choque emocional, dor ou outra causa interna.",
10873,"nod off","FN: fall into a light sleep as a result of sleepiness or fatigue.",266,Fall_asleep,86,"dormir um pouco","FN: cair em um sono leve como resultado da sonolência ou fadiga.",
10874,"zonk out","FN: quickly fall deeply asleep.",266,Fall_asleep,86,"zonk out","FN: adormecer rapidamente profundamente.",
10876,"wake up","COD: cause to emerge from a state of sleep",267,Cause_to_wake,86,Acorde!,"COD: causar para emergir de um estado de sono",
10880,"get up","FN: cause to rise from bed after sleeping",267,Cause_to_wake,86,Levante-se,"FN: causar para se levantar da cama após dormir",
10884,"wake up","COD: emerge from a state of sleep",269,Waking_up,86,Acorde!,"COD: emergir de um estado de sono",
10885,"get up","FN: to wake up",269,Waking_up,86,Levante-se.,"FN: acordar",
10887,"come back around","FN: return to consciousness with difficulty.",269,Waking_up,86,"Volte em torno","FN: retorno à consciência com dificuldade.",
10888,deliberation,"FN: the activity of the jury after the presentation of all the evidence and statement in a trial, as they try to decide about the guilt or innocence of the defendant",270,Jury_deliberation,83,deliberação,"FN: a atividade do júri após a apresentação de todas as evidências e depoimentos em um julgamento, à medida que tentam decidir sobre a culpa ou inocência do réu",
10889,deliberate,"FN: a jury engaging in careful consideration to reach a verdict",270,Jury_deliberation,86,deliberado,"FN: um júri que se envolve em uma consideração cuidadosa para chegar a um veredicto",
10890,sentence,"COD: declare the punishment decided for (an offender). ",271,Sentencing,86,"A frase é:","COD: declare a punição decidida para (um infrator).",
10891,sentence,"COD: the punishment assigned to a defendant found guilty by a court. ",271,Sentencing,83,"A frase é: ""O gato está atrás da cadeira.","COD: a punição atribuída a um réu considerado culpado por um tribunal.",
10893,"send up","COD: sentence someone to imprisonment",271,Sentencing,86,"enviar para cima","COD: condenar alguém à prisão",
10895,tome,"COD: chiefly humorous a book, especially a large, scholarly one. ",272,Text,83,Tome,"COD: principalmente humorístico um livro, especialmente um grande e acadêmico.",
10896,fanzine,"FN: a small, independent magazine put out by the devotees of a particular subculture.",272,Text,83,fanzine,"FN: uma pequena revista independente publicada pelos devotos de uma subcultura específica.",
10897,epilogue,"COD: 1.a section or speech at the end of a book or play serving as a comment on or a conclusion to what has happened.",272,Text,83,Epilogo,"COD: 1. uma seção ou discurso no final de um livro ou peça que serve como comentário ou conclusão sobre o que aconteceu.",
10898,benediction,"FN: words of blessing.",272,Text,83,benedição,"FN: palavras de bênção.",
10899,imprecation,"COD: formal a spoken curse. ",272,Text,83,imprecação,"COD: maldição formal falada.",
10900,eulogy,"COD: 1. a speech or piece of writing that praises someone highly. ",272,Text,83,"Elogio fúnebre","COD: 1. um discurso ou texto que elogie alguém muito.",
10908,elegy,"COD: 1. a mournful poem, typically a lament for the dead. ",272,Text,83,elegia,"COD: 1. um poema melancólico, tipicamente uma lamentação pelos mortos.",
10909,epic,"COD: 1.a long poem narrating the deeds of heroic or legendary figures or the past history of a nation.",272,Text,83,épico,"COD: um longo poema que narra as façanhas de figuras heroicas ou lendárias ou o passado histórico de uma nação.",
10910,epigram,"COD: 2.a short witty poem. ",272,Text,83,epigrama,"COD: um poema curto e espirituoso.",
10911,epistle,"COD: a letter.",272,Text,83,epístola,"COD: a carta.",
10916,festschrift,"COD: pl. Festschriften or Festschrifts a collection of writings published in honour of a scholar. ",272,Text,83,festschrifts,"COD: pl. Festschriften ou Festschrifts uma coleção de escritos publicados em homenagem a um estudioso.",
10917,haiku,"COD: pl. same or haikus a Japanese poem of seventeen syllables, in three lines of five, seven, and five. ",272,Text,83,haiku,"COD: pl. mesmo ou haicus um poema japonês de dezessete sílabas, em três linhas de cinco, sete e cinco.",
10919,limerick,"COD: 1.a humorous five-line poem with a rhyme scheme aabba. ",272,Text,83,limerick,"COD: 1. um poema humorístico de cinco linhas com esquema de rima aabba.",
10922,monograph,"COD: 1.a detailed written study of a single specialized subject.",272,Text,83,monografia,"COD: 1. um estudo detalhado e escrito de um único assunto especializado.",
10925,novelette,"COD: chiefly derogatory a short novel, typically a light romantic one. ",272,Text,83,novela,"COD: principalmente pejorativo uma novela curta, tipicamente um romance leve.",
10926,novella,"COD: 1.a short novel or long short story.",272,Text,83,novela,"COD: 1. uma novela curta ou um longo conto.",
10927,ode,"COD: 1. a lyric poem, typically in the form of an address, written in varied or irregular metre. ",272,Text,83,ode,"COD: 1. um poema lírico, geralmente na forma de uma saudação, escrito em metro variado ou irregular.",
10931,saga,"COD: a long story of heroic achievement, especially a medieval prose narrative in Old Norse or Old Icelandic. ",272,Text,83,saga,"COD: uma longa história de conquista heroica, especialmente uma narrativa prosística medieval em antigo nórdico ou antigo islandês.",
10932,song,"COD: a short poem or other set of words set to music. ",272,Text,83,canção,"COD: um poema curto ou outra série de palavras com música.",
10933,sonnet,"COD:  1.a poem of fourteen lines using any of a number of formal rhyme schemes, in English typically having ten syllables per line. [Prosody] ",272,Text,83,soneto,"COD: 1. um poema de quatorze versos, utilizando qualquer de uma série de esquemas de rima formais, em inglês tipicamente tendo dez sílabas por linha. [Prosódia]",
10936,tetralogy,"COD: a group of four related literary or operatic works. ",272,Text,83,tetralogia,"COD: um grupo de quatro obras literárias ou operísticas relacionadas.",
10937,thriller,"COD: 1.a novel, play, or film with an exciting plot, typically involving crime or espionage. ",272,Text,83,thriller,"COD: 1. um romance, peça ou filme com um enredo emocionante, geralmente envolvendo crime ou espionagem.",
10939,trilogy,"COD: pl. -ies a group of three related novels, plays, films, etc. ",272,Text,83,trilogia,"COD: pl. -ies um grupo de três romances, peças, filmes, etc., relacionados",
10940,whodunit,"FN: a mystery.",272,Text,83,"Quem foi?","FN: um mistério.",
10942,handbook,"COD: 1. a book giving brief information such as basic facts on a particular subject or instructions for operating a machine. ",272,Text,83,handbook,"COD: 1. um livro que fornece informações breves, como fatos básicos sobre um assunto específico ou instruções para operar uma máquina.",
10943,paperback,"COD: 1. a book bound in stiff paper or flexible card. ",272,Text,83,"livro de bolso","COD: 1. um livro encadernado em papel rígido ou cartão flexível.",
