idLU,lemmaName(en),senseDescription(en),idFrame,frameName,idPOS,lemmaName(pt),senseDescription(pt),idLemma(pt)
6008,peer,"COD: look with difficulty or concentration.",60,Perception_active,86,par,"COD: olhar com dificuldade ou concentração.",8785
6010,smell,"COD: sniff at (something) in order to ascertain its odour",60,Perception_active,86,cheiro,"COD: farejar (algo) para verificar seu cheiro",9344
6013,spy,"COD: observe furtively",60,Perception_active,86,espião,"COD: observar secretamente",9082
6017,taste,"COD: sample or test the flavour of",60,Perception_active,86,gosto,"COD: amostra ou teste o sabor de",8958
6022,eye,"COD: to look at closely or with interest.",60,Perception_active,86,olho,"COD: olhar atentamente ou com interesse.",10676
41220,odor,,60,Perception_active,83,odor,,28937
6026,appear,"FN: give an initial impression of",61,Give_impression,86,aparecer,"FN: dar uma primeira impressão de",117262
6027,feel,"FN: seem",61,Give_impression,86,sentir,"FN: parecer",117323
6028,look,"FN: appear",61,Give_impression,86,olhar,"FN: parecer",120635
6029,reek,"FN: give off a (bad) smell",61,Give_impression,86,rechear,"FN: dar um mau cheiro",133358
6031,smell,"FN: have a strong or unpleasant odor",61,Give_impression,86,cheiro,"FN: tem um cheiro forte ou desagradável",9344
6032,sound,"COD: convey a specified impression when heard.",61,Give_impression,86,som,"COD: transmite uma impressão especificada quando ouvida.",11037
6033,stink,"COD: have a strong unpleasant smell",61,Give_impression,86,cheiro,"COD: tem um cheiro forte e desagradável",9344
6034,taste,"COD: have a specified flavor",61,Give_impression,86,gosto,"COD: tem um sabor especificado",8958
6036,burn,"FN: feel pain, as though through heat",62,Perception_body,86,queimar,"Sente dor, como se fosse calor",117198
6038,itch,"COD: experience an unconfortable sensation that causes a desire to scratch the skin",62,Perception_body,86,coceira,"COD: uma sensação desconfortável que causa um desejo de coçar a pele",17597
6041,sting,"FN: present a sharp pain, as though caused by a piercing wound",62,Perception_body,86,fio,"FN: apresenta uma dor aguda, como se fosse causada por uma ferida de faca",22433
6042,tickle,"FN: to have a sensation as though being tickled.",62,Perception_body,86,coçar,"FN: ter uma sensação de coceira.",121158
6045,goosebump,"FN: a pimply state of the skin with the hairs erect, produced by cold or fright",62,Perception_body,83,Arrepio,"FN: um estado pimpolado da pele com pelos eretos, produzido por frio ou medo",14037
6046,pain,"COD: cause mental or physical pain to.",62,Perception_body,86,dor,"COD: causar dor mental ou física em.",9197
6047,pain,"COD: a strongly unpleasant bodily sensation such as is caused by illness or injury.",62,Perception_body,83,dor,"COD: uma sensação corporal fortemente desagradável, como a causada por doença ou lesão.",9197
6051,discomfort,"FN: a state of physical distress",62,Perception_body,83,desconforto,"FN: um estado de desconforto físico",8882
6057,blast,"COD: produce loud continuous music or noise.",63,Make_noise,86,explosão,"COD: produz música ou barulho contínuo e alto.",22039
6067,chuckle,"COD: laugh quietly or inwardly.",63,Make_noise,86,Risada,"COD: rir em voz baixa ou para dentro.",32478
6070,clatter,"FN: make a loud rattling sound",63,Make_noise,86,barulho,"FN: fazer um barulho alto de rangendo",9438
6073,cough,"COD: expel air from the lungs with a sudden sharp sound.",63,Make_noise,86,Tosse,"COD: expulsam o ar dos pulmões com um som súbito e agudo.",34939
6082,gobble,"COD: eat hurriedly and noisily.",63,Make_noise,86,Engolir,"COD: comer rapidamente e barulhento.",128559
6097,neigh,"COD: (of a horse) utter a neigh.",63,Make_noise,86,vizinhança,"COD: (de um cavalo) relinchar.",36146
6098,patter,"COD: make a repeated light tapping sound.",63,Make_noise,86,padrão,"COD: fazer um som de batidas leves repetidas.",9396
6099,peal,"COD: ring loudly or in a peal.",63,Make_noise,86,Pele,"COD: anelar alto ou em um toque.",29851
6100,peep,"FN: to emit a short, high-pitched squeaking sound ",63,Make_noise,86,Espiar,"FN: emitir um som agudo e curto de assobio",120964
