idLU,lemmaName(en),senseDescription(en),idFrame,frameName,idPOS,lemmaName(pt),senseDescription(pt),idLemma(pt)
699,"group stage","the first stage of the World Cup, in which every squad plays one match against the other three squads in their group.",1236,Preliminary_stage,83,"Etapa de grupos","A primeira fase da Copa do Mundo, na qual cada time joga uma partida contra os outros três times em seu grupo.",
700,"book place","to qualify to the World Cup playoffs.",1236,Preliminary_stage,86,"livro lugar","A se qualificar para os playoffs da Copa do Mundo.",
31426,qualification,"a table that marks the positions of the teams in the championship.",1236,Preliminary_stage,83,qualificação,"Uma tabela que marca as posições dos times no campeonato.",
31427,spot,"a chance to compete in the official sporting event.",1236,Preliminary_stage,83,espota,"A oportunidade de competir no evento esportivo oficial.",
31430,"qualifying matches","a stage of competition in which athletes and teams compete against each other in groups, series or heats, seeking a qualification for the official competition.",1236,Preliminary_stage,83,"partidas de qualificação","Uma etapa de competição na qual atletas e equipes competem uns contra os outros em grupos, séries ou eliminatórias, buscando uma qualificação para a competição oficial.",
31431,"qualifying tournament","a stage of competition in which athletes and teams compete against each other in groups, series or heats, seeking a qualification for the official competition.",1236,Preliminary_stage,83,"torneio classificatório","Uma fase de competição em que atletas e equipes competem entre si em grupos, séries ou eliminatórias, buscando uma qualificação para a competição oficial.",
31433,"round robin","a stage of competition in which athletes and teams compete against each other in groups, series or heats, seeking a qualification for the official competition.",1236,Preliminary_stage,83,round-robin,"Uma fase de competição na qual atletas e equipes competem entre si em grupos, séries ou eliminatórias, buscando uma qualificação para a competição oficial.",
3857,exhibit,"a place where something is exhibited to the public, mainly works of art.",1240,Attraction_tourism,83,exibir,"Um lugar onde algo é exibido ao público, principalmente obras de arte.",
25507,attractive,"related to an interest in something.",1240,Attraction_tourism,84,Atraente,"relacionado com um interesse em algo.",
3467,"television viewer","an audience is a group of people who watch a show or encounter a work of art, literature, theater, music, video games, or academics in any medium.",1246,Crowd,83,Televisor,"Uma plateia é um grupo de pessoas que assistem a um espetáculo ou encontram uma obra de arte, literatura, teatro, música, videogames ou acadêmicos em qualquer meio.",
34316,outlet,"The fans of an artist that can buy their art.",1246,Crowd,83,tomadas,"Os fãs de um artista que podem comprar sua arte.",
956,"snack bar","a place to have snacks and small meals",1253,Dining,83,"bar de lanches","um lugar para lanches e refeições leves",
2928,saloon,"a room or establishment where alcoholic drinks are served over a counter.",1253,Dining,83,saloon,"Bar ou estabelecimento onde são servidas bebidas alcoólicas atrás de um balcão.",
2929,ginmill,"a room or establishment where alcoholic drinks are served over a counter.",1253,Dining,83,ginmill,"Bar ou estabelecimento onde são servidos bebidas alcoólicas atrás de um balcão.",
2930,taproom,"a room or establishment where alcoholic drinks are served over a counter.",1253,Dining,83,taproom,"Uma sala ou estabelecimento onde são servidas bebidas alcoólicas atrás de um balcão.",
2931,"public house","establishment serving alcoholic beverages for consumption on the premises. A business licensed to sell alcoholic drinks for consumption on the premises, or the premises themselves; public house. A room where alcoholic drinks are served over a counter. An establishment licensed to sell alcoholic beverages to be consumed on or off the premises; they often provide meals and sometimes accommodation. A bar or barroom; a room where alcoholic beverages are served on tap. The top surface of a bar (counter for serving drinks). A public house, where beverages, primarily alcoholic, may be bought and drunk. Many pubs also provide food and/or entertainment.",1253,Dining,83,"casa pública","Estabelecimento que serve bebidas alcoólicas para consumo no local. Um negócio licenciado para vender bebidas alcoólicas para consumo no local, ou o próprio local; uma taverna. Um cômodo onde são servidas bebidas alcoólicas atrás de um balcão. Um estabelecimento licenciado para vender bebidas alcoólicas para consumo no local ou fora dele; eles geralmente fornecem refeições e às vezes acomodação. Uma barra ou barroom; um cômodo onde bebidas alcoólicas são servidas sob pressão. A superfície superior de uma barra (balcão para servir bebidas). Uma taverna pública, onde podem ser compradas e consumidas bebidas alcoólicas, principalmente. Muitas tavernas também fornecem comida e/ou entretenimento.",
2933,pothouse,"tavern consisting of a building with a bar and public rooms; often provides light meals.",1253,Dining,83,Pothouse,"taverna que consiste em um edifício com uma barra e salas públicas; geralmente fornece refeições leves.",
2934,taphouse,"tavern consisting of a building with a bar and public rooms; often provides light meals.",1253,Dining,83,tapinha,"taverna que consiste em um edifício com uma barra e salas públicas; geralmente fornece refeições leves.",
2935,"country pub","tavern consisting of a building with a bar and public rooms; often provides light meals.",1253,Dining,83,"pub rural","taverna que consiste em um edifício com uma barra e salas públicas; geralmente fornece refeições leves.",
2938,coffeehouse,"a small restaurant where drinks and snacks are sold.",1253,Dining,83,cafeteira,"um pequeno restaurante onde são vendidos bebidas e lanches.",
2940,"coffee bar","a small restaurant where drinks and snacks are sold.",1253,Dining,83,"Bar de café","uma pequena restaurante onde bebidas e lanches são vendidos.",
2942,"tea shop","a business that sells various non-alcoholic drinks, and usually snacks and simple meals (such as breakfasts and lunches) with facilities to consume them.",1253,Dining,83,"Loja de chá","Um negócio que vende vários tipos de bebidas não alcoólicas e, geralmente, petiscos e refeições simples (como café da manhã e almoço) com instalações para consumi-los.",
2945,"lunch counter","inexpensive food counter. A small restaurant serving light meals.",1253,Dining,83,"balcão de lanches","balcão de comida barata. Um pequeno restaurante que serve refeições leves.",
2947,bakeshop,"a bakery is an establishment that produces and sells flour-based food baked in an oven such as bread, cakes, pastries, and pies.",1253,Dining,83,bakeshop,"Uma padaria é uma empresa que produz e vende alimentos à base de farinha assados no forno, como pão, bolos, doces e tortas.",
2949,"eating house","establishment which prepares and serves food. An eating establishment in which diners are served food at their tables. An establishment in which diners are served food at their tables. A building where people go to eat.",1253,Dining,83,"Casa de refeições","Estabelecimento que prepara e serve comida. Estabelecimento de alimentação em que os clientes são servidos à mesa. Estabelecimento onde os clientes são servidos à mesa. Prédio onde as pessoas vão para comer.",
2950,"eating place","a building where people go to eat.",1253,Dining,83,"local para comer","um edifício onde as pessoas vão comer.",
19856,"cocktail bar",,1253,Dining,83,"bar de coquetéis",,
19857,"karaoke bar",,1253,Dining,83,"Bar de karaokê",,
19858,"bar & grill",,1253,Dining,83,"bar e restaurante",,
19861,"draft beer bar",,1253,Dining,83,"bar de cerveja",,
19862,"barbecue restaurant",,1253,Dining,83,"Restaurante de churrasco",,
19863,"steak house",,1253,Dining,83,"casa de bifes",,
19865,"sandwich shop",,1253,Dining,83,"Loja de sanduíches",,
19868,"beer store",,1253,Dining,83,"loja de cerveja",,
19870,"coffee vending machine",,1253,Dining,83,"máquina de venda de café",,
19871,"pizza restaurant",,1253,Dining,83,"restaurante de pizza",,
19872,"typical minas gerais restaurant",,1253,Dining,83,"restaurante típico de Minas Gerais",,
19875,"sushi restaurant",,1253,Dining,83,"Restaurante de sushi",,
19876,"meat dish restaurant",,1253,Dining,83,"prato de carne restaurante",,
19878,"fast food restaurant",,1253,Dining,83,"Restaurante de comida rápida",,
19885,"buffet restaurant",,1253,Dining,83,"restaurante de buffet",,
19887,caterer,,1253,Dining,83,Caterer,,
19888,"ice cream shop",,1253,Dining,83,"Loja de sorvete",,
19889,"grocery store",,1253,Dining,83,"Loja de alimentos",,
21328,tent,"At a fair or festival, a tent or wood construction in which beer, other alcoholic and non-alcoholic beverages and food are served and consumed, often accompanied by a live band.;A portable lodging (usually made from waterproof plastic, animal hide or canvas streched by poles) that is used for sheltering people and objects from the weather when camping or at festivals.;",1253,Dining,83,Tente,"Em uma feira ou festival, uma tenda ou construção de madeira na qual cerveja, outras bebidas alcoólicas e não alcoólicas e alimentos são servidos e consumidos, muitas vezes acompanhados por uma banda ao vivo;A hospedagem portátil (geralmente feita de plástico impermeável, peles animais ou tela esticada por varetas) que é usada para abrigar pessoas e objetos do tempo quando acampando ou em festivais.",
21329,"beer tent","At a fair or festival, a tent or wood construction in which beer, other alcoholic and non-alcoholic beverages and food are served and consumed, often accompanied by a live band.;A portable lodging (usually made from waterproof plastic, animal hide or canvas streched by poles) that is used for sheltering people and objects from the weather when camping or at festivals.;",1253,Dining,83,"cerveja tent","Em uma feira ou festival, uma tenda ou construção de madeira na qual cerveja, outras bebidas alcoólicas e não alcoólicas e alimentos são servidos e consumidos, muitas vezes acompanhados por uma banda ao vivo;A alojamento portátil (geralmente feito de plástico impermeável, pele animal ou tela esticada por mastro) que é usado para abrigar pessoas e objetos do tempo quando acampando ou em festivais.",
21330,stand,"A stall, or light structure for the sale of goods or for display purposes, as at a market, exhibition, or fair.;A booth where articles are displayed for sale.",1253,Dining,83,parar,"Uma barraca, ou estrutura leve para venda de mercadorias ou para fins de exibição, como em um mercado, exposição ou feira; uma tenda onde os artigos são exibidos para venda.",
23833,"fast food","it is the type of food that is a mass-produced food prepared and served very quickly.",1253,Dining,83,"Comida rápida","É o tipo de comida que é um alimento processado em massa, preparado e servido muito rapidamente.",
