idLU,lemmaName(en),senseDescription(en),idFrame,frameName,idPOS,lemmaName(pt),senseDescription(pt),idLemma(pt)
5311,calm,"COD: peaceful and undisturbed",42,Experiencer_focused_emotion,84,calma,"COD: pacífico e inalterado",
5316,upset,"FN: being unhappy about something",42,Experiencer_focused_emotion,84,descontente,"FN: estar infeliz com algo",
5318,taken,"COD: be attracted or charmed by.",42,Experiencer_focused_emotion,84,tido,"COD: ser atraído ou encantado por.",
5319,"fed up","FN: having lost patience",42,Experiencer_focused_emotion,84,Farto.,"FN: tendo perdido a paciência",
5322,feverish,"FN: nervous, excited.",42,Experiencer_focused_emotion,84,febre,"FN: nervoso, animado.",
5323,feverishly,"FN: in an nervously excided manner.",42,Experiencer_focused_emotion,89,Fervorosamente,"FN: de maneira nervosa e excitada.",
30953,affection,"FN: a pleasant liking for a person; usually describes a situation of friendship or mentorship rather than a romantic attachement.",42,Experiencer_focused_emotion,83,afeto,"FN: um agradável gosto por uma pessoa; geralmente descreve uma situação de amizade ou mentoria em vez de um apego romântico.",
39389,infatuation,"strong but not usually lasting feelings of love or attraction.",42,Experiencer_focused_emotion,83,infatuação,"Sentimentos fortes, mas não geralmente duradouros de amor ou atração.",
5328,boil,"COD: (of a person or emotion) be stirred up or inflamed.",43,Emotion_heat,86,Ferva,"COD: (de uma pessoa ou emoção) ser agitado ou inflamado.",
5330,chafe,"COD: become annoyed or impatient because of a restriction or inconvenience",43,Emotion_heat,86,Chafar,"COD: ficar irritado ou impaciente devido a uma restrição ou inconveniente",
5331,fume,"COD: feel great anger.",43,Emotion_heat,86,fume,"COD: sentir grande raiva.",
5333,simmer,"COD: be in a state of suppressed anger or excitement. ",43,Emotion_heat,86,Simmer,"COD: estar em um estado de raiva ou excitação suprimida.",
5334,smolder,"COD: (with reference to an intense feeling) express or be expressed in a barely suppressed state. ",43,Emotion_heat,86,smolderar,"COD: (com referência a um sentimento intenso) expressar ou ser expresso em um estado pouco reprimido.",
5335,stew,"COD: remain in an anxious or agitated state",43,Emotion_heat,86,stew,"COD: permanecer em um estado de ansiedade ou agitação",
5337,cure,"COD: a substance, treatment, or remedy that cures a disease, condition, or problem",44,Cure,83,cura,"COD: uma substância, tratamento ou remédio que cura uma doença, condição ou problema",
5340,rehabilitate,"FN: restore to health or normal life by training and therapy after addiction or illness",44,Cure,86,rehabilitar,"FN: restaurar à saúde ou à vida normal através de treinamento e terapia após a dependência ou doença",
5344,curable,"FN: capable of being cured",44,Cure,84,curável,"FN: capaz de ser curado",
5345,incurable,"COD: not able to be cured",44,Cure,84,incurável,"COD: não é possível ser curado",
5347,curative,"COD: able to cure disease",44,Cure,84,curativo,"COD: capaz de curar doenças",
5348,curative,"COD: a curative medicine or agent",44,Cure,83,Cura,"COD: uma medicina ou agente curativo",
5351,rehabilitative,"FN: having the function of restoring to health or normal life by training and therapy after imprisonment, addiction, or illness",44,Cure,84,Reabilitativo,"FN: ter a função de restaurar à saúde ou à vida normal por meio de treinamento e terapia após prisão, vício ou doença",
5353,palliate,"COD: make (the symptoms of a disease) less severe without removing the cause.",44,Cure,86,paliar,"COD: amenizar (os sintomas de uma doença) sem remover a causa.",
5354,palliation,"FN: making the effects of a disease less severe for the patient (without curing the disease itself)",44,Cure,83,paliativo,"FN: tornando os efeitos de uma doença menos graves para o paciente (sem curar a própria doença)",
5355,palliative,"COD: a palliative remedy or medicine.",44,Cure,83,paliativo,"COD: um remédio ou medicina paliativo.",
5358,therapeutic,"COD: having a good effect on the body or mind",44,Cure,84,terapêutico,"COD: tendo um bom efeito no corpo ou na mente",
5363,convalesce,"COD: gradually recover one' s health after an illness or medical treatment. ",45,Recovery,86,convalescer,"COD: gradualmente recuperar a saúde após uma doença ou tratamento médico.",
5364,convalescence,"FN: the state of recovering from an illness or medical treatment.",45,Recovery,83,convalescência,"FN: o estado de recuperação de uma doença ou tratamento médico.",
5368,recuperate,"COD: recover from illness or exertion.",45,Recovery,86,recupere,"COD: recuperar-se de doença ou esforço.",
5370,"perk up","FN: to heal up.",45,Recovery,86,"Aperte o botão de ligar.","FN: para se curar.",
5376,susceptible,"COD: likely to be influenced or harmed by a particular thing",46,Health_response,84,susceptível,"COD: propenso a ser influenciado ou prejudicado por uma coisa específica",
5377,susceptibility,"COD: likelihood of being influenced or harmed by a particular thing",46,Health_response,83,susceptibilidade,"COD: probabilidade de ser influenciado ou prejudicado por algo específico",
5380,die,"COD: stop living.",47,Death,86,morir,"COD: pare de viver.",
5381,perish,"COD: die, especially in large numbers.",47,Death,86,perdi,"COD: morrer, especialmente em grandes números.",
5382,terminator,"FN: (slang) person who kills.",47,Death,83,Terminador,"FN: (gíria) pessoa que mata.",
5383,croak,"COD: (informal) die.",47,Death,86,Croar,"COD: morrer.",
5384,decease,"COD: (archaic) die.",47,Death,86,Decrecer,"COD: morrer.",
5387,expire,"COD: (of a person)  die",47,Death,86,expire,"COD: (de uma pessoa) morrer",
5389,"kick the bucket","COD: (s.v. kick) die.",47,Death,86,"Chutar o balde","COD: (s.v. chutar) morrer.",
5391,"croak it","FN: to die",47,Death,86,Rasteje-o,"FN: morrer",
5392,asphyxiate,"FN: die due to insufficient oxygen.",47,Death,86,asfixiar,"FN: morrer devido à falta de oxigênio.",
5394,suffocation,"FN: death due to lack of oxygen caused by an obstruction of the airway.",47,Death,83,sufocação,"FN: morte por falta de oxigênio causada por uma obstrução das vias aéreas.",
5396,mortality,"FN: the death of a person or other entity",47,Death,83,mortabilidade,"FN: a morte de uma pessoa ou outra entidade",
5403,come,"COD:  move or travel towards or into a place thought of as near or familiar to the speaker",48,Arriving,86,comem,"COD: mover-se ou viajar em direção a ou para um lugar considerado próximo ou familiar ao falante",
5408,visit,"COD: an act of visiting",48,Arriving,83,visitar,"COD: uma visita",
