idLU,lemmaName(en),senseDescription(en),idFrame,frameName,idPOS,lemmaName(pt),senseDescription(pt),idLemma(pt)
17008,"have got","FN: used to indicate a relationship; variant of ' have' ",868,Have_associated,86,tem,"FN: usado para indicar uma relação; variante de 'tem",135234
17016,draft,"an initial or rough version (especially of a written document).",881,Version_sequence,83,projeto,"Uma versão inicial ou rascunho (especialmente de um documento escrito).",9608
17023,support,"FN: to strengthen by bearing the weight of",883,Supporting,86,suporte,"FN: para fortalecer por suportar o peso de",36761
17024,bolster,"FN: prop up or support",883,Supporting,86,reforçar,"FN: sustentar ou apoiar",133527
17026,so,"FN: to a high degree",884,Degree,89,sim,"FN: a um alto grau",142184
17038,great,"FN: more than normal (often with quantity)",884,Degree,84,Ótimo,"FN: mais do que normal (geralmente com quantidade)",73156
17041,particular,"FN: special, surpassing what is usually expected",884,Degree,84,particular,"FN: especial, superando o que normalmente é esperado",87110
17043,stone,"FN: (with cold) extremely.",884,Degree,83,pedra,"FN: (com frio) extremamente.",11025
17045,dirt,"FN: (with poor) extremely.",884,Degree,83,selo,"FN: (com muito pouca) extremamente.",10835
17047,crystal,"FN: (with clear) completely.",884,Degree,83,cristal,"FN: (com clareza) completamente.",18565
33742,pretty,"On a fairly high degree, or intensity.",884,Degree,84,bonito,"Em um grau relativamente alto, ou intensidade.",73269
34209,profoundly,Extremely.,884,Degree,89,profundamente,Extremamente.,141925
34231,super,"Superior, greater in dimension or degree.",884,Degree,84,super,"Superior, maior em dimensão ou grau.",73451
34283,too,"More than enough, or the suitable for the situation or entity.",884,Degree,89,também,"Mais do que suficiente, ou adequado à situação ou entidade.",142285
34413,purely,"Completely, 100%.",884,Degree,89,apenas,"Completamente, 100%.",140079
17052,in,"FN: found within",885,Medium,90,em,"FN: encontrado dentro",146475
17055,fish,"FN: To seek water-born living flesh through the use of effective tools.  ",886,Hunting,86,peixe,"FN: Para procurar carne viva aquática através do uso de ferramentas eficazes.",1270
17056,seal,"FN: hunt seals",886,Hunting,86,selo,"Caçar focas",10835
17058,gather,"FN: retrieve and bring together crops",888,Food_gathering,86,reunir,"FN: recuperar e reunir culturas",116971
17059,pick,"FN: seek out and retrieve",888,Food_gathering,86,escolher,"FN: procure e recupere",117332
17062,bag,"FN: successfully obtain",890,Hunting_success_or_failure,86,sacola,"FN: obter com sucesso",32781
17063,catch,"FN: successfully capture sough-out prey",890,Hunting_success_or_failure,86,pegar,"FN: capturar com sucesso a presa procurada",116886
17066,farm,"FN: to use land for growing crops and raising animals",892,Agriculture,86,fazenda,"FN: usar terras para cultivo e criação de animais",6734
17067,grow,"FN: to raise or develop crops or livestock",893,Growing_food,86,crescer,"FN: cultivar ou desenvolver culturas ou gado",117331
17068,raise,"FN: ",893,Growing_food,86,elevar,FN:,120683
17069,plant,"FN: to place seeds in the ground so that they may sprout and grow",894,Planting,86,planta,"FN: colocar sementes no solo para que elas brotem e cresçam",30417
