idLU,lemmaName(en),senseDescription(en),idFrame,frameName,idPOS,lemmaName(pt),senseDescription(pt),idLemma(pt)
39791,dose,,74,Frequency,83,dose,,20062
6623,ahead,"COD: earlier than planned or expected.",75,Relative_time,89,"à frente","COD: antes do planejado ou esperado.",142569
6624,behind,"COD: later than planned or expected.",75,Relative_time,89,atrás,"COD: posterior ao planejado ou esperado.",139807
6626,after,"COD: in the time following (an event or another period of time).",75,Relative_time,90,após,"COD: no tempo seguinte (a um evento ou a outro período de tempo).",146618
6627,sooner,"FN: at a time before a landmark time",75,Relative_time,89,antes,"FN: em um tempo antes de uma hora marcante",139814
6631,as,"FN: occuring before or after another specified event or entity",75,Relative_time,89,como,"Ocorrendo antes ou depois de outro evento ou entidade especificada",139831
6636,past,"COD: gone by in time and no longer existing.",75,Relative_time,84,passado,"COD: passado pelo tempo e já não existente.",87137
6648,trafficker,"FN: a person who deals in the commerce of illegal goods (esp. drugs).",76,Commerce_scenario,83,traficante,"FN: uma pessoa que negocia em bens ilegais (esp. drogas).",68209
34379,commercial,"Related to commerce.",76,Commerce_scenario,84,comercial,"Relacionado ao comércio.",78271
6662,cost,"COD: require the payment of (a specified sum) in order to be bought or obtained.",77,Expensiveness,86,Custo,"COD: exige o pagamento de (uma quantia especificada) para ser comprado ou obtido.",8892
6666,"set back","FN: to cost one a specified sum of money",77,Expensiveness,86,retorno,"FN: custar-lhe uma quantia especificada de dinheiro",32344
6669,extravagant,"COD: lacking restraint in spending money or using resources. ",78,Frugality,84,extravagante,"COD: falta de moderação na gastura de dinheiro ou uso de recursos.",81736
6678,squander,"COD: waste in a reckless or foolish manner",78,Frugality,86,esbanjar,"COD: desperdiçar de forma imprudente ou tola",117284
6684,waste,"COD: use carelessly, extravagantly, or to no purpose",78,Frugality,86,descarte,"COD: use descuidadamente, extravagantemente ou sem propósito",19289
6685,husband,"COD: use (resources) economically.  ",78,Frugality,86,marido,"COD: utilize (recursos) economicamente.",8975
6688,economy,"FN: careful use of money and resources.",78,Frugality,83,economia,"FN: uso cuidadoso de dinheiro e recursos.",6693
6692,broke,"COD: having completely run out of money. ",79,Wealthiness,84,quebrado,"COD: completamente sem dinheiro.",73381
6697,prosperous,"COD: successful or flourishing, especially financially.",79,Wealthiness,84,Prospero,"COD: bem-sucedido ou próspero, especialmente financeiramente.",88140
