idLU,lemmaName(en),senseDescription(en),idFrame,frameName,idPOS,lemmaName(pt),senseDescription(pt),idLemma(pt)
31394,vessel,"the term watercraft covers a range of different vehicles including ships, boats, hovercraft and submarines, and differs from a simple device that merely floats, such as a log raft.",1327,Sports_equipment,83,vaso,"O termo ""embarcação"" abrange uma gama de diferentes veículos, incluindo navios, barcos, balsa e submarinos, e difere de um dispositivo simples que simplesmente flutua, como uma balsa de troncos.",694
21718,trial,"a challenge, trial or a trial run.",1328,Sports_event,83,teste,"um desafio, um teste ou uma prova experimental.",9320
31406,bout,"a short period of intense activity of a specified kind. A wrestling, boxing or fencing match.",1328,Sports_event,83,bote,"Um curto período de atividade intensa de um tipo especificado. Uma luta de wrestling, boxe ou esgrima.",15629
31408,performance,"act, process or effect of presentation in any sport.",1328,Sports_event,83,desempenho,"ato, processo ou efeito de apresentação em qualquer esporte.",19367
31172,dive,"in football, it is a matter of taking the referee to grant a foul in favor of your team.",1330,Indirect_fouls,86,mergulhar,"No futebol, é uma questão de levar o árbitro a conceder um pênalti a seu time.",120922
3427,guest,"a person interested in visiting a place where they do not reside, or enjoys the benefits of an attraction.",1338,People_by_leisure_activity,83,hóspede,"Uma pessoa interessada em visitar um lugar onde não reside, ou desfruta dos benefícios de uma atração.",9473
25542,bather,"a person that goes to the beach, lake or river with the purpose of rest and entertain.",1338,People_by_leisure_activity,83,Banheiro,"Uma pessoa que vai à praia, ao lago ou ao rio com o propósito de descanso e entretenimento.",6811
25547,attendee,"a person who always goes to the same place.",1338,People_by_leisure_activity,83,atendente,"Uma pessoa que sempre vai ao mesmo lugar.",9027
2988,bicyclist,"an athlete who practices BMX cycling, road cycling, mountain biking or track cycling.",1341,Athletes_by_sport,83,Bicicleta,"Um atleta que pratica ciclismo de BMX, ciclismo de estrada, ciclismo de montanha ou ciclismo em pista.",636
2989,bicycler,"an athlete who practices BMX cycling, road cycling, mountain biking or track cycling.",1341,Athletes_by_sport,83,Bicicleta,"Um atleta que pratica ciclismo de BMX, ciclismo de estrada, ciclismo de montanha ou ciclismo em pista.",636
