idLU,lemmaName(en),senseDescription(en),idFrame,frameName,idPOS,lemmaName(pt),senseDescription(pt),idLemma(pt)
13618,expound,"COD: present and explain (a theory or idea) systematically. ",426,Speak_on_topic,86,expor,"COD: apresentar e explicar (uma teoria ou ideia) de forma sistemática.",121072
13619,preach,"COD: deliver a religious address to an assembled group of people",426,Speak_on_topic,86,pregar,"COD: proferir um discurso religioso para um grupo reunido de pessoas",132900
13629,lecture,"COD: an educational talk to an audience, especially one of students in a university.",426,Speak_on_topic,83,Aula,"COD: uma palestra educacional para um público, especialmente de estudantes universitários.",6560
13631,deal,"FN: speak on a particular topic.",426,Speak_on_topic,86,tratar,"Fale sobre um assunto específico.",120628
13638,master,"COD: a man who has people working for him, especially servants or slaves. ",427,Subordinates_and_superiors,83,mestre,"COD: um homem que tem pessoas trabalhando para ele, especialmente servos ou escravos.",8826
13639,servant,"COD: a devoted and helpful follower or supporter.",427,Subordinates_and_superiors,83,servente,"COD: um devoto e prestativo seguidor ou apoiador.",9076
13641,assistant,"COD: a person who ranks below a senior person.",427,Subordinates_and_superiors,83,assistente,"COD: uma pessoa que ocupa um posto inferior ao de um sênior.",37198
13648,serve,"FN: To act for the benefit of or on behalf of another, typically a <fen>Superior</fen>.",427,Subordinates_and_superiors,86,servir,"FN: Agir no interesse ou em nome de outro, normalmente um <fen>Superior</fen>.",116867
13660,call,"COD: require; demand",429,Deserving,86,chamar,"COD: exigir; demanda",117316
13663,claim,"FN: take or declare rightful ownership of.",430,Claim_ownership,86,reivindicar,"FN: tomar ou declarar propriedade legítima de.",133592
13664,call,"FN: lay claim on something as one' s right.",430,Claim_ownership,86,chamar,"FN: reivindicar algo como seu direito.",117316
13675,deed,"COD: a legal document, especially one relating to property ownership or legal rights.",431,Documents,83,ato,"COD: um documento legal, especialmente aquele relacionado à propriedade ou direitos legais.",8559
13684,writ,"COD:  a form of written command in the name of a court or other legal authority to do or abstain from doing a specified act",431,Documents,83,escrita,"COD: uma forma de comando escrito em nome de um tribunal ou outra autoridade jurídica para fazer ou abster-se de fazer uma ato específico",62641
13686,will,"COD: a legal document containing instructions for the disposition of one' s money and property after one' s death",431,Documents,83,irá,"COD: um documento legal que contém instruções para a disposição do dinheiro e dos bens de alguém após sua morte",10663
13690,ruling,"FN: a decision made by court",431,Documents,83,regra,"FN: uma decisão tomada pelo tribunal",32050
25328,right,"a written formal act that authorizes someone to act in name of justice.",431,Documents,83,direita,"ato escrito formal que autoriza alguém a agir em nome da justiça.",8851
13713,assassinate,"FN: to kill (a powerful person) for political motives",433,Killing,86,assassinato,"FN: matar (uma pessoa poderosa) por motivos políticos",14164
13715,eliminate,"FN: to murder (used as a euphemism)",433,Killing,86,eliminar,"FN: assassinar (usado como eufemismo)",117068
