idLU,lemmaName(en),senseDescription(en),idFrame,frameName,idPOS,lemmaName(pt),senseDescription(pt),idLemma(pt)
8680,mall,"COD: a large enclosed shopping area from which traffic is excluded. ",157,Buildings,83,"centro comercial","COD: uma grande área de compras fechada da qual o tráfego é excluído.",
8681,manor,"COD: a large country house with lands. ",157,Buildings,83,manor,"COD: uma grande casa de campo com terrenos.",
8684,outbuilding,"COD: a smaller detached building in the grounds of a main building. ",157,Buildings,83,outbuilding,"COD: um edifício menor e independente nos terrenos de um edifício principal.",
8685,outhouse,"COD: a smaller building built on to or in the grounds of a house, or an outside toilet. ",157,Buildings,83,"banheiro externo","COD: um edifício menor construído nos terrenos de uma casa ou um banheiro externo.",
8686,pagoda,"COD: a Hindu or Buddhist temple or sacred building, typically having a many-tiered tower. ",157,Buildings,83,pagoda,"COD: um templo hindu ou budista ou edifício sagrado, geralmente com uma torre de vários andares.",
8689,penthouse,"COD: a flat on the top floor of a tall building, typically luxuriously fitted and offering fine views. ",157,Buildings,83,penthouse,"COD: um apartamento no último andar de um prédio alto, geralmente luxuosamente mobiliado e oferecendo vistas deslumbrantes.",
8691,rotunda,"COD: a round building or room, especially one with a dome. ",157,Buildings,83,redonda,"COD: um edifício ou sala redonda, especialmente com uma cúpula.",
8692,shebang,"COD: a rough hut or shelter. ",157,Buildings,83,#!,"COD: uma cabana ou abrigo rústico.",
8693,shed,"COD: a simple roofed structure, typically of wood and used for storage or to shelter animals, or a larger structure, typically with one or more sides open, for storing vehicles or machinery, or an open-sided building for shearing sheep or milking cattle. ",157,Buildings,83,derramar,"COD: uma estrutura simples e coberta, geralmente de madeira, utilizada para armazenamento ou abrigo de animais, ou uma estrutura maior, geralmente com uma ou mais laterais abertas, para armazenar veículos ou máquinas, ou um edifício de lados abertos para tecer lã ou ordenhar vacas.",
8695,stable,"COD: a building for housing horses. ",157,Buildings,83,estável,"COD: um edifício para abrigar cavalos.",
8698,synagogue,"COD: a building where a Jewish assembly or congregation meets for religious observance and instruction. ",157,Buildings,83,synagoga,"COD: um edifício onde uma assembleia ou congregação judaica se reúne para observância e instrução religiosa.",
8699,tabernacle,"COD: a fixed or movable habitation, typically of light construction.",157,Buildings,83,tabernáculo,"COD: uma habitação fixa ou móvel, tipicamente de construção leve.",
8701,tepee,"COD: a conical tent made of skins or cloth on a frame of poles, used by American Indians of the Plains and Great Lakes regions. ",157,Buildings,83,Tente,"COD: uma tenda cônica feita de peles ou pano sobre uma estrutura de varetas, usada pelos índios americanos das planícies e regiões dos Grandes Lagos.",
8705,wigwam,"COD: a dome-shaped or conical dwelling made by fastening mats, skins, or bark over a framework of poles.",157,Buildings,83,wigwam,"COD: uma moradia em forma de cúpula ou cônica feita prendendo tapetes, peles ou casca sobre um quadro de varas.",
8706,hacienda,"COD: a large estate with a house. ",157,Buildings,83,hacienda,"COD: uma grande propriedade com uma casa.",
8707,homestead,"COD: a house, especially a farmhouse, and outbuildings. ",157,Buildings,83,homestede,"COD: uma casa, especialmente uma fazenda, e dependências.",
8708,bunker,"COD: a large container or compartment for storing fuel, or a reinforced underground shelter for use in wartime. ",157,Buildings,83,bunker,"COD: um grande recipiente ou compartimento para armazenar combustível, ou um abrigo subterrâneo reforçado para uso em guerra.",
8722,citadel,"COD: a fortress protecting or dominating a city.",157,Buildings,83,citadel,"COD: uma fortaleza que protege ou domina uma cidade.",
8726,high-rise,"FN: a tall, many-storied building.",157,Buildings,83,"prédio alto","FN: um edifício alto e de vários andares.",
8727,quarters,"FN: lodgings, especially for members of the military or their families.",157,Buildings,83,quartos,"FN: acomodações, especialmente para membros das forças armadas ou suas famílias.",
20059,"art center",,157,Buildings,83,"centro de artes",,
20062,"children amusement center",,157,Buildings,83,"Centro de diversão infantil",,
20063,"spiritist center",,157,Buildings,83,"centro espiritualista",,
20066,"movie theater",,157,Buildings,83,"teatro de cinema",,
20068,"shooting range",,157,Buildings,83,pistrange,,
20069,"rehabilitation center",,157,Buildings,83,"centro de reabilitação",,
20070,"theater company",,157,Buildings,83,"empresa de teatro",,
20071,"water utility company",,157,Buildings,83,"empresa de serviços públicos de água",,
20072,"district council",,157,Buildings,83,"conselho distrital",,
20076,"passport office",,157,Buildings,83,"serviço de passaportes",,
20079,"corporate office",,157,Buildings,83,"escritórios corporativos",,
20080,"rescue squad",,157,Buildings,83,"Equipe de resgate",,
20081,"radio broadcaster",,157,Buildings,83,radio-difusor,,
20082,"water treatment plant",,157,Buildings,83,"planta de tratamento de água",,
20090,"private hospital",,157,Buildings,83,"hospital privado",,
20093,"real estate agency",,157,Buildings,83,"agência imobiliária",,
20095,"maternity hospital",,157,Buildings,83,"hospital maternidade",,
20098,"heritage museum",,157,Buildings,83,"Museu de herança",,
20099,"local history museum",,157,Buildings,83,"Museu de história local",,
20101,"army museum",,157,Buildings,83,"Museu do Exército",,
20102,"amusement park",,157,Buildings,83,"Parque de diversões",,
20103,"medical clinic",,157,Buildings,83,"clínica médica",,
20104,"community health centre",,157,Buildings,83,"centro de saúde comunitário",,
20106,"tv film and video production company",,157,Buildings,83,"empresa de produção de filmes e vídeos para TV",,
20109,"urgent care center",,157,Buildings,83,"centro de atendimento urgente",,
20110,"city government office",,157,Buildings,83,"escritório de governo municipal",,
20111,"county government office",,157,Buildings,83,"escritório do governo do condado",,
20113,"party room",,157,Buildings,83,"salão de festas",,
20115,"banquet hall",,157,Buildings,83,"sala de banquetes",,
20120,"city department of public safety",,157,Buildings,83,"Departamento de Segurança Pública da Cidade",,
20121,"city department of environment",,157,Buildings,83,"Departamento municipal de meio ambiente",,
