idLU,lemmaName(en),senseDescription(en),idFrame,frameName,idPOS,lemmaName(pt),senseDescription(pt),idLemma(pt)
3039,fullback,"in rugby, it is the position of the athlete who is the last line of the defense, being confident under a high ball and is strong enough to make try-saving tackles. In field hockey, it is the position of the athlete who prevents the opposing wingers from advancing and crossing the ball. In football or soccer, it is the position of the athlete who occupies lateral positions in midfield.",1282,Athletes_by_position,83,fullback,"No rugby, é a posição do atleta que é a última linha da defesa, sendo confiante sob um chute alto e forte o suficiente para fazer tackles salvadores. No hóquei em campo, é a posição do atleta que impede os alas adversários de avançar e cruzar a bola. No futebol ou futebol, é a posição do atleta que ocupa posições laterais no meio-campo.",
3040,"right back","in handball, it is the position of the athlete is usually the tallest player on the team. When defending, they try to block shots, and in attack they are the long-range handball shooters. In volleyball, it is the position of the athlete who receives short and long balls, and supports the left front in the attack.",1282,Athletes_by_position,83,"direita de volta","No handebol, é a posição do atleta que geralmente é o jogador mais alto da equipe. Ao defender, eles tentam bloquear chutes, e no ataque são os atiradores de handebol de longa distância. No vôlei, é a posição do atleta que recebe bolas curtas e longas, e apoia a frente esquerda no ataque.",
28260,"second winger","in water polo, it is the position of the athlete who sets up the attack.",1282,Athletes_by_position,83,"segundo ala","No polo aquático, é a posição do atleta que armazena o ataque.",
28263,"shooting guard","in basketball, it is the position of the athlete who creates a high volume of shots on offense, generating opportunities for others to score points.",1282,Athletes_by_position,83,"armador de tiro","No basquetebol, é a posição do atleta que cria um grande volume de arremessos no ataque, gerando oportunidades para os outros marcarem pontos.",
28265,batter,"in baseball/softball, it is the position of the athlete who is at home plate and tries to reach base safely by hitting the pitch into play and advancing around the bases.",1282,Athletes_by_position,83,bater,"No beisebol ou no softbol, é a posição do atleta que está na placa de casa e tenta chegar à base com segurança acertando a bola em jogo e avançando pelas bases.",
28266,hitter,"in baseball and softball, it is the athlete who hits the ball with the bat.",1282,Athletes_by_position,83,rebatidor,"No beisebol e no softbol, é o atleta que atinge a bola com o bastão.",
28300,"center back","in water polo, it is the position of the athlete who stands in the attack between the two-meter line and the five-meter line. In volleyball, is the position of the athlete who receives long balls and returns them by a blockage. In football or soccer, it is the position of the athlete who acts in front of the goalkeeper in the defensive position of the team.",1282,Athletes_by_position,83,centro-traseiro,"No polo aquático, é a posição do atleta que fica no ataque entre a linha de dois metros e a linha de cinco metros. No vôlei, é a posição do atleta que recebe bolas longas e as devolve por um bloqueio. No futebol ou futebol, é a posição do atleta que age na frente do goleiro na posição defensiva da equipe.",
28301,"center forward","in water polo, it is the position of the athlete who stands in the attack between the two-meter line and the five-meter line. In field hockey, it is the position of the athlete who scores the most goals and marks the opposing fullbacks. In football or soccer, it is the position of the athlete who acts in the center of the attack line and seeks goal opportunities.",1282,Athletes_by_position,83,centro-avante,"No polo aquático, é a posição do atleta que fica no ataque entre a linha de dois metros e a linha de cinco metros. No hóquei em campo, é a posição do atleta que marca mais gols e marca os defensores adversários. No futebol ou futebol, é a posição do atleta que age na linha de ataque central e procura oportunidades de gol.",
28306,"point man","in certain sports, it is the position that directs the attacking moves on the team. The athlete who occupies this position also marks the opposing center forward.",1282,Athletes_by_position,83,"punho de ferro","Em alguns esportes, é a posição que orienta os movimentos de ataque da equipe. O atleta que ocupa essa posição também marca o centro adversário.",
28307,driver,"in certain sports, it is the position that directs the attacking moves on the team. The athlete who occupies this position also marks the opposing center forward.",1282,Athletes_by_position,83,condutor,"Em alguns esportes, é a posição que dirige os movimentos de ataque da equipe. O atleta que ocupa essa posição também marca o centro adversário.",
28606,pitcher,"in baseball/softball, it is the position of the athlete who throws the ball into play by pitching it to the batter at home plate.",1282,Athletes_by_position,83,pitcher,"No beisebol ou no softbol, é a posição do atleta que lança a bola para o jogo, arremessando-a para o rebatedor na placa de home.",
28805,"first winger","in water polo, is the position of the athlete who is offensive and positioned on the two-meter line.",1282,Athletes_by_position,83,"primeiro ala","No polo aquático, é a posição do atleta que é ofensivo e posicionado na linha de dois metros.",
28806,"first driver","in water polo, it is the position of the athlete who stands beside the center forward and tries to move the ball into the offense.",1282,Athletes_by_position,83,"primeiro motorista","No polo aquático, é a posição do atleta que fica ao lado do centro-avante e tenta mover a bola para o ataque.",
28807,"second driver","in water polo, it is the position of the athlete who supports the first driver to set up goal  opportunities.",1282,Athletes_by_position,83,"segundo motorista","No polo aquático, é a posição do atleta que apoia o primeiro motorista para criar oportunidades de gol.",
28808,"central defender","in football or soccer, it is the position of the athlete who acts in front of the goalkeeper in the defensive position of the team.",1282,Athletes_by_position,83,"defensor central","No futebol ou no futebol, é a posição do atleta que age na frente do goleiro na posição defensiva da equipe.",
28809,"power forward","in basketball, it is the position of the athlete who is physically imposing, being an aggressive rebounder and scoring most of their points two meters from the basket. ",1282,Athletes_by_position,83,"poder para frente","No basquetebol, é a posição do atleta que é fisicamente imponente, sendo um reboteiro agressivo e marcando a maioria de seus pontos a dois metros da cesta.",
28811,playmaker,"in basketball, it is the position of the athlete who is the fastest on the team, organizing the offense and generating scoring opportunities. In handball, it is the position of the player who directs play in both defense and attack, setting up the tactics and the players in shooting positions. In football or soccer, it is the position of the athlete who acts in midfield, setting plays and having a great view of the game.",1282,Athletes_by_position,83,playmaker,"No basquete, é a posição do atleta que é o mais rápido da equipe, organizando o ataque e criando oportunidades de pontuação. No handebol, é a posição do jogador que dirige o jogo tanto na defesa quanto no ataque, montando as táticas e os jogadores em posições de chute. No futebol ou futebol, é a posição do atleta que age no meio-campo, montando jogadas e tendo uma grande visão do jogo.",
28812,"point guard","in basketball, it is the position of the athlete who is the fastest on the team, organizing the offense and generating scoring opportunities.",1282,Athletes_by_position,83,"armador de jogo","No basquetebol, é a posição do atleta que é o mais rápido da equipe, organizando o ataque e gerando oportunidades de pontuação.",
28813,"circle runner","in handball, it is the position of the player who disrupts rivals while defending, being quick and extending chances for their teammates at scoring.",1282,Athletes_by_position,83,"corredor de círculo","No handebol, é a posição do jogador que desestabiliza os adversários enquanto defende, sendo rápido e estendendo as chances para seus companheiros de equipe marcarem gols.",
28814,pivot,"in handball, it is the position of the player who disrupts rivals while defending, being quick and extending chances for their teammates at scoring.",1282,Athletes_by_position,83,pivotar,"No handebol, é a posição do jogador que desestabiliza os adversários enquanto defende, sendo rápido e estendendo as chances para seus companheiros de equipe marcarem.",
28815,"right winger","in handball, it is the position of the athlete that is fast, good at offense and acts near the sideline of the court.",1282,Athletes_by_position,83,direita-zinha,"No handebol, é a posição do atleta que é rápido, bom no ataque e age perto da lateral da quadra.",
28816,"left back","in handball, it is the position of the athlete that is strong and very important in offensive and defensive actions, having a strong long range throw. In volleyball, it is the position of the athlete who receives short and long balls, and supports the left front in the attack.",1282,Athletes_by_position,83,esquerdo,"No handebol, é a posição do atleta que é forte e muito importante em ações ofensivas e defensivas, tendo um arremesso de longa distância forte. No vôlei, é a posição do atleta que recebe bolas curtas e longas, e apoia o lado esquerdo da frente no ataque.",
28817,"left winger","in handball, it is the position of the athlete is usually the tallest player on the team. When defending, they try to block shots, and in attack they are the long-range handball shooters.",1282,Athletes_by_position,83,ala-esquerda,"No handebol, é a posição do atleta geralmente o jogador mais alto da equipe. Ao defender, tentam bloquear os chutes, e no ataque são os atiradores de handebol de longa distância.",
28818,bow,"in rowing, it is the first to cross the finish line and the athlete who helps to balance the boat.",1282,Athletes_by_position,83,curvar,"No remo, é o primeiro a cruzar a linha de chegada e o atleta que ajuda a equilibrar o barco.",
28820,cox,"in rowing, it is position of the athlete who guides the rowers and applies the strategies.",1282,Athletes_by_position,83,cox,"No remo, é a posição do atleta que guia os remadores e aplica as estratégias.",
28821,coxwain,"in rowing, it is position of the athlete who guides the rowers and applies the strategies.",1282,Athletes_by_position,83,coxão,"No remo, é a posição do atleta que guia os remadores e aplica as estratégias.",
28831,fly-half,"in rugby, it is the position of the athlete who orchestrates the team’s performance, receiving the ball and deciding to kick, pass or make a break.",1282,Athletes_by_position,83,fly-half,"No rugby, é a posição do atleta que encena o desempenho da equipe, recebendo a bola e decidindo chutar, passar ou fazer uma quebra.",
28832,"loosehead prop","in rugby, it is the position of the athlete who is responsible for holding the hooker, advancing the melee and pushing the opponent to avoid that they advance.",1282,Athletes_by_position,83,"prop de cabeça solta","No rúgbi, é a posição do atleta responsável por segurar o gancho, avançar na linha e empurrar o oponente para evitar que eles avancem.",
28833,loosehead,"in rugby, it is the position of the athlete who is responsible for holding the hooker, advancing the melee and pushing the opponent to avoid that they advance.",1282,Athletes_by_position,83,"cabeça solta","No rugby, é a posição do atleta responsável por segurar o ganchoiro, avançar na mescla e empurrar o adversário para evitar que eles avancem.",
28834,"tighthead prop","in rugby, it is the position of the athlete who is responsible for holding the hooker, advancing the melee and pushing the opponent to avoid that they advance.",1282,Athletes_by_position,83,"prop de cabeça apertada","No rugby, é a posição do atleta responsável por segurar o hooker, fazer avançar a linha e empurrar o oponente para evitar que eles avancem.",
28835,tighthead,"in rugby, it is the position of the athlete who is responsible for holding the hooker, advancing the melee and pushing the opponent to avoid that they advance.",1282,Athletes_by_position,83,"cabeça dura","No rugby, é a posição do atleta responsável por segurar o gancho, avançar na linha e empurrar o oponente para evitar que eles avancem.",
28836,hooker,"in rugby, it is the position of the athlete who is responsible for getting the ball and passing it with his heel to his back teammates.",1282,Athletes_by_position,83,prostituta,"No rugby, é a posição do atleta responsável por pegar a bola e passar com o calcanhar para seus companheiros de trás.",
28841,"center front","in volleyball, it is the position of the athlete who blocks the attack of the other team.",1282,Athletes_by_position,83,"centro da frente","No voleibol, é a posição do atleta que bloqueia o ataque da outra equipe.",
28842,"middle hitter","in volleyball, it is the position of the athlete who blocks the attack of the other team.",1282,Athletes_by_position,83,"atleta de meio de rede","No voleibol, é a posição do atleta que bloqueia o ataque da outra equipe.",
28843,"right side hitter","in volleyball, it is the position of the athlete who decides the attack strategy and places balls for the left front.",1282,Athletes_by_position,83,"direita de ataque","No voleibol, é a posição do atleta que decide a estratégia de ataque e coloca bolas para o lado esquerdo da frente.",
28844,"right front","in volleyball, it is the position of the athlete who decides the attack strategy and places balls for the left front.",1282,Athletes_by_position,83,"direita da frente","No voleibol, é a posição do atleta que decide a estratégia de ataque e coloca bolas para o lado esquerdo da frente.",
28845,"left front","in volleyball, it is the position of the athlete who leads the attack and tries to score points with shots.",1282,Athletes_by_position,83,"esquerda da frente","No voleibol, é a posição do atleta que lidera o ataque e tenta marcar pontos com chutes.",
28846,setter,"in volleyball, it is the position of the athlete who leads the attack and tries to score points with shots.",1282,Athletes_by_position,83,setter,"No voleibol, é a posição do atleta que lidera o ataque e tenta marcar pontos com chutes.",
28848,passer,"position of the athlete who passes the baton in relay events.",1282,Athletes_by_position,83,passar,"posição do atleta que passa o bastão em eventos de revezamento.",
28850,"center halfback","in field hockey, it is the position of the athlete who acts as the support of the defense and marks the center forward of the opponent. ",1282,Athletes_by_position,83,"meio-campista central","No hóquei em campo, é a posição do atleta que age como suporte da defesa e marca o centro-avante do adversário.",
28851,"inside forward","in field hockey, it is the position of the athlete who turns defense into attack by feeding the ball to the forwards. ",1282,Athletes_by_position,83,"avançado central","No hóquei em campo, é a posição do atleta que transforma a defesa no ataque fornecendo a bola aos atacantes.",
28852,infielder,"in baseball/softball, it is the position of the athlete who is one of the four defensive positions and play at their respective bases.",1282,Athletes_by_position,83,intermediário,"No beisebol/softbol, é a posição do atleta que é uma das quatro posições defensivas e joga em suas respectivas bases.",
28853,outfielder,"in baseball/softball, it is the position of the athlete who catches fly balls and ground balls, then to return them to the infield for the out or before the runner advances, if there is any runners on the bases.",1282,Athletes_by_position,83,Outfielder,"No beisebol ou no softbol, é a posição do atleta que pega bolas voadoras e bolas no chão, depois retorna ao campo interno para a eliminação ou antes de um corredor avançar, se houver corredores nas bases.",
28858,"defensive midfielder","in football or soccer, it is the position of the athlete who acts in midfield and has a more defensive posture.",1282,Athletes_by_position,83,"meio-campista defensivo","No futebol ou no esporte mais conhecido como ""futebol"" no Brasil, é a posição do atleta que age no meio-campo e tem uma postura mais defensiva.",
28859,"holding midfielder","in football or soccer, it is the position of the athlete who acts in midfield and has a more defensive posture.",1282,Athletes_by_position,83,"meio-campista defensivo","No futebol ou no futebol, é a posição do atleta que age no meio-campo e tem uma postura mais defensiva.",
28860,"top scorer","in football or soccer, it is the position of the athlete who scores the most goals in a match or competition.",1282,Athletes_by_position,83,"melhor marcador","No futebol ou no futebol, é a posição do atleta que marca mais gols em um jogo ou competição.",
28861,"leading scorer","in football or soccer, it is the position of the athlete who scores the most goals in a match or competition.",1282,Athletes_by_position,83,"artilheiro líder","No futebol ou no esporte mais conhecido como ""futebol"" no Brasil, é a posição do atleta que marca o maior número de gols em um jogo ou competição.",
28863,"starting player","it is the position of the athlete who occupies an official position at the beginning of the game.",1282,Athletes_by_position,83,"jogador inicial","É a posição do atleta que ocupa uma posição oficial no início do jogo.",
28864,sub,"it is the position of the athlete who does not start a match but is waiting to support the team and to come into play if necessary.",1282,Athletes_by_position,83,sub,"é a posição do atleta que não inicia uma partida, mas espera para apoiar a equipe e entrar em jogo se necessário.",
28865,substitute,"it is the position of the athlete who does not start a match but is waiting to support the team and to come into play if necessary.",1282,Athletes_by_position,83,substituir,"É a posição do atleta que não inicia uma partida mas espera para apoiar a equipe e entrar em jogo se necessário.",
1251,play,"an action performed by a player in a game.",1289,Moves,83,brincar,"uma ação realizada por um jogador em um jogo.",
1252,move,"an action performed by a player.",1289,Moves,83,mover,"Uma ação realizada por um jogador.",
29474,trick,"a skillful act performed in sports.",1289,Moves,83,truco,"Um ato habilidoso realizado em esportes.",
1274,ferry,"a boat that transports passengers and vehicles across a river, lake or sea.",1292,Means_of_transportation,83,barco-táxi,"Um barco que transporta passageiros e veículos através de um rio, lago ou mar.",
1275,ferryboat,"a boat that transports passengers and vehicles across a river, lake or sea.",1292,Means_of_transportation,83,barco-trem,"Um barco que transporta passageiros e veículos através de um rio, lago ou mar.",
3378,bargee,"a barge is a flat-bottomed boat, built mainly for river and canal transport of heavy goods. ",1292,Means_of_transportation,83,bargear,"Um barco é uma embarcação de fundo chato, construída principalmente para o transporte por rio e canais de mercadorias pesadas.",
