idLU,lemmaName(en),senseDescription(en),idFrame,frameName,idPOS,lemmaName(pt),senseDescription(pt),idLemma(pt)
34062,ready,"To be prepared for a situation, or event.",615,Stage_of_progress,84,pronto,"Preparar-se para uma situação ou evento.",71073
15488,agree,"COD:  reach agreement about.",616,Make_agreement_on_action,86,concordar,"COD: chegar a um acordo sobre.",125189
15489,agreement,"COD: a negotiated and typically legally binding arrangement.",616,Make_agreement_on_action,83,acordo,"COD: uma disposição negociada e tipicamente juridicamente vinculativa.",6645
15491,deal,"COD: an agreement entered into by two or more parties for their mutual benefit",616,Make_agreement_on_action,83,trato,"COD: um acordo celebrado entre duas ou mais partes para seu mútuo benefício",35106
15493,treaty,"FN: A formal agreement between two or more nations governed by international law.",616,Make_agreement_on_action,83,tratado,"FN: Um acordo formal entre duas ou mais nações regido pelo direito internacional.",6643
15494,settle,"FN: to come to terms with one party' s demands, or to come to compromise between two parties",616,Make_agreement_on_action,86,acordar,"FN: chegar a um acordo com as exigências de uma parte ou chegar a um compromisso entre duas partes",116897
15497,industry,"COD: a particular branch of economic or commercial activity",618,Fields,83,indústria,"COD: uma determinada ramificação da atividade econômica ou comercial",9570
15499,in,"COD: indicating someone' s occupation or profession.",618,Fields,90,em,"COD: indicando alguém ocupação ou profissão.",146475
15503,area,"COD: a subject or range of activity.",618,Fields,83,área,"COD: o objeto ou campo de atividade.",76
15508,literature,"FN: the study of written works, especially those regarded as having artistic merit.",618,Fields,83,literatura,"FN: o estudo de obras escritas, especialmente aquelas consideradas como tendo mérito artístico.",26465
15509,theater,"COD: a play or other activity considered in terms of its dramatic quality.",618,Fields,83,teatro,"COD: uma peça ou outra atividade considerada em termos de sua qualidade dramática.",24
34210,multicultural,"Composite of various cultures.",618,Fields,84,multicultural,"Composto de várias culturas.",86176
34384,political,"Related to politics.",618,Fields,84,político,"Relacionado à política.",87716
15525,supplier,"FN: the person or organization that provides a resource",619,Supply,83,fornecedor,"FN: a pessoa ou organização que fornece um recurso",36935
15526,equip,"COD: supply with the items needed for a particular purpose.",619,Supply,86,equipar,"COD: abastecer com os itens necessários para um propósito específico.",121036
15527,equipment,"COD: the process of supplying needed resources",619,Supply,83,equipamento,"COD: o processo de fornecer recursos necessários",21031
15528,outfit,"COD: provide with an outfit of clothes or equipment.",619,Supply,86,traje,"COD: fornecer com um conjunto de roupas ou equipamentos.",35000
15529,"fix up","COD: provide someone with something.",619,Supply,86,Consertar,"COD: fornecer algo para alguém.",120746
15531,issue,"FN: supply someone with something necessary",619,Supply,86,problema,"FN: fornecer a alguém algo necessário",6620
15533,afford,"FN: To make available",619,Supply,86,afogar,"FN: disponibilizar",122415
10656,beer,"FN: an alcoholic beverage made from malted grain fermented by yeast, usually flavored with hops.",621,Ingredients,83,cerveja,"FN: uma bebida alcoólica feita a partir de grãos maltados fermentados por levedura, geralmente aromatizada com lúpulo.",1276
15537,material,"COD: the matter from which a thing is or can be made",621,Ingredients,83,material,"COD: o assunto a partir do qual algo é ou pode ser feito",37701
