idLU,lemmaName(en),senseDescription(en),idFrame,frameName,idPOS,lemmaName(pt),senseDescription(pt),idLemma(pt)
31580,finishing,"in football and other sports, the end of a play that results in the goal.",1359,Winning_moves,83,acabando,"No futebol e em outros esportes, o fim de uma jogada que resulta no gol.",
32162,pin,"to force someone or something to stay in a particular place by putting weight on him, her, or it.",1359,Winning_moves,83,pinça,"Forçar alguém ou algo a ficar em um lugar específico colocando peso sobre ele, ela ou isso.",
33192,bang,"every time there is a three-point basket - in this case, they are decisive baskets.",1359,Winning_moves,83,Bum!,"Sempre que há uma cesta de três pontos - no caso, são cestas decisivas.",
33198,three,"a three-point field goal is a shot that is made from beyond the three-point line or arc. A three-point field goal is worth three points.",1359,Winning_moves,83,três,"um arremesso de três pontos é um arremesso feito além da linha ou arco de três pontos. Um arremesso de três pontos vale três pontos.",
1156,"penalty area","external rectangle area around the goal.",1364,Sports_venues_subparts,83,"área de penalidade","Área retangular externa ao redor do gol.",
1157,"goal area","internal rectangular area around the goal.",1364,Sports_venues_subparts,83,"área de meta","área retangular interna ao gol.",
1160,"penalty spot","spot in the penalty area from which the ball is kicked in the penalty kick.",1364,Sports_venues_subparts,83,"área de penalidade","área de penalidade de onde a bola é chutada no pênalti",
1164,"halfway line","the line that divides the field in half.",1364,Sports_venues_subparts,83,"meio da linha","a linha que divide o campo pela metade.",
1167,"corner flag","type of flag that is in the corners of a football field.",1364,Sports_venues_subparts,83,"bandeira de canto","tipo de bandeira que está nos cantos de um campo de futebol.",
3217,"lane line","a line that delimits the space in which two athletes compete, either on a race track or in water sports such as swimming or canoeing.",1364,Sports_venues_subparts,83,"faixa contínua","Uma linha que delimita o espaço em que dois atletas competem, seja em uma pista de corrida ou em esportes aquáticos como natação ou canoa.",
3225,"prize ring","a square ring where boxers fight.",1364,Sports_venues_subparts,83,"luta de boxe","Um ringue quadrado onde os boxeadores lutam.",
3226,"boxing ring","a square ring where boxers fight.",1364,Sports_venues_subparts,83,"ringue de boxe","Um ringue quadrado onde os boxeadores lutam.",
3227,ring,"a boxing ring is the space in which a boxing match occurs. A space, usually square, with elastic ropes around the edge, in which a boxing match is contested. A metal ring that supports a net through which basketball players try to pass the ball.",1364,Sports_venues_subparts,83,anel,"O ringue de boxe é o espaço em que ocorre uma luta de boxe. Um espaço, geralmente quadrado, com cordas elásticas ao redor da borda, em que uma luta de boxe é disputada. Um anel de metal que suporta uma rede por meio da qual jogadores de basquete tentam passar a bola.",
3228,ringside,"a square ring where boxers fight.",1364,Sports_venues_subparts,83,anillo,"Um ringue quadrado onde os boxeadores lutam.",
3230,"tatami mat","a type of mat used as a flooring material in traditional Japanese-style rooms.",1364,Sports_venues_subparts,83,Tateima-mat,"um tipo de tapete usado como material de revestimento de chão em quartos de estilo tradicional japonês.",
3459,grandstand,"bleachers or stands that are raised, tiered rows of benches found at sports fields and other spectator events.;Seating, usually tiered, exposed to the elements, especially the sun, for spectators in outdoor venues.",1364,Sports_venues_subparts,83,palanque,"Bancadas ou arquibancadas elevadas, fileiras de bancos encontradas em campos esportivos e outros eventos para espectadores; Assentos, geralmente em camadas, expostos aos elementos, especialmente ao sol, para espectadores em locais ao ar livre.",
3460,"covered stand","a stand at a racecourse or stadium consisting of tiers with rows of individual seats that are under a protective roof.",1364,Sports_venues_subparts,83,"Estação coberta","uma arquibancada em um hipódromo ou estádio que consiste em degraus com fileiras de assentos individuais que estão sob um telhado protetor.",
22111,"touch line","either of the sidelines in soccer or rugby.",1364,Sports_venues_subparts,83,"linha de toque","Qualquer um dos lados laterais no futebol ou rúgbi.",
22116,carpet,"floor covering consisting of a piece of thick heavy fabric usually with nap or pil.",1364,Sports_venues_subparts,83,carpet,"Revestimento de chão que consiste numa peça de tecido grosso e pesado geralmente com pelo ou veludo.",
22117,mat,"soft or firm structure used by gymnasts to cushion the fall on landings. A piece of coarse material placed on a floor for people to wipe their feet on.",1364,Sports_venues_subparts,83,mat,"Estrutura macia ou firme utilizada por ginastas para amortecer a queda nos desembarques. Um pedaço de material áspero colocado no chão para as pessoas passarem os pés.",
22118,floormat,"a thick flat pad used as a floor covering.",1364,Sports_venues_subparts,83,"tapete de chão","Um grande e achatado tapete usado como cobertura de chão.",
29384,rim,"a metal ring that supports a net through which basketball players try to pass the ball.",1364,Sports_venues_subparts,83,rolo,"Um anel de metal que sustenta uma rede por onde os jogadores de basquete tentam passar a bola.",
29385,backboard,"a horizontal circular metal hoop supporting a net through which players try to throw the basketball.",1364,Sports_venues_subparts,83,backboard,"Uma horizontal circular de metal para apoiar uma rede através da qual os jogadores tentam lançar o basquetebol.",
29389,"water jump","a structure formed by a water hole placed after obstacles in steeplechase events.",1364,Sports_venues_subparts,83,"salto de água","A estrutura formada por um buraco de água colocado após obstáculos em eventos de corrida com obstáculos.",
29390,"water pit","a structure formed by a water hole placed after obstacles in steeplechase events.",1364,Sports_venues_subparts,83,"Poço de água","A estrutura formada por um buraco de água colocado após obstáculos em eventos de corrida com obstáculos.",
29394,"takeoff board","a structure used to boost the athlete in jumps.",1364,Sports_venues_subparts,83,"placa de decolagem","Uma estrutura usada para impulsionar o atleta em saltos.",
29401,"landing pit","the landing area for the high and long jump and the pole vault events consisting of a pit filled with sawdust or soft loam to cushion the impact.",1364,Sports_venues_subparts,83,"poço de pouso","a área de aterrissagem para o salto em altura e salto com vara, consistindo de uma vala preenchida com serragem ou lama macia para amortecer o impacto.",
29402,pit,"the landing area for the high and long jump and the pole vault events consisting of a pit filled with sawdust or soft loam to cushion the impact.",1364,Sports_venues_subparts,83,pito,"a área de aterrissagem para o salto em altura e salto com vara e os eventos consistindo de uma vala preenchida com serragem ou argila macia para amortecer o impacto.",
31089,"throwing circle","in track and field, it is the area in which the athlete is allowed to stay during discus, javelin or hammer throws and shot put.",1364,Sports_venues_subparts,83,"lançamento de círculo","No atletismo, é a área em que o atleta é permitido ficar durante os arremessos de disco, dardo ou martelo e arremesso de peso.",
31189,post,"in football, handball, water polo, field hockey, it is the set formed by two posts, linked together by the crossbar, which delimits the goal.",1364,Sports_venues_subparts,83,postagem,"No futebol, handebol, polo aquático, hóquei em campo, é o conjunto formado por dois postes, unidos pela trave, que delimita o gol.",
31254,"swimming pool","a water tank suitable for swimming, diving and other sports.",1364,Sports_venues_subparts,83,"piscina de natação","Um tanque de água adequado para natação, mergulho e outros esportes.",
31301,cage,"equipment composed of a set of three screens or grids in the shape of a square, the last part being open, in which the athlete practices the discus. This equipment is intended for protection so that the disc is not thrown against the bleachers.",1364,Sports_venues_subparts,83,cageira,"Equipamento composto por um conjunto de três telas ou grades em formato retangular, a última parte sendo aberta, em que o atleta pratica o lançamento do disco. Este equipamento é destinado à proteção para que o disco não seja lançado contra as arquibancadas.",
31331,crossbar,"a horizontal bar that connects the two posts.  It can be horizontal in sports structures that must be overcome without dropping it.",1364,Sports_venues_subparts,83,"trave transversal","A barra horizontal que conecta as duas estacas. Pode ser horizontal em estruturas esportivas que devem ser superadas sem soltar.",
31391,padding,"soft or firm structure used by gymnasts to cushion the fall on landings.",1364,Sports_venues_subparts,83,padding,"Estrutura macia ou firme utilizada por ginastas para amortecer a queda nas aterrissagens.",
31718,"end line","line that connects the two touch lines, delimiting the back of each half of the field and also indicating the limit of the field and the goal. In a volleyball court, it is the line that marks the service zone. The player must serve the ball staying behind this line.",1364,Sports_venues_subparts,83,"fim da linha","linha que conecta as duas linhas de toque, delimitando a parte de trás de cada metade do campo e também indicando o limite do campo e o gol. Em uma quadra de vôlei, é a linha que marca a zona de serviço. O jogador deve servir a bola ficando atrás desta linha.",
31723,stands,"part of the sports facility where the fans are accommodated.",1364,Sports_venues_subparts,83,está,"parte da instalação esportiva onde os fãs são acomodados.",
31724,bleachers,"part of the sports facility where the fans are accommodated.",1364,Sports_venues_subparts,83,Paiões,"parte da instalação esportiva onde os fãs são acomodados.",
31731,"vip box","a place separated by partitions from the rest of the audience and open towards the stage, with chairs or armchairs to accommodate some spectators.",1364,Sports_venues_subparts,83,"Caixa VIP","um lugar separado do resto do público por divisórias e voltado para o palco, com cadeiras ou poltronas para acomodar alguns espectadores.",
31734,"ticket office","place of the sports facility where it is possible to purchase a ticket for the sporting event.",1364,Sports_venues_subparts,83,"balcão de bilhetes","local da instalação esportiva onde é possível comprar um ingresso para o evento esportivo.",
31737,"commentary box","location of the sports facility from which sporting events are broadcast.",1364,Sports_venues_subparts,83,"caixa de comentários","localização da instalação esportiva de onde os eventos esportivos são transmitidos.",
31739,"penalty box","external rectangle area around the goal.",1364,Sports_venues_subparts,83,"caixa de penalidade","Área retangular externa em volta do gol.",
31741,"penalty arc","half-circle in the field connected to the top of the penalty area",1364,Sports_venues_subparts,83,"penalidade de arco","meia-lua no campo conectado ao topo da área de penalidade",
31742,"goal area line","line that marks the goal area in the field.",1364,Sports_venues_subparts,83,"zona de meta","linha que marca a área do gol no campo.",
31744,"goal area marking","line that marks the goal area in the field.",1364,Sports_venues_subparts,83,"marcação da área de gol","linha que marca a área do gol no campo.",
31746,"penalty area line","line that marks the penalty area in the field.",1364,Sports_venues_subparts,83,"linha da área penal","linha que marca a área de penalidade no campo.",
31747,"penalty area marking","line that marks the penalty area in the field.",1364,Sports_venues_subparts,83,"marcação da área penal","linha que marca a área de penalidade no campo.",
31748,"corner flagpost","type of flag that is in the corners of a football field.",1364,Sports_venues_subparts,83,"mastro de esquina","tipo de bandeira que está nos cantos de um campo de futebol.",
31749,flagpost,"type of flag that is in the corners of a football field.",1364,Sports_venues_subparts,83,"mastro de sinalização","tipo de bandeira que está nos cantos de um campo de futebol.",
31779,"pitcher's mound","in a baseball field, it is where the pitcher stays. It stands up to ten centimeters higher than the home plate.",1364,Sports_venues_subparts,83,"montinho do arremessador","No campo de beisebol, é onde o arremessador fica. Ele fica até dez centímetros mais alto que a placa de casa.",
31780,"pitcher's plate","in a baseball field, it is where the pitcher stays. It stands up to ten centimeters higher than the home plate.",1364,Sports_venues_subparts,83,"placa do arremessador","No campo de beisebol, é onde o arremessador fica. Ele fica até dez centímetros mais alto que a placa de casa.",
31791,"first base","in the baseball field, after hitting the ball, the batter runs from home plate to first base. It is a busy part of the field. Many outs are made here.",1364,Sports_venues_subparts,83,"base primeiro","No campo de beisebol, depois de acertar a bola, o rebatedor corre da placa de casa para a primeira base. É uma parte movimentada do campo. Muitas eliminações são feitas aqui.",
31792,backstop,"in a baseball field, the backstop net behind home plate keeps the crowd safe but still gives the spectators a great view of the game.",1364,Sports_venues_subparts,83,backstop,"Em um campo de beisebol, a rede de proteção atrás do home plate mantém o público seguro, mas ainda oferece uma ótima visão do jogo para os espectadores.",
31793,"home plate","in a baseball field, it is also called the fourth base and is a pentagonal rubber mat known simply as home or the plate.",1364,Sports_venues_subparts,83,"placa de casa","Em um campo de beisebol, também é chamado de quarta base e é uma esteira de borracha pentagonal conhecida simplesmente como casa ou placa.",
