idLU,lemmaName(en),senseDescription(en),idFrame,frameName,idPOS,lemmaName(pt),senseDescription(pt),idLemma(pt)
9191,country,"COD: districts outside large urban areas",176,Locale_by_use,83,país,"COD: distritos fora das grandes áreas urbanas",6583
9193,countryside,"COD: the land and scenery of a rural area",176,Locale_by_use,83,campo,"COD: o terreno e as paisagens de uma área rural",154
9195,city,"FN: an inhabited place of greater size than a town or village",176,Locale_by_use,83,cidade,"FN: um lugar habitado de tamanho maior que uma cidade ou aldeia",6550
9197,village,"COD: a group of houses situated in a rural area, larger than a hamlet and smaller than a town.",176,Locale_by_use,83,aldeia,"COD: um grupo de casas situado numa área rural, maior do que uma aldeia e menor do que uma cidade.",6670
9198,center,"COD: a place or group of buildings where a specified activity is concentrated.",176,Locale_by_use,83,centro,"COD: um lugar ou grupo de edifícios onde uma atividade específica é concentrada.",6688
9199,facility,"FN: a building, part of a building, or other area designated and equipped for a particular use.",176,Locale_by_use,83,instalação,"FN: um edifício, parte de um edifício ou outra área designada e equipada para um uso específico.",865
9201,installation,"COD:  military or industrial establishment",176,Locale_by_use,83,instalação,"Estabelecimento militar ou industrial",865
9206,plant,"COD: a place where an industrial or manufacturing process takes place.",176,Locale_by_use,83,planta,"COD: um lugar onde um processo industrial ou de fabricação ocorre.",30417
9208,depot,"COD: a place for the storage of large quantities of a commodity.",176,Locale_by_use,83,depósito,"COD: um local para armazenar grandes quantidades de uma mercadoria.",8651
9212,factory,"COD: a building or buildings where goods are manufactured or assembled chiefly by machine",176,Locale_by_use,83,fábrica,"COD: um edifício ou edifícios onde mercadorias são fabricadas ou montadas principalmente por máquina",7756
9214,"parking lot","FN: an area used for the parking of vehicles.",176,Locale_by_use,83,Estacionamento,"FN: uma área utilizada para o estacionamento de veículos.",6881
9215,base,"COD: a centre of operations for military or other activity.",176,Locale_by_use,83,base,"COD: um centro de operações para atividades militares ou outras.",8842
9217,courtyard,"COD: an open area enclosed by walls or buildings, especially in a castle or large house.",176,Locale_by_use,83,pátio,"COD: uma área aberta cercada por paredes ou edifícios, especialmente em um castelo ou casa grande.",29710
9220,restaurant,"COD: a place where people pay to sit and eat meals that are cooked and served on the premises.",176,Locale_by_use,83,restaurante,"COD: um lugar onde as pessoas pagam para sentar e comer refeições que são cozidas e servidas no local.",521
9221,museum,"COD: a building in which objects of historical, scientific, artistic, or cultural interest are stored and exhibited.",176,Locale_by_use,83,museu,"COD: um edifício no qual objetos de interesse histórico, científico, artístico ou cultural são armazenados e exibidos.",890
9222,gallery,"COD: a room or building for the display or sale of works of art.",176,Locale_by_use,83,galeria,"COD: uma sala ou edifício para exposição ou venda de obras de arte.",9409
9223,garden,"FN: a small plot of land used for growing vegetables and/or flowers.",176,Locale_by_use,83,jardim,"FN: um pequeno terreno usado para cultivar vegetais e/ou flores.",10714
9225,park,"COD: a large public garden in a town, used for recreation.",176,Locale_by_use,83,Parque,"COD: um grande jardim público em uma cidade, usado para recreação.",6689
9227,theater,"COD: a place where plays and other dramatic performances are given",176,Locale_by_use,83,teatro,"COD: um lugar onde são apresentados peças e outras performances dramáticas",24
9228,shop,"COD: a building or part of a building where goods or services are sold.",176,Locale_by_use,83,loja,"COD: um edifício ou parte de um edifício onde mercadorias ou serviços são vendidos.",908
9232,canal,"COD: an artificial waterway allowing the passage of boats inland or conveying water for irrigation.",176,Locale_by_use,83,canal,"COD: um canal artificial que permite a passagem de barcos no interior ou o transporte de água para irrigação.",721
9235,ranch,"FN: a farm",176,Locale_by_use,83,rancho,"FN: a fazenda",8549
9239,zoo,"FN: a place where animals are kept and exhibited",176,Locale_by_use,83,zoo,"FN: um lugar onde os animais são mantidos e exibidos",888
9243,court,"FN: a place where legal proceedings are conducted.",176,Locale_by_use,83,tribunal,"FN: um lugar onde procedimentos legais são conduzidos.",35175
9244,range,"FN: a large, open space for practicing long distance accuracy",176,Locale_by_use,83,faixa,"FN: um grande espaço aberto para praticar precisão de longo alcance",856
9250,development,"FN: a large group of buildings constructed to form a community",176,Locale_by_use,83,desenvolvimento,"FN: um grande grupo de edifícios construídos para formar uma comunidade",8926
9252,plantation,"FN: an area of land which contains both an estate and land used (presently or in the past) for farming",176,Locale_by_use,83,plantação,"FN: uma área de terra que contém tanto uma propriedade quanto terras utilizadas (atualmente ou no passado) para agricultura",30418
9254,boutique,"FN: a small shop or specialty store, esp. one selling fashionable clothes or other items",176,Locale_by_use,83,boutique,"FN: uma pequena loja ou loja de especialidade, especialmente uma que venda roupas da moda ou outros itens",38353
21876,"city center","The central part of a city, usually the cultural and commercial center.;",176,Locale_by_use,83,"centro da cidade","A parte central de uma cidade, geralmente o centro cultural e comercial.",9348
21877,downtown,"The central part of a city, usually the cultural and commercial center.;",176,Locale_by_use,83,"centro da cidade","A parte central de uma cidade, geralmente o centro cultural e comercial.",9348
21885,inland,"Of or concerned with matters within the boundaries of a nation, as opposed to its relations with other nations.;",176,Locale_by_use,83,interno,"De ou relacionado com assuntos dentro dos limites de uma nação, opondo-se às suas relações com outras nações.",64116
25612,fountain,"a decorative structure from which a stream of water is pumped into the air.",176,Locale_by_use,83,fonte,"uma estrutura decorativa da qual um fluxo de água é bombeado para o ar.",36698
