idLU,lemmaName(en),senseDescription(en),idFrame,frameName,idPOS,lemmaName(pt),senseDescription(pt),idLemma(pt)
8096,ineptness,"FN: fact of being inept.",125,Expertise,83,ineptidão,"FN: fato de ser inepto.",
8097,knowledgable,"FN: having knowledge of a particular topic.",125,Expertise,84,conhecimento,"FN: ter conhecimento sobre um tópico específico.",
8102,superb,"COD: excellent",125,Expertise,84,superb,"COD: excelente",
8104,so-so,"FN: of average competence with regard to an activity or a skill",125,Expertise,84,talvez,"FN: de competência média em relação a uma atividade ou habilidade",
8109,good,"FN: to have sufficient expertise with regard to an activity or a skill",125,Expertise,84,Bom.,"FN: ter conhecimento suficiente sobre uma atividade ou habilidade",
8119,know-how,"COD: expertise",125,Expertise,83,"conhecimento especializado","COD: especialização",
8123,excel,"COD: be exceptionally good at an activity or subject.",125,Expertise,86,excel,"COD: ser excepcionalmente bom em uma atividade ou assunto.",
8125,layman,"FN: a person who is not an expert in a given field of knowledge",125,Expertise,83,leigo,"FN: uma pessoa que não é especialista em um determinado campo do conhecimento",
8126,lay,"FN: Describing an entity' s inexpertise",125,Expertise,84,cama,"FN: Descrevendo a falta de experiência de uma entidade",
34322,"specialty grade","Something made with special quality.",125,Expertise,83,"grade de especialidade","Algo feito com qualidade especial.",
8127,arson,"COD: the criminal act of deliberately setting fire to property. ",126,Arson,83,"incêndio premeditado","COD: o ato criminoso de incendiar deliberadamente a propriedade.",
8128,arsonist,"FN: the criminal who deliberately set things on fire",126,Arson,83,incendiário,"FN: o criminoso que deliberadamente incendiou coisas",
8132,donor,"COD: a person who donates something. ",127,Giving,83,doador,"COD: uma pessoa que doa algo.",
8133,foist,"COD: impose an unwelcome or unnecessary person or thing on. ",127,Giving,86,falso,"COD: impor uma pessoa ou coisa indesejada ou desnecessária em.",
8134,endow,"COD: give or bequeath an income or property to. ",127,Giving,86,endow,"COD: dar ou deixar renda ou propriedade a.",
8136,"fob off","COD: give (something inferior) to. ",127,Giving,86,Fobe,"COD: dar (algo inferior) a.",
8143,bequeath,"COD: leave (property) to a person or other beneficiary by a will. ",127,Giving,86,"deixar em testamento","COD: deixar (propriedade) a uma pessoa ou outro beneficiário por testamento.",
8149,contribution,"FN: something that is given towards an effort or cause",127,Giving,83,contribuição,"FN: algo que é dado em direção a um esforço ou causa",
8150,charity,"FN: a gift to or the act of giving to another",127,Giving,83,caridade,"FN: um presente para ou o ato de dar a outro",
8156,confer,"FN: provide (something beneficial, us. a property); NB: only usable when some aspect of the situation (the entity conferred or the recipient) is abstract.",127,Giving,86,confer,"FN: fornecer (algo benéfico, us. uma propriedade); NB: só é utilizável quando algum aspecto da situação (a entidade conferida ou o destinatário) é abstrato.",
8157,bequest,"FN: entity given by a deceased person upon their death.",127,Giving,83,Bequest,"FN: entidade dada por uma pessoa falecida ao morrer.",
8169,tenth,"FN: one of ten parts.",128,Part_whole,83,décimo,"FN: uma das dez partes.",
32158,component,"a part or element of a larger whole, especially a part of a machine or vehicle.",128,Part_whole,83,componente,"uma parte ou elemento de um todo maior, especialmente uma parte de uma máquina ou veículo.",
34119,bit,"A small part of portion of something.",128,Part_whole,83,bit,"Uma pequena parte de algo.",
34269,percent,"An specific amount out of one hundred.",128,Part_whole,83,porcentagem,"Uma quantia específica de cem.",
34429,share,"One part that is entitled to someone.",128,Part_whole,83,compartilhar,"Uma parte que é destinada a alguém.",
8173,certain,"COD: completely convinced of something",129,Certainty,84,certos,"COD: completamente convencido de algo",
8175,confident,"COD: feeling certainty about something",129,Certainty,84,confiante,"COD: sentimento de certeza sobre algo",
8176,sure,"COD: completely confident that one is right",129,Certainty,84,"com certeza","COD: completamente confiante de que alguém está certo",
8178,convinced,"FN: very certain of something.",129,Certainty,84,convencido,"FN: muito certo de algo.",
8180,dubious,"COD: hesitating or doubting",129,Certainty,84,dubioso,"COD: hesitante ou duvidoso",
