idLU,lemmaName(en),senseDescription(en),idFrame,frameName,idPOS,lemmaName(pt),senseDescription(pt),idLemma(pt)
14161,frown,"COD: furrow one' s brows in an expression indicating disapproval, displeasure, or concentration.",462,Making_faces,86,Fronte,"COD: franzir a testa em uma expressão indicando desaprovação, desgosto ou concentração.",22953
14163,grin,"COD: smile broadly",462,Making_faces,86,Riso,"COD: sorria amplamente",32483
14169,depict,"FN: characterize pictorally",463,Communicate_categorization,86,descrever,"FN: caracterizar graficamente",120777
14170,depiction,"COD: depiction is a derivative of depict",463,Communicate_categorization,83,descrição,"COD: representação é um derivado de retratar",19346
14171,describe,"COD: give a detailed account in words of.",463,Communicate_categorization,86,descrever,"COD: dar uma conta detalhada em palavras de.",120777
14172,description,"COD: a spoken or written account of a person, object, or event.",463,Communicate_categorization,83,descrição,"COD: uma narrativa oral ou escrita de uma pessoa, objeto ou evento.",19346
14174,represent,"COD: portray in a particular way",463,Communicate_categorization,86,representar,"COD: retratar de uma maneira específica",117268
14181,treat,"FN: consider  or regard in a certain way",463,Communicate_categorization,86,tratar,"Considerar ou ver de uma certa forma",120628
14187,heat,"FN: to move from a cooler temperature to a warmer one",464,Change_of_temperature,86,calor,"FN: para se mover de uma temperatura mais fria para uma mais quente",9327
14188,refrigerate,"FN: to become cooler in temperature by being placed in a refrigerator",464,Change_of_temperature,86,refrigerar,"FN: tornar-se mais frio ao ser colocado em um refrigerador",121027
14190,warm,"FN: to become higher in temperature by being subjected to a heat source",464,Change_of_temperature,86,quente,"FN: tornar-se mais quente por estar sujeito a uma fonte de calor",9113
14196,lose,"COD:  fail to win.",465,Finish_competition,86,perder,"COD: não conseguir vencer.",117134
14197,loss,"COD: a defeat in sport.",465,Finish_competition,83,perda,"COD: uma derrota no esporte.",29974
14198,tie,"COD:  achieve the same score or ranking as another competitor. ",465,Finish_competition,86,amarrar,"COD: alcançar a mesma pontuação ou classificação que outro concorrente.",122886
14202,show,"FN: to finish third in a race",465,Finish_competition,86,exibir,"FN: terminar em terceiro lugar numa corrida",130013
14203,win,"FN: be victorious",465,Finish_competition,86,vencer,"FN: ser vitorioso",117187
14204,fold,"FN: (in poke) that act of willfully ending a round of poker, usually in order to protect gambler from higher betting losses. ",465,Finish_competition,86,dobrar,"FN: (no poke) esse ato de encerrar voluntariamente uma rodada de pôquer, geralmente com o objetivo de proteger o jogador de perdas de apostas mais altas.",120894
14206,blast,"COD: produce loud continuous music or noise.",466,Cause_to_make_noise,86,explosão,"COD: produz música ou barulho contínuo e alto.",22039
14208,creak,"FN: cause to make a harsh high-pitched sound when moving or applying pressure",466,Cause_to_make_noise,86,Estalo,"FN: causar um som agudo e estridente ao se mover ou aplicar pressão",6565
14209,peep,"FN: to cause something to emit a short, high-pitched squeaking sound",466,Cause_to_make_noise,86,Espiar,"FN: causar algo emitir um som agudo e curto",120964
14211,play,"FN: manipulate (a device, generally an instrument or storage medium) so as to produce musical sounds.",466,Cause_to_make_noise,86,brincar,"FN: manipula (um dispositivo, geralmente um instrumento ou meio de armazenamento) para produzir sons musicais.",117309
14219,sound,"FN: to cause something to make a noise",466,Cause_to_make_noise,86,som,"FN: causar algo para fazer barulho",11037
14230,scrape,"COD: rub or cause to rub against a rough or hard surface.",468,Friction,86,raspar,"COD: esfregar ou causar que algo se esfrange contra uma superfície áspera ou dura.",133219
14231,rasp,"FN: scrape harshly over or against a surface or object",468,Friction,86,raspar,"FN: raspar com força sobre ou contra uma superfície ou objeto",133219
14242,barbecue,"FN: to cook on a grill",469,Absorb_heat,86,churrasco,"FN: cozinhar em um grelhador",1984
