idLU,lemmaName(en),senseDescription(en),idFrame,frameName,idPOS,lemmaName(pt),senseDescription(pt),idLemma(pt)
11057,initiate,"COD: admit formally into a society or group, typically with a ritual.",275,Rite,86,iniciar,"COD: admitir formalmente em uma sociedade ou grupo, geralmente com um ritual.",116868
11064,order,"FN: to ordain (passive only - archaic)",275,Rite,86,pedido,"FN: ordenar",7361
11065,exercise,"FN: a ceremony or procession",275,Rite,83,exercício,"FN: uma cerimônia ou procissão",21994
11070,storm,"COD:  be stormy. ",277,Weather,86,tempestade,"COD: seja tempestuoso.",10196
33749,clear,"Unclouded, transparent.",277,Weather,84,claro,"Desnuvado, transparente.",73305
33775,"full moon","The phase of the moon in which it is fully illuminated.",277,Weather,83,"lua cheia","A fase da lua em que está totalmente iluminada.",58971
3411,kid,"a child or young person.",278,People,83,criança,"uma criança ou um jovem.",666
3415,lady,"a friendly informal reference to a grown woman.",278,People,83,senhora,"Uma referência amigável e informal a uma mulher adulta.",36897
11089,gentleman,"a polite or formal use for a man. ",278,People,83,Camarada,"Um uso polido ou formal para um homem.",8963
34203,gay,"A person who is attracted to people of the same sex.",278,People,84,gay,"Uma pessoa atraída por pessoas do mesmo sexo.",82564
11110,sir,"COD: a polite or respectful form of address to a man.",279,Attention_getting,83,senhor,"COD: uma forma de tratamento polida ou respeitosa para se dirigir a um homem.",67398
11112,buddy,"FN: an informal term of address used primarily for younger men.  ",279,Attention_getting,83,Amigo,"FN: um termo de tratamento informal usado principalmente para homens mais jovens.",8972
11113,kid,"FN: a term of address used for a child or young person.",279,Attention_getting,83,criança,"FN: um termo de tratamento usado para uma criança ou jovem.",666
11114,dude,"FN: an informal term of address (used primarily for men); a fellow",279,Attention_getting,83,cara,"FN: um termo de tratamento informal (usado principalmente para homens); um cara",800
11115,boy,"FN: an informal, impolite term of address used for a male youth.",279,Attention_getting,83,menino,"FN: um termo de endereço informal e desrespeitoso usado para se referir a um jovem do sexo masculino.",663
11116,guy,"FN: a term of address used for any man. ",279,Attention_getting,83,cara,"FN: um termo de tratamento usado para qualquer homem.",800
11119,bro,"COD:  a friendly greeting or form of address. ",279,Attention_getting,83,cara,"COD: um saudação amigável ou forma de tratamento.",800
11125,officer,"FN: formal term of address for policemen",279,Attention_getting,83,oficial,"FN: termo formal de tratamento para policiais",9058
11128,fasten,"FN: become fixed.",280,Becoming_attached,86,Aperto,"FN: tornar-se fixo.",13615
11130,attach,"FN: to become attached",280,Becoming_attached,86,anexar,"FN: tornar-se apegado",116923
11131,"take hold","FN: become fast.",280,Becoming_attached,86,apreender,"FN: tornar-se rápido.",120946
