idLU,lemmaName(en),senseDescription(en),idFrame,frameName,idPOS,lemmaName(pt),senseDescription(pt),idLemma(pt)
6905,rustle,"FN: steal (esp cattle).",87,Theft,86,Sussurrar,"FN: roubar (especialmente gado).",
6909,abscond,"FN: steal (something) and depart, prototypically followed by attempting to hide from anyone wishing to punish the theft.",87,Theft,86,abscond,"FN: roubar (algo) e partir, tipicamente seguido por tentar se esconder de quem queira punir o roubo.",
6914,lacking,"COD: absent or deficient.",88,Position_on_a_scale,84,falta,"COD: ausente ou deficiente.",
6919,"through the roof","FN: (of a quantity) extremely high, especially compared to former values.",88,Position_on_a_scale,89,"através do teto","FN: (de uma quantidade) extremamente alto, especialmente em comparação com valores anteriores.",
6920,moderate,"FN:At roughly a middle position on a scale; medium.",88,Position_on_a_scale,84,moderado,"FN: Em uma posição média em uma escala; médio.",
6921,increase,"COD: make greater or larger",89,Cause_change_of_position_on_a_scale,86,aumento,"COD: maior ou mais",
6925,lower,"COD: make  less in amount, extent, or value",89,Cause_change_of_position_on_a_scale,86,baixo,"COD: fazer menos em quantidade, extensão ou valor",
6927,swell,"FN: to make greater in value",89,Cause_change_of_position_on_a_scale,86,inchar,"FN: para aumentar o valor",
6932,cut,"COD: a reduction in amount or size.",89,Cause_change_of_position_on_a_scale,83,cortar,"COD: uma redução na quantidade ou tamanho.",
6934,curtail,"COD: reduce in extent or quantity.",89,Cause_change_of_position_on_a_scale,86,curtar,"COD: reduzir em extensão ou quantidade.",
6938,push,"FN: a change in position caused by some force.",89,Cause_change_of_position_on_a_scale,83,empurrar,"FN: uma mudança de posição causada por alguma força.",
6944,crank,"FN: to increase in intensity",89,Cause_change_of_position_on_a_scale,86,crank,"FN: aumentar em intensidade",
6945,slash,"FN: greatly reduce ",89,Cause_change_of_position_on_a_scale,86,slash,"FN: reduzir muito",
6947,double,"FN: to cause something to become twice as much as it was previously",89,Cause_change_of_position_on_a_scale,86,duplo,"FN: fazer algo se tornar duas vezes mais do que era antes",
6950,decide,"FN: cause someone to come to a particular conclusion.",90,Eventive_cognizer_affecting,86,decide,"FN: levar alguém a uma conclusão específica.",
6951,rob,"FN: take away from by force or threats",91,Robbery,86,rob,"FN: tirar à força ou por ameaças",
6955,mugger,"COD: A person who attacks and robs another in a public place.",91,Robbery,83,muggueiro,"COD: Uma pessoa que ataca e assalta outra em um local público.",
6956,mugging,"FN: An instance of attacking and robbing.",91,Robbery,83,Mergulhar,"FN: Uma instância de ataque e roubo.",
6957,stick-up,"FN: Robbery (slang).",91,Robbery,83,"Ato de extorsão","FN: Roubo (gíria).",
6958,hold-up,"FN: The act or an instance of forcibly stopping and robbing.",91,Robbery,83,"assalto à mão armada","FN: O ato ou instância de parar e roubar à força.",
6960,"hold up","COD: rob someone using the threat of violence.",91,Robbery,86,"Pare e pense.","COD: roubar alguém usando a ameaça de violência.",
6963,"rob blind","FN: to rob very thoroughly",91,Robbery,86,"Rob blind","FN: roubar muito completamente",
6964,"stick up","COD: rob someone or something at gunpoint.",91,Robbery,86,"dar uma de malandro","COD: roubar alguém ou algo à mão armada.",
6966,ransack,"FN: rob everything of value from a source",91,Robbery,86,saquear,"FN: roube tudo de valor de uma fonte",
6967,rifle,"FN: rob.",91,Robbery,86,rifle,"FN: rob.",
7069,engagement,"COD: a formal agreement to get married",93,Personal_relationship,83,compromisso,"COD: um acordo formal para se casar",
7075,break-up,"FN: the ending of a personal relationship.",93,Personal_relationship,83,"quebra de relacionamento","FN: o fim de um relacionamento pessoal.",
7082,spinster,"COD: (chiefly derogatory) an unmarried woman, typically an older woman beyond the usual age for marriage.",93,Personal_relationship,83,spinster,"COD: (principalmente pejorativo) uma mulher solteira, geralmente uma mulher mais velha além da idade usual para o casamento.",
7083,estranged,"FN: feeling indifference or hostility towards one' s partner",93,Personal_relationship,84,estrangulado,"FN: sentir indiferença ou hostilidade em relação ao parceiro",
7091,divorced,"FN: having legally dissolved one' s marriage",93,Personal_relationship,84,divorciado(a),"FN: tendo dissolvido legalmente um casamento",
7093,moll,"COD: a gangster' s female companion.",93,Personal_relationship,83,molla,"COD: companheira de um gângster.",
7095,inamorata,"FN: a woman with whom one is in love",93,Personal_relationship,83,Inamorata,"FN: uma mulher com quem se está apaixonado",
7096,beau,"COD: a boyfriend or male admirer",93,Personal_relationship,83,bonito,"COD: um namorado ou admirador masculino",
7097,"sugar daddy","COD: a rich older man who lavishes gifts on a young woman in return for her company or sexual favours.",93,Personal_relationship,83,"sugar daddy","COD: um homem rico e idoso que oferece presentes generosos a uma jovem em troca de sua companhia ou favores sexuais.",
7098,"significant other","COD: a person with whom someone has an established romantic or sexual relationship. ",93,Personal_relationship,83,"outro significativo","COD: uma pessoa com quem alguém tem um relacionamento romântico ou sexual estabelecido.",
7100,pal,"COD:  a friend.",93,Personal_relationship,83,pál,"COD: um amigo.",
