idLU,lemmaName(en),senseDescription(en),idFrame,frameName,idPOS,lemmaName(pt),senseDescription(pt),idLemma(pt)
21972,office,"An administrative unit of government;Any room, set of rooms or building used for the administration of government service, business transactions or other work related activities.;One who is accepted as a source of reliable information on a subject.;An administrative unit of government.;",337,Businesses,83,escritório,"Uma unidade administrativa do governo; Qualquer sala, conjunto de salas ou edifício utilizado para o administração de serviços governamentais, transações comerciais ou outras atividades relacionadas ao trabalho. ; Quem é aceito como uma fonte de informação confiável sobre um assunto; Uma unidade administrativa do governo.",8647
21973,nightclub,"A spot that is open late at night and that provides entertainment (as singers or dancers) as well as dancing and food and drink;",337,Businesses,83,balada,"Um lugar que fica aberto até tarde da noite e que oferece entretenimento (como cantores ou dançarinos), além de dança, comida e bebida.",9437
21975,club,"A spot that is open late at night and that provides entertainment (as singers or dancers) as well as dancing and food and drink;",337,Businesses,83,clube,"Um lugar que fica aberto até tarde da noite e que oferece entretenimento (como cantores ou dançarinos), além de dança, comida e bebida.",8804
21976,discotheque,"A spot that is open late at night and that provides entertainment (as singers or dancers) as well as dancing and food and drink;A nightclub providing short programs of live entertainment.;Drinking, dancing, and entertainment venue which does its primary business after dark.;",337,Businesses,83,discoteca,"Um espaço que fica aberto até tarde da noite e que oferece entretenimento (como cantores ou dançarinos) além de dança, comida e bebida; Uma boate que oferece programas curtos de entretenimento ao vivo; Um local para beber, dançar e se divertir, que faz seu principal negócio depois do anoitecer.",9140
21995,salon,"A salon where hairdressers and beauticians work.;A shop that provides hairdressing and beauticians work.;",337,Businesses,83,salão,"Um salão onde cabeleireiros e esteticistas trabalham; uma loja que fornece serviços de cabeleireiro e estética.",7419
25674,plant,"a construction equipped with machines for manufacturing process.",337,Businesses,83,planta,"Uma construção equipada com máquinas para fabricação de processos.",30417
12075,desire,"COD: strongly wish for or want, want sexually.",338,Desiring,86,desejo,"COD: desejar fortemente por ou querer, querer sexualmente.",13
12078,lust,"COD: a passionate desire for something.",338,Desiring,83,lustre,"COD: um desejo apaixonado por algo.",26682
12080,hunger,"COD: have a strong desire for.",338,Desiring,86,fome,"COD: ter um forte desejo por.",9403
12081,hunger,"COD: a strong desire. ",338,Desiring,83,fome,"COD: um forte desejo.",9403
12084,thirst,"COD: have a strong desire for. ",338,Desiring,86,sede,"COD: ter um forte desejo por.",534
12088,urge,"COD: a strong desire or impulse. ",338,Desiring,83,urgência,"COD: um forte desejo ou impulso.",35559
