idLU,lemmaName(en),senseDescription(en),idFrame,frameName,idPOS,lemmaName(pt),senseDescription(pt),idLemma(pt)
6412,condense,"FN: to make more dense or compact",71,Cause_expansion,86,condensar,"FN: para tornar mais denso ou compacto",
6415,can,"COD: a cylindrical metal container, in particular one in which food or drink is hermetically sealed for storage over long periods. ",72,Containers,83,can,"COD: um recipiente metálico cilíndrico, em especial aquele no qual alimentos ou bebidas são selados de forma hermética para armazenamento por longos períodos.",
6418,casket,"FN: a (decorated) box or chest for holding valuable objects",72,Containers,83,caixão,"FN: uma (decorada) caixa ou baú para guardar objetos valiosos",
6421,flask,"COD:  a narrow-necked conical or spherical bottle",72,Containers,83,flaco,"COD: garrafa de pescoço estreito cônico ou esférico",
6423,handbag,"COD: (Brit.) a small bag used by a woman to carry everyday personal items. ",72,Containers,83,"bolsa de mão","COD: (Brit.) uma pequena bolsa usada por uma mulher para carregar itens pessoais diários.",
6424,jar,"COD: a wide-mouthed cylindrical container made of glass or pottery",72,Containers,83,jarro,"COD: um recipiente cilíndrico de boca larga feito de vidro ou cerâmica",
6431,reservoir,"FN: a receptacle for liquid",72,Containers,83,reservatório,"FN: um recipiente para líquidos",
6433,satchel,"COD: a shoulder bag with a long strap, used especially for school books. ",72,Containers,83,satchel,"COD: uma carteira de ombro com alça longa, usada especialmente para livros escolares.",
6435,suitcase,"COD: a case with a handle and a hinged lid, used for carrying clothes and other personal possessions. ",72,Containers,83,malas,"COD: uma caixa com alça e tampa dobradiça, usada para transportar roupas e outros pertences pessoais.",
6436,tin,"FN: a container made of tinplate or aluminium, typically used for baking or storing",72,Containers,83,tin,"FN: um recipiente feito de tampa ou alumínio, tipicamente usado para assar ou armazenar",
6438,teaspoon,"COD: a small spoon used for adding sugar to and stirring hot drinks or for eating some foods.",72,Containers,83,"colher de chá","COD: uma colher pequena usada para adicionar açúcar a bebidas quentes ou para comer alguns alimentos.",
6439,ampule,"FN: a small capsule",72,Containers,83,ampula,"FN: uma pequena cápsula",
6440,ashtray,"COD: 1.  a small receptacle for tobacco ash and cigarette ends. ",72,Containers,83,piteira,"COD: 1. um pequeno recipiente para cinzas de tabaco e pontas de cigarro.",
6442,barrel,"COD:  a cylindrical container bulging out in the middle, traditionally made of wooden staves enclosed by metal hoops",72,Containers,83,barril,"COD: um recipiente cilíndrico saliente no meio, tradicionalmente feito de estacas de madeira cercadas por anéis metálicos",
6443,basin,"COD: a large bowl or open container for washing in, preparing food, or holding liquid",72,Containers,83,bacim,"COD: uma grande tigela ou recipiente aberto para lavagem, preparação de alimentos ou retenção de líquidos",
6446,bin,"COD:  a storage receptacle, sometimes for depositing rubbish",72,Containers,83,bin,"COD: um recipiente de armazenamento, às vezes para depositar lixo",
6450,briefcase,"COD:  a flat rectangular case for carrying books and documents",72,Containers,83,Maleta,"COD: uma caixa retangular plana para transportar livros e documentos",
6452,canister,"COD: a round or cylindrical container used for storing food, chemicals, rolls of film, etc. ",72,Containers,83,canister,"COD: um recipiente redondo ou cilíndrico usado para armazenar alimentos, produtos químicos, rolos de filme, etc.",
6454,carafe,"COD: an open-topped glass flask typically used for serving wine in a restaurant. ",72,Containers,83,carafe,"COD: um frasco de vidro com tampa aberta tipicamente usado para servir vinho em um restaurante.",
6455,carton,"COD: a light cardboard container",72,Containers,83,carton,"COD: um recipiente de papelão leve",
6456,cartridge,"FN: the containing/housing part of an object designed for insertion into a larger device, typically containing some resource used by the device; often used to refer to the entire inserted object.",72,Containers,83,cartucho,"FN: a parte que contém/ abriga um objeto projetado para inserção em um dispositivo maior, geralmente contendo algum recurso utilizado pelo dispositivo; frequentemente usado para se referir ao objeto inteiro inserido.",
6458,coffer,"COD: a small chest for holding valuables. ",72,Containers,83,caixeiro,"COD: uma pequena caixa para guardar objetos de valor.",
6459,coffin,"COD: a long, narrow box in which a dead body is buried or cremated. ",72,Containers,83,caixão,"COD: uma caixa comprida e estreita na qual um corpo é enterrado ou crematizado.",
6460,container,"COD: an object for holding or transporting something",72,Containers,83,container,"COD: um objeto para manter ou transportar algo",
6463,crock,"COD:  an earthenware pot or jar",72,Containers,83,crock,"COD: um pote ou jarro de barro",
6464,crucible,"COD: a container in which metals or other substances may be melted or subjected to very high temperatures",72,Containers,83,crúcil,"COD: um recipiente no qual metais ou outras substâncias podem ser derretidos ou submetidos a temperaturas muito altas",
6465,cruet,"COD: a small container for salt, pepper, oil, or vinegar for use at a dining table",72,Containers,83,cruet,"COD: um pequeno recipiente para sal, pimenta, óleo ou vinagre para uso em uma mesa de jantar",
6467,cuspidor,"COD: (N. Amer.) a spittoon. ",72,Containers,83,cuspidor,"COD: (N. Amer.) o balde de vômito.",
6468,cylinder,"COD: a cylindrical container for liquefied gas under pressure",72,Containers,83,cilindro,"COD: um recipiente cilíndrico para gás líquido sob pressão",
6469,cask,"COD: a large barrel-like container for the storage of liquid, especially alcoholic drinks",72,Containers,83,caixão,"COD: um grande recipiente semelhante a um barril para armazenamento de líquidos, especialmente bebidas alcoólicas",
6470,carryall,"COD: (N. Amer.) a large bag or case. ",72,Containers,83,"tote bag","COD: (N. Amer.) uma grande bolsa ou estojo.",
6471,censer,"COD: a container in which incense is burnt. ",72,Containers,83,Censer,"COD: um recipiente em que incenso é queimado.",
6472,chalice,"COD:  a goblet",72,Containers,83,chape,"COD: a taça",
6473,creamer,"COD: (N. Amer.) a jug for cream. ",72,Containers,83,cremeiro,"COD: (N. Amer.) uma jarra para creme.",
6474,decanter,"COD: a stoppered glass container into which wine or spirit is decanted",72,Containers,83,decanter,"COD: um recipiente de vidro com tampa que é utilizado para despejar vinho ou espírito",
6478,"duffel bag","FN: a cylindrical canvas bag",72,Containers,83,"mochila de viagem","FN: uma bolsa de lona cilíndrica",
6479,flagon,"COD: a large container for serving or consuming drinks",72,Containers,83,flagão,"COD: um grande recipiente para servir ou consumir bebidas",
6480,empty,"COD: (informal) a bottle or glass left empty of its contents. ",72,Containers,83,vazio,"COD: (informal) uma garrafa ou copo vazio de seu conteúdo.",
6483,grail,"COD: (in medieval legend) the cup or platter used by Christ at the Last Supper and in which Joseph of Arimathea received Christ' s blood, especially as the object of quests by knights. ",72,Containers,83,graal,"COD: (na lenda medieval) a taça ou bandeja usada por Cristo na Última Ceia e na qual José de Arimateia recebeu o sangue de Cristo, especialmente como objeto de buscas por cavaleiros.",
6484,hamper,"COD: (Brit.) a basket  used for food ",72,Containers,83,hamper,"COD: (Brit.) um cesto usado para comida",
6485,haversack,"COD: a small, stout bag carried on the back or over the shoulder, used especially by soldiers and walkers",72,Containers,83,"saco de viagem","COD: uma pequena bolsa grossa carregada nas costas ou sobre o ombro, usada especialmente por soldados e caminhantes",
6486,hopper,"COD: a container for grain, rock, or rubbish, typically one that tapers downward and discharges its contents at the bottom",72,Containers,83,hopper,"COD: um recipiente para grãos, rochas ou lixo, geralmente que se aprofunda e descarga seu conteúdo na parte inferior",
6487,jeroboam,"COD: a wine bottle with a capacity four times larger than that of an ordinary bottle",72,Containers,83,Jeroboão,"COD: uma garrafa de vinho com capacidade quatro vezes maior que a de uma garrafa comum",
6488,jigger,"FN: a small glass used for alcoholic drinks",72,Containers,83,jiggar,"FN: um pequeno copo usado para bebidas alcoólicas",
6489,jug,"COD:  a cylindrical container with a handle and a lip, for holding and pouring liquids",72,Containers,83,jug,"COD: um recipiente cilíndrico com alça e bordas, para conter e derramar líquidos",
6491,magnum,"COD: a wine bottle of twice the standard size, normally 112 litres",72,Containers,83,magnum,"COD: uma garrafa de vinho do dobro do tamanho padrão, normalmente 112 litros",
6492,mailer,"COD: a container used for conveying items by post",72,Containers,83,Mailer,"COD: um recipiente utilizado para transportar itens por correio",
6495,sarcophagus,"COD: a stone coffin, typically associated with ancient Egypt, Rome, and Greece. ",72,Containers,83,sarcófago,"COD: um caixão de pedra, tipicamente associado ao Antigo Egito, Roma e Grécia.",
6496,tun,"COD: a large beer or wine cask",72,Containers,83,tuno,"COD: uma grande garrafa de cerveja ou vinho",
6497,stein,"COD: a large earthenware beer mug",72,Containers,83,stein,"COD: uma grande caneca de cerveja de cerâmica",
6498,spittoon,"COD:  a container for spitting into",72,Containers,83,spittoon,"COD: um recipiente para cuspir",
6500,ramekin,"COD: a small dish for baking and serving an individual portion of food. ",72,Containers,83,ramequin,"COD: uma pequena tigela para assar e servir uma porção individual de comida.",
6501,reticule,"COD: (chiefly historical) a woman' s small handbag, typically having a drawstring and decorated with embroidery or beading. [Fashion] ",72,Containers,83,retículo,"COD: (principalmente histórico) uma pequena bolsa de mão feminina, geralmente com cordão e decorada com bordado ou miçanga. [Moda]",
6502,salver,"COD: a tray, typically one made of silver and used in formal circumstances. ",72,Containers,83,salvar,"COD: uma bandeja, tipicamente feita de prata e usada em circunstâncias formais.",
6503,samovar,"COD: a highly decorated Russian tea urn",72,Containers,83,samovar,"COD: uma urna de chá russa altamente decorada",
6504,snifter,"COD: a balloon glass for brandy",72,Containers,83,Snifter,"COD: um copo de balão para conhaque",
6505,thermos,"COD: (trademark) a vacuum flask. ",72,Containers,83,termos,"COD: (marca registrada) uma garrafa de vácuo.",
6506,tureen,"COD:  a deep covered dish from which soup is served",72,Containers,83,tureira,"COD: uma panela profunda e coberta da qual serve-se sopa",
6507,valise,"COD: a small travelling bag or suitcase",72,Containers,83,Malas,"COD: uma pequena mala de viagem ou valise",
