idLU,lemmaName(en),senseDescription(en),idFrame,frameName,idPOS,lemmaName(pt),senseDescription(pt),idLemma(pt)
17404,divide,"COD: find how many times (a number) contains another",988,Non-commutative_process,86,dividir,"COD: como encontrar quantas vezes (um número) contém outro",117250
17405,subtraction,"FN: the process of finding the difference between two numbers",988,Non-commutative_process,83,subtração,"FN: o processo de encontrar a diferença entre dois números",33933
17409,difference,"COD: the remainder left after subtraction of one value from another",989,Non-commutative_statement,83,diferença,"COD: o restante após a subtração de um valor de outro",7773
17414,encounter,"FN: to unexpectedly come upon or meet with (someone)",991,Encounter,86,encontro,"FN: encontrar ou encontrar inesperadamente (alguém)",7792
17415,stumble,"FN: to accidentally meet with (someone or something)",991,Encounter,86,tropeçar,"FN: encontrar por acaso com (alguém ou algo)",134909
17418,color,"FN: skin complexion of a particular race, especially those that are not white",992,Race_descriptor,83,cor,"FN: pele de uma raça específica, especialmente as que não são brancas",18265
17420,asian,"FN: of or pertaining to the Asian race",992,Race_descriptor,84,asiático,"FN: de ou relacionado à raça asiática",76023
17424,image,"FN: something that matches an idealized form",993,Exemplar,83,imagem,"FN: algo que corresponde a uma forma idealizada",6581
34126,classic,"Something that is typical.",994,Exemplariness,84,clássico,"Algo que é típico.",73909
17433,image,"FN: an optical pattern resembling an entity",995,Optical_image,83,imagem,"FN: um padrão óptico semelhante a uma entidade",6581
17440,warm,"FN: reminescent of the colors of something that gives heat",997,Color_qualities,84,quente,"FN: remanescente das cores de algo que dá calor",73635
17441,vivid,"FN: strong in impression",997,Color_qualities,84,vivo,"FN: forte na impressão",91744
17445,dark,"FN: deep in hue; not light or bright",997,Color_qualities,84,escuro,"FN: profundo em cor; não claro ou brilhante",73328
17447,bright,"FN: vivid in color",997,Color_qualities,84,brilhante,"FN: vivo em cor",73306
17449,date,"FN: a social engagement arranged with another person at a previous time",999,Social_event_collective,83,data,"FN: o envolvimento social organizado com outra pessoa em um momento anterior",18897
17458,great,"FN: exceptionally large",1000,Size,84,ótimo,"FN: excepcionalmente grande",73156
17468,sizable,"FN: of considerable size; rather large",1000,Size,84,significativo,"FN: de considerável tamanho; bastante grande",89815
17485,medium,"FN: about midway between extremes in size",1000,Size,84,meio,"FN: em torno do meio entre extremos em tamanho",85577
39531,dose,,1000,Size,83,dose,,20062
39602,inferior,,1000,Size,84,inferior,,73436
17488,warm,"FN: able to keep the user at a comfortable level of body heat",1001,Heat_potential,84,quente,"FN: capaz de manter o usuário em um nível confortável de calor corporal",73635
17493,hot,"FN: an uncomfortable level of heat",1003,Subjective_temperature,84,quente,"FN: um nível desconfortável de calor",73635
17494,warm,"FN: comfortable in terms of body heat",1003,Subjective_temperature,84,quente,"Confortável em termos de calor corporal",73635
17495,cool,"FN: comfortable in a lower temperature",1003,Subjective_temperature,84,legal,"FN: confortável em uma temperatura mais baixa",73570
