idLU,lemmaName(en),senseDescription(en),idFrame,frameName,idPOS,lemmaName(pt),senseDescription(pt),idLemma(pt)
14349,roll,"FN: to move with a deep reverberating sound",471,Sound_movement,86,rolar,"FN: mover-se com um som ressonante profundo",117232
14350,blast,"FN: for loud continuous music or noise to spread",471,Sound_movement,86,explosão,"FN: para música ou barulho contínuo e alto se espalhar",22039
14353,operate,"FN: (of an artifact or machine) be active.",475,Being_in_operation,86,operar,"FN: (de um artefato ou máquina) estar ativo.",120722
14354,operational,"FN: be in use, active.",475,Being_in_operation,84,operacional,"FN: em uso, ativo.",73383
14356,function,"COD:  a variable quantity regarded as depending on another variable; a consequence",476,Contingency,83,função,"COD: uma quantidade variável considerada dependente de outra variável; uma consequência",4
14358,dependent,"COD: contingent on or determined by. ",476,Contingency,84,dependente,"COD: contingente ou determinado por.",79413
14362,hang,"COD: be contingent or dependent on",476,Contingency,86,pendurar,"COD: ser contingente ou dependente de",132533
14364,turn,"FN: depend on",476,Contingency,86,virar,"FN: depender de",120706
14365,determine,"COD: cause to occur in a particular way; be the decisive factor in",476,Contingency,86,determinar,"COD: causar para ocorrer de uma determinada forma; ser o fator decisivo em",120650
14367,independence,"FN: freedom from outside control",476,Contingency,83,independência,"FN: liberdade de controle externo",24907
14369,factor,"COD: a circumstance, fact, or influence that contributes to a result.",476,Contingency,83,fator,"COD: uma circunstância, fato ou influência que contribui para um resultado.",22259
14376,dependence,"FN: the state of relying on someone or something for financial or other support.",477,Reliance,83,dependência,"FN: o estado de confiar em alguém ou alguma coisa para apoio financeiro ou outro.",9165
14378,dependency,"FN: the state of relying on someone or something for financial or other support.",477,Reliance,83,dependência,"FN: o estado de depender de alguém ou de algo para apoio financeiro ou outros tipos de apoio.",9165
14380,bank,"COD: base one' s hopes or confidence on. ",478,Reliance_on_expectation,86,banco,"COD: base-se na esperança ou confiança de alguém.",111
14388,conversation,"COD: an informal spoken exchange of news and ideas between two or more people.",479,Chatting,83,conversa,"COD: uma troca de notícias e ideias entre duas ou mais pessoas, falada de forma informal.",18218
14389,converse,"COD: engage in conversation.",479,Chatting,86,conversa,"COD: envolva-se em uma conversa.",18218
14392,joke,"COD: say something to cause amusement",479,Chatting,86,piada,"COD: diga algo para causar diversão",30180
14401,spray,"COD: apply (liquid) in a spray",480,Cause_fluidic_motion,86,spray,"COD: aplicar (líquido) em um spray",67651
14406,dribble,"FN: to pour slowly resulting in drops or an unsteady stream",480,Cause_fluidic_motion,86,driblar,"FN: derramar lentamente resultando em gotas ou um fluxo instável",117065
14407,spew,"FN: to let out in large quantities ",480,Cause_fluidic_motion,86,vomitar,"FN: para deixar sair em grandes quantidades",135144
14412,deploy,"COD: bring or move into position for military action.",481,Arranging,86,implementar,"COD: trazer ou mover para a posição para ação militar.",130925
14413,deployment,"FN: the arrangement (of troops or materiel) to make ready (for military action).",481,Arranging,83,Implantação,"FN: a disposição (de tropas ou material) para preparar-se (para ação militar).",24718
14414,format,"COD:  arrange or put into a format.",481,Arranging,86,formato,"COD: organizar ou colocar em um formato.",22757
14415,"set up","FN: arrange",481,Arranging,86,Configurar,"FN: organizar",125219
14421,protocol,"COD: the official procedure or system of rules governing affairs of state or diplomatic occasions",482,Law,83,protocolo,"COD: o procedimento ou sistema oficial de regras que rege os assuntos de Estado ou as ocasiões diplomáticas",31088
14425,regulation,"COD: a rule or directive made and maintained by an authority.",482,Law,83,regulamentação,"COD: uma regra ou diretriz feita e mantida por uma autoridade.",10668
14427,policy,"COD: a course or principle of action adopted or proposed by an organization or individual.",482,Law,83,política,"COD: um curso ou princípio de ação adotado ou proposto por uma organização ou indivíduo.",66271
14434,stand,"FN: be situated in a particular position.",483,Being_located,86,parar,"FN: estar situado em uma posição específica.",116969
14441,practice,"COD: perform (an activity) or exercise (a skill) repeatedly or regularly in order to acquire, maintain, or improve proficiency in it",484,Practice,86,prática,"COD: realizar (uma atividade) ou exercitar (um habilidade) repetidamente ou regularmente a fim de adquirir, manter ou melhorar sua proficiência nela",9406
14445,rehearse,"COD:  practise (a play, piece of music, or other work) for later public performance",484,Practice,86,repetir,"COD: praticar (uma peça, peça musical ou outra obra) para uma futura apresentação pública",121096
14446,rehearsal,"COD:  a trial performance of a play or other work for later public performance",484,Practice,83,repetição,"COD: uma apresentação de ensaio de uma peça ou outro trabalho para posterior apresentação pública",32203
14448,run,"FN: to discuss and/or enact the pieces of a performance in order. The PP headed by through instantiates the Action FE and is not omissible.",484,Practice,86,Correr,"FN: discutir e/ou implementar as partes de uma performance para. O PP liderado por através instancia a ação FE e não é omitível.",116883
14451,exercise,"COD: a task set to practise or test a skill.",484,Practice,83,exercício,"COD: um conjunto de tarefas para praticar ou testar uma habilidade.",21994
14452,drill,"COD: instruction by means of repeated exercises.",484,Practice,83,furo,"COD: instrução por meio de exercícios repetitivos.",23027
34218,balance,"A distribution of weight that implies that the entity will not pend to one side or the other.",485,Attributes,83,equilíbrio,"Uma distribuição de peso que implica que a entidade não pendulará para um lado ou outro.",1121
