idLU,lemmaName(en),senseDescription(en),idFrame,frameName,idPOS,lemmaName(pt),senseDescription(pt),idLemma(pt)
14873,misspell,"COD: spell wrongly",526,Spelling_and_pronouncing,86,"ortografia incorreta","COD: errar na ortografia",
14875,mispronounce,"COD: pronounce wrongly.",526,Spelling_and_pronouncing,86,mispromover,"COD: pronunciar mal.",
14876,say,"FN: pronounce",526,Spelling_and_pronouncing,86,diga,"F: pronúncia",
14880,influential,"COD: having great influence",527,Subjective_influence,84,influente,"COD: tendo grande influência",
14881,inspire,"FN: fill with the urge or ability to do or feel something.",527,Subjective_influence,86,Inspire-se.,"FN: preencher com o impulso ou capacidade de fazer ou sentir algo.",
14893,galvanize,"FN: stir, excite, possible to action.",527,Subjective_influence,86,galvanizar,"FN: mexer, excitar, possível de ação.",
14894,coax,"FN: attempt to influence (someone) by gentle persuasion or flattery",527,Subjective_influence,86,coaxar,"FN: tentativa de influenciar (alguém) por persuasão suave ou elogio",
14895,entice,"COD: attract by offering pleasure or advantage. ",527,Subjective_influence,86,Intrepidar,"COD: atrair oferecendo prazer ou vantagem.",
14896,spur,"FN: encourage, incite or urge on",527,Subjective_influence,86,espora,"FN: encorajar, incitar ou urgir",
14898,discourage,"FN: to dissuade (usually followed by ' from' ), and/or to deprive of confidence; dishearten",527,Subjective_influence,86,desencorajar,"FN: dissuadir (geralmente seguido por 'de'), e/ou retirar a confiança; desanimar",
14900,goad,"FN: to encourage, drive, incite",527,Subjective_influence,86,goado,"FN: incentivar, impulsionar, incitar",
14913,meet,"COD: make the acquaintance of for the first time",529,Make_acquaintance,86,encontrar-se,"COD: fazer o conhecimento pela primeira vez",
14914,"make acquaintance","FN: first meet",529,Make_acquaintance,96,"fazer amizade","FN: primeiro encontro",
14915,clemency,"FN: an act wherein an executive authority reduces a sentence or pardons an offender",530,Clemency,83,clemência,"FN: um ato no qual uma autoridade executiva reduz uma sentença ou perdoa um ofensor",
14917,commute,"COD: reduce (a judicial sentence, especially a sentence of death) to a less severe one",531,Commutation,86,comutação,"COD: reduzir (uma sentença judicial, especialmente uma de morte) para uma menos grave",
14918,commutation,"COD: he action or process of commuting a judicial sentence or a legal obligation or entitlement",531,Commutation,83,Comutação,"COD: a ação ou processo de comutar uma sentença judicial ou uma obrigação ou direito legal",
14919,sabotage,"COD: deliberately destroy or obstruct, especially for political or military advantag",532,Subversion,86,sabotagem,"COD: destruir ou obstruir deliberadamente, especialmente para obter vantagem política ou militar",
14920,undermine,"COD: damage or weaken, especially gradually or insidiously.",532,Subversion,86,subverter,"COD: danificar ou enfraquecer, especialmente gradualmente ou de forma insidiosa.",
14922,subvert,"COD: undermine the power and authority of (an established system or institution).",532,Subversion,86,subverter,"COD: minar o poder e a autoridade de (um sistema ou instituição estabelecida).",
14923,subversion,"FN: an attempt to overthrow or undermine a social construct, typically a government or political system, by forces working secretly from within",532,Subversion,83,subversão,"FN: uma tentativa de derrubar ou minar uma construção social, geralmente um governo ou sistema político, por forças que trabalham em segredo do interior",
14924,misdeed,"COD: a wicked or illegal act.",533,Misdeed,83,desfeito,"COD: um ato perverso ou ilegal.",
14925,sin,"COD:  commit a sin. ",533,Misdeed,86,sin,"COD: cometer um pecado.",
14926,sin,"COD: an immoral act considered to be a transgression against divine law.",533,Misdeed,83,sin,"COD: um ato imoral considerado uma transgressão contra a lei divina.",
14927,transgress,"FN: to act in a way that defies moral precepts",533,Misdeed,86,transgressão,"FN: agir de uma forma que desafia os princípios morais",
14928,transgression,"FN: an act that defies moral precepts.",533,Misdeed,83,transgressão,"FN: um ato que desafia os princípios morais.",
14929,peccadillo,"COD: a minor sin or fault.",533,Misdeed,83,peccadillo,"COD: um pecado menor ou falha.",
14930,villain,"COD: a wicked person or a person guilty of a crime.",534,People_by_morality,83,vilão,"COD: uma pessoa má ou uma pessoa culpada de um crime.",
14931,reprobate,"COD: an unprincipled person. ",534,People_by_morality,83,reprobata,"COD: uma pessoa sem escrúpulos.",
14932,degenerate,"COD: a morally degenerate person.",534,People_by_morality,83,degenerate,"COD: uma pessoa moralmente degenerada.",
14934,miscreant,"COD: a person who behaves badly or unlawfully",534,People_by_morality,83,Miscreante,"COD: uma pessoa que se comporta mal ou ilegalmente",
14935,fink,"COD: an unpleasant or contemptible person.",534,People_by_morality,83,fink,"COD: uma pessoa desagradável ou desprezível.",
14936,"bad apple","COD: a corrupt person in a group, likely to have a detrimental influence on the others",534,People_by_morality,83,"maçã podre","COD: uma pessoa corrupta em um grupo, provavelmente tendo uma influência prejudicial nos outros",
14937,malefactor,"COD: a person who commits a crime or some other wrong.",534,People_by_morality,83,malefator,"COD: uma pessoa que comete um crime ou algum outro erro.",
14938,evildoer,"COD: a person who commits evil deeds",534,People_by_morality,83,evildoer,"COD: uma pessoa que comete atos malignos",
14940,delinquent,"FN: a (typically  young)  person  showing or characterized by a tendency to commit crime",534,People_by_morality,83,delinquente,"FN: uma (geralmente jovem) pessoa que demonstra ou é caracterizada por uma tendência a cometer crimes",
14941,"low life","FN: a person engaged in disreputable or criminal activities",534,People_by_morality,83,"vida baixa","FN: uma pessoa envolvida em atividades desonestas ou criminosas",
14942,wrongdoer,"FN: a person that does wrong",534,People_by_morality,83,errado,"FN: uma pessoa que faz mal",
14947,vietnamese,"COD: of or relating to Vietnam, its people, or their language.",535,Origin,84,vietnamês,"COD: de ou relacionado ao Vietnã, seu povo ou sua língua.",
14949,originate,"COD: have a specified beginning. ",535,Origin,86,originar,"COD: tem um início especificado.",
14973,saudi,"FN: of or relating to Saudi Arabia",535,Origin,84,saudade,"FN: de ou relacionado à Arábia Saudita",
