idLU,lemmaName(en),senseDescription(en),idFrame,frameName,idPOS,lemmaName(pt),senseDescription(pt),idLemma(pt)
16207,resuscitation,"FN: the act of making active or vigorous again.",732,Rejuvenation,83,ressuscitação,"FN: o ato de tornar ativo ou vigoroso novamente.",
16209,invigorate,"COD: give strength or energy to.",732,Rejuvenation,86,Revigora.,"COD: dar força ou energia a.",
16210,revival,"COD: an improvement in the condition or strength of something.",732,Rejuvenation,83,revival,"COD: uma melhoria na condição ou força de algo.",
16223,commit,"FN: send to psychiatric hospital",736,Institutionalization,86,cometer,"FN: enviar para o hospital psiquiátrico",
16224,commitment,"FN: the act of sending to a psychiatric hospital",736,Institutionalization,83,compromisso,"FN: o ato de mandar para um hospital psiquiátrico",
16226,hospitalization,"FN: the act of placing in a hospital for treatment",736,Institutionalization,83,hospitalização,"FN: o ato de colocar em um hospital para tratamento",
16230,whine,"COD: complain in a feeble or petulant way",737,Complaining,86,Queixar-se,"COD: reclamar de maneira fraca ou caprichosa",
16232,moan,"COD: complain or grumble",737,Complaining,86,Suspiros,"COD: reclamar ou murmurar",
16233,bitch,"COD: make malicious or spitefully critical comments.",737,Complaining,86,Merda.,"COD: fazer comentários maliciosos ou de má vontade.",
16235,grouse,"COD: complain pettily; grumble.",737,Complaining,86,Grouse,"COD: reclamar de forma caprichosa; murmurar.",
16241,"piss and moan","FN: to whine or bitch about something in an annoying and persistent manner.",737,Complaining,86,"Pisse e reclame","FN: reclamar ou reclamar sobre algo de uma maneira irritante e persistente.",
16242,grumble,"COD: complain or protest in a bad-tempered but muted way",737,Complaining,86,resmunga,"COD: reclamar ou protestar de maneira mal-humorada mas contida",
16243,grousing,"FN: the general act of complaining. ",737,Complaining,83,Resmungando,"FN: o ato geral de reclamar.",
16249,"give voice","FN: express",738,Expressing_publicly,86,"dar voz","FN: expresso",
16251,articulate,"COD: clearly express (an idea or feeling)",738,Expressing_publicly,86,articulado,"COD: expressar claramente (uma ideia ou sentimento)",
16252,"put into words","FN: express through the use of words",738,Expressing_publicly,86,"colocar em palavras","FN: expresse através do uso de palavras",
16253,"turn down","COD: reject an offer or application of something or from someone.",739,Respond_to_proposal,86,"abaixar o volume","COD: rejeitar uma oferta ou aplicação de algo ou de alguém.",
16254,rebuff,"COD:  reject in an abrupt or ungracious manner.",739,Respond_to_proposal,86,rechaço,"COD: rejeitar de forma abrupta ou desrespeitosa.",
16255,rebuff,"COD: an abrupt rejection.",739,Respond_to_proposal,83,rejeitar,"COD: uma rejeição abrupta.",
16256,reject,"COD: refuse to consider or agree to",739,Respond_to_proposal,86,rejeitar,"COD: recusar-se a considerar ou concordar com",
16260,refuse,"FN: to not accept an offer",739,Respond_to_proposal,86,refusar,"FN: não aceitar uma oferta",
16261,brag,"COD: boast",740,Bragging,86,bragar,"COD: vaidade",
16262,boast,"COD: talk with excessive pride and self-satisfaction about oneself",740,Bragging,86,boastar,"COD: falar com excesso de orgulho e satisfação sobre si mesmo",
16263,boast,"COD: an act of boasting.",740,Bragging,83,boastar,"COD: um ato de vaidade.",
16265,rodomontade,"FN: boast pretentiously",740,Bragging,86,rodomontade,"FN: pregar",
16266,vaunt,"COD: boast about or praise (something), especially excessively.",740,Bragging,86,vaunte,"COD: alardorar-se ou elogiar (algo), especialmente em excesso.",
16267,boastful,"FN: indicative of pride felt",740,Bragging,84,boastful,"FN: indicativo de orgulho sentido",
16268,rodomontade,"COD: boastful or inflated talk or behaviour",740,Bragging,83,rodomontade,"COD: fala ou comportamento arrogante ou inflado",
16270,braggart,"COD: a person who brags. 

",740,Bragging,83,braggart,"COD: uma pessoa que se gabar.",
16271,refuse,"COD: indicate unwillingness to accept or grant (something offered or requested)",741,Agree_or_refuse_to_act,86,refusar,"COD: indica uma recusa em aceitar ou conceder (algo oferecido ou solicitado)",
16272,decline,"COD: politely refuse",741,Agree_or_refuse_to_act,86,declinar,"COD: recusar educadamente",
16273,refusal,"FN: the action of indicating unwillingness to accept or grant (something offered or requested).",741,Agree_or_refuse_to_act,83,refusão,"FN: a ação de indicar desaprovação em relação a algo oferecido ou solicitado.",
16276,disprefer,"FN: to like or tend to choose less.",742,Preference,86,desprefere,"FN: gostar ou ter tendência a escolher menos.",
16277,favor,"FN: prefer",742,Preference,86,"por favor","FN: prefere",
31010,"would rather (than)","FN: indicating that the Experiencer prefers some Event, typically an action that they can perform",742,Preference,86,"preferir (a)","FN: indicando que o Experiencer prefere algum Evento, tipicamente uma ação que eles podem realizar",
16280,safeguard,"COD: protect with a safeguard.",743,Protecting,86,guardião,"COD: proteger com uma salvaguarda.",
16282,secure,"COD: protect against threats",743,Protecting,86,seguro,"COD: proteger contra ameaças",
16287,safeguard,"COD: a measure taken to protect or prevent something.",743,Protecting,83,guardião,"COD: uma medida tomada para proteger ou prevenir algo.",
16289,bulwark,"FN: a strong support or protection",743,Protecting,83,bulwark,"FN: um forte apoio ou proteção",
16296,willing,"FN: not opposed to",744,Willingness,84,disposta,"FN: não se opõe a",
16297,unwilling,"COD: not willing.",744,Willingness,84,desinteressado,"COD: não disposto.",
16300,loath,"COD: reluctant; unwilling:",744,Willingness,84,avergonhado,"COD: relutante; indisponível:",
16301,grudging,"FN: resentfully unwilling to",744,Willingness,84,resmungoso,"FN: ressentidamente relutante em",
16303,prepared,"FN: willing (as a result of consideration)",744,Willingness,84,Preparado.,"FN: disposto (devido à consideração)",
16304,down,"FN: willing to (do something)",744,Willingness,84,baixar,"FN: disposto a (fazer algo)",
16308,emplane,"FN: go on board an aircraft.",745,Board_vehicle,86,emplane,"FN: embarcar em uma aeronave.",
