idLU,lemmaName(en),senseDescription(en),idFrame,frameName,idPOS,lemmaName(pt),senseDescription(pt),idLemma(pt)
17192,hardiness,"FN: the quality or state of being hardy",1392,Level_of_force_resistance,83,Resistência,"FN: a qualidade ou estado de ser duro",
17194,sturdiness,"FN: the quality or state of being sturdy",1392,Level_of_force_resistance,83,Estabilidade,"FN: a qualidade ou estado de ser robusto",
17197,durability,"FN: the quality or state of being durable",1392,Level_of_force_resistance,83,durabilidade,"FN: a qualidade ou estado de durabilidade",
17198,fragile,"FN: easily broken, shattered, or damaged",1392,Level_of_force_resistance,84,frágil,"Fácil de quebrar, rachar ou danificar",
17199,fragility,"FN: the quality or state of being fragile",1392,Level_of_force_resistance,83,fragilidade,"FN: a qualidade ou estado de ser frágil",
17200,flimsy,"FN: without material strength or solidity",1392,Level_of_force_resistance,84,frágil,"FN: sem força ou solidez de material",
17201,flimsiness,"FN: the quality or state of being flimsy",1392,Level_of_force_resistance,83,frágeis,"FN: a qualidade ou estado de ser frágil",
17202,robust,"FN: sturdily built; strong; hardy",1392,Level_of_force_resistance,84,robusto,"FN: robusto; forte; resistente",
17203,robustness,"FN: the quality or state of being robust",1392,Level_of_force_resistance,83,robustez,"FN: a qualidade ou estado de ser robusto",
17204,pliable,"FN: easily bent; flexible",1392,Level_of_force_resistance,84,"plástico flexível","FN: facilmente dobrado; flexível",
17205,pliability,"FN: the quality or state of being pliable",1392,Level_of_force_resistance,83,plabilidade,"FN: a qualidade ou estado de ser maleável",
17207,flexibility,"FN: the quality or state of being flexible",1392,Level_of_force_resistance,83,flexibilidade,"FN: a qualidade ou estado de ser flexível",
17208,frail,"FN: not strong or hardy; having a low level or force resistance. Usually said of people.",1392,Level_of_force_resistance,84,frágil,"FN: não forte ou robusto; com baixo nível de resistência à força. Geralmente dito de pessoas.",
18559,offshoot,"FN: A branching off from an organization or institution; a subgroup which is differentiated from the main body of the organization and does not exactly follow the actions or beliefs of the members of main body, but has some degree of autonomy.",1393,Offshoot,83,offshoot,"FN: Uma ramificação de uma organização ou instituição; um subgrupo diferenciado do corpo principal da organização e que não segue exatamente as ações ou crenças dos membros do corpo principal, mas possui algum grau de autonomia.",
18561,breakaway,"FN: describing a subgroup having different opinions or goals which attempts to separate itself from the main group and operate independently.
<ex>A small group of employees formed a breakaway company and competed with their former employers.</ex>",1393,Offshoot,84,quebra,"FN: descrevendo um subgrupo com opiniões ou objetivos diferentes que tenta separar-se do grupo principal e operar de forma independente.
<ex>Um pequeno grupo de funcionários formou uma empresa dissidente e competiu com seus antigos empregadores.</ex>",
18563,"splinter group","FN: a faction having ideological differences with the larger group; usually in the political domain.",1393,Offshoot,83,"grupo dissidente","FN: uma facção com diferenças ideológicas em relação ao grupo maior; geralmente no domínio político.",
18521,anyway,"FN: in any case",1394,Presentation_of_mitigation,89,"de qualquer maneira","FN: de qualquer maneira",
18522,anyhow,"FN: in any case",1394,Presentation_of_mitigation,89,"De qualquer maneira","FN: em qualquer caso",
18523,"at any rate","FN: at least",1394,Presentation_of_mitigation,89,"em qualquer caso","No mínimo",
18524,"in any case","FN: anyway, in any event",1394,Presentation_of_mitigation,89,"em qualquer caso","De qualquer maneira, de qualquer forma",
18525,"in any event","FN: anyway, in any case",1394,Presentation_of_mitigation,89,"em qualquer caso","De qualquer forma, de qualquer maneira",
18526,"at a minimum","FN: at the least",1394,Presentation_of_mitigation,89,"no mínimo","No mínimo",
18530,"at the least","FN: at a minimum",1394,Presentation_of_mitigation,89,"no mínimo","FN: no mínimo",
13530,avert,"COD: prevent or ward off (an undesirable occurrence). ",1395,Preventing_or_letting,86,avertir,"COD: prevenir ou afastar (um evento indesejável).",
13531,frustrate,"COD: prevent (a plan or action) from progressing, succeeding, or being fulfilled. ",1395,Preventing_or_letting,86,frustra,"COD: impedir (um plano ou ação) de progredir, ter sucesso ou ser cumprida.",
13532,"nip in the bud","FN: prevent something from progressing to completion, by taking action early in the process",1395,Preventing_or_letting,86,"Apagar na raiz","FN: impedir que algo avance até a conclusão, tomando medidas antecipadamente no processo",
13533,obviate,"COD: avoid; prevent. ",1395,Preventing_or_letting,86,obviar,"COD: evitar; prevenir.",
13538,stopping,"FN: the act of stopping",1395,Preventing_or_letting,83,parando,"FN: o ato de parar",
13541,upset,"FN: keep from happening",1395,Preventing_or_letting,86,desagradável,"FN: manter de acontecer",
13543,preempt,"COD: take action in order to prevent (an attack or other anticipated event) happening; forestall. ",1395,Preventing_or_letting,86,preemptar,"COD: tomar medidas para evitar (um ataque ou outro evento esperado) acontecer; adiantar-se.",
13544,preemption,"FN: the act of preempting.",1395,Preventing_or_letting,83,preempção,"FN: o ato de preempter.",
13545,preemptive,"FN: happening so as to prevent.",1395,Preventing_or_letting,84,preemptivo,"FN: acontecendo de forma a prevenir.",
13547,let,"FN: give the required time or opportunity to allow for an action to be performed",1395,Preventing_or_letting,86,deixe,"FN: dê o tempo ou oportunidade exigidos para permitir que uma ação seja realizada",
13549,enable,"FN: cause to become easier or possible.",1395,Preventing_or_letting,86,ativar,"FN: causar para se tornar mais fácil ou possível.",
13550,enablement,"FN: the process or state of making (something) possible.",1395,Preventing_or_letting,83,abilitação,"FN: o processo ou estado de tornar (algo) possível.",
13563,forestall,"COD: anticipate and prevent the action of. ",1395,Preventing_or_letting,86,previne,"COD: antecipar e prevenir a ação de.",
13566,preclude,"FN: prevent someone from successfully doing something",1395,Preventing_or_letting,86,precluir,"FN: impedir que alguém consiga fazer algo com sucesso",
30737,avert,"COD: prevent or ward off (an undesirable occurrence). ",1395,Preventing_or_letting,86,avertar,"COD: prevenir ou afastar (um evento indesejável).",
30738,frustrate,"COD: prevent (a plan or action) from progressing, succeeding, or being fulfilled. ",1395,Preventing_or_letting,86,frustra,"COD: impedir (um plano ou ação) de progredir, ter sucesso ou ser cumprida.",
30739,"nip in the bud","FN: prevent something from progressing to completion, by taking action early in the process",1395,Preventing_or_letting,86,"Aperte o botão.","FN: impedir que algo avance até a conclusão, tomando medidas antecipadamente no processo",
30740,obviate,"COD: avoid; prevent. ",1395,Preventing_or_letting,86,obviar,"COD: evitar; prevenir.",
30745,stopping,"FN: the act of stopping",1395,Preventing_or_letting,83,parando,"FN: o ato de parar",
30795,stop,"FN: prevent an event from occurring.",1395,Preventing_or_letting,86,pare,"FN: prevenir um evento de ocorrer.",
30878,upset,"FN: keep from happening",1395,Preventing_or_letting,86,desagradável,"FN: evitar que aconteça",
30901,"keep (from)","FN: prevent (focusing on the previous state).",1395,Preventing_or_letting,86,"manter (de)","FN: prevenir (com foco no estado anterior).",
30916,preempt,"COD: take action in order to prevent (an attack or other anticipated event) happening; forestall. ",1395,Preventing_or_letting,86,preemptar,"COD: tomar medidas para evitar (um ataque ou outro evento esperado) acontecer; adiantar.",
30917,preemption,"FN: the act of preempting.",1395,Preventing_or_letting,83,preempção,"FN: o ato de preempter.",
30918,preemptive,"FN: happening so as to prevent.",1395,Preventing_or_letting,84,preemptivo,"FN: acontecendo de forma a prevenir.",
30919,let,"FN: give the required time or opportunity to allow for an action to be performed",1395,Preventing_or_letting,86,deixe,"FN: dê o tempo ou oportunidade necessários para permitir que uma ação seja realizada",
30920,enable,"FN: cause to become easier or possible.",1395,Preventing_or_letting,86,ativar,"FN: causar para se tornar mais fácil ou possível.",
30921,enablement,"FN: the process or state of making (something) possible.",1395,Preventing_or_letting,83,abilitação,"FN: o processo ou estado de tornar (algo) possível.",
30922,forestall,"COD: anticipate and prevent the action of. ",1395,Preventing_or_letting,86,previne,"COD: antecipar e prevenir a ação de.",
30923,preclude,"FN: prevent someone from successfully doing something",1395,Preventing_or_letting,86,precluir,"FN: impedir que alguém consiga fazer algo com sucesso",
17174,deprive,"FN: keep from having",1396,Prevent_or_allow_possession,86,depriva,"FN: manter de ter",
30875,deprive,"FN: keep from having",1396,Prevent_or_allow_possession,86,depriver,"FN: manter de ter",
30876,starve,"FN: render someone totally without a desired possession or state-of-affairs.",1396,Prevent_or_allow_possession,86,"morrer de fome","FN: deixar alguém totalmente sem um objeto ou estado desejado.",
15458,progress,"FN: change towards a more advanced condition",1397,Progression,86,progresso,"FN: mudança em direção a uma condição mais avançada",
15459,progress,"COD: development towards a better, more complete, or more modern condition.",1397,Progression,83,progresso,"COD: desenvolvimento em direção a uma condição melhor, mais completa ou mais moderna.",
15465,mature,"FN: become more developed, usually implying greater capability or usefulness.",1397,Progression,86,maduro,"FN: tornar-se mais desenvolvido, geralmente implicando maior capacidade ou utilidade.",
15466,maturation,"COD: the action or process of maturing.",1397,Progression,83,maturação,"COD: a ação ou processo de amadurecimento.",
15468,burgeon,"COD: grow or increase rapidly.",1397,Progression,86,burgeonar,"COD: crescer ou aumentar rapidamente.",
15469,stagnate,"FN: to stop developing or remain undevoloped.",1397,Progression,86,estagnar,"FN: parar de desenvolver ou permanecer não desenvolvido.",
15471,progression,"FN: sequence of change in accord with normal expectations.",1397,Progression,83,progresso,"FN: sequência de mudança em acordo com as expectativas normais.",
