idLU,lemmaName(en),senseDescription(en),idFrame,frameName,idPOS,lemmaName(pt),senseDescription(pt),idLemma(pt)
12502,speed,"COD: an amphetamine drug, especially methamphetamine.",359,Intoxicants,83,velocidade,"COD: uma droga estimulante, especialmente metanfetamina.",35807
12505,pot,"COD: cannabis.",359,Intoxicants,83,Pote,"COD: cannabis.",30718
12506,acid,"COD: the drug LSD",359,Intoxicants,83,ácido,"COD: a droga LSD",36746
12512,morphine,"COD: an analgesic and narcotic drug obtained from opium and used medicinally to relieve pain. ",359,Intoxicants,83,morfina,"COD: uma droga analgésica e narcótica obtida da papoula e utilizada medicamente para aliviar a dor.",28216
12515,weed,"COD: cannabis. ",359,Intoxicants,83,"erva daninha","COD: canabis.",9111
12517,grass,"COD: cannabis.",359,Intoxicants,83,Grama,"COD: canabis.",23698
12523,assist,"COD: help by doing a share of work or by providing money or information. ",360,Assistance,86,ajuda,"COD: ajuda ao fazer uma parte do trabalho ou fornecendo dinheiro ou informações.",12572
12524,help,"COD: make it easier for (someone) to do something. ",360,Assistance,86,ajuda,"COD: facilitar que alguém faça algo.",12572
12526,succor,"COD: assistance and support in times of hardship and distress ",360,Assistance,86,socorro,"COD: assistência e apoio em tempos de dificuldade e angústia",33568
12527,helpful,"COD: giving or ready to give help. ",360,Assistance,84,útil,"COD: dando ou pronto para dar ajuda.",71081
12529,aid,"COD: help",360,Assistance,86,ajuda,"COD: ajuda",12572
12532,"help out","FN: help somebody in a predicament",360,Assistance,86,ajuda,"FN: ajudar alguém em uma situação difícil",12572
12533,serve,"COD: perform duties or services for.",360,Assistance,86,servir,"COD: desempenhar deveres ou serviços para.",116867
12540,obligated,"COD: compelled legally or morally",361,Being_obligated,84,obrigado,"COD: compelido legalmente ou moralmente",73197
12542,job,"COD: a responsibility or duty. ",361,Being_obligated,83,emprego,"COD: responsabilidade ou dever.",20558
12545,responsibility,"COD: a thing which one is required to do as part of a job, role, or legal obligation. ",361,Being_obligated,83,responsabilidade,"COD: uma coisa que alguém é obrigado a fazer como parte de um emprego, função ou obrigação legal.",32287
12547,bound,"COD: obliged to do something",361,Being_obligated,84,ligado,"COD: obrigado a fazer algo",73281
12549,mission,"COD: an important assignment",361,Being_obligated,83,missão,"COD: uma importante tarefa",9610
12550,commission,"COD: an order for something (usually a work of art)",361,Being_obligated,83,comissão,"COD: uma encomenda de algo (geralmente uma obra de arte)",36691
12552,contract,"FN: a written or spoken agreement",361,Being_obligated,83,contrato,"FN: um acordo escrito ou falado",8932
12553,obliged,"FN: to be morally or legally constrained or bound",361,Being_obligated,84,obrigado,"FN: estar moralmente ou legalmente restringido ou vinculado",73197
29456,must,"be forced to, have to.",361,Being_obligated,86,deve,"ser forçado a, ter que.",135231
12556,pimple,"COD: a small, hard inflamed spot on the skin",362,Body_mark,83,espinha,"COD: uma pequena área inflamada e dura na pele",21473
12560,blemish,"COD: a small mark or flaw which spoils the appearance of something. ",362,Body_mark,83,mancha,"COD: uma pequena marca ou defeito que estraga a aparência de algo.",11536
12567,rash,"COD: an area of reddening of a person' s skin, sometimes with raised spots.",362,Body_mark,83,"erupção cutânea","COD: uma área de avermelhamento da pele de uma pessoa, às vezes com pontinhos elevados.",70478
12570,blotch,"COD:  a large irregular patch or unsightly mark. ",362,Body_mark,83,mancha,"COD: uma grande mancha irregular ou marca antiestética.",11536
12573,callus,"COD: a thickened and hardened part of the skin or soft tissue, especially one caused by friction. ",362,Body_mark,83,cálculo,"COD: uma parte espessada e endurecida da pele ou tecido mole, especialmente uma causada por atrito.",18774
12577,tired,"FN: in need of rest or sleep.",363,Biological_urge,84,Cansado,"FN: necessitado de descanso ou sono.",77427
12578,sleepy,"COD: needing or ready for sleep. ",363,Biological_urge,84,sonolento,"COD: necessitando ou pronto para dormir.",90026
