idLU,lemmaName(en),senseDescription(en),idFrame,frameName,idPOS,lemmaName(pt),senseDescription(pt),idLemma(pt)
20124,"performing arts theater",,157,Buildings,83,"teatro de artes cênicas",,
20125,"place of worship",,157,Buildings,83,"Local de culto",,
20126,"public bath",,157,Buildings,83,"Banheiro público",,
20383,"history museum",,157,Buildings,83,"Museu de história",,
22065,"burial site","A tract of land used for burials;",157,Buildings,83,"local de sepultamento","Um terreno usado para enterros;",
22066,"burial ground","A tract of land used for burials;",157,Buildings,83,"terreno de sepultamento","Um terreno utilizado para enterros;",
22067,"burying ground","A tract of land used for burials;",157,Buildings,83,"terreno de enterro","Um terreno usado para enterros;",
22068,"memorial park","A tract of land used for burials;",157,Buildings,83,"Parque Memorial","Um terreno utilizado para enterros;",
22071,"apartment building","Man-made structure with a roof and walls standing more or less permanently in one place;A closed structure with walls and a roof.;A building; a structure; an architectural fabric, especially an imposing one; a large or fine building, public or private.;Building;A building is a man-made structure with a roof and walls standing more or less permanently in one place.;A structure that has a roof and walls and stands more or less permanently in one place;A building, esp. one of large size or imposing appearance.;Structure with a roof and walls, such as a house or factory.;A building to which there is free access by the public and which is available for the use of a community.;",157,Buildings,83,"edifício de apartamentos","Estrutura artificial com teto e paredes que se encontram de forma mais ou menos permanente num mesmo lugar;Uma estrutura fechada com paredes e teto;Um edifício; uma estrutura; um tecido arquitetónico, especialmente um imponente; um grande ou belo edifício, público ou privado.Edifício;Um edifício é uma estrutura artificial com teto e paredes que se encontram de forma mais ou menos permanente num mesmo lugar;Uma estrutura que tem um teto e paredes e permanece de forma mais ou menos permanente num mesmo lugar;Um edifício, especialmente um de grande tamanho ou aparência imponente;Estrutura com teto e paredes, como uma casa ou fábrica.Um edifício ao qual se pode aceder livremente pelo público e que está disponível para o uso de uma comunidade.",
22075,"fun park","Park with rides and attractions;",157,Buildings,83,"parque de diversões","Parque com passeios e atrações;",
22077,funfair,"Amusement park;A commercially-operated collection of rides, games and other entertainment attractions.;An amusement park that has one or more specific central themes, often as part of its name;(UK English) An amusement park.;",157,Buildings,83,"Feira de diversões","Parque de diversões; Uma coleção de passeios, jogos e outras atrações de entretenimento que é operada comercialmente; Um parque de diversões que tem um ou mais temas centrais específicos, muitas vezes como parte do seu nome; (Inglês britânico) Um parque de diversões.",
22078,"pleasure ground","Amusement park;A commercially-operated collection of rides, games and other entertainment attractions.;An amusement park that has one or more specific central themes, often as part of its name;(UK English) An amusement park.;An open-air entertainment area consisting of stalls, side shows etc.;An amusement park that is designed to carry a theme in one or more areas of the park.;A commercially operated park with stalls and shows for amusement;",157,Buildings,83,"prazer terreno","Parque de diversões; Uma coleção comercial de passeios, jogos e outras atrações de entretenimento; Um parque de diversões que tem um ou mais temas centrais específicos, muitas vezes como parte de seu nome;(Inglês britânico) Um parque de diversões. Um espaço de entretenimento ao ar livre composto por barracas, shows laterais etc.; Um parque de diversões projetado para carregar um tema em uma ou mais áreas do parque. Um parque comercial com barracas e shows para diversão;",
22079,square,"An open area at the meeting of two or more streets;",157,Buildings,83,quadrado,"Uma área aberta na intersecção de duas ou mais ruas;",
22080,"town square","An open area at the meeting of two or more streets;",157,Buildings,83,"praça da cidade","Uma área aberta na intersecção de duas ou mais ruas;",
22081,"city square","An open area in a town, sometimes including the surrounding buildings.;",157,Buildings,83,"praça da cidade","Uma área aberta numa cidade, às vezes incluindo os edifícios circundantes.",
25769,hut,"a roughly built small house or cabin.",157,Buildings,83,"casa de madeira","Uma casa ou cabana pequena mal construída.",
25770,"walk-in clinic","public clinic specializing in the treatment of specific diseases or for treatment without the need for scheduling.",157,Buildings,83,"clínica de atendimento imediato","Clínica pública especializada no tratamento de doenças específicas ou para tratamento sem a necessidade de agendamento.",
25771,"outpatient clinic","public clinic specializing in the treatment of specific diseases or for treatment without the need for scheduling.",157,Buildings,83,"clínica ambulatorial","Clínica pública especializada no tratamento de doenças específicas ou para tratamento sem a necessidade de agendamento.",
25853,belfry,"a bell tower, especially an autonomous one.",157,Buildings,83,"Belo Horizonte","uma torre de sinos, especialmente uma autônoma.",
25855,doghouse,"a shelter for abandoned dogs.",157,Buildings,83,Cachorro-quente,"um abrigo para cães abandonados.",
25856,"dog kennel","a shelter for abandoned dogs.",157,Buildings,83,Cachorro-quente,"um abrigo para cães abandonados.",
25864,coal-pit,"a large container or place to store fuel or a reinforced underground shelter for use in wartime.",157,Buildings,83,"poço de carvão","Um grande recipiente ou local para armazenar combustível ou um abrigo subterrâneo reforçado para uso em guerra.",
25866,"house of culture","a place of a community destined to maintain activities that promote the culture among its inhabitants.",157,Buildings,83,"Casa da Cultura","um espaço de uma comunidade destinada a manter atividades que promovam a cultura entre seus habitantes.",
25868,boathouse,"a boat that is suitable for use as housing.",157,Buildings,83,barco-fábrica,"Um barco adequado para uso como habitação.",
25872,"train station","a place used for embarkation and disembarkation of train passengers, also used for loading and unloading.",157,Buildings,83,"Estação de trem","Um local utilizado para embarque e desembarque de passageiros de trem, também utilizado para carregar e descarregar.",
25876,"indian tent","a conical tent made of skins or cloth in a poles frame, used by American Indians of the Plains and Great Lakes regions.",157,Buildings,83,"Tenda indiana","A tenda cônica feita de peles ou pano em uma estrutura de varetas, usada pelos índios americanos das planícies e regiões dos Grandes Lagos.",
30679,tavern,"COD: an inn or public house. ",157,Buildings,83,taverne,"COD: uma pousada ou casa pública.",
34251,brothel,"A house where the act of prostitution takes place.",157,Buildings,83,prostituição,"Uma casa onde ocorre o ato de prostituição.",
34378,bouzoukia,"A traditional Greek bar.",157,Buildings,83,بوزوكيا,"Um bar grego tradicional.",
8731,contraband,"COD: imported or exported illegally. ",158,Smuggling,84,contrabando,"COD: importado ou exportado ilegalmente.",
8733,transaction,"COD: an instance of buying or selling.",159,Commercial_transaction,83,transação,"COD: uma instância de compra ou venda.",
8734,transfer,"COD: an act of transferring",160,Transfer,83,transferir,"COD: um ato de transferir",
8740,gain,"COD: obtain or secure (something favourable).",161,Getting,86,ganho,"COD: obter ou garantir (algo favorável).",
8742,secure,"COD: succeed in obtaining.",161,Getting,86,seguro,"COD: obter sucesso em obter.",
8749,disburse,"COD: pay out (money from a fund). ",162,Commerce_pay,86,dispendiar,"COD: pagar",
8751,"shell out","COD: pay a specified amount of money, especially an amount regarded as excessive.",162,Commerce_pay,86,"Sair dinheiro","COD: pagar uma quantia especificada de dinheiro, especialmente uma quantia considerada excessiva.",
8752,payer,"FN: a person who pays money in exchange for goods or services",162,Commerce_pay,83,pagar,"FN: uma pessoa que paga dinheiro em troca de bens ou serviços",
8753,done,"FN: finished",164,Activity_done_state,84,Feito.,"FN: terminado",
8754,finished,"FN: having nothing more to be done",164,Activity_done_state,84,acabou,"FN: não tendo mais nada a ser feito",
8755,through,"FN: from beginning to end of",164,Activity_done_state,84,"por meio de","FN: do início ao fim de",
8759,transpire,"COD: happen.",168,Event,86,transpirar,"COD: acontecer.",
