idLU,lemmaName(en),senseDescription(en),idFrame,frameName,idPOS,lemmaName(pt),senseDescription(pt),idLemma(pt)
10944,hardback,"COD: a book bound in stiff covers. ",272,Text,83,encadernado,"COD: um livro encadernado em capas rígidas.",
10945,grimoire,"COD: a book of magic spells and invocations. ",272,Text,83,grimoire,"COD: um livro de feitiços e invocações mágicas.",
10946,spellbook,"COD: a book of magical spells.",272,Text,83,"livro de feitiços","COD: um livro de feitiços mágicos.",
10947,lay,"COD:  a short lyric or narrative poem meant to be sung",272,Text,83,lay,"COD: uma letra de música ou poema narrativo curto destinado a ser cantado",
10952,tract,"COD: a short treatise in pamphlet form, typically on a religious subject",272,Text,83,tract,"COD: um tratado curto em formato de panfleto, geralmente sobre um assunto religioso",
10954,script,"COD: the written text of a play, film, or broadcast.",272,Text,83,script,"COD: o texto escrito de uma peça, filme ou transmissão.",
10956,obituary,"COD: a notice of a person' s death in a newspaper or periodical, typically including a brief biography. ",272,Text,83,obituário,"COD: uma nota sobre a morte de alguém em um jornal ou periódico, geralmente incluindo uma breve biografia.",
10958,mag,"COD: a magazine. ",272,Text,83,mag,"COD: uma revista.",
10964,hagiography,"COD: the writing of the lives of saints. ",272,Text,83,hagiografia,"COD: a escrita das vidas dos santos.",
10966,periodical,"COD: a periodical magazine or newspaper. ",272,Text,83,periódico,"COD: uma revista ou jornal periódico.",
10967,editorial,"COD: a newspaper article giving an opinion on a topical issue",272,Text,83,editorial,"COD: um artigo de jornal dando uma opinião sobre um tema atual",
10968,meditation,"COD: a discourse expressing considered thoughts on a subject. ",272,Text,83,meditação,"COD: um discurso expressando pensamentos considerados sobre um assunto.",
10971,writings,"COD: books or other written works.",272,Text,83,escritos,"COD: livros ou outras obras escritas.",
10975,manuscript,"COD: a handwritten book, document, or piece of music.",272,Text,83,manuscrito,"COD: um livro, documento ou peça de música escritos à mão.",
10991,textbook,"FN: a book used by students as a standard source of information on a particular subject",272,Text,83,"Livro didático","FN: um livro usado por estudantes como uma fonte padrão de informações sobre um assunto específico",
30721,grimoire,"COD: a book of magic spells and invocations.",272,Text,83,grimoire,"COD: um livro de feitiços e invocações mágicas.",
34040,koran,"The Islamic sacred book.",272,Text,83,Alcorão,"O livro sagrado islâmico.",
10995,eyeliner,"COD: a cosmetic applied as a line round the eyes.",273,Body_decoration,83,Rímel,"COD: um cosmético aplicado como uma linha em torno dos olhos.",
10996,rouge,"COD: a red powder or cream used as a cosmetic for colouring the cheeks or lips",273,Body_decoration,83,rouge,"COD: uma pó ou creme vermelho usado como um cosmético para colorir as bochechas ou lábios",
10997,blusher,"COD: a cosmetic used to give a warm reddish tinge to the cheeks",273,Body_decoration,83,Blush,"COD: um cosmético usado para dar uma cor avermelhada nas bochechas",
10998,concealer,"COD: a flesh-toned cosmetic used to cover spots and blemishes. ",273,Body_decoration,83,esconder,"COD: um cosmético de tom de pele usado para cobrir manchas e imperfeições.",
10999,lipstick,"COD: coloured cosmetic applied to the lips from a small solid stick",273,Body_decoration,83,batom,"COD: cosmético colorido aplicado aos lábios a partir de um pequeno bastão sólido",
11002,eyeshadow,"COD: a coloured cosmetic applied to the eyelids or to the skin around the eyes",273,Body_decoration,83,"sombra para os olhos","COD: um cosmético colorido aplicado aos olhos ou à pele ao redor dos olhos",
11003,kohl,"COD: a black powder, usually antimony sulphide or lead sulphide, used as eye make-up, especially in Eastern countries",273,Body_decoration,83,Kohl,"COD: uma poeira preta, geralmente sulfeto de antimonio ou sulfeto de chumbo, usada como maquiagem para os olhos, especialmente em países orientais",
11004,pickle,"COD: 2. a pickle informal a difficult situation. ",274,Predicament,83,picles,"COD: 2. um picles informal uma situação difícil.",
11006,scrape,"COD: an embarrassing or difficult predicament. ",274,Predicament,83,raspar,"COD: uma situação embaraçosa ou difícil.",
11007,pinch,"FN: a difficult situation",274,Predicament,83,pinch,"FN: uma situação difícil",
11009,predicament,"COD: a difficult situation. ",274,Predicament,83,"perigosa situação","COD: uma situação difícil.",
11011,bind,"COD: a problematical situation.",274,Predicament,83,amarra,"COD: uma situação problemática.",
11012,fix,"COD: in sing. informal a difficult or awkward situation.                                          How on earth did you get into such a fix?",274,Predicament,83,fixar,"COD: no singular. Informal uma situação difícil ou embaraçosa. Como diabos você se meteu nessa encrenca?",
11014,jam,"COD: informal an awkward situation or predicament:                                            I' m in a jam.",274,Predicament,83,jam,"Estou em uma situação complicada.",
11018,plight,"COD: a dangerous, difficult, or otherwise unfortunate situation. ",274,Predicament,83,Pliht,"COD: uma situação perigosa, difícil ou de outra forma infeliz.",
11019,misfortune,"COD: an unfortunate event. ",274,Predicament,83,infelicidade,"COD: um evento infeliz.",
34451,upside-down,"in a configuration other than the original intended.",274,Predicament,84,"de cabeça para baixo","em uma configuração diferente da originalmente pretendida.",
11022,christen,"FN: to baptize as a sign of admission to a Christian church",275,Rite,86,cristianizar,"FN: batizar como um sinal de admissão a uma igreja cristã",
11023,baptism,"COD: the Christian rite of sprinkling water on to a person' s forehead or of immersing them in water, symbolizing purification or regeneration and admission to the Christian Church",275,Rite,83,batismo,"COD: o rito cristão de aspersão de água na testa de alguém ou de imersão em água, simbolizando purificação, regeneração e admissão à Igreja Cristã",
11024,eucharist,"COD: the Christian service, ceremony, or sacrament commemorating the Last Supper, in which bread and wine are consecrated and consumed",275,Rite,83,eucharist,"COD: o serviço, cerimônia ou sacramento cristão que comemora a Última Ceia, na qual o pão e o vinho são consagrados e consumidos",
11026,pray,"COD: address a prayer to God or another deity",275,Rite,86,ore,"COD: dirigir um pedido a Deus ou a outra divindade",
11030,communion,"COD: the service of Christian worship at which bread and wine are consecrated and shared; the Eucharist",275,Rite,83,Comunhão,"COD: o serviço de adoração cristã no qual pão e vinho são consagrados e partilhados; a Eucaristia",
11034,consecrate,"COD: make or declare sacred",275,Rite,86,Consagra.,"COD: fazer ou declarar sagrado",
11035,anoint,"COD: smear or rub with oil, especially as part of a religious ceremony",275,Rite,86,unge,"COD: espalhar óleo, especialmente como parte de uma cerimônia religiosa",
11036,unction,"COD: the action of anointing someone with oil or ointment as a religious rite ",275,Rite,83,unção,"COD: a ação de ungir alguém com óleo ou pomada como um rito religioso",
11040,circumcise,"COD: cut off the foreskin of (a young boy or man) as a Jewish or Islamic rite or cut off the clitoris, and sometimes the labia, of (a girl or young woman) as a traditional practice in some cultures",275,Rite,86,circumcisão,"COD: corte o prepúcio de (um menino ou homem jovem) como um rito judaico ou islâmico ou corte o clitóris, e às vezes os lábios, de (uma menina ou mulher jovem) como uma prática tradicional em algumas culturas",
11041,circumcision,"COD: the action or practice of circumcising",275,Rite,83,circumcisão,"COD: a ação ou prática de circuncidar",
11045,ordination,"COD: the action of ordaining someone in holy orders",275,Rite,83,ordenação,"COD: a ação de ordenar alguém nas ordens sagradas",
11046,vigil,"COD: (in the Christian Church) the eve of a festival or holy day as an occasion of religious observance. [Eccl] ",275,Rite,83,vigil,"COD: (na Igreja Cristã) o dia anterior a uma festa ou dia santo como ocasião para a observância religiosa. [Eccl]",
