idLU,lemmaName(en),senseDescription(en),idFrame,frameName,idPOS,lemmaName(pt),senseDescription(pt),idLemma(pt)
9541,kudos,"COD: (mass noun) praise and honour. ",197,Judgment_communication,83,Parabéns!,"COD: (substantivo em massa) elogio e honra.",
9542,deprecatory,"FN: disapproving, serving to deprecate",197,Judgment_communication,84,Depreciatório,"FN: desaprovando, servindo para depreciar",
9543,deprecation,"FN: an expression of disapproval",197,Judgment_communication,83,Depreciação,"FN: uma expressão de desaprovação",
9544,deprecative,"FN: deprecatory, expressing disapproval",197,Judgment_communication,84,Depreciativo,"Deprecatório, expressando desaprovação",
9545,execrate,"COD: feel or express great loathing for.",197,Judgment_communication,86,execrar,"COD: sentir ou expressar grande aversão por.",
9546,execration,"FN: cursing or denouncing somebody",197,Judgment_communication,83,execração,"FN: amaldiçoar ou denunciar alguém",
9548,laudable,"FN: judged to be deserving of praise",197,Judgment_communication,84,Laudável,"FN: julgado digno de elogio",
9549,laudatory,"COD: expressing praise and commendation",197,Judgment_communication,84,Elogioso,"COD: expressando elogios e recomendações",
9550,commendable,"COD: deserving praise. ",197,Judgment_communication,84,Comendável,"COD: merecedor de elogios.",
9551,commendatory,"FN: expressing praise",197,Judgment_communication,84,Elogioso,"FN: expressando elogio",
9552,malediction,"COD: a curse. ",197,Judgment_communication,83,maledição,"COD: uma maldição.",
9553,maledictory,"FN: serving as a malediction",197,Judgment_communication,84,maledictório,"FN: servindo como uma maldição",
9554,reprehend,"COD: reprimand. ",197,Judgment_communication,86,repreender,"COD: repreensão.",
9555,reprehension,"FN: the act of  censuring or rebuking  someone",197,Judgment_communication,83,repreensão,"FN: o ato de censurar ou repreender alguém",
9556,belittlement,"FN: the act of belittling or disparaging",197,Judgment_communication,83,minoria,"FN: o ato de menosprezar ou desqualificar",
9557,belittling,"FN: disparaging, representing a slight",197,Judgment_communication,83,beliscar,"FN: depreciativo, representando um pouco",
9559,recriminate,"COD: make recriminations.",197,Judgment_communication,86,reprimandar,"COD: fazer acusações.",
9560,critic,"COD: a person who expresses an unfavourable opinion of something.",197,Judgment_communication,83,crítico,"COD: uma pessoa que expressa uma opinião desfavorável sobre algo.",
9563,harangue,"COD: a forceful and aggressive speech",197,Judgment_communication,83,harangue,"COD: um discurso forte e agressivo",
9564,acclaim,"COD: praise enthusiastically and publicly",197,Judgment_communication,86,aclamação,"COD: elogie entusiasticamente e publicamente",
9565,acclaim,"COD: enthusiastic public praise",197,Judgment_communication,83,aclamação,"COD: elogio público entusiástico",
9566,accusation,"COD: a charge or claim that someone has done something illegal or wrong.",197,Judgment_communication,83,acusação,"COD: uma acusação ou reclamação de que alguém cometeu uma ação ilegal ou errada.",
9568,belittle,"COD: dismiss as unimportant",197,Judgment_communication,86,belispar,"COD: dispensar como não importante",
9573,commend,"COD:  praise formally or officially",197,Judgment_communication,86,Comendar,"COD: elogio formalmente ou oficialmente",
9574,commendation,"FN: a statement of formal praise",197,Judgment_communication,83,elogio,"FN: uma declaração de elogio formal",
9579,damn,"COD: condemn, especially publicly.",197,Judgment_communication,86,Caramba!,"COD: condenar, especialmente em público.",
9580,decry,"COD: publicly denounce.",197,Judgment_communication,86,decifrar,"COD: denunciar publicamente.",
9581,denigrate,"COD: criticize unfairly; disparage. ",197,Judgment_communication,86,denegrir,"COD: criticar injustamente; menosprezar.",
9582,denigration,"FN: express extreme, perhaps inappropriate disapproval",197,Judgment_communication,83,denigration,"FN: expressão de desaprovação extrema, talvez inadequada",
9584,denouncement,"FN: the public declaration of something or someone as wrong.",197,Judgment_communication,83,denúncia,"FN: a declaração pública de algo ou alguém como errado.",
9585,denunciation,"COD:  the action of denouncing someone or something. ",197,Judgment_communication,83,denúncia,"COD: a ação de denunciar alguém ou algo.",
9586,deprecate,"COD: express disapproval of",197,Judgment_communication,86,Depreciar,"COD: expressar desaprovação de",
9588,derision,"COD: contemptuous ridicule or mockery",197,Judgment_communication,83,desdém,"COD: ridículo ou sarcástico",
9589,disparage,"COD:  represent as being of little worth; scorn",197,Judgment_communication,86,desprezar,"COD: representar como sendo de pouco valor; desprezo",
9590,disparagement,"FN: the action of representing something as low quality.",197,Judgment_communication,83,desprezo,"FN: a ação de representar algo como de baixa qualidade.",
9591,disparaging,"FN: representing as if of low quality.",197,Judgment_communication,84,despreciativo,"FN: representando como de baixa qualidade.",
9592,extol,"COD: praise enthusiastically. ",197,Judgment_communication,86,elogiar,"COD: elogie entusiasticamente.",
9593,laud,"COD: praise highly, especially in a public context.",197,Judgment_communication,86,laudado,"COD: elogiar muito, especialmente em um contexto público.",
9594,mocking,"FN: expressing disdain and contemptuous humor.",197,Judgment_communication,84,imitando,"FN: expressando desprezo e humor sarcástico.",
9595,praise,"COD: the expression of approval or admiration.",197,Judgment_communication,83,elogie,"COD: a expressão de aprovação ou admiração.",
9596,praise,"COD: express warm approval of or admiration for.",197,Judgment_communication,86,elogie,"COD: expressa aprovação calorosa ou admiração por.",
9599,ridicule,"COD: subject to ridicule.",197,Judgment_communication,86,ridículo,"COD: sujeito a ridicularização.",
9600,ridicule,"COD: mockery or derision.",197,Judgment_communication,83,ridicularizar,"COD: sarcasmo ou desprezo.",
9602,scoff,"COD: speak about something in a scornfully derisive way. ",197,Judgment_communication,86,Scoff,"COD: falar sobre algo de uma maneira sarcástica e irônica.",
9603,mock,"COD:  tease scornfully; ridicule.",197,Judgment_communication,86,imitar,"COD: gozar com desdém; ridicularizar.",
9604,cite,"COD: praise for a courageous act in an official dispatch",197,Judgment_communication,86,cite,"COD: elogio para um ato corajoso em uma despacha oficial",
9606,slam,"COD: criticize severely",197,Judgment_communication,86,slam,"COD: crítica severamente",
9607,harangue,"COD: criticize at length in an aggressive and hectoring manner. ",197,Judgment_communication,86,harangue,"COD: crítica em detalhes de maneira agressiva e mandona.",
9610,blame,"FN: to express the assignment of responsibility for a wrong-doing",197,Judgment_communication,86,culpar,"FN: para expressar a atribuição de responsabilidade por um ato incorreto",
9611,tout,"FN: praise",197,Judgment_communication,86,tudo,"FN: elogio",
9612,charge,"FN: an accusation of wrongdoing.",197,Judgment_communication,83,carregar,"FN: uma acusação de má conduta.",
9614,pin,"COD: fix blame or responsibility on.",197,Judgment_communication,86,pinça,"COD: atribuir culpa ou responsabilidade a.",
9616,hail,"FN: describe with praise",197,Judgment_communication,86,saudação,"FN: descreva com elogios",
30983,protest,"FN: communication of strong objection and intention to oppose some course of action.",197,Judgment_communication,83,protestar,"FN: comunicação de forte objeção e intenção de se opor a algum curso de ação.",
9623,dub,"COD: give an unofficial name or nickname to",198,Name_conferral,86,dub,"COD: dar um nome ou apelido informal a",
9624,christen,"FN: to give a baby a Christian name",198,Name_conferral,86,cristianizar,"FN: dar um nome cristão a uma criança",
9627,rename,"FN: to give a new name to something",198,Name_conferral,86,renomear,"FN: dar um novo nome a algo",
9629,entitle,"FN: to name something",198,Name_conferral,86,intitular,"FN: para nomear algo",
9631,flog,"COD: beat with a whip or stick as a punishment. ",199,Corporal_punishment,86,flog,"COD: bater com um chicote ou pau como punição.",
9632,flogging,"FN: striking (generally with a whip) as a punishment",199,Corporal_punishment,83,flagging,"FN: bater (geralmente com uma chicote) como punição",
9634,caning,"FN: beating with a cane as punishment",199,Corporal_punishment,83,Chicotada,"FN: espancamento com uma vara como punição",
9636,scourge,"COD: whip with a scourge. ",199,Corporal_punishment,86,praga,"COD: chicotear com uma espancadura.",
9637,paddle,"FN: spank with a paddle",199,Corporal_punishment,86,paddles,"FN: espancar com um chicote",
9638,spank,"FN: punish by inflicting pain on the buttocks",199,Corporal_punishment,86,Chicotada,"FN: punir infligindo dor nos glúteos",
9640,fine,"COD: a sum of money exacted as a penalty by a court of law or other authority. ",200,Fining,83,bom,"COD: uma soma de dinheiro exigida como pena por um tribunal ou outra autoridade.",
9641,reparations,"COD: the compensation for war damage paid by a defeated state. ",200,Fining,83,reparos,"COD: a compensação por danos de guerra paga pelo estado derrotado.",
9642,damages,"COD: a sum of money claimed or awarded in compensation for a loss or injury. ",200,Fining,83,danos,"COD: uma soma de dinheiro reivindicada ou concedida como compensação por uma perda ou lesão.",
