idLU,lemmaName(en),senseDescription(en),idFrame,frameName,idPOS,lemmaName(pt),senseDescription(pt),idLemma(pt)
10652,date,"FN: sweet edible fruit of the date palm",252,Food,83,data,"FN: doce fruta comestível da palmeira-da-baía",18897
21332,"side dish","A serving of food accompanying, and meant to be consumed with, the main course of a meal.;",252,Food,83,Acompanhamento,"Uma porção de comida que acompanha e é destinada a ser consumida com o prato principal de uma refeição.",2101
21333,follow-up,"Small dish served between courses;A side dish (often of vegetables), or a small dish of savories served between courses;A small dish served as an accompaniment to a main course or entrée.;A dish that accompanies the main course; a side dish.;A serving of food meant as an accompanying dish.;A dish that is served with, but is subordinate to, a main course;",252,Food,83,Acompanhamento,"Pequeno prato servido entre pratos; Um acompanhamento (frequentemente de vegetais), ou um pequeno prato de petiscos servido entre pratos; Um pequeno prato servido como acompanhamento de uma refeição principal ou entrada; Um prato que acompanha a refeição principal; um acompanhamento. Um prato de comida destinado a acompanhar um prato principal; um acompanhamento. Um prato servido com, mas subordinado a, um prato principal;",2101
21342,nourishment,"A source of materials to nourish the body;",252,Food,83,nutrição,"Uma fonte de materiais para nutrir o corpo;",28833
21343,nutrition,"A source of materials to nourish the body;",252,Food,83,nutrição,"Uma fonte de materiais para nutrir o corpo;",28833
21344,alimentation,"A source of materials to nourish the body;",252,Food,83,alimentação,"Uma fonte de materiais para nutrir o corpo;",9434
21350,apertif,"Alcoholic beverage taken before a meal as an appetizer;",252,Food,83,Aperitivo,"Bebida alcoólica tomada antes de uma refeição como aperitivo;",2016
21351,appetizer,"Alcoholic drink normally served before a meal;An alcoholic drink served before a meal as an appetiser.;",252,Food,83,Aperitivo,"Bebida alcoólica normalmente servida antes de uma refeição;Uma bebida alcoólica servida antes de uma refeição como aperitivo;",2016
21352,appetiser,"In French cuisine, an entrée is a dish served before the main course, or between two principal courses of a meal.;",252,Food,83,Aperitivo,"Na culinária francesa, uma entrada é um prato servido antes do prato principal ou entre dois pratos principais de uma refeição.",2016
21353,starter,"The main course or main dish of a meal;The first course of a meal, consisting of a small, usually savoury, dish.;A small, light, and usually savory first course in a meal;",252,Food,83,iniciante,"O prato principal ou prato forte de uma refeição;

O primeiro prato de uma refeição, consistindo em um pequeno, geralmente saboroso, prato;

Um pequeno, leve e geralmente saboroso primeiro prato em uma refeição;",25034
21372,liquor,"A fermented drink is a beverage containing alcohol because of a metabolic process that converts sugar to acids, gases and/or alcohol (e.g. beer or wine).;A drink (a liquor or brew) containing ethanol, commonly known as alcohol.;",252,Food,83,líquor,"Uma bebida fermentada é uma bebida que contém álcool devido a um processo metabólico que converte açúcar em ácidos, gases e/ou álcool (por exemplo, cerveja ou vinho).; Uma bebida (uma licor ou cerveja) contendo etanol, comumente conhecido como álcool.;",70143
21374,booze,"An alcoholic beverage that is distilled rather than fermented;",252,Food,83,borracha,"Uma bebida alcoólica destilada em vez de fermentada;",10999
21382,bull,"Domesticated ungulate food and labour animals;More generally, any domestic bovine regardless of sex or age.;Domesticated bovine animals (cows, bulls, steers etc).;Cattle are the most common type of large domesticated ungulates.;",252,Food,83,touro,"Animais domésticos de trabalho e alimentação; De forma mais geral, qualquer bovino doméstico, independentemente do sexo ou idade; Animais domésticos bovinos (vacas, touros, novilhinhas, etc.); Os bovinos são o tipo mais comum de grandes ungulados domésticos.",34812
21463,culinary,"The art of creating delicious food that is also pleasing to the eye.;A specific set of cooking traditions and practices, often associated with a specific culture.;Related to or used in cooking.;",252,Food,83,culinária,"A arte de criar comidas deliciosas que são também agradáveis aos olhos; Um conjunto específico de tradições e práticas culinárias, muitas vezes associadas com uma cultura específica; Relacionada ou utilizada na culinária.",6737
21464,gastronomy,"The art of creating delicious food that is also pleasing to the eye.;A specific set of cooking traditions and practices, often associated with a specific culture.;Related to or used in cooking.;",252,Food,83,gastronomia,"A arte de criar comidas deliciosas que são também agradáveis aos olhos; um conjunto específico de tradições e práticas culinárias, muitas vezes associadas com uma cultura específica; relacionada ou usada na culinária.",6691
21465,cuisine,"The art of creating delicious food that is also pleasing to the eye.;A specific set of cooking traditions and practices, often associated with a specific culture.;Related to or used in cooking.;",252,Food,83,Culinária,"A arte de criar comidas deliciosas que são também agradáveis aos olhos;Um conjunto específico de tradições e práticas culinárias, frequentemente associadas com uma cultura específica;Relacionado ou utilizado na culinária.",6737
21466,cookery,"The art of creating delicious food that is also pleasing to the eye.;A specific set of cooking traditions and practices, often associated with a specific culture.;Related to or used in cooking.;",252,Food,83,Culinária,"A arte de criar comidas deliciosas que são também agradáveis aos olhos; Um conjunto específico de tradições e práticas culinárias, frequentemente associadas com uma cultura específica; Relacionado ou utilizado na culinária.",6737
21492,ingredient,"An ingredient is a substance that forms part of a mixture.;Substance that forms part of a mixture;One of the substances present in a mixture.;",252,Food,83,ingrediente,"Um ingrediente é uma substância que forma parte de uma mistura; Substância que forma parte de uma mistura; Uma das substâncias presentes em uma mistura.",1986
21500,liqueur,"Alcoholic beverage produced through destillation, regardless of alcohol content.;Alcoholic beverage containing more than 20 percent alcohol.;An alcoholic beverage that is distilled rather than fermented;",252,Food,83,líquor,"Bebida alcoólica produzida por destilação, independentemente do teor alcoólico; Bebida alcoólica com mais de 20% de álcool; Uma bebida alcoólica destilada em vez de fermentada.",70143
