idLU,lemmaName(en),senseDescription(en),idFrame,frameName,idPOS,lemmaName(pt),senseDescription(pt),idLemma(pt)
6305,power,"COD: political authority or control.",67,Leadership,83,poder,"COD: autoridade ou controle político.",8064
6307,rule,"COD: control or government.",67,Leadership,83,regra,"COD: controle ou governo.",32050
6317,administration,"FN: the government under a given leader",67,Leadership,83,administração,"FN: o governo sob um determinado líder",12259
6319,representative,"FN: a politician that represents a constituent in a democratic government",67,Leadership,83,representante,"FN: um político que representa um eleitor em um governo democrático",38667
6321,executive,"FN: the head of a business, law, or government agency",67,Leadership,83,executivo,"FN: o chefe de um negócio, lei ou agência governamental",9567
6331,officer,"FN: a person who is in a role of authority in an institution",67,Leadership,83,oficial,"FN: uma pessoa que está em um papel de autoridade em uma instituição",9058
6332,state,"FN: a metonymic term for governmental actions, departments, and personnel ",67,Leadership,83,estado,"FN: um termo metafórico para ações governamentais, departamentos e pessoal",6657
6335,chair,"FN: to preside over an organization, usually a committee, as the chair person",67,Leadership,86,cadeira,"FN: presidir sobre uma organização, geralmente um comitê, como presidente",9325
6338,supervisor,"FN: person in charge of a limited jurisdiction, often a county or city.",67,Leadership,83,supervisor,"FN: pessoa responsável por uma jurisdição limitada, geralmente um condado ou cidade.",34068
34364,public,"The administration made by the government.",67,Leadership,84,público,"A administração feita pelo governo.",73178
6344,friendly,"FN: having the characteristic of being sociable",68,Sociability,84,amigável,"FN: ter o traço de ser sociável",73407
6348,outgoing,"COD: friendly and confident. ",68,Sociability,84,saudável,"COD: amigável e confiante.",74067
6357,liberal,"COD: respectful and accepting of behaviour or opinions different from one' s own.",69,Strictness,84,liberal,"COD: respeitoso e aceitando comportamentos ou opiniões diferentes das suas próprias.",84970
6360,tolerant,"FN: showing a willingness to allow or endure a disagreeable behavior or person.",69,Strictness,84,tolerante,"FN: mostrando uma disposição para permitir ou suportar um comportamento ou pessoa desagradável.",90824
6361,severe,"FN: Strict, harsh, intense, mean",69,Strictness,84,severo,"FN: Estrito, severo, intenso, cruel",89785
6363,blanket,"COD: cover completely with a thick layer. ",70,Distributed_position,86,cobertor,"COD: cobrir completamente com uma camada grossa.",10749
6365,coat,"COD: form a layer or covering",70,Distributed_position,86,casaco,"COD: forma uma camada ou cobertura",1224
6366,cover,"FN: be on top or in front of something so as to protect or conceal it.",70,Distributed_position,86,cobertura,"FN: estar no topo ou na frente de algo para protegê-lo ou escondê-lo.",9169
6367,deck,"COD: decorate or dress brightly or festively",70,Distributed_position,86,barco,"COD: decore ou vista-se de forma brilhante e festiva",122
6372,fill,"COD: become full.",70,Distributed_position,86,preencher,"COD: tornar-se completo.",132891
6373,film,"FN: cover with a thin layer",70,Distributed_position,86,filme,"FN: cobrir com uma camada fina",9372
6374,line,"COD: stand or be positioned at intervals along. ",70,Distributed_position,86,linha,"COD: ficar ou ser posicionado em intervalos ao longo de.",402
6377,dot,"FN: be scattered over (an area)",70,Distributed_position,86,ponto,"FN: espalhado sobre (uma área)",487
6378,stud,"COD: strew or scatter",70,Distributed_position,86,estudo,"COD: espalhar ou dispersar",7592
6379,garnish,"COD: decorate or embellish (something, especially food).",70,Distributed_position,86,Decoração,"COD: decorar ou enfeitar (algo, especialmente comida).",9420
6381,litter,"FN: (of undesirable entities) cover (an area).",70,Distributed_position,86,lixo,"FN: (de entidades indesejáveis) cobrir (uma área).",7973
6383,across,"FN: in a preponderance of (largely linearly arranged) subregions of.",70,Distributed_position,90,"através de","FN: em uma prevalência de (principalmente linearmente organizados) subregiões de.",146592
6389,contraction,"COD: the process of contracting [decreasing in size, number, or range]. ",71,Cause_expansion,83,contrato,"COD: o processo de contratação [diminuindo em tamanho, número ou alcance].",8932
6405,narrow,"COD: to become narrower",71,Cause_expansion,86,estreito,"COD: tornar-se mais estreito",722
6406,grow,"FN: cause to increase in size",71,Cause_expansion,86,crescer,"FN: causar para aumentar em tamanho",117331
6407,"blow up","COD: inflate or enlarge something.",71,Cause_expansion,86,Explodir,"COD: infla ou aumenta algo.",117081
