idLU,lemmaName(en),senseDescription(en),idFrame,frameName,idPOS,lemmaName(pt),senseDescription(pt),idLemma(pt)
17307,date,"FN: a particular combination of a day, month, and year, possibly connected to an event happening at that time",953,Location_in_time,83,data,"FN: uma combinação específica de um dia, mês e ano, possivelmente relacionada a um evento acontecendo naquela época",18897
17325,if,"FN: with the assumption that there is a possibility that",955,Concessive,93,se,"FN: assumindo que há uma possibilidade de que",147098
31031,"even if","FN: although",955,Concessive,93,"mesmo que","FN: embora",147124
31122,"even though","despite the fact that.",955,Concessive,93,"mesmo que","Apesar de que.",147124
17329,present,"FN: to exhibit something to others",956,Cause_to_perceive,86,presente,"FN: exibir algo para outros",37442
17330,point,"FN: to indicate the existense or direction of something or some event",956,Cause_to_perceive,86,ponto,"FN: para indicar a existência ou direção de algo ou algum evento",487
17331,depict,"COD: represent by a drawing, painting, or other art form",956,Cause_to_perceive,86,retratar,"COD: representado por um desenho, pintura ou outra forma de arte",120689
17334,present,"FN: symptomatic characteristics exhibited by a patient",956,Cause_to_perceive,86,presente,"FN: características sintomáticas apresentadas por um paciente",37442
17336,symbolize,"COD: represent by means of a symbol (usually a work of art)",957,Representing,86,simbolizar,"COD: representar por meio de um símbolo (geralmente uma obra de arte)",120736
17341,output,"FN: the results of work on a task or project",958,Labor_product,83,Saída,"FN: os resultados do trabalho em uma tarefa ou projeto",526
17344,land,"FN: a location that is someone' s or something' s property (e.g. real estate land, stewardship land, etc.)",960,Locale_by_ownership,83,terra,"FN: um local que é propriedade de alguém ou de algo (por exemplo, terras imobiliárias, terras de gestão, etc.)",2039
17347,estate,"COD: a property consisting of a large house and extensive grounds",960,Locale_by_ownership,83,estação,"COD: uma propriedade composta de uma grande casa e extensos terrenos",283
17349,prove,"FN: to be recognized as having certain qualities",962,Turning_out,86,prova,"FN: ser reconhecido como tendo certas qualidades",670
17350,"turn out","FN: to be recognized",962,Turning_out,86,resultar,"FN: ser reconhecido",117339
33155,play,"FN: end in a particular condition, often after a complicated sequence of events.",962,Turning_out,86,brincar,"FN: terminar em uma condição específica, muitas vezes após uma sequência complicada de eventos.",117309
17355,win,"FN: complete a game with a favorable outcome",964,Finish_game,86,ganhar,"FN: completar um jogo com um resultado favorável",116903
17356,lose,"FN: complete a game with an unfavorable outcome",964,Finish_game,86,perder,"FN: completar um jogo com um resultado desfavorável",117134
17361,lose,"FN: to evade the vision of (someone)",969,Losing_track_of_perceiver,86,perder,"FN: evadir a visão de (alguém)",117134
17363,lose,"FN: to decrease in quantity",970,Change_of_quantity_of_possession,86,perda,"FN: diminuir em quantidade",29974
17372,spend,"FN: To expend or consume.",972,Expend_resource,86,gastar,"FN: Para gastar ou consumir.",121016
17373,squander,"FN: To waste; to consume frivolously",972,Expend_resource,86,esbanjar,"FN: A perder tempo; gastar em vão",117284
17375,"go through","FN: To expend.",972,Expend_resource,86,"passar por","FN: Para gastar.",139180
17377,add,"FN: contribute (something) to a mass",974,Cause_to_be_included,86,adicionar,"FN: contribuir (algo) para uma massa",121700
17382,fulfill,"COD: satisfy or meet a requirement (or condition)",979,Meet_specifications,86,cumprir,"COD: satisfazer ou atender a uma exigência (ou condição)",116873
17384,assemble,"FN: to intentionally gather together",981,Assemble,86,montar,"FN: para reunir intencionalmente",120905
17385,convene,"FN: to assemble for a public purpose",981,Assemble,86,convocar,"FN: para montar por um propósito público",125365
17387,offer,"FN: present (something) to be given.",983,Offering,86,oferta,"FN: dar presente (algo).",28945
17389,extend,"FN: offer.",983,Offering,86,estender,"FN: oferta.",129764
17391,wager,"FN: place a bet.",984,Wagering,86,aposta,"Coloque uma aposta.",59767
17393,bet,"FN: to wager",984,Wagering,86,aposta,"FN: apostar",59767
17394,add,"FN: combine two terms",985,Commutative_process,86,adicionar,"FN: combina dois termos",121700
17395,multiply,"FN: scale a number by another number",985,Commutative_process,86,multiplicar,"FN: escala um número por outro número",132046
17396,addition,"FN: the process of combining two numbers",985,Commutative_process,83,adição,"FN: o processo de combinar dois números",12252
17401,product,"FN: a number that results from multiplication",986,Commutative_statement,83,produto,"FN: um número que resulta de multiplicação",9367
