idLU,lemmaName(en),senseDescription(en),idFrame,frameName,idPOS,lemmaName(pt),senseDescription(pt),idLemma(pt)
14983,date,"FN: Originating at the time of origin; often with ""from"" or ""to"". ",535,Origin,86,data,"FN: Originando no momento da origem; frequentemente com ""de"" ou ""para"".",18897
14984,guilty,"COD: justly chargeable with a particular fault or error",536,Guilt_or_innocence,84,culpado,"COD: justificadamente culpável por um erro ou falha específica",73288
14986,guilt,"COD: the fact of having committed an offence or crime",536,Guilt_or_innocence,83,culpa,"COD: o fato de ter cometido uma infração ou crime",6856
14990,imprisonment,"FN: the act of confining, or the state of being confined or confining",537,Imprisonment,83,prisão,"FN: o ato de confinar, ou o estado de ser confinado ou confinar",10697
14992,jail,"COD: put (someone) in jail.",537,Imprisonment,86,prisão,"COD: colocar (alguém) na cadeia.",10697
14995,time,"FN: the period in which one must remain incarcarated for an offense. ",537,Imprisonment,83,tempo,"FN: o período em que se deve permanecer encarcerado por um crime.",573
14996,life,"FN: a prisoner is sentenced to spend the remainder of their natural life incarcarated; occurs with a limited set of collocational verbs (e.g. do, serve, etc.)  ",537,Imprisonment,83,vida,"FN: um preso é condenado a passar o resto de sua vida natural encarcerado; ocorre com um conjunto limitado de verbos colocacionais (por exemplo, fazer, servir, etc.)",6569
15003,exchange,"FN: to part with for a substitute",538,Replacing,86,câmbio,"FN: para se afastar por um substituto",152
15006,study,"COD: apply oneself to study. ",539,Studying,86,Estudo,"COD: aplicar-se aos estudos.",7592
15007,expel,"FN: force to leave",540,Exclude_member,86,expulsar,"FN: força para sair",130053
15009,expulsion,"FN: the act of expelling",540,Exclude_member,83,expulsão,"FN: o ato de expulsar",1013
15021,distinct,"COD: recognizably different in nature; individual or separate",542,Distinctiveness,84,distinto,"COD: reconhecivelmente diferente na natureza; individual ou separado",73388
15022,characterize,"COD: (of a feature or quality) be characteristic of.",542,Distinctiveness,86,caracterizar,"COD: (de uma característica ou qualidade) ser característico de.",124605
15023,signature,"COD: a distinctive product or characteristic by which someone or something can be identified",542,Distinctiveness,83,assinatura,"COD: um produto ou característica distintiva por meio da qual alguém ou algo pode ser identificado",6642
15031,average,"COD: a usual or ordinary amount, level, or rate.",543,Typicality,84,médio,"COD: uma quantia, nível ou taxa habitual ou ordinária.",73628
15034,commonplace,"COD: not unusual; ordinary",543,Typicality,84,comum,"COD: não incomum; comum",73168
15037,common,"FN: Usual; to be expected",543,Typicality,84,comum,"FN: Usual; esperado",73168
15042,irregularity,"FN: not normal",543,Typicality,83,irregularidade,"FN: não normal",25333
33158,exceptional,"FN: extremely unusual in a good way",543,Typicality,84,excepcional,"FN: extremamente incomum de uma boa forma",73186
33161,curiously,"FN: strangely [marks a sentence from the speaker's viewpoint as Experiencer]",543,Typicality,89,curiosamente,"FN: estranhamente",139806
15048,operate,"FN: control a device (in order to acheive the prototypical function of the device).",544,Using,86,operar,"FN: controle um dispositivo (para alcançar a função prototípica do dispositivo).",120722
15049,operation,"COD: the action or process of operating.",544,Using,83,operação,"COD: a ação ou processo de operar.",29088
15057,operational,"COD: relating to the operation ",544,Using,84,operacional,"COD: relacionado à operação",73383
15058,employment,"FN: application or use in a particular situation.",544,Using,83,emprego,"FN: aplicação ou utilização em uma situação específica.",20558
15059,exercise,"FN: to use or apply one' s power or ability in order to achieve a goal. ",544,Using,86,exercício,"FN: usar ou aplicar o seu poder ou habilidade para alcançar um objetivo.",21994
34300,medical,"The act of using something for medicinal ways.",544,Using,84,medicinal,"O ato de usar algo para fins medicinais.",85548
15060,roommate,"COD:  a person occupying the same room, flat, or house as another.",545,People_by_residence,83,"colega de quarto","COD: uma pessoa que ocupa o mesmo quarto, apartamento ou casa de outra.",7367
15065,participant,"FN: somebody who participates in an event",546,Participation,83,participante,"FN: alguém que participa de um evento",37103
