idLU,lemmaName(en),senseDescription(en),idFrame,frameName,idPOS,lemmaName(pt),senseDescription(pt),idLemma(pt)
8487,shampoo,"FN: wash or clean with shampoo",145,Grooming,86,xampu,"FN: lavar ou limpar com xampu",36325
8488,manicure,"COD: give a manicure to. ",145,Grooming,86,manicure,"COD: dar uma manicure em.",64793
8492,soap,"COD: wash with soap",145,Grooming,86,sabão,"COD: lave com sabão",32761
8495,manicure,"COD: a cosmetic treatment of the hands and nails. ",145,Grooming,83,manicure,"COD: um tratamento cosmético das mãos e unhas.",64793
8496,groom,"COD: give a neat and tidy appearance to",145,Grooming,86,cabeleireiro,"COD: dar uma aparência arrumada e organizada a",9725
8504,unshod,"COD: wearing no shoes.",146,Wearing,84,Descalço,"COD: sem calçados.",79553
8513,barefoot,"COD: wearing nothing on the feet",146,Wearing,84,descalço,"COD: usando nada nos pés",79553
8516,bareheaded,"COD:  without a covering for one' s head. ",146,Wearing,84,descalço,"COD: sem cobertura para a cabeça de um.",79553
8522,barefooted,"FN: wearing nothing on the feet.",146,Wearing,84,descalço,"FN: usando nada nos pés.",79553
8525,masked,"FN: wearing a mask",146,Wearing,84,mascarado,"FN: usando uma máscara",73805
8543,in,"FN: wearing ",146,Wearing,90,em,"FN: usando",146475
8547,"got on","FN: be wearing",146,Wearing,86,subir,"FN: estar vestindo",121013
8548,sport,"COD: wear or display (a distinctive or noticeable item).",146,Wearing,86,esporte,"COD: usar ou exibir (um item distinto ou perceptível).",1285
8549,swaddled,"FN: (of a baby) wrapped (in a blanket, etc.)",146,Wearing,84,Enrolado,"FN: (de um bebê) enrolado",73774
8555,expression,"COD:  the look on someone' s face, seen as conveying a particular emotion.",147,Facial_expression,83,expressão,"COD: o olhar de alguém, visto como transmitindo uma emoção específica.",22047
8558,look,"COD: an expression of a feeling or thought by such an act [of looking].",147,Facial_expression,83,olhar,"COD: uma expressão de um sentimento ou pensamento por tal ato [de olhar].",8954
8560,face,"COD: an expression on someone' s face. ",147,Facial_expression,83,Rosto,"COD: uma expressão no rosto de alguém.",11044
8569,proceed,"COD: go on to do something.",148,Activity_ongoing,86,proceder,"COD: seguir em frente para fazer algo.",116949
8573,"wrap up","FN: finish",149,Activity_finish,86,Encerrar,"FN: terminar",117073
8585,terminate,"COD: bring to an end.",150,Activity_stop,86,encerrar,"COD: pôr fim a.",117073
8586,abandon,"COD: give up (an action or practice) completely.
[FN: this is distinct from abandoning a belief]",150,Activity_stop,86,abandonar,"COD: desistir (de uma ação ou prática) completamente. [FN: este é distinto de abandonar uma crença]",116851
