idLU,lemmaName(en),senseDescription(en),idFrame,frameName,idPOS,lemmaName(pt),senseDescription(pt),idLemma(pt)
15264,"take off","COD: remove (clothing).",587,Undressing,86,descolar,"COD: remover (roupa).",117201
15267,slip,"FN: gracefully take off clothing.",587,Undressing,86,escorregar,"FN: graciosamente tirar roupas.",129355
15268,"kick off","FN: to take off (footwear) by moving the feet and legs.",587,Undressing,86,iniciar,"FN: tirar (calçados) movendo os pés e pernas.",116868
15270,"pull off","FN: remove (clothing) with some force",587,Undressing,86,tirar,"FN: remover (roupas) com alguma força",117182
15271,remove,"FN: take off (clothing or accoutrements on the body)",587,Undressing,86,remover,"FN: tirar (roupas ou acessórios do corpo)",121119
15275,don,"COD: put on (an item of clothing).",588,Dressing,86,senhor,"COD: vestir (uma peça de roupa).",67398
15276,"put on","FN: manipulate (a clothing or accoutrement) such that one ends up wearing it.",588,Dressing,86,colocar,"FN: manipule (uma roupa ou acessório) de tal forma que se acabe por usá-lo.",120609
15279,"pull on","FN: put on (an item of clothing)",588,Dressing,86,puxar,"FN: vestir (um item de roupa)",133098
15280,dress,"COD: put on one' s clothes.",588,Dressing,86,vestido,"COD: vestir-se.",58981
15282,"get on","FN: begin wearing",588,Dressing,86,subir,"FN: começar a usar",121013
15295,confirm,"FN: to verify the truth or correctness of something",592,Verification,86,confirmar,"FN: para verificar a verdade ou correção de algo",120775
15296,verify,"FN: to confirm that (something) is accurate or true",592,Verification,86,verificar,"FN: para confirmar que (algo) é preciso ou verdadeiro",121219
15297,confirmation,"COD: the action of confirming or state of being confirmed.",592,Verification,83,confirmação,"COD: a ação de confirmar ou o estado de ser confirmado.",8931
15305,unidentified,"FN: (usually of a person) one whose identity is not known or verified",592,Verification,84,desconhecido,"FN: (geralmente de uma pessoa) aquele cuja identidade não é conhecida ou verificada",73695
15308,label,"COD: assign to a category, especially inaccurately.",594,Labeling,86,rótulo,"COD: atribuir a uma categoria, especialmente de forma imprecisa.",32737
15310,term,"FN: apply a specified label to",594,Labeling,86,termo,"FN: aplicar uma etiqueta especificada a",34600
15311,brand,"COD: mark out as having a particular shameful quality:",594,Labeling,86,marca,"COD: marcar como tendo uma qualidade particularmente vergonhosa:",36669
15322,term,"COD: call by a specified term",598,Simple_naming,86,termo,"COD: chamada por um termo especificado",34600
15331,examination,"COD: a detailed inspection or investigation.",599,Inspecting,83,exame,"COD: uma inspeção ou investigação detalhada.",10649
15332,scour,"FN: search an area",600,Scouring,86,esfregar,"FN: procurar uma área",129446
15344,dull,"FN: to make or cause to become less sharp.",603,Cause_to_be_sharp,86,tédio,"FN: fazer ou causar tornar-se menos afiado.",35417
15346,test,"FN: subject to a test of functioning or operation",604,Operational_testing,86,teste,"FN: sujeito a um teste de funcionamento ou operação",9320
15354,trial,"FN: a test of efficacy.",604,Operational_testing,83,ensaio,"FN: um teste de eficácia.",20834
15355,"try out","FN: determine by use how well (something) functions.",604,Operational_testing,86,provar,"FN: determinar pelo uso como (algo) funciona bem.",117342
15358,response,"FN: a reaction",605,Response,83,resposta,"FN: uma reação",32291
15359,react,"COD: respond to something in a particular way or with particular behaviour",605,Response,86,reagir,"COD: responder de uma maneira específica ou com um comportamento específico",133251
