idLU,lemmaName(en),senseDescription(en),idFrame,frameName,idPOS,lemmaName(pt),senseDescription(pt),idLemma(pt)
12765,primary,"COD: of chief importance; principal. ",371,First_rank,84,primário,"COD: de extrema importância; principal.",74097
12766,main,"COD:  chief in size or importance. ",371,First_rank,84,principal,"COD: chefe em tamanho ou importância.",73180
12768,principal,"COD: first in order of importance; main.",371,First_rank,84,principal,"COD: primeiro em ordem de importância; principal.",73180
12769,foremost,"COD: the most prominent in rank, importance, or position. ",371,First_rank,84,principal,"COD: o mais proeminente em ordem, importância ou posição.",73180
12770,lead,"FN: most important or noticeable",371,First_rank,83,chumbo,"FN: mais importante ou notável",17257
12774,leader,"FN: The highest ranked",371,First_rank,83,líder,"FN: O mais bem classificado",11010
12777,invent,"COD: create or design (a new device, process, etc.).",372,Achieving_first,86,inventar,"COD: criar ou projetar (um novo dispositivo, processo, etc.).",120745
12778,discover,"COD: be the first to find or observe (a place, substance, or scientific phenomenon). ",372,Achieving_first,86,descobrir,"COD: ser o primeiro a encontrar ou observar (um lugar, substância ou fenômeno científico).",116929
12779,coin,"COD: invent or devise (a new word or phrase).",372,Achieving_first,86,moeda,"COD: inventar ou criar (uma nova palavra ou frase).",28001
12780,coinage,"FN: the process of inventing new words",372,Achieving_first,83,Moeda,"FN: o processo de inventar novas palavras",28001
12781,discovery,"FN: the act of finding something new to the world or one' s social group",372,Achieving_first,83,descoberta,"FN: o ato de encontrar algo novo para o mundo ou um' s grupo social",8717
12785,invention,"FN: the act of creating a new device or process for some useful end",372,Achieving_first,83,invenção,"FN: o ato de criar um novo dispositivo ou processo para algum fim útil",25267
12788,find,"FN: to invent; to discover something before anyone else",372,Achieving_first,86,encontrar,"FN: inventar; descobrir algo antes de qualquer um",117283
12789,invention,"FN: the entity produced by the invention process.",372,Achieving_first,83,invenção,"FN: a entidade produzida pelo processo de invenção.",25267
31006,original,"FN: describing the New_idea as new",372,Achieving_first,84,original,"FN: descrevendo a New_idea como nova",86811
31007,innovation,"FN: the New_idea; what the Cognizer has introduced into the world",372,Achieving_first,83,Inovação,"FN: a nova ideia; o que o Cognizer introduziu no mundo",6600
12801,collocate,"FN: to frequently co-occur  with another linguistic expression",373,Word_relations,86,colocar,"FN: frequentemente ocorrer com outra expressão linguística",120609
12805,performance,"COD: an act of performing a play, concert, or other form of entertainment.",374,Performing_arts,83,desempenho,"COD: um ato de realizar uma peça, concerto ou outra forma de entretenimento.",19367
41852,cd,,374,Performing_arts,83,cd,,69402
12808,denotation,"FN: a directly conveyed meaning of a linguistic expression (as opposed to implied  or associated idea)",375,Linguistic_meaning,83,denotação,"FN: o significado diretamente transmitido de uma expressão linguística (em oposição à implicada ou ideia associada)",19094
12815,extension,"COD: the range of a term or concept as measured by the objects which it denotes or contains",375,Linguistic_meaning,83,extensão,"COD: o alcance de um termo ou conceito medido pelos objetos que ele denota ou contém",6611
12830,significance,"COD:  the quality of being significant; importance.",376,Importance,83,significado,"COD: a qualidade de ser significativo; importância.",31
12834,vital,"COD: absolutely necessary; essential.",376,Importance,84,vital,"COD: absolutamente necessário; essencial.",71078
12836,fundamental,"COD: of or serving as a foundation or core; of central importance.",376,Importance,84,básico,"COD: de ou servindo como uma fundação ou núcleo; de extrema importância.",77145
12838,serious,"COD: significant or worrying in terms of danger or risk.",376,Importance,84,sério,"COD: significativo ou preocupante em termos de perigo ou risco.",71089
12840,acute,"FN: critically important",376,Importance,84,agudo,"FN: de extrema importância",74585
12841,landmark,"FN: of pivotal or decisive importance",376,Importance,83,marcação,"FN: de importância crucial ou decisiva",964
12843,epic,"FN: impressive or major; hypothetically deserving of legendary status",376,Importance,84,épico,"FN: impressionante ou importante; hipoteticamente digno de status lendário",73696
12844,count,"FN: be important",376,Importance,86,contar,"FN: ser importante",116968
34166,matter,"An entity of person that has some importance.",376,Importance,86,assunto,"Uma entidade de pessoa que tem alguma importância.",10673
34405,matter,"An important issue.",376,Importance,83,assunto,"Uma questão importante.",10673
