idLU,lemmaName(en),senseDescription(en),idFrame,frameName,idPOS,lemmaName(pt),senseDescription(pt),idLemma(pt)
25443,visit,"the act of visit a person or a place.",849,Touring,83,visitar,"a visita de uma pessoa ou lugar.",
34352,welcome,"To be open to who wants to come.",849,Touring,86,Bem-vindo.,"Estar aberto à quem quiser vir.",
16899,"make history","FN: participate in a historical event.",850,Historic_event,96,"fazer história","FN: participar de um evento histórico.",
16904,visit,"COD: an act of visiting.",851,Visiting,83,visitar,"COD: um ato de visitar.",
16907,call,"FN: a visit",851,Visiting,83,chamar,"FN: uma visita",
16909,lodge,"FN: provide with requested accommodation.





",855,Provide_lodging,86,albergaria,"FN: fornecer com acomodações solicitadas.",
16910,host,"FN: act as a host to in-house visitor' s. ",855,Provide_lodging,86,host,"FN: atuar como anfitrião para visitantes internos.",
16912,aging,"FN: the state of growing older.",857,Aging,84,envelhecimento,"FN: o estado de envelhecer.",
16915,mature,"FN: become older",857,Aging,86,maduro,"FN: ficar mais velho",
30991,"grow up","FN: reach physical, emotional, or mental adulthood.",857,Aging,86,cresça,"FN: atingir a idade adulta física, emocional ou mentalmente.",
16916,site,"FN: The place at which an event takes place; may be on any scale: the site of the factory, the instertion site of the hypodermic.",858,Locale_by_event,83,site,"FN: O lugar onde um evento ocorre; pode ser em qualquer escala: o local da fábrica, o local de inserção do hipodérmico.",
16928,"a good","FN: close, confident approximation of (some value)",860,Proportional_quantity,84,"um bom","FN: aproximação próxima e confiante de (algum valor)",
16929,over,"FN: at least",860,Proportional_quantity,90,"acima de","No mínimo",
16930,almost,"COD: very nearly.",860,Proportional_quantity,90,quase,"COD: quase que.",
16932,around,"COD: approximately.",860,Proportional_quantity,90,"em volta de","COD: aproximadamente.",
16935,"or so","FN: about the value of",860,Proportional_quantity,89,"ou assim","FN: sobre o valor de",
16936,"in neighborhood","FN: in vague approximation of some value.",860,Proportional_quantity,90,"no bairro","FN: em aproximada vaga de algum valor.",
16937,"in vicinity","FN: a ballpark estimate of",860,Proportional_quantity,90,proximidade,"FN: uma estimativa aproximada de",
16939,under,"FN: below some value",860,Proportional_quantity,90,"abaixo de","FN: abaixo de algum valor",
16940,close,"FN: near to some value. ",860,Proportional_quantity,84,feche,"FN: próximo de algum valor.",
16942,"upwards of","FN: at least (some value)",860,Proportional_quantity,90,"acima de","FN: pelo menos (algum valor)",
16943,precisely,"FN: exactly",860,Proportional_quantity,89,precisamente,"FN: exatamente",
16945,some,"COD: (used with a number) approximately.",860,Proportional_quantity,87,alguns,"COD: (usado com um número) aproximadamente.",
16946,"something like","FN: around (some value)",860,Proportional_quantity,90,"algo como","FN: cerca de (algum valor)",
16949,tops,"FN: at the most",860,Proportional_quantity,83,"camisas de manga curta","FN: no máximo",
16950,minimum,"FN: at the very least",860,Proportional_quantity,83,mínimo,"FN: pelo menos",
16952,"at most","FN: in estimation of a value at its maximum. ",860,Proportional_quantity,89,"no máximo","FN: em estimativa de um valor no seu máximo.",
16954,barely,"COD: just at and no more above (some value). ",860,Proportional_quantity,89,baralmente,"COD: apenas e não mais acima de (algum valor).",
16957,much,"FN: a lot of (some number of individuals/mass)",860,Proportional_quantity,87,muito,"FN: uma quantidade de (algum número de indivíduos/massa)",
16958,little,"FN: not very much of (mass/individuals)",860,Proportional_quantity,87,pequeno,"FN: não muito de (massa/indivíduos)",
16959,most,"FN: the majority, the larger part (of)",860,Proportional_quantity,87,mostrar,"FN: a maioria, a parte maior (de)",
31183,"a maximum of","the maximum limit of something.",860,Proportional_quantity,89,"o máximo de","o limite máximo de algo.",
31272,"a little","a small amount of.",860,Proportional_quantity,89,"um pouco","uma pequena quantidade de.",
16961,cf,"COD: compare with.",861,Reference_text,86,cf,"COD: comparar com.",
16962,qv,"COD: used to direct a reader to another part of a text for further information.",861,Reference_text,86,q.v.,"COD: usado para direcionar um leitor para outra parte de um texto para mais informações.",
16963,refer,"COD: to consult a source of information.",861,Reference_text,86,refer,"COD: para consultar uma fonte de informação.",
16966,accredited,"FN: officially designated.",862,Appointing,84,credenciado,"FN: oficialmente designado.",
16967,designate,"COD: give a specified position or status to",862,Appointing,86,designa,"COD: atribuir uma posição ou status especificado a",
31026,nominate,"Wiki: To name someone as a candidate for a particular role or position, including that of an office",862,Appointing,86,nominar,"Wiki: Para nomear alguém como candidato para um papel ou posição específica, incluindo o de um escritório",
16971,fissile,"COD: (of an atom or element) able to undergo nuclear fission.",863,Nuclear_process,84,fissil,"COD: (de um átomo ou elemento) capaz de sofrer fissão nuclear.",
16972,decay,"FN: the process of undergoing change to a different form by emitting radiation.",863,Nuclear_process,83,decadência,"FN: o processo de sofrer uma mudança para uma forma diferente emitindo radiação.",
16973,decay,"COD: (of a radioactive substance, particle, etc.) undergo change to a different form by emitting radiation.",863,Nuclear_process,86,decadência,"COD: (de uma substância radioativa, partícula, etc.) sofrer mudança para uma forma diferente emitindo radiação.",
16974,fuse,"COD: join, blend, or coalesce to form a single entity.",863,Nuclear_process,86,fusa,"COD: juntar, misturar ou fundir para formar uma única entidade.",
16975,fusion,"COD: the process or result of fusing.",863,Nuclear_process,83,Fusão,"COD: o processo ou resultado da fusão.",
16976,fission,"COD: (chiefly of atoms) undergo fission.",863,Nuclear_process,86,fissão,"COD: (principalmente de átomos) sofrer fissão.",
16977,fission,"COD: the action of splitting or being split into two or more parts.",863,Nuclear_process,83,fissão,"COD: a ação de dividir ou ser dividido em duas ou mais partes.",
16978,nuclear,"COD: relating to or using energy released in nuclear fission or fusion.",863,Nuclear_process,84,nucleares,"COD: relacionado ou usando energia liberada em fissão ou fusão nuclear.",
16979,thermonuclear,"COD: (chiefly with reference to weapons) using or denoting nuclear fusion reactions that occur at very high temperatures.  ",863,Nuclear_process,84,Termonuclear,"COD: (principalmente em referência a armas) usando ou denotando reações de fusão nuclear que ocorrem a temperaturas muito altas.",
16980,fusable,"FN: able to undergo nuclear fusion",863,Nuclear_process,84,fusável,"FN: capaz de sofrer fusão nuclear",
16981,radioactive,"COD: emitting or relating to the emission of ionizing radiation or particles.",863,Nuclear_process,84,radioativo,"COD: emitindo ou relacionado à emissão de radiação ou partículas ionizantes.",
16983,scope,"FN: the number or variety of things affected or considered.",864,Scope,83,Escopo,"FN: o número ou variedade de coisas afetadas ou consideradas.",
16985,preliminary,"COD: a preliminary action or event.",865,Preliminaries,83,preliminar,"COD: uma ação ou evento preliminar.",
16986,exploratory,"FN: done for the purpose of discovering facts in order to proceed in a course of action.",865,Preliminaries,84,exploratório,"FN: feito para o propósito de descobrir fatos a fim de proceder em um curso de ação.",
16987,groundwork,"COD: preliminary or basic work.",865,Preliminaries,83,Fundamentos,"COD: trabalho preliminar ou básico.",
16989,preparatory,"COD: serving as or carrying out preparation.",865,Preliminaries,84,preparatório,"COD: servindo ou realizando preparação.",
29001,"training camp","a place with a field, where athletes train before the matches.",865,Preliminaries,83,"acampamento de treinamento","Um lugar com um campo, onde os atletas treinam antes das partidas.",
