idLU,lemmaName(en),senseDescription(en),idFrame,frameName,idPOS,lemmaName(pt),senseDescription(pt),idLemma(pt)
14869,player,"COD: an actor.",525,Performers,83,jogador,"COD: um ator.",383
14870,musician,"FN: a person who plays music in a concert",525,Performers,83,músico,"FN: uma pessoa que toca música em um concerto",9056
14878,sound,"FN: a unit of sound produced by language users, into which meaning can be encoded",526,Spelling_and_pronouncing,83,som,"FN: uma unidade de som produzida por usuários de linguagem, na qual o significado pode ser codificado",11037
14879,impact,"COD: have a strong effect",527,Subjective_influence,86,impacto,"COD: tem um forte efeito",8063
14882,influence,"FN: to have an emotional effect on",527,Subjective_influence,86,influência,"FN: ter um efeito emocional em",6836
14886,effect,"FN: an emotional impact",527,Subjective_influence,83,efeito,"FN: um impacto emocional",8062
14888,impact,"FN: a marked emotional effect",527,Subjective_influence,83,impacto,"FN: um efeito emocional marcado",8063
14890,drive,"COD: compel to act in a particular way",527,Subjective_influence,86,dirigir,"COD: compelido a agir de uma maneira particular",120880
14891,motivate,"COD: stimulate the interest of.",527,Subjective_influence,86,motivar,"COD: estimular o interesse de.",132034
14892,push,"FN: motivate or drive",527,Subjective_influence,86,empurrar,"FN: motivar ou impulsionar",128043
14897,tempt,"COD: entice (someone) to do something against their better judgement. ",527,Subjective_influence,86,tentar,"COD: atrair (alguém) a fazer algo contra o seu melhor julgamento.",120614
14902,influence,"FN: have an effect on",528,Objective_influence,86,influência,"FN: ter um efeito em",6836
14903,impact,"COD:  have a strong effect",528,Objective_influence,86,impacto,"COD: tem um forte efeito",8063
34201,force,"To influence an entity to do something against their will.",528,Objective_influence,86,força,"Influenciar uma entidade a fazer algo contra a sua vontade.",6665
34442,high,"To be under the influence of a substance, usually narcotics.",528,Objective_influence,84,alto,"Estar sob influência de uma substância, geralmente narcóticos.",73280
39378,introduce,"to tell someone another person's name, or one's own name, the first time that they meet.",529,Make_acquaintance,86,apresentar,"Apresentar-se a alguém pela primeira vez, dando ou recebendo o nome próprio.",116964
14921,undercut,"COD: weaken; undermine",532,Subversion,86,subestimar,"COD: enfraquecer; minar",134415
