idLU,lemmaName(en),senseDescription(en),idFrame,frameName,idPOS,lemmaName(pt),senseDescription(pt),idLemma(pt)
16107,intel,"FN: information gathered by covert means; intelligence.",712,Information,83,intel,"FN: informação reunida por meios secretos; inteligência.",
16109,scoop,"COD: the latest news.",712,Information,83,Scoop,"COD: as últimas notícias.",
16113,"straight dope","FN: reliable, inside information.",712,Information,83,"strait dope","FN: confiável, informação interna.",
16116,skinny,"COD: confidential information or gossip.",712,Information,83,magro,"COD: informação confidencial ou fofoca.",
16117,details,"FN: specific information",712,Information,83,detalhes,"FN: informações específicas",
34036,news,"Information regarding a moment, entity or event.",712,Information,83,notícias,"Informação sobre um momento, uma entidade ou um evento.",
16122,"so far","COD: up to this time.",714,Continued_state_of_affairs,89,"Até agora","COD: até este momento.",
16123,"to date","COD: until now.",714,Continued_state_of_affairs,89,"até hoje","COD: até agora.",
16126,"as yet","COD: until now or that time",714,Continued_state_of_affairs,89,"até agora","COD: até agora ou naquele tempo",
16127,"as of yet","FN: until and (possibly) beyond now or that time",714,Continued_state_of_affairs,89,"até agora","FN: até e (possivelmente) além de agora ou daquele tempo",
16130,low,"COD: a low point, level or figure.",715,Extreme_value,83,baixo,"COD: um ponto baixo, nível ou figura.",
16131,acme,"COD: the highest point of achievement or excellence.",715,Extreme_value,83,acme,"COD: o ponto mais alto de realização ou excelência.",
16132,maximum,"COD: the greatest amount, extent, or intensity possible or recorded.",715,Extreme_value,83,máximo,"COD: o maior montante, extensão ou intensidade possível ou registrado.",
16134,minimum,"FN: the smallest amount possible",715,Extreme_value,83,mínimo,"FN: o menor valor possível",
16142,acquainted,"COD: know personally.",716,Familiarity,84,acostumado,"COD: Conhecer pessoalmente.",
16143,ken,"COD: one' s range of knowledge or sight.",716,Familiarity,83,ken,"COD: alcance do conhecimento ou visão de alguém.",
16145,zipper,"COD: a zip fastener.",717,Fastener,83,zipper,"COD: um zíper.",
16149,proliferate,"COD:  reproduce rapidly; increase rapidly in number.",718,Proliferating_in_number,86,prolifere,"COD: reproduz-se rapidamente; aumenta rapidamente em número.",
16153,non-proliferation,"COD: the prevention of an increase or spread of something, especially possession of nuclear weapons.",718,Proliferating_in_number,83,não-proliferação,"COD: a prevenção de um aumento ou disseminação de algo, especialmente a posse de armas nucleares.",
33737,boom,"To increase in number at a fast peace.",718,Proliferating_in_number,83,Bum!,"Aumentar em número rapidamente.",
16156,adduce,"COD: cite as evidence.",720,Adducing,86,aduzir,"COD: cite a evidência.",
16157,cite,"FN: mention (in support of a point) ",720,Adducing,86,cite,"FN: menção (em apoio a um ponto)",
16163,galore,"COD:  in abundance:",721,Abundance,84,galore,"COD: em abundância",
16168,scarceness,"FN: the state of being insufficient (to demand)",722,Scarcity,83,Raridade,"FN: o estado de ser insuficiente (para exigir)",
16170,institutional,"COD: of, in, or like an institution.",723,Institutions,84,institucional,"COD: de, em, ou como uma instituição.",
16181,judicial,"COD: of, by, or appropriate to a law court or judge.",726,Judicial_body,84,judicial,"COD: de, por ou adequado a um tribunal ou juiz de direito.",
16185,mail,"COD:  letters and parcels sent by post.",728,Sent_items,83,correo,"COD: cartas e pacotes enviados por correio.",
16187,post,"COD: letters and parcels delivered.",728,Sent_items,83,postagem,"COD: cartas e pacotes entregues.",
16188,shipment,"COD: a consignment of goods shipped.",728,Sent_items,83,Envio,"COD: uma remessa de mercadorias enviadas.",
16191,cascade,"COD: a succession of devices or stages in a process, each of which triggers or initiates the next.",729,System,83,cascade,"COD: uma sucessão de dispositivos ou estágios em um processo, cada um dos quais desencadeia ou inicia o próximo.",
16194,disgraceful,"COD: shockingly unacceptable.",731,Disgraceful_situation,84,Desgraçado.,"COD: surpreendentemente inaceitável.",
16195,shameful,"COD: worthy of or causing shame.",731,Disgraceful_situation,84,vergonhoso,"COD: digno de ou causando vergonha.",
16196,rejuvenation,"FN: the act of making younger or more vital",732,Rejuvenation,83,rejuvenescimento,"FN: o ato de tornar mais jovem ou mais vital",
16198,revitalization,"FN: the action of imbuing with new life and vitality.",732,Rejuvenation,83,Revitalização,"FN: a ação de infundir com nova vida e vitalidade.",
16199,rejuvenate,"COD: make or cause to appear younger or more vital.",732,Rejuvenation,86,rejuvenescer,"COD: fazer ou causar parecer mais jovem ou mais vital.",
16200,refresh,"COD: give new strength or energy to.",732,Rejuvenation,86,refrescar,"COD: dar nova força ou energia a.",
16201,reinvigorate,"COD: give new energy or strength to.",732,Rejuvenation,86,reinvigorar,"COD: dar nova energia ou força a.",
16202,reinvigoration,"FN: the action of giving new energy or strength to.",732,Rejuvenation,83,reinvigoração,"FN: a ação de dar nova energia ou força a.",
16203,"breathe new life","COD: reinvigorate",732,Rejuvenation,86,"respire nova vida","COD: revigorar",
16204,"breathe fresh life","FN: reinvigorate",732,Rejuvenation,86,"respire uma nova vida","FN: revigorar",
16206,reawaken,"FN: cause to be alert and active again",732,Rejuvenation,86,reacordar,"FN: causar para estar alerta e ativo novamente",
