idLU,lemmaName(en),senseDescription(en),idFrame,frameName,idPOS,lemmaName(pt),senseDescription(pt),idLemma(pt)
8904,dose,"COD: a quantity of a medicine or drug taken at one time.",170,Quantified_mass,83,dose,"COD: uma quantidade de um medicamento ou droga tomada de uma só vez.",20062
8908,fair,"FN: a considerable size",170,Quantified_mass,84,justo,"FN: um tamanho considerável",73348
8910,deal,"FN: a large but unspecified amount; usually used with ' good'  or ' great' ",170,Quantified_mass,83,trato,"FN: uma grande mas não especificada quantia; geralmente usada com ""bom"" ou ""ótimo",35106
3299,woods,"a dense collection of trees covering a relatively small area; smaller than a forest.",171,Natural_features,83,madeira,"Uma densa coleção de árvores cobrindo uma área relativamente pequena; menor do que uma floresta.",6648
3320,chain,"a line or series of mountains, buildings, etc.;A series of mountain ranges stretching across a continent;A series of lines of mountains.;A series of hills or mountains.",171,Natural_features,83,cadeia,"Uma linha ou série de montanhas, edifícios, etc.; Uma série de cadeias de montanhas que se estendem por um continente; Uma série de linhas de montanhas; Uma série de colinas ou montanhas.",16046
3325,inlet,"an indentation of a shoreline larger than a cove but smaller than a gulf.",171,Natural_features,83,entrada,"uma recifagem da linha costeira maior que uma enseada mas menor que um golfo.",274
3335,wood,"the trees and other plants in a large densely wooded area.",171,Natural_features,83,madeira,"as árvores e outras plantas em uma grande área densamente arborizada.",6648
3336,jungle,"type of club used in the sport of golf;A type of golf club, the head of which was traditionally made of wood.;Any dense collection or amount.;A dense collection of trees covering a relatively small area; smaller than a forest.;Mast-nuts of forest trees, used as food for pigs, or any such sustenance as wood and trees yield to cattle.;Forests are communities of living organisms characterized by the presence of trees that have symbiotic relationships with each other and the physical environment.",171,Natural_features,83,selva,"Tipo de clube usado no esporte de golfe;Um tipo de taco de golfe, cuja cabeça era tradicionalmente feita de madeira;Qualquer coleção densa ou quantidade;Uma coleção densa de árvores cobrindo uma área relativamente pequena; menor do que uma floresta.;Nozes de árvores de florestas, usadas como alimento para porcos, ou qualquer tal sustento como madeira e árvores dão a gado.;As florestas são comunidades de organismos vivos caracterizadas pela presença de árvores que têm relações simbióticas com cada um e o ambiente físico.",8737
3339,heap,"slew and slewing are a terms which can refer to a spacecraft's orientation or movement in reference to a plane or fixed position such as Earth, the Sun, another celestial body or other point in space.",171,Natural_features,83,pilha,"slew e slewing são termos que podem se referir à orientação ou movimento de uma espaçonave em relação a um plano ou posição fixa, como a Terra, o Sol, outro corpo celeste ou outro ponto no espaço.",8593
8925,sound,"COD: a narrow stretch of water forming an inlet or connecting two larger bodies of water.",171,Natural_features,83,som,"COD: uma estreita faixa de água que forma uma entrada ou conecta dois corpos d'água maiores.",11037
8931,pool,"COD: a small area of still water, typically one formed naturally.",171,Natural_features,83,piscina,"COD: uma pequena área de água parada, geralmente formada naturalmente.",873
8947,headland,"COD:  a narrow piece of land projecting into the sea. ",171,Natural_features,83,capim,"COD: uma estreita peça de terra projetando-se no mar.",16432
