idLU,lemmaName(en),senseDescription(en),idFrame,frameName,idPOS,lemmaName(pt),senseDescription(pt),idLemma(pt)
17172,dying,"FN: In the state and process of approaching death.",922,Dying,84,moribundo,"FN: No estado e processo de aproximar-se da morte.",
17173,moribund,"FN: At the point of death",922,Dying,84,moribundo,"FN: No ponto da morte",
17183,relate,"FN: connect two ideas as related",924,Relating_concepts,86,relate,"FN: conectar duas ideias como relacionadas",
17212,defeat,"FN: beat another team",929,Beat_opponent,86,derrota,"FN: bater outra equipe",
17213,beat,"FN: win against in a contest",929,Beat_opponent,86,derrotar,"FN: vencer em uma competição",
17215,prevail,"FN: come out as winner in a challenging competition",929,Beat_opponent,86,prevalece,"FN: sai como vencedor em uma competição desafiadora",
17216,defeat,"COD: an instance of defeating or being defeated",929,Beat_opponent,83,derrota,"COD: uma instância de derrota ou ser derrotado",
17217,trounce,"COD: defeat heavily in a contest",929,Beat_opponent,86,trounce,"COD: derrotar fortemente em uma competição",
17221,glimpse,"FN: to briefly see.",930,Punctual_perception,86,"olhar rápido","FN: ver brevemente.",
17222,glimpse,"FN: the event or fact of briefly seeing.",930,Punctual_perception,83,glimp,"FN: o evento ou fato de ver brevemente.",
17223,"get a eyeful","FN: to briefly see (a sufficient quantity of s.t. prurient)",930,Punctual_perception,86,"dar uma boa olhada","FN: ver rapidamente (uma quantidade suficiente de algo pruriante)",
17226,decree,"FN: to rule authoritatively and leagally to be the case",931,Legal_rulings,86,decreto,"FN: para governar de forma autoritária e legal para ser o caso",
17227,adjudicate,"FN: to judge authoritatively and legally",931,Legal_rulings,86,adjudicar,"FN: julgar autoritariamente e legalmente",
17235,"point out","FN: to indicate or specify",933,Indicating,96,destacar,"FN: para indicar ou especificar",
17237,fade,"FN: gradually approach non-existence",936,Ceasing_to_be,86,desvanecer,"FN: gradualmente se aproximar da não existência",
17240,"go away","FN: cease to be",936,Ceasing_to_be,86,"Fique longe.","FN: cessar de ser",
17242,dissipation,"FN: an event in which (something) completely ceases to exist.",936,Ceasing_to_be,83,dissipação,"FN: um evento em que (algo) completamente cessa de existir.",
17250,"a thing of the past","FN: out of existence; having faded",937,Out_of_existence,83,"Uma coisa do passado","FN: fora de existência; tendo desvanecido",
17253,can,"it is used to show that something is possible.",941,Possibility,86,can,"É usado para mostrar que algo é possível.",
17256,might,"it is used to show that something is slightly possible.",941,Possibility,86,pode,"É usado para mostrar que algo é ligeiramente possível.",
17257,may,"it is used to show that something is possible.",941,Possibility,86,pode,"É usado para mostrar que algo é possível.",
17258,could,"it is used to show that something is slightly possible.",941,Possibility,86,pode,"É usado para mostrar que algo é ligeiramente possível.",
17259,last,"FN: have a duration or period of relevance of",942,Duration_relation,86,último,"FN: tem uma duração ou período de relevância de",
40075,eight,,942,Duration_relation,83,oito,,
17263,endure,"FN: to stand, undergo without failing",945,Tolerating,86,endureça,"FN: ficar em pé, passar por sem falhar",
17267,tolerate,"FN: to accept or withstand (something which might be a problem or dificulty)",945,Tolerating,86,tolerar,"FN: aceitar ou suportar (algo que possa ser um problema ou dificuldade)",
17269,"give try","FN: attempt to use (something) for some (usually unmentioned) purpose. [Usage: try must be indefinite, but may be singular or plural; give is not passivizable.]",946,Attempt_means,86,Tente.,"FN: tentativa de usar (algo) para algum (geralmente não mencionado) propósito. [Uso: tentar deve ser indefinido, mas pode ser singular ou plural; dar não é passivizável.]",
17275,sequential,"FN: occurring in some sequence",948,Sequence,84,sequencial,"Ocorrendo em alguma sequência",
17276,successive,"FN: occurring in sequence without any intervening entities",948,Sequence,84,sucessivos,"FN: ocorrendo em sequência sem qualquer entidade intermediária",
17282,loop,"FN: arrange an object into a loop or a shape approximating a loop.",949,Manipulate_into_shape,86,loop,"FN: organizar um objeto em uma forma de laço ou algo semelhante a um laço.",
17294,fit,"FN: be able to contain.",951,Capacity,86,"se encaixa","FN: ser capaz de conter.",
17301,twice,"FN: having two instances of an event",952,Event_instance,89,dois,"FN: tendo duas instâncias de um evento",
17302,thrice,"FN: Three times.",952,Event_instance,89,"três vezes","FN: Três vezes.",
