idLU,lemmaName(en),senseDescription(en),idFrame,frameName,idPOS,lemmaName(pt),senseDescription(pt),idLemma(pt)
10120,radiologist,"FN: a physician or surgeon who specializes in radiology",230,Medical_professionals,83,radiologista,"FN: um médico ou cirurgião que se especializa em radiologia",
10122,"family practitioner","FN: a medical doctor who specializes in the care of people of all ages",230,Medical_professionals,83,"praticante de medicina familiar","FN: um médico que se especializa em cuidar de pessoas de todas as idades",
10125,"radiation oncologist","FN: a physician or surgeon who specializes in radiology for the treatment of cancer",230,Medical_professionals,83,"radiation oncologista","FN: um médico ou cirurgião que se especializa em radiologia para o tratamento do câncer",
10126,midwife,"COD: a nurse who is trained to assist women in childbirth.",230,Medical_professionals,83,parteira,"COD: uma enfermeira treinada para ajudar mulheres no parto.",
10129,shaman,"COD: a person regarded as having access to, and influence in, the world of good and evil spirits, especially among some peoples of northern Asia and North America. ",230,Medical_professionals,83,Xamã,"COD: uma pessoa considerada como tendo acesso ao mundo dos espíritos do bem e do mal, especialmente entre alguns povos do norte da Ásia e da América do Norte.",
10131,"speech therapist","FN: a medical professional specializing in the diagnosis and rehabilitation for development of and disorders in speech, language and the organs used in speech",230,Medical_professionals,83,"fisioterapeuta da fala","FN: um profissional de saúde especializado no diagnóstico e reabilitação para o desenvolvimento e distúrbios da fala, linguagem e órgãos utilizados na fala",
10132,nurse,"COD: a person trained to care for the sick or infirm.",230,Medical_professionals,83,enfermeira,"COD: uma pessoa treinada para cuidar dos doentes ou deficientes.",
10138,gastroenterology,"COD: the branch of medicine which deals with disorders of the stomach and intestines",231,Medical_specialties,83,Gastroenterologia,"COD: a área da medicina que trata de distúrbios do estômago e intestinos",
10141,chiropractic,"COD: a system of complementary medicine based on the diagnosis and manipulative treatment of misalignments of the joints, especially those of the spinal column",231,Medical_specialties,83,chiropractic,"COD: um sistema de medicina complementar baseado no diagnóstico e tratamento manual das desordens das articulações, especialmente da coluna vertebral",
10143,homeopathy,"COD: a system of complementary medicine in which disease is treated by minute doses of natural substances that in a healthy person would produce symptoms of disease",231,Medical_specialties,83,Homeopatia,"COD: um sistema de medicina complementar no qual a doença é tratada por doses minúsculas de substâncias naturais que, em uma pessoa saudável, provocariam sintomas de doença",
10144,allopathy,"COD: the treatment of disease by conventional means, i.e. with drugs having effects opposite to the symptoms",231,Medical_specialties,83,alopatia,"COD: o tratamento de doenças por meios convencionais, ou seja, com drogas que têm efeitos opostos aos sintomas",
10146,psychotherapy,"COD: the treatment of mental disorder by psychological rather than medical means",231,Medical_specialties,83,psicoterapia,"COD: o tratamento de transtorno mental por meios psicológicos em vez de médicos",
10147,psychoanalysis,"COD: a system of psychological theory and therapy which aims to treat mental disorders by investigating the interaction of conscious and unconscious elements in the mind and bringing repressed fears and conflicts into the conscious mind",231,Medical_specialties,83,psicanálise,"COD: um sistema de teoria e terapia psicológica que visa tratar transtornos mentais investigando a interação entre elementos conscientes e inconscientes na mente, trazendo medos e conflitos reprimidos para a consciência.",
10148,immunology,"COD: the branch of medicine and biology concerned with immunity",231,Medical_specialties,83,imunologia,"COD: a área da medicina e biologia que lida com imunidade",
10149,neonatology,"FN: the branch of pediatric medicine that deals with the diseases and cure of newborn infants",231,Medical_specialties,83,neonatologia,"FN: a ramificação da medicina pediátrica que lida com as doenças e cura de recém-nascidos",
10152,obstetrics,"FN: the branch of medicine that deals with the care of women during pregnancy, childbirth, and the recuperative period period following delivery",231,Medical_specialties,83,obstetrícia,"FN: a área da medicina que trata do atendimento à mulher durante a gravidez, o parto e o período pós-parto de recuperação",
10155,paediatrics,"COD: the branch of medicine concerned with children and their diseases",231,Medical_specialties,83,Pediiatria,"COD: a área da medicina que se ocupa das crianças e de suas doenças",
10156,podiatry,"FN: the branch of medicine that deals with the diagnosis, treatment, and prevention of the human foot",231,Medical_specialties,83,podiatria,"FN: a área da medicina que lida com o diagnóstico, tratamento e prevenção dos pés humanos",
10157,radiology,"COD: the science of X-rays and other high-energy radiation, especially as used in medicine",231,Medical_specialties,83,radiologia,"COD: a ciência dos raios-X e outras radiações de alta energia, especialmente como utilizada na medicina",
10161,"speech therapy","COD: treatment to help people with speech and language problems. ",231,Medical_specialties,83,"terapia da fala","COD: tratamento para ajudar pessoas com problemas de fala e linguagem.",
10162,stethoscope,"COD: a medical instrument for listening to the action of someone' s heart or breathing, having a small disc-shaped resonator that is placed against the chest and two tubes connected to earpieces",232,Materials_used_in_healthcare,83,Estetoscópio,"COD: um instrumento médico para ouvir o batimento cardíaco ou a respiração de alguém, com um pequeno ressonador em forma de disco que é colocado contra o peito e dois tubos conectados a tampões auriculares",
10163,bronchoscope,"FN: a slender tubular instrument with a small light at the end for the inspection of the bronchi",232,Materials_used_in_healthcare,83,broncoscópio,"FN: um instrumento tubular fino com uma pequena luz na ponta para inspeção dos brônquios",
10165,endoscope,"FN: a medical instrument which can be introduced into the body to view its internal parts ",232,Materials_used_in_healthcare,83,endoscópio,"FN: um instrumento médico que pode ser introduzido no corpo para visualizar suas partes internas",
10167,forceps,"COD: a pair of pincers used in surgery or in a laboratory",232,Materials_used_in_healthcare,83,Forcepse,"COD: um par de pinças usado em cirurgia ou em laboratório",
10168,cholecystoscope,"FN: a medical instrument used for the examination of the gall bladder",232,Materials_used_in_healthcare,83,"colangiopancreatografia retrógrada endoscópica","FN: instrumento médico usado para o exame da vesícula biliar",
10169,fluoroscope,"COD: an instrument with a fluorescent screen used for viewing X-ray images without taking and developing X-ray photographs",232,Materials_used_in_healthcare,83,fluoroscópio,"COD: um instrumento com uma tela fluorescente usado para visualizar imagens de raios-X sem tirar e desenvolver fotografias de raios-X",
10170,gastroscope,"COD: an optical instrument used for inspecting the interior of the stomach",232,Materials_used_in_healthcare,83,gastroscópio,"COD: um instrumento óptico utilizado para inspecionar o interior do estômago",
10171,laparoscope,"FN: a slender, tubular endoscope that is inserted through an incision in the abdominal wall to examine or perform minor surgery within the abdominal or pelvic cavities",232,Materials_used_in_healthcare,83,laparoscópio,"FN: um endoscópio fino e tubular que é inserido através de uma incisão na parede abdominal para examinar ou realizar cirurgia menor dentro das cavidades abdominais ou pélvicas",
10172,ophthalmoscope,"COD: an instrument for inspecting the retina and other parts of the eye",232,Materials_used_in_healthcare,83,oftalmoscópio,"COD: um instrumento para inspecionar a retina e outras partes do olho",
10173,oscilloscope,"COD: a device for viewing oscillations by a display on the screen of a cathode ray tube",232,Materials_used_in_healthcare,83,osciloscópio,"COD: um dispositivo para visualizar oscilações por meio de uma exibição na tela de um tubo de raios catódicos",
10174,sigmoidoscope,"FN: a tubular instrument for visual examination of the sigmoid flexure",232,Materials_used_in_healthcare,83,sigmoideoscópio,"FN: instrumento tubular para exame visual da flexura sigmoide",
10176,scalpel,"COD: a knife with a small sharp blade, as used by a surgeon",232,Materials_used_in_healthcare,83,escalpelo,"COD: uma faca com uma pequena lâmina afiada, como usada por um cirurgião",
10177,speculum,"COD: a metal instrument that is used to dilate an orifice or canal in the body to allow inspection",232,Materials_used_in_healthcare,83,especulo,"COD: um instrumento de metal utilizado para dilatar uma abertura ou canal no corpo para permitir inspeção",
10178,syringe,"COD: a tube with a nozzle and piston or bulb for sucking in and ejecting liquid in a thin stream, often one fitted with a hollow needle for injecting or withdrawing fluids into or from the body",232,Materials_used_in_healthcare,83,siringa,"COD: um tubo com bocal e pistão ou bulbo para sugar e expulsar líquidos em forma de jato fino, muitas vezes equipado com uma agulha oca para injetar ou retirar fluidos do corpo",
10179,otoscope,"FN: an instrument for examining the interior of the ear, especially the ear drum,, consisting essentially of a magnifying lens and a light",232,Materials_used_in_healthcare,83,Otoscópio,"FN: um instrumento para examinar o interior do ouvido, especialmente a membrana timpânica, consistindo essencialmente em uma lente de ampliação e luz",
10180,"blood pressure cuff","FN: an inflatable band that is wrapped around an extremity to control the flow of blood through the part when recording blood pressure with a sphygmomanometer  ",232,Materials_used_in_healthcare,83,"Aperto de pulso","FN: uma banda inflável que é enrolada em um membro para controlar o fluxo sanguíneo através da parte ao registrar a pressão arterial com um esfigmomanômetro",
10182,"along with","FN: in company with",233,Accompaniment,90,"junto com","FN: em companhia de",
10183,singly,"FN: Alone, by itself",233,Accompaniment,89,Singly,"FN: Sozinho, por si só",
10185,"in combination","FN: producing a result only together.",233,Accompaniment,90,"em combinação","FN: produzindo um resultado só junto.",
10186,together,"FN: With both participants",233,Accompaniment,89,juntos,"FN: Com os dois participantes",
10190,weld,"COD: cause to combine and form a whole. ",234,Building,86,weldar,"COD: causar para combinar e formar um todo.",
10198,"fit together","COD: join or cause to join together to form a whole. no obj. ",234,Building,86,Juntar-se,"COD: unir ou causar para se juntar para formar um todo. sem objeto.",
10200,erect,"COD: construct (a building, wall, etc.).",234,Building,86,erectado,"COD: construção (edifício, parede, etc.)",
10203,construction(entity),"FN: the physical manifestion of the act of construction",234,Building,83,"construção (entidade)","FN: a manifestação física do ato de construção",
10211,"round up","FN: gather together.",235,Gathering_up,86,arredondar,"FN: reunir-se.",
10212,"armistice day","COD: the anniversary of the armistice of 11 November 1918, now replaced by Remembrance Sunday in the UK. ",236,Commemorative,83,"Dia do Armistício","COD: o aniversário do armistício de 11 de novembro de 1918, agora substituído pelo Dia do Lembrança no Reino Unido.",
10213,"boxing day","COD: a public holiday on the first day (or first weekday) after Christmas Day. ",236,Commemorative,83,"Dia de Boxing","COD: feriado público no primeiro dia (ou primeiro dia útil) após o Natal.",
10214,"labor day","COD: a public holiday held in honour of working people in some countries on 1 May, or (in the US and Canada) on the first Monday in September. ",236,Commemorative,83,"Dia do Trabalho","COD: feriado público em honra dos trabalhadores, celebrado em alguns países no dia 1 de maio ou (nos EUA e Canadá) na primeira segunda-feira de setembro.",
10215,"april fool 's day","FN: a day in April, traditionally an occasion for playing tricks. ",236,Commemorative,83,"Dia da mentira de abril","FN: um dia em abril, tradicionalmente uma ocasião para brincadeiras.",
10216,"christmas day","COD: the annual Christian festival celebrating Christ' s birth, held on 25 December.",236,Commemorative,83,"Dia de Natal","COD: o festival cristão anual que celebra o nascimento de Cristo, realizado em 25 de dezembro.",
10217,"passover eve","COD: the major Jewish spring festival, commemorating the liberation of the Israelites from Egyptian bondage. ",236,Commemorative,83,"Véspera da Páscoa","COD: o principal festival judaico de primavera, comemorando a libertação dos israelitas da escravidão egípcia.",
