idLU,lemmaName(en),senseDescription(en),idFrame,frameName,idPOS,lemmaName(pt),senseDescription(pt),idLemma(pt)
22141,court,"A firm, rectangular surface, marked with lines and having a net across the middle, where the game of tennis is played;A place arranged for playing the games of tennis, basketball, squash, badminton, volleyball and some other games; also, one of the divisions of a tennis court.;",169,Building_subparts,83,tribunal,"Uma superfície firme e retangular, marcada com linhas e tendo uma rede no meio, onde é jogado tênis;Um lugar arranjado para jogar os jogos de tênis, basquete, squash, badminton, vôlei e alguns outros jogos; também, uma das divisões de um quadra de tênis.",35175
22142,coffeehouse,"A small restaurant where drinks and snacks are sold;",169,Building_subparts,83,cafeteria,"Uma pequena restaurante onde são vendidos bebidas e lanches;",902
22143,"coffee shop","A small restaurant where drinks and snacks are sold;",169,Building_subparts,83,cafeteria,"Uma pequena restaurante onde bebidas e lanches são vendidos;",902
22145,café,"Coffeehouse and coffee shop are related terms for an establishment which primarily serves prepared coffee and other hot beverages.;",169,Building_subparts,83,Café,"Café e cafeteria são termos relacionados para uma empresa que serve principalmente café pronto e outras bebidas quentes.",901
22147,cafeteria,"A business that sells various non-alcoholic drinks, and usually snacks and simple meals (such as breakfasts and lunches) with facilities to consume them.;",169,Building_subparts,83,Cafeteria,"Um negócio que vende vários tipos de bebidas não alcoólicas e, geralmente, petiscos e refeições simples (como café da manhã e almoço) com instalações para consumi-los.",902
22153,sweathouse,"A room, often with wooden walls, which is designed for heating dry air and where steam may be produced by pouring water over hot stones.;",169,Building_subparts,83,suor,"Uma sala, muitas vezes com paredes de madeira, que é projetada para aquecer o ar seco e onde o vapor pode ser produzido por derramar água sobre pedras quentes.",34014
23976,balcony,"a part outside a window on higher storeys that is in the form of a platform that projects from the wall of a building. It is normally enclosed by a parapet.",169,Building_subparts,83,balcão,"uma parte fora de uma janela em andares mais altos que é na forma de uma plataforma que projeta-se da parede de um edifício. Normalmente é fechada por um parapeito.",8896
23986,garage,"a place in a house that serves as a shelter for cars and to store things. It is also the name of a repair shop for automotive vehicles.",169,Building_subparts,83,garagem,"Um lugar na casa que serve como abrigo para carros e para armazenar coisas. Também é o nome de uma oficina de veículos automotores.",9146
23994,story,"the space that the building has between two floor levels.",169,Building_subparts,83,história,"a altura do espaço entre dois níveis de um prédio",2117
8849,pile,"COD: a large amount",170,Quantified_mass,83,pilha,"COD: uma grande quantidade",8593
8851,heap,"COD: a large amount or number",170,Quantified_mass,83,pilha,"COD: uma grande quantidade ou número",8593
8864,abundance,"COD: a very large quantity of something",170,Quantified_mass,83,abundância,"COD: uma quantidade muito grande de algo",11950
8866,plethora,"COD: an excess of",170,Quantified_mass,83,abundância,"COD: um excesso de",11950
8872,touch,"COD: a small amount",170,Quantified_mass,83,toque,"COD: uma pequena quantidade",1223
8875,scores,"COD: a large amount or number",170,Quantified_mass,83,pontuação,"COD: uma grande quantidade ou número",1020
8876,degree,"COD: the amount, level, or extent to which something happens or is present",170,Quantified_mass,83,grau,"COD: o valor, nível ou extensão de algo que acontece ou está presente",23740
8877,avalanche,"COD: an overwhelming deluge",170,Quantified_mass,83,avalanche,"COD: uma inundação avassaladora",654
8880,flood,"COD: an overwhelming quantity of things or people appearing at once",170,Quantified_mass,83,inundação,"COD: uma quantidade avassaladora de coisas ou pessoas aparecendo ao mesmo tempo",10198
8883,wave,"COD: a sudden occurrence of or increase in a specified phenomenon or emotion",170,Quantified_mass,83,onda,"COD: uma ocorrência ou aumento repentino de um fenômeno ou emoção especificada",1122
8885,mountain,"COD: a large pile or quantity of something.",170,Quantified_mass,83,montanha,"COD: uma grande pilha ou quantidade de algo.",717
8887,handful,"COD: a small number or amount.",170,Quantified_mass,83,polegar,"COD: um pequeno número ou quantidade.",66240
8896,any,"COD: one or some of a thing or number of things, no matter how much or how many.",170,Quantified_mass,84,qualquer,"COD: um ou alguns de uma coisa ou número de coisas, não importa quantos ou quantos sejam.",88355
8903,multiple,"COD: having or involving several parts or elements.",170,Quantified_mass,84,múltiplo,"COD: tendo ou envolvendo várias partes ou elementos.",73769
