idLU,lemmaName(en),senseDescription(en),idFrame,frameName,idPOS,lemmaName(pt),senseDescription(pt),idLemma(pt)
10512,gasp,"COD: catch one' s breath with an open mouth, owing to pain or astonishment. strain to obtain (air) by gasping. ",247,Breathing,86,Gásp!,"COD: prender o fôlego com a boca aberta, devido à dor ou espanto. Esforçar-se para obter (ar) por ofegar.",
10513,sigh,"COD:  a long, deep, audible exhalation expressing sadness, tiredness, relief, etc. ",247,Breathing,83,Sussurro,"COD: um longo, profundo, audível expiração expressando tristeza, cansaço, alívio, etc.",
10514,exhalation,"FN: air expelled by breathing out.",247,Breathing,83,exalação,"FN: ar expirado.",
10515,exhalation,"FN: the act of breathing out.",247,Breathing,83,exalação,"FN: o ato de expirar.",
10518,huff,"COD: blow out noisily.",247,Breathing,86,Puff,"COD: soprar barulhentamente.",
10519,puff,"COD: breathe in repeated short gasps",247,Breathing,86,puff,"COD: respire em toques curtos e repetitivos",
10520,sigh,"COD: emit a sigh",247,Breathing,86,Suspiro.,"COD: emite um suspiro",
10521,blow,"COD: expel air through pursed lips.",247,Breathing,86,Puff,"COD: expire ar através de lábios entreabertos.",
10523,inspire,"FN: inhale",247,Breathing,86,Inspire,Inspire-se.,
10524,insufflate,"COD: blow or breathe (vapour, a powdered medicine, etc.) into or through a body cavity. ",247,Breathing,86,insuflar,"COD: soprar ou respirar (vapor, uma medicina em pó, etc.) em ou através de uma cavidade corporal.",
10525,pant,"COD: breathe with short, quick breaths, typically from exertion or excitement.",247,Breathing,86,pant,"COD: respirar com respirações curtas e rápidas, tipicamente por esforço ou empolgação.",
10526,respire,"COD: breathe",247,Breathing,86,respire,"COD: respirar",
10527,suspire,"COD: breathe",247,Breathing,86,Sussurrar,"COD: respirar",
10530,"get out","FN: manage to escape confinement.",248,Escaping,86,Saiam!,"FN: conseguir escapar do confinamento.",
10531,"bust out","FN: escape forcefully from.",248,Escaping,86,"Sair do armário","FN: escapar violentamente de.",
10532,"fly the coop","FN: escape (usually initially unnoticed) from a long-standing situation.",248,Escaping,86,"Fugir de casa","FN: escapar (geralmente inicialmente não notado) de uma situação de longa data.",
10534,"get free","FN: escape a place of restriction or confinement",248,Escaping,86,"obter livre","FN: escapar de um lugar de restrição ou confinamento",
10536,"get loose","FN: escape a state of being bound or tethered",248,Escaping,86,Solte-se.,"FN: escapar de um estado de estar acorrentado ou amarrado",
10541,duck,"FN: to evade an unwelcome duty",249,Avoiding,86,pato,"FN: para evitar uma obrigação indesejada",
10543,shirk,"COD: avoid or neglect (a duty or responsibility). ",249,Avoiding,86,shirk,"COD: evitar ou negligenciar (uma obrigação ou responsabilidade).",
10544,shun,"COD: persistently avoid, ignore, or reject. ",249,Avoiding,86,rejeitar,"COD: evitar, ignorar ou rejeitar persistentemente.",
10547,avoidance,"FN: the fact or practice of keeping away or refraining from",249,Avoiding,83,evitação,"FN: o fato ou prática de se manter longe ou se abster de",
10548,sidestep,"FN: the act of avoiding a situation",249,Avoiding,83,Contornar,"FN: o ato de evitar uma situação",
10550,eschew,"COD: abstain from. ",249,Avoiding,86,Esqueça.,"COD: abster-se de.",
10554,"stay away","FN: keep away or refrain from",249,Avoiding,86,"Fique longe.","Mantenha-se afastado ou abstenha-se de",
10555,"keep away","FN: stay away or refrain from",249,Avoiding,86,"Mantenha-se afastado.","Fique longe ou refreie-se",
34882,"take away","To avoid something, or to make something not have contact with oneself.",249,Avoiding,86,tire,"Evitar algo, ou fazer com que algo não entre em contato consigo mesmo.",
10558,evasive,"COD: directed towards avoidance or escape",250,Evading,84,Evasivo,"COD: direcionado para evitar ou escapar",
10560,elusive,"COD: difficult to find, catch, or achieve. ",250,Evading,84,elusivo,"COD: difícil de encontrar, apanhar ou alcançar.",
10561,"give the slip","COD: escape or evade from someone",250,Evading,86,"dar o calo","COD: escapar ou evadir-se de alguém",
10563,"get away","COD: escape",250,Evading,86,"Fique longe.","COD: fuga",
10564,"skip town","FN: leave one' s normal place of living in order to evade pursuers.",250,Evading,86,"Fugir da cidade","FN: deixar o seu lugar de moradia normal a fim de evadir perseguidores.",
10565,twirl,"COD: spin something quickly and lightly round. ",251,Cause_to_move_in_place,86,twirl,"COD: girar algo rapidamente e levemente redondo.",
10566,spin,"COD: cause to turn round quickly",251,Cause_to_move_in_place,86,spin,"COD: causar uma volta rápida",
10572,rotate,"COD: cause to move in a circle round an axis. ",251,Cause_to_move_in_place,86,rotar,"COD: causar movimento circular em torno de um eixo.",
10574,swirl,"FN: cause to move in a circular or spiral form",251,Cause_to_move_in_place,86,swirl,"FN: causar movimento em forma circular ou espiral",
10575,rock,"FN: to move something from side to side",251,Cause_to_move_in_place,86,rocha,"FN: mover algo de um lado para o outro",
10578,juggle,"FN: throw and catch repeatedly in a manner very demanding of dexterity, putting several objects in the air at once.",251,Cause_to_move_in_place,86,"jugar com as palavras","FN: lançar e pegar repetidamente de uma forma que exija muita destreza, colocando vários objetos no ar ao mesmo tempo.",
10579,jiggle,"FN: cause to move slightly and relatively rapidly back and forth.",251,Cause_to_move_in_place,86,jiggar,"FN: causar um movimento ligeiramente e relativamente rápido para frente e para trás.",
2954,reed,"any of various types of tall stiff perennial grass-like plants growing together in groups near water. Tall woody perennial grasses with hollow slender stems especially of the genera Arundo and Phragmites.",252,Food,83,reed,"Cerca de água, plantas gramíneas perenes altas e rígidas, em grupos ou conjuntos. Grama perene alta lenhosa, com caules esguios e oca, dos gêneros Arundo e Phragmites.",
10589,beef,"COD: the flesh of a cow, bull, or ox, used as food. [Food] ",252,Food,83,beef,"COD: a carne de vaca, touro ou boi, usada como alimento. [Alimento]",
10593,poultry,"COD: .mass noun chickens, turkeys, ducks, and geese; domestic fowl. ",252,Food,83,ave,"COD: .substantivo massivo galinhas, perus, patos e gansos; aves domésticas.",
10599,tuna,"FN: pl. same or tunas a large and active predatory schooling fish of warm seas, extensively fished commercially, as used for food.",252,Food,83,tuna,"FN: pl. mesmo ou tuna um grande e ativo peixe predador escolar de águas quentes, pesadamente pescada comercialmente, como usada para alimentação.",
10608,almond,"COD: the oval edible nut-like kernel of the almond tree, growing in a woody shell. ",252,Food,83,amêndoa,"COD: a amêndoa, uma noz comestível em forma de ovo, crescendo dentro de uma casca lenhosa.",
10612,herb,"COD: any plant with leaves, seeds, or flowers used for flavouring, food, medicine, or perfume. ",252,Food,83,ervas,"COD: qualquer planta com folhas, sementes ou flores utilizadas para temperar, comida, medicina ou perfume.",
10615,basil,"COD: an aromatic plant of the mint family, native to tropical Asia, used as a culinary herb. ",252,Food,83,basil,"COD: uma planta aromática da família das hortelãs, nativa da Ásia tropical, utilizada como ervas culinárias.",
10616,cereal,"COD: mass noun a breakfast food made from a cereal grain or grains. ",252,Food,83,Cereais,"COD: substantivo massivo, uma comida para o café da manhã feita à base de um grão ou grãos de cereais.",
10617,lettuce,"COD: cultivated plant of the daisy family, with edible leaves that are eaten in salads",252,Food,83,alface,"COD: planta cultivada da família das compositas, com folhas comestíveis consumidas em saladas",
10618,berry,"COD: a small roundish juicy fruit without a stone. ",252,Food,83,berry,"COD: uma pequena fruta redonda e suculenta sem semente.",
10620,roll,"COD:  a very small loaf of bread",252,Food,83,rolar,"COD: uma pãezinho muito pequeno",
10621,cracker,"COD:  a thin dry biscuit, typically eaten with cheese",252,Food,83,Tostada,"COD: um biscoito fino e seco, geralmente comido com queijo",
10624,cheesecake,"COD: a kind of rich sweet tart made with cream and soft cheese on a biscuit base, typically topped with fruit. ",252,Food,83,Cheesecake,"COD: uma espécie de torta doce e rica feita com creme e queijo macio sobre uma base de biscoito, geralmente coberta com fruta.",
10625,pastry,"COD: an item of food consisting of sweet pastry with a cream, jam, or fruit filling. ",252,Food,83,"pão de mel","COD: um alimento que consiste em uma massa doce com recheio de creme, geleia ou fruta.",
10626,croissant,"COD: a French crescent-shaped roll made of sweet flaky pastry, eaten for breakfast. ",252,Food,83,croissant,"COD: uma rosquinha em forma de meia-lua francesa feita de massa folhada doce, consumida no café da manhã.",
10631,sweetener,"COD: 1. a substance used to sweeten food or drink, especially one other than sugar. ",252,Food,83,adoçante,"COD: 1. uma substância usada para adoçar alimentos ou bebidas, especialmente uma que não seja açúcar.",
