idLU,lemmaName(en),senseDescription(en),idFrame,frameName,idPOS,lemmaName(pt),senseDescription(pt),idLemma(pt)
14693,national,"COD: a citizen of a particular country.",508,People_by_jurisdiction,83,nacional,"COD: o cidadão de um país em particular.",6741
14694,subject,"COD: a member of a state owing allegiance to its monarch or supreme ruler",508,People_by_jurisdiction,83,assunto,"COD: um membro de um estado que deve lealdade ao seu monarca ou governante supremo",10673
14695,citizenry,"FN: a whole body of citizens",508,People_by_jurisdiction,83,cidadania,"FN: um corpo inteiro de cidadãos",17300
34208,expatriate,"A citizen that does not live in their own country.",508,People_by_jurisdiction,83,expatriado,"Um cidadão que não vive no seu próprio país.",62874
14701,elevator,"COD: lift",510,Connecting_architecture,83,Elevador,"COD: levantar",8634
14704,corridor,"COD: a long passage from which doors lead into room",510,Connecting_architecture,83,corredor,"COD: uma longa passagem da qual portas levam para um quarto",787
14705,hallway,"COD: a corridor or passage in a building",510,Connecting_architecture,83,corredor,"COD: um corredor ou passagem em um edifício",787
14707,staircase,"COD: a set of stairs and its surrounding structure.",510,Connecting_architecture,83,escada,"COD: um conjunto de escadas e sua estrutura circundante.",21132
14709,step,"COD: a flat surface, especially one in a series, on which to place one' s foot when moving from one level to another.",510,Connecting_architecture,83,passo,"COD: uma superfície plana, especialmente uma em uma série, sobre a qual colocar o pé ao se mover de um nível para outro.",8565
14710,gate,"FN: a usually swinging or sliding barrier, often composed of slats or bars rather than a solid surface, which provides entrance to a building or location.",510,Connecting_architecture,83,portão,"FN: uma barreira geralmente balançante ou deslizante, muitas vezes composta de tábuas ou barras em vez de uma superfície sólida, que fornece acesso a um edifício ou local.",30693
14712,belong,"COD: be a member of.",511,Membership,86,Pertencer,"COD: ser um membro de.",117246
14713,part,"FN: belonging to (a group or organization)",511,Membership,83,parte,"FN: pertencente a (um grupo ou organização)",2040
14717,associated,"FN: be a member of an organization.",511,Membership,84,associado,"FN: ser membro de uma organização.",76093
14718,first,"COD: for the first time",512,First_experience,89,primeiro,"COD: pela primeira vez",142479
14719,same,"COD:  referring to a person or thing just mentioned",513,Identicality,84,mesmo,"COD: referindo-se a uma pessoa ou coisa recentemente mencionada",73182
14720,different,"COD: distinct; separate.",513,Identicality,84,diferente,"COD: distinto; separado.",73184
14721,identical,"FN: the very same (instance)  (often accompanied by ""same"" or "" very"")",513,Identicality,84,identico,"FN: o mesmo (instância) (frequentemente acompanhado por ""mesmo"" ou ""muito"")",83259
14722,distinct,"FN: individual or separate of identity",513,Identicality,84,distinto,"FN: indivíduo ou separado de identidade",73388
14723,identity,"FN: characteristics determining what something is. ",513,Identicality,83,identidade,"FN: características que determinam o que algo é.",24568
34196,opposite,"Opposing state of affairs.",513,Identicality,84,oposto,"Estado de oposição das coisas.",86762
14726,remain,"FN: be left over after others or other parts have been used up or destroyed",514,Remainder,86,permanecer,"FN: ser deixado depois que outros ou outras partes foram usadas ou destruídas",120640
14732,time,"FN: the rhythm of a song",515,Temporal_pattern,83,tempo,"FN: o ritmo de uma música",573
14734,remain,"FN: be left after others or other parts have been dealt with",516,Left_to_do,86,permanecer,"FN: ser deixado depois que outros ou outras partes foram tratadas",120640
14735,remainder,"FN: a part, number, or quantity that is left over to process",516,Left_to_do,83,resto,"FN: uma parte, número ou quantidade restante para processar",11043
14739,cool,"COD: of or at a fairly low temperature",517,Temperature,84,legal,"COD: de ou a uma temperatura relativamente baixa",73570
14748,cool,"FN: having an environment with a fairly low temperature",518,Ambient_temperature,84,legal,"FN: ter um ambiente com uma temperatura bastante baixa",73570
14761,keep,"FN: cause to continue in a specificied state or process",520,Cause_to_continue,86,manter,"FN: causar para continuar em um estado ou processo especificado",117299
3442,master,"a presiding officer of a school.",524,People_by_vocation,83,mestre,"um presidente de uma escola.",8826
14775,receptionist,"a person who greets and deals with clients and visitors to a surgery, office, hotel, etc.",524,People_by_vocation,83,receptor,"Uma pessoa que cumprimenta e lida com clientes e visitantes de uma cirurgia, escritório, hotel, etc.",37511
14777,servant,"a person employed to perform duties for others, especially in a house on domestic duties or as a personal attendant.",524,People_by_vocation,83,servo,"um empregado que desempenha funções para os outros, especialmente em uma casa, em deveres domésticos ou como atendente pessoal.",67444
