idLU,lemmaName(en),senseDescription(en),idFrame,frameName,idPOS,lemmaName(pt),senseDescription(pt),idLemma(pt)
12583,"turned on","FN: feeling willing to engage in sexual activity.",363,Biological_urge,84,ligado,"FN: sentir vontade de se envolver em atividade sexual.",73281
12585,exhausted,"FN: feeling unable or disinclined to perform further exertion.",363,Biological_urge,84,exausto,"FN: sentimento de incapacidade ou desinteresse em se esforçar mais.",73875
12587,weary,"COD: tired. ",363,Biological_urge,84,Cansado,"COD: cansado.",77427
12590,fatigued,"FN: feeling a reduced capacity to exert due to depletion of bodily resources.",363,Biological_urge,84,Cansado,"FN: sensação de capacidade reduzida para se exercitar devido ao esgotamento dos recursos corporais.",77427
12597,fatigue,"COD: extreme tiredness, especially resulting from mental or physical exertion or illness. ",363,Biological_urge,83,fadiga,"COD: extrema fadiga, especialmente resultante de esforço mental ou físico ou doença.",22115
12600,tiredness,"FN: fatigue.",363,Biological_urge,83,cansaço,"FN: fadiga.",16370
12601,weariness,"FN: a state of being ill-disposed toward further exertion",363,Biological_urge,83,cansaço,"FN: um estado de ser mal-dispostos em relação a mais esforço",16370
12603,aroused,"FN: feeling the urge to engage in sexual activity.",363,Biological_urge,84,excitado,"FN: sentir o impulso de se envolver em atividade sexual.",73852
12612,parched,"COD: extremely thirsty. ",363,Biological_urge,84,Seco,"COD: extremamente com sede.",71107
12613,nausea,"COD: a feeling of sickness with an inclination to vomit.",363,Biological_urge,83,náusea,"COD: um sentimento de doença com uma inclinação para vomitar.",28840
12616,drowsiness,"FN: tiredness",363,Biological_urge,83,sonolência,"FN: cansaço",33649
12617,sleepiness,"FN: the state of desring to sleep",363,Biological_urge,83,sonolência,"FN: o estado de desring para dormir",33649
12618,nauseated,"FN: feel nausesous",363,Biological_urge,84,Enjoado,"Sinto náuseas.",73883
12619,sick,"COD: feeling nauseous and wanting to vomit. ",363,Biological_urge,84,doente,"COD: sentir náusea e vontade de vomitar.",73802
12621,somnolent,"COD: sleepy; drowsy. ",363,Biological_urge,84,sonolento,"COD: sonolento; letárgico.",90026
12623,somnolence,"FN: sleepiness",363,Biological_urge,83,sonolência,"FN: sonolência",33649
12624,amorous,"COD: showing or feeling sexual desire. ",363,Biological_urge,84,Amoroso,"COD: mostrar ou sentir desejo sexual.",75228
12625,full,"FN: The absence of hunger due to the consumption of food.",363,Biological_urge,84,cheio,"FN: A ausência de fome devido ao consumo de alimento.",73468
12627,hit,"COD: direct a blow at with one' s hand or a tool or weapon.",364,Cause_impact,86,acertar,"COD: dirigir um golpe com a mão ou uma ferramenta ou arma.",117230
12629,smack,"FN: to cause an entity to strike another entity with a sharp slap",364,Cause_impact,86,Chutar,"FN: causar que uma entidade atinja outra entidade com um tapa forte",117021
12636,run,"FN: cause an object to collide with something.",364,Cause_impact,86,Correr,"FN: causar um objeto colidir com algo.",116883
12637,slap,"COD: hit or strike with the palm of one' s hand or a flat object. ",364,Cause_impact,86,Chutar,"COD: acertar ou atingir com o punho de uma mão ou um objeto plano.",117021
12638,strike,"FN: to hit something hard against something else",364,Cause_impact,86,greve,"FN: bater algo forte contra outra coisa",23778
12641,ram,"FN: violently force an object to collide with something else, often resulting in the object being embedded.",364,Cause_impact,86,árvore,"FN: forçar violentamente um objeto a colidir com algo, muitas vezes resultando no objeto sendo embebido.",9112
12648,rattle,"FN: to cause an entity to strike another entity, making a rapid succession of short, sharp knocking or clinking sounds",364,Cause_impact,86,rachar,"FN: causar que uma entidade atinja outra entidade, fazendo uma rápida sucessão de curtos e afiados sons de batidas ou estalidos",133166
12651,collide,"FN: cause to come into forceful contact.",364,Cause_impact,86,colidir,"FN: causar o contato forçado.",121130
12652,jab,"FN: poke something sharp or pointed into something or somebody roughly or quickly ",364,Cause_impact,86,jab,"FN: enfiar algo afiado ou pontiagudo em algo ou alguém de forma áspera ou rápida",1054
12653,experience,"COD: feel (an emotion). ",365,Feeling,86,experiência,"COD: sentir (uma emoção).",6571
12654,full,"FN: experiencing an emotion",365,Feeling,84,cheio,"FN: experimentando uma emoção",73468
12658,sense,"FN: a feeling that can be vague or explicit. ",365,Feeling,83,sentido,"FN: um sentimento que pode ser vago ou explícito.",37088
34147,mixed,"Describing an uncertain feeling, or a mix of different feelings.",365,Feeling,84,misturado,"Descriando um sentimento incerto, ou uma mistura de diferentes sentimentos.",85843
12660,hold,"COD: contain or be capable of containing.",366,Containing,86,manter,"COD: conter ou ser capaz de conter.",117299
12661,house,"COD: enclose or encase.",366,Containing,86,casa,"COD: encerrar ou envolver.",165
12662,store,"FN: To host contents. A container that is non-agentively hosting some contents is said to store said contents.",366,Containing,86,loja,"FN: Para hospedar conteúdos. Um contêiner que está hospedando alguns conteúdos de forma não-agente é dito armazenar esses conteúdos.",908
12743,lamentable,"COD: deplorable or regrettable",368,Praiseworthiness,84,lamentável,"COD: deplorável ou lamentável",73443
12750,abominable,"FN: deserving of revulsion or disgust",368,Praiseworthiness,84,Abominável,"FN: digno de repulsa ou nojo",73512
12751,execrable,"FN: detestable; worthy of execration",368,Praiseworthiness,84,execrável,"Detestável; digno de excomunhão",73433
12753,dishonorable,"FN: worthy of or causing dishonor",368,Praiseworthiness,84,Desonroso,"FN: digno de ou causando desonra",73332
