idLU,lemmaName(en),senseDescription(en),idFrame,frameName,idPOS,lemmaName(pt),senseDescription(pt),idLemma(pt)
10137,epidemiology,"COD: the branch of medicine concerned with the incidence and distribution of diseases and other factor relating to health.",231,Medical_specialties,83,epidemiologia,"COD: a área da medicina que se preocupa com a incidência e distribuição de doenças e outros fatores relacionados à saúde.",20977
10142,histology,"COD: the branch of biology concerned with the microscopic structure of tissues",231,Medical_specialties,83,Histologia,"COD: a área da biologia preocupada com a estrutura microscópica dos tecidos",24395
10145,midwifery,"FN: the thechniques and practice of a person trained to assist women in childbirth",231,Medical_specialties,83,Parto,"FN: as técnicas e práticas de uma pessoa treinada para assistir mulheres no parto",65882
10159,medicine,"COD: the science or practice of the diagnosis, treatment, and prevention of disease.",231,Medical_specialties,83,medicamento,"COD: a ciência ou prática do diagnóstico, tratamento e prevenção de doenças.",27429
10160,therapy,"COD: treatment intended to relieve or heal a disorder. ",231,Medical_specialties,83,Terapia,"COD: tratamento destinado a aliviar ou curar uma desordem.",34578
10164,colonoscope,"FN: a long flexible endoscope, often equipped with a device for obtaining tissue samples, that is used for visual examination of the colon",232,Materials_used_in_healthcare,83,colonoscopia,"FN: um longo e flexível endoscópio, muitas vezes equipado com um dispositivo para obter amostras de tecido, que é usado para exame visual do cólon",69476
10188,glue,"FN: onstruct a whole product by means of gluing piece together.",234,Building,86,cola,"FN: construir um produto inteiro por meio de colar peças juntas.",17654
10192,construct,"COD: build or erect",234,Building,86,construção,"COD: construir ou erguer",9129
10197,make,"FN: form by putting parts together (cf. COD: form by putting parts together or combining substances)",234,Building,86,fazer,"FN: forma por montagem de partes (cf. COD: forma por montagem de partes ou combinação de substâncias)",116954
10201,raise,"COD: construct or build (a structure).",234,Building,86,elevar,"COD: construir ou construir (uma estrutura).",120683
10202,fashion,"COD: make into a particular form or article.",234,Building,86,Moda,"COD: transformar em uma forma ou artigo específico.",27981
34434,structure,"To create something from scratch.",234,Building,86,Estrutura,"Criar algo do zero.",9175
10204,assemble,"COD: come or bring together. ",235,Gathering_up,86,montar,"COD: comer ou trazer junto.",120905
10207,convene,"COD: call people together for a purpose.",235,Gathering_up,86,convocar,"COD: reunir as pessoas para um propósito.",125365
10208,herd,"FN: to bring together a large group or class of people",235,Gathering_up,86,herdar,"FN: reunir um grande grupo ou classe de pessoas",130798
10209,collect,"COD: bring or gather together.",235,Gathering_up,86,coletar,"COD: trazer ou reunir.",125091
10210,amass,"FN: to collect something over time",235,Gathering_up,86,amassar,"FN: para coletar algo ao longo do tempo",122894
