idLU,lemmaName(en),senseDescription(en),idFrame,frameName,idPOS,lemmaName(pt),senseDescription(pt),idLemma(pt)
31205,"bmx freestyle cycling","type of cycling where the objective is to do extreme maneuvers, with the winner being the one who gets the highest marks in the judges' evaluation.",1358,Sports_disciplines,83,"ciclismo de BMX freestyle","tipo de ciclismo onde o objetivo é fazer manobras extremas, com o vencedor sendo aquele que obtém as melhores notas na avaliação dos juízes.",
31206,"bmx freestyle","type of cycling where the objective is to do extreme maneuvers, with the winner being the one who gets the highest marks in the judges' evaluation.",1358,Sports_disciplines,83,"BMX freestyle","tipo de ciclismo onde o objetivo é realizar manobras extremas, com o vencedor sendo aquele que obtém as melhores notas na avaliação dos juízes.",
31207,"bmx cycling","racing sport on special bikes whose objective is to first reach a certain goal or complete a certain route in the shortest possible time or perform radical maneuvers and earn points.",1358,Sports_disciplines,83,"ciclismo de BMX","esporte de corrida em bicicletas especiais, cujo objetivo é primeiro atingir uma determinada meta ou completar um determinado percurso no menor tempo possível ou realizar manobras radicais e ganhar pontos.",
31229,vault,"sports discipline of leaping or springing while supporting or propelling oneself with one or both hands or with the help of a pole.",1358,Sports_disciplines,83,cofre,"Disciplina esportiva de pular ou saltar enquanto se apoia ou impulsiona com uma ou ambas as mãos ou com a ajuda de um pau.",
31231,"pole vault","sports discipline of leaping or springing while supporting or propelling oneself with one or both hands or with the help of a pole.",1358,Sports_disciplines,83,"pista de obstáculos","esporte de salto ou arranque enquanto se apoia ou impulsiona com uma ou ambas as mãos ou com a ajuda de um bastão.",
31468,"sprint canoeing","nautical sport practiced with canoe or kayaks in calm waters, no athlete or athlete should go through a predetermined pace in a retract line in the shortest possible time.",1358,Sports_disciplines,83,"remo em sprint","esporte náutico praticado com canoa ou caiaques em águas calmas, sem atleta ou atleta deve passar por uma velocidade predeterminada em uma linha de retirada no menor tempo possível.",
31470,dressage,"olympic equestrian sport, in which the rider aims to help the horse to develop, through various exercises, the ability to perform all its natural movements.",1358,Sports_disciplines,83,adestramento,"esporte equestre olímpico, no qual o cavaleiro visa ajudar o cavalo a desenvolver, através de diversos exercícios, a capacidade de executar todos os seus movimentos naturais.",
31471,eventing,"olympic equestrian sport, in which the rider, with the help of his horse, must perform a set of events with natural obstacles in the shortest possible time.",1358,Sports_disciplines,83,eventing,"esporte equestre olímpico, no qual o cavaleiro, com a ajuda de seu cavalo, deve realizar um conjunto de eventos com obstáculos naturais no menor tempo possível.",
31473,"show jumping","olympic equestrian sport in which the rider must assist his horse to perform a jumping event, following rules during a course. Both are evaluated.",1358,Sports_disciplines,83,"salto de obstáculos","Esportes equestres olímpicos em que o cavaleiro deve ajudar seu cavalo a realizar um evento de salto, seguindo regras durante um percurso. Ambos são avaliados.",
31474,wrestling,"hand-to-hand combat fights. The fighter who keeps the opponent with his back to the mat or receives the highest score for technical movements wins at the end of the fight wins.",1358,Sports_disciplines,83,wrestling,"Combate corpo a corpo. O lutador que mantém o oponente de costas para a tampa ou recebe a maior pontuação por movimentos técnicos vence no final da luta.",
31475,"race walking","athletics modality where a progression of steps is performed so that the athlete always maintains contact with the ground with at least one foot.",1358,Sports_disciplines,83,"caminhada atlética","Modidade de atletismo onde uma progressão de passos é realizada para que o atleta sempre mantenha contato com o chão com pelo menos um pé.",
31476,racewalking,"athletics modality where a progression of steps is performed so that the athlete always maintains contact with the ground with at least one foot.",1358,Sports_disciplines,83,"passeio de corrida","Modidade de atletismo onde uma progressão de passos é realizada para que o atleta sempre mantenha contato com o chão com pelo menos um pé.",
31872,"middle distance","running discipline in athletics that corresponds to distances of 800 to 3,000 meters.",1358,Sports_disciplines,83,"meio fundo","A disciplina de corrida em atletismo que corresponde a distâncias entre 800 e 3.000 metros.",
31919,"back crawl","in swimming, it is the style in which swimmers swim on their backs.",1358,Sports_disciplines,83,"nado de costas","nado de costas",
31920,crawl,"in swimming, it is the movement in which the swimmer, on his front, gives three strokes and turns his head to the side for breathing. This swimming style is also known as freestyle and the legs swing up and down alternately.",1358,Sports_disciplines,83,rastejar,"No nado, é o movimento no qual o nadador, de frente para a água, dá três braçadas e vira a cabeça para o lado para respirar. Este estilo de nado também é conhecido como crawl e as pernas balançam para cima e para baixo de forma alternada.",
31921,"australian crawl","in swimming, it is the movement in which the swimmer, on his front, gives three strokes and turns his head to the side for breathing. This swimming style is also known as freestyle and the legs swing up and down alternately.",1358,Sports_disciplines,83,"nado livre australiano","No nado, é o movimento em que o nadador, de frente, dá três golpes e vira a cabeça para o lado para respirar. Este estilo de nado também é conhecido como livre e as pernas balançam para cima e para baixo alternadamente.",
3275,"own goal","a goal scored by a player against his own team.",1359,Winning_moves,83,"golo próprio","Um golo marcado por um jogador contra a sua própria equipa.",
3279,ko,"a blow that renders the opponent unconscious.",1359,Winning_moves,83,ko,"Um golpe que deixa o oponente inconsciente.",
3280,knockout,"a knockout is a fight-ending, winning criterion in several full-contact combat sports, such as boxing, kickboxing, Muay Thai, mixed martial arts, karate and other sports involving striking. K-pop is a musical genre originating in South Korea that is characterized by a wide variety of audiovisual elements.",1359,Winning_moves,83,nocoisa,"Um nocaut é um critério de vitória que encerra uma luta em vários esportes de combate de contato completo, como boxe, kickboxing, muay thai, artes marciais mistas, karatê e outros esportes que envolvem golpes. K-pop é um gênero musical originário da Coreia do Sul, caracterizado por uma ampla variedade de elementos audiovisuais.",
3281,daesang,"a knockout is a fight-ending, winning criterion in several full-contact combat sports, such as boxing, kickboxing, Muay Thai, mixed martial arts, karate and other sports involving striking. K-pop is a musical genre originating in South Korea that is characterized by a wide variety of audiovisual elements.",1359,Winning_moves,83,daesang,"Um nocaut é um critério de decisão de luta no final da luta em vários esportes de combate de contato completo, como boxe, kickboxing, Muay Thai, artes marciais mistas, caratê e outros esportes que envolvem socos. K-pop é um gênero musical originado na Coreia do Sul caracterizado por uma ampla variedade de elementos audiovisuais.",
3282,"knockout punch","a hard punch that renders the opponent unable to continue boxing.",1359,Winning_moves,83,"soco de desqualificação","Um soco forte que deixa o oponente incapaz de continuar boxeando.",
3283,"ko punch","a hard punch that renders the opponent unable to continue boxing.",1359,Winning_moves,83,"Puta merda","Um soco forte que deixa o oponente incapaz de continuar boxeando.",
3284,"sunday punch","a hard punch that renders the opponent unable to continue boxing.",1359,Winning_moves,83,"sunday punch","Um soco forte que deixa o oponente incapaz de continuar boxeando.",
3285,haymaker,"a hard punch that renders the opponent unable to continue boxing.",1359,Winning_moves,83,Haymaker,"Um soco forte que deixa o oponente incapaz de continuar boxeando.",
3888,"break point","in tennis, it is a point that can define the game in favor of the receiver.",1359,Winning_moves,83,"ponto de interrupção","No tênis, é um ponto que pode definir o jogo a favor do receptor.",
3893,"game point","in tennis, it is the point that can decide the game in favor of the tennis player who is serving.",1359,Winning_moves,83,"ponto de jogo","No tênis, é o ponto que pode decidir o jogo a favor do tenista que está servindo.",
21796,"golden goal","sudden death move in which, in the extra time of the game or competition, the game is ended after the first athlete or team scores. This usually occurs in judo.",1359,Winning_moves,83,"gol de ouro","Ato de morte súbita em que, no tempo extra do jogo ou competição, o jogo é encerrado após o primeiro atleta ou equipe marcar pontos. Isso geralmente ocorre no judô.",
21797,"sudden death overtime","(sports) overtime in which play is stopped as soon as one contestant scores; e.g. football and golf;",1359,Winning_moves,83,"morte súbita em tempo extra","(esportes) tempo extra no qual o jogo é interrompido assim que um concorrente marca; por exemplo, futebol e golfe;",
21798,"sudden victory","In a sport or game, sudden death is a form of competition where play ends as soon as one competitor is ahead of the others, with that competitor becoming the winner.;",1359,Winning_moves,83,"vitória repentina","Na esportes ou jogos, morte súbita é uma forma de competição onde o jogo termina assim que um competidor está à frente dos outros, com esse competidor se tornando o vencedor.",
21799,"hi score","The final or running total of points gained or won (by an individual or team) in a game, sports match or other competitive event.;The act of scoring in a game or sport;",1359,Winning_moves,83,"Olá, pontuação alta.","O total final ou cumulativo de pontos ganhos ou conquistados (por um indivíduo ou equipe) em um jogo, partida esportiva ou outro evento competitivo; A ação de marcar pontos em um jogo ou esporte;",
21800,"score attack","In games, score refers to an abstract quantity associated with a player or team.;",1359,Winning_moves,83,"ataque de pontuação","Em jogos, marcar refere-se a uma quantidade abstrata associada a um jogador ou equipe.",
21801,"efficient score","in games, abstract quantity associated with a player or team. The total number of points earned by a participant in a game.",1359,Winning_moves,83,"pontuação eficiente","No contexto dos jogos, quantidade abstrata associada a um jogador ou equipe. O número total de pontos marcados por um participante em um jogo.",
28254,pike,"in artistic gymnastics, it is the position in which the extended legs form an angle (preferred 90 degrees) to the trunk. In diving, it is the position of the body in which the legs are stretched, forming an angle with the trunk.",1359,Winning_moves,83,Pique,"No ginástica artística, é a posição na qual as pernas estendidas formam um ângulo (preferencialmente de 90 graus) com o tronco. No mergulho, é a posição do corpo na qual as pernas estão esticadas, formando um ângulo com o tronco.",
29226,hold,"in artistic gymnastics, it is when the gymnast remains in balance and standing on the bar.",1359,Winning_moves,86,aguarde,"No ginástica artística, é quando o ginasta permanece em equilíbrio e de pé na barra.",
29227,hold,"in artistic gymnastics, it is the act of the gymnast to remain balanced and standing on the bar. In wrestling, it is a number of set moves and pins used by performers to immobilize their opponents or lead to a submission.",1359,Winning_moves,83,segurar,"No ginástica artística, é o ato do ginasta de permanecer equilibrado e em pé na barra. No wrestling, é uma série de movimentos e quedas usados por artistas para imobilizar seus oponentes ou levar a uma submissão.",
29228,"held position","in artistic gymnastics, it is the act of the gymnast to remain balanced and standing on the bar.",1359,Winning_moves,83,"posição mantida","No ginástica artística, é o ato do ginasta de permanecer equilibrado e em pé na barra.",
29257,regrasp,"in artistic gymnastics, it is the act of holding the bar again during the movement.",1359,Winning_moves,83,regrasp,"No ginástica artística, é o ato de segurar a barra novamente durante o movimento.",
29258,regrasp,"in artistic gymnastics, it is to hold the bar again during the movement.",1359,Winning_moves,86,regrasp,"Em ginástica artística, é segurar a barra novamente durante o movimento.",
29259,turn,"in artistic gymnastics, it is the act of moving around the bar at a 360º angle.",1359,Winning_moves,83,gire,"Na ginástica artística, é o ato de se mover em volta da barra em um ângulo de 360 graus.",
29262,rotate,"in artistic gymnastics, it is to move around the bar at a 360º angle.",1359,Winning_moves,86,rotar,"Em ginástica artística, é se mover em volta da barra em um ângulo de 360 graus.",
29263,grip,"in artistic gymnastics, it is the act of the gymnast of holding firmly on the high bar or another apparatus.",1359,Winning_moves,83,grampo,"Em ginástica artística, é o ato do ginasta de se segurar firmemente na barra fixa ou em outro aparelho.",
29264,catch,"in artistic gymnastics, it is the act of the gymnast of holding firmly on the high bar or another apparatus.",1359,Winning_moves,83,apanhar,"No ginástica artística, é o ato do ginasta de se segurar firmemente na barra fixa ou em outro aparelho.",
29265,grip,"in artistic gymnastics, it is to hold firmly on the high bar or another apparatus.",1359,Winning_moves,86,grip,"Em ginástica artística, é manter-se firmemente na barra fixa ou em outro aparelho.",
29271,dismount,"in artistic gymnastics, it is to finish the series of movements, on the high-bar for example, and make a movement out of the apparatus.",1359,Winning_moves,83,desmontar,"Em ginástica artística, é terminar uma série de movimentos, no trave por exemplo, e fazer um movimento fora do aparelho.",
29272,landing,"in artistic gymnastics, it is to finish the series of movements, on the high-bar for example, and make a movement out of the apparatus.",1359,Winning_moves,83,pouso,"Em ginástica artística, é terminar uma série de movimentos, por exemplo na barra fixa, e fazer um movimento fora do aparelho.",
29275,somersault,"in artistic gymnastics, it is the movement in which a person turns head over heels in the air or on the ground and lands or finishes on their feet.",1359,Winning_moves,83,"salto mortal","No ginástica artística, é o movimento no qual uma pessoa gira de cabeça para baixo no ar ou no chão e pousa ou termina em seus pés.",
29421,lock,"in wrestling and martial arts, it is a hold that prevents an opponent from moving a limb.",1359,Winning_moves,83,trava,"No wrestling e nas artes marciais, é uma presa que impede um oponente de mover um membro.",
29422,throw,"in fights, it is the act of throwing the opponent away or against the ground.",1359,Winning_moves,83,arremessar,"Em lutas, é o ato de lançar o oponente para longe ou contra o chão.",
29425,"open-handed technique","open-handed strikes include various techniques used in the martial arts to attack or defend without curling the hand into a fist.",1359,Winning_moves,83,"Técnica de mão aberta","Os golpes de mão aberta incluem várias técnicas utilizadas nas artes marciais para atacar ou defender sem enrolar a mão em um punho.",
29436,"brazilian cruzado","a side punch over the opponent's head or chest.",1359,Winning_moves,83,"Real Brasileiro","Um soco lateral na cabeça ou no peito do oponente.",
29437,"cross punch","a side punch over the opponent's head or chest.",1359,Winning_moves,83,"Punch cruzado","Um soco lateral na cabeça ou no peito do oponente.",
29440,"straight punch","a punch usually thrown with the dominant hand the instant an opponent leads with his opposite hand.",1359,Winning_moves,83,"soco reto","Um soco geralmente lançado com a mão dominante no momento em que um oponente leva com a mão oposta.",
29468,splits,"a gymnastic or synchronized swimming movement that consists of opening the legs so that they form an angle of 180 degrees and are parallel to the ground.",1359,Winning_moves,83,splits,"Um movimento de ginástica ou natação sincronizada que consiste em abrir as pernas para formar um ângulo de 180 graus e serem paralelas ao chão.",
29469,split,"a gymnastic or synchronized swimming movement that consists of opening the legs so that they form an angle of 180 degrees and are parallel to the ground.",1359,Winning_moves,83,dividir,"Um movimento de ginástica ou natação sincronizada que consiste em abrir as pernas para formar um ângulo de 180 graus e serem paralelas ao chão.",
29476,floater,"in surfing, it is a delicate maneuver that surfers use to ride a breaking wave and float back down.",1359,Winning_moves,83,flutuante,"Em surfe, é uma manobra delicada que os surfistas usam para remar em uma onda quebrando e flutuar de volta para baixo.",
31346,hop,"the act of jumping or propeling oneself off the ground.",1359,Winning_moves,83,pular,"O ato de pular ou se projetar do chão.",
31348,jump,"the act of propeling oneself off the ground.",1359,Winning_moves,83,pular,"o ato de se projetar no ar.",
