idLU,lemmaName(en),senseDescription(en),idFrame,frameName,idPOS,lemmaName(pt),senseDescription(pt),idLemma(pt)
8285,neophyte,"COD: a person who is new to a subject, skill, or belief.",134,Activity_start,83,neófito,"COD: uma pessoa que é nova em um assunto, habilidade ou crença.",
8293,"set about","FN: vigorously start on or towards (a complex or demanding goal).",134,Activity_start,86,"começar a fazer algo","FN: começar vigorosamente em ou em direção a (um objetivo complexo ou exigente).",
8295,kilo,"COD: a kilogram",135,Measure_mass,83,kilo,"COD: um quilograma",
8297,gram,"COD: a metric unit of mass equal to one thousandth of a kilogram",135,Measure_mass,83,gram,"COD: uma unidade métrica de massa igual a um milésimo de um quilo",
8298,ton,"COD: a unit of weight equal to 2,000 lb avoirdupois (907.19 kg)",135,Measure_mass,83,Tão,"COD: uma unidade de peso igual a 2.000 libras avoyrdupois (907,19 kg)",
8299,pound,"COD: a unit of weight equal to 16 oz avoirdupois (0.4536 kg), or 12 oz troy (0.3732 kg)",135,Measure_mass,83,libra,"COD: uma unidade de peso igual a 16 onçasavoirdupois (0,4536 kg), ou 12 onças troy (0,3732 kg).",
8300,ounce,"COD: a unit of weight of one sixteenth of a pound avoirdupois (approximately 28 grams)",135,Measure_mass,83,once,"COD: uma unidade de peso de um décimo sexto de uma libra avoidupois (aproximadamente 28 gramas)",
8302,"metric ton","COD: a unit of weight equal to 1,000 kilograms (2,205 lb).",135,Measure_mass,83,"tonelada métrica","COD: uma unidade de peso igual a 1.000 quilos (2.205 libras).",
8303,resume,"COD: begin again or continue after a pause or interruption. NB:  The action is not usually resumed at the beginning with this verb, but rather at the point in the Ongoing process where it was interrupted.",136,Process_resume,86,resumo,"COD: recomeçar ou continuar após uma pausa ou interrupção.
NB: A ação não é geralmente retomada no início com este verbo, mas sim no ponto do processo em andamento onde foi interrompida.",
8309,meter,"COD: the fundamental unit of length in the metric system, equal to 100 centimetres (approx. 39.37 inches). ",140,Measure_of_distance_and_length,83,meter,"COD: a unidade básica de comprimento no sistema métrico, igual a 100 centímetros (aproximadamente 39,37 polegadas).",
8311,centimeter,"COD: a metric unit of length equal to one hundredth of a metre",140,Measure_of_distance_and_length,83,centímetro,"COD: uma unidade métrica de comprimento igual a centésima de um metro",
8313,furlong,"COD: an eighth of a mile, 220 yards.",140,Measure_of_distance_and_length,83,furlong,"COD: um oitavo de milha, 220 jardas.",
8316,pint,"COD: a unit of liquid or dry capacity equal to one eighth of a gallon, in Britain equal to 0.568 litre and in the US equal to 0.473 litre (for liquid measure) or 0.551 litre (for dry measure).",141,Measure_volume,83,pint,"COD: uma unidade de capacidade líquida ou seca igual a um oitavo de galão, na Grã-Bretanha igual a 0,568 litro e nos EUA igual a 0,473 litro (para medição líquida) ou 0,551 litro (para medição seca).",
8322,gallon,"COD: unit of volume for liquid measure equal to eight pints: in Britain also imperial gallon, equivalent to 4.55 litres; in the US, equivalent to 3.79 litres. ",141,Measure_volume,83,galão,"COD: unidade de volume para medida líquida igual a oito pintas: na Grã-Bretanha também galão imperial, equivalente a 4,55 litros; nos EUA, equivalente a 3,79 litros.",
8323,barrel,"COD: a measure of capacity for oil and beer, equal to 36 imperial gallons for beer and 35 imperial gallons or 42 US gallons (roughly 192 litres) for oil",141,Measure_volume,83,barril,"COD: uma medida de capacidade para óleo e cerveja, igual a 36 galões imperiais para cerveja e 35 galões imperiais ou 42 galões americanos (aproximadamente 192 litros) para óleo",
8326,teaspoon,"COD:  the amount held by a teaspoon, in the UK considered to be 5 millilitres when used as a measurement in cookery",141,Measure_volume,83,"colher de chá","COD: a quantidade que cabe em uma colher de chá, considerada 5 mililitros no Reino Unido quando usada como medida na culinária",
8327,jug,"FN: volume contained by a large container for liquids, with a narrow mouth",141,Measure_volume,83,jug,"FN: volume contido por um grande recipiente para líquidos, com boca estreita",
8332,spoonful,"FN: the volume contained in a spoon",141,Measure_volume,83,colherada,"FN: o volume contido em uma colher",
8333,teaspoonful,"FN: the volume contained in a teaspoon",141,Measure_volume,83,colheradinha,"FN: o volume contido em uma colher de chá",
8334,bagful,"FN: the volume contained by a bag",141,Measure_volume,83,bagagem,"FN: o volume contido por uma bolsa",
8335,boxful,"FN: the volume contained by a box",141,Measure_volume,83,"caixa cheia","FN: o volume contido por uma caixa",
8336,bucketful,"FN: the volume contained by a bucket",141,Measure_volume,83,"cheio de balde","FN: o volume contido por um balde",
8337,tankful,"FN: the volume contained by a tank",141,Measure_volume,83,Obrigado.,"FN: o volume contido por um tanque",
8341,scoop,"FN: the volume or amount contained in a utensil resembling a spoon, having a short handle and a deep bowl, used for extracting liquids or substances from a container",141,Measure_volume,83,Scoop,"FN: o volume ou quantidade contida em um utensílio semelhante a uma colher, com cabo curto e tigela profunda, usado para extrair líquidos ou substâncias de um recipiente",
8343,scoopful,"FN: the volume contained in a scoop",141,Measure_volume,83,Scoopful,"FN: o volume contido em uma colher",
8346,busload,"FN: a load that fills a bus",141,Measure_volume,83,"Carroça cheia","FN: uma carga que enche um ônibus",
8347,planeload,"FN: a load that fills a plane",141,Measure_volume,83,planeload,"FN: uma carga que enche um avião",
8348,truckload,"FN: a load that fills a truck",141,Measure_volume,83,"carregamento completo","FN: uma carga que enche um caminhão",
8349,carload,"FN: a load that fills a car",141,Measure_volume,83,Carroga,"FN: uma carga que enche um carro",
8350,roomful,"FN: the volume or amount a room will hold",141,Measure_volume,83,lotado,"FN: o volume ou quantidade que um cômodo pode conter",
8351,trainload,"FN: the size of load that fills a train",141,Measure_volume,83,"carga de trem","FN: o tamanho da carga que enche um trem",
8352,boatload,"FN: a load that fills a boat.",141,Measure_volume,83,"carga de barco","FN: uma carga que enche um barco.",
8353,liter,"COD: a metric unit of capacity, formerly the volume of one kilogram of water under standard conditions, now equal to 1,000 cubic centimetres (about 1.75 pints)",141,Measure_volume,83,letras,"COD: uma unidade métrica de capacidade, anteriormente o volume de um quilograma de água sob condições padrão, agora igual a 1.000 centímetros cúbicos (cerca de 1.75 xícaras)",
8354,can,"FN: the volume contained in a can",141,Measure_volume,83,can,"FN: o volume contido em uma lata",
8357,acre,"COD: a unit of land area equal to 4,840 square yards (0.405 hectare)",142,Measure_area,83,acre,"COD: uma unidade de área de terra igual a 4.840 jardas quadradas (0,405 hectare)",
8358,lanky,"COD: .-ier, -iest ungracefully thin and tall. ",143,Body_description_holistic,84,Esguio,"COD: magro e alto de forma desajeitada.",
8359,chubby,"COD: plump and rounded. ",143,Body_description_holistic,84,gordinho,"COD: rechonchudo e redondo.",
8360,flabby,"COD:   soft, loose, and fleshy.",143,Body_description_holistic,84,flabby,"COD: macio, solto e carnudo.",
8361,corpulent,"COD:  (of a person) fat. ",143,Body_description_holistic,84,corpulento,"COD: (de uma pessoa) gordo.",
8363,portly,"COD: -ier, -iest  (especially of a man) rather fat. ",143,Body_description_holistic,84,gorducho,"COD: -ier, -iest (especialmente de um homem) bastante gordo.",
8364,svelte,"COD:  slender and elegant. ",143,Body_description_holistic,84,Svelte,"COD: Esbelto e elegante.",
8365,stocky,"COD: -ier, -iest (especially of a person) short and sturdy. ",143,Body_description_holistic,84,Estúido,"COD: -ier, -iest (especialmente de uma pessoa) curto e robusto.",
8366,dumpy,"COD: .-ier, -iest short and stout. ",143,Body_description_holistic,84,Gorducho,"COD: - curto e robusto,",
8367,gaunt,"COD: lean and haggard, especially through suffering, hunger, or age. ",143,Body_description_holistic,84,gaunte,"COD: magro e cansado, especialmente por sofrimento, fome ou idade.",
8371,brawny,"FN: (of a person) phsycially strong and large",143,Body_description_holistic,84,brawno,"FN: (de uma pessoa) fisicamente forte e grande",
8372,paunchy,"FN: (of a person) overweight, especially with a large stomach",143,Body_description_holistic,84,pançudo,"FN: (de uma pessoa) acima do peso, especialmente com um estômago grande",
8373,fat,"COD:  (of a person or animal) having much excess fat; corpulent. ",143,Body_description_holistic,84,gordura,"COD: (de uma pessoa ou animal) com muito excesso de gordura; corpulento.",
8375,spindly,"COD:  long or tall and thin. ",143,Body_description_holistic,84,Esguio,"COD: longo ou alto e esguio.",
8377,slender,"COD:  gracefully thin",143,Body_description_holistic,84,esguio,"COD: graciosamente fino",
8378,puny,"COD: small and weak",143,Body_description_holistic,84,frágil,"COD: pequeno e fraco",
8379,scrawny,"COD:  -ier, -iest unattractively thin and bony. ",143,Body_description_holistic,84,escarnudo,"COD: - mais magro e ósseo de forma pouco atraente.",
8380,heavy-set,"FN: overweight",143,Body_description_holistic,84,"corpo robusto","FN: acima do peso",
8381,stout,"COD: rather fat or heavily built. ",143,Body_description_holistic,84,"cerveja forte","COD: bastante gordo ou corpulento.",
8382,stubby,"COD: -ier, -iest short and thick. ",143,Body_description_holistic,84,Stubby,"COD: -ier, -iest curto e grosso.",
