idLU,lemmaName(en),senseDescription(en),idFrame,frameName,idPOS,lemmaName(pt),senseDescription(pt),idLemma(pt)
15774,middle,"FN: (of a larger time period) denoting a part contrasted with the earlier and later parts.",654,Temporal_subregion,84,meio,"FN: (de um período maior) denotando uma parte contrastada com as partes anteriores e posteriores.",85577
15779,mid,"FN: (of a larger time period) denoting a part that contrasts with the earlier and later parts.",654,Temporal_subregion,84,meio,"FN: (de um período maior) denotando uma parte que contrasta com as partes anteriores e posteriores.",85577
15787,seek,"FN: take steps towards obtaining an entity or bringing about a state of affairs",655,Seeking_to_achieve,86,procurar,"FN: dar passos em direção à obtenção de uma entidade ou trazendo sobre um estado de assuntos",117343
15788,pursue,"COD: seek to attain (a goal).",655,Seeking_to_achieve,86,perseguir,"COD: busca alcançar (um objetivo).",132609
15789,pursuit,"COD: the action of pursuing.",655,Seeking_to_achieve,83,perseguição,"COD: a ação de perseguir.",30083
15792,amass,"FN: to accumulate over time",657,Amassing,86,amassar,"FN: acumular ao longo do tempo",122894
15797,foreign,"COD: dealing with or relating to other countries.",658,Foreign_or_domestic_country,84,estrangeiro,"COD: lidando com ou relacionado a outros países.",81417
15798,domestic,"COD: existing or occurring within a country.",658,Foreign_or_domestic_country,84,doméstico,"COD: existente ou ocorrendo dentro de um país.",80250
15799,international,"FN: of multiple nations, especially excluding the current one.",658,Foreign_or_domestic_country,84,internacional,"FN: de múltiplas nações, especialmente excluindo a atual.",73273
15800,home,"FN: one' s own nation.",658,Foreign_or_domestic_country,83,casa,"FN: uma própria nação.",165
15805,bank,"COD: the land alongside or sloping down to a river or lake.",659,Relational_natural_features,83,banco,"COD: o terreno ao lado ou que desce até um rio ou lago.",111
15807,mouth,"COD: the place where a river enters the sea.",659,Relational_natural_features,83,boca,"COD: o lugar onde um rio entra no mar.",7770
15808,source,"COD: a spring or fountain head from which a river or stream issues",659,Relational_natural_features,83,Fonte,"COD: uma mola ou fonte de onde emerge um rio ou corrente",36698
15809,summit,"COD: the highest point of a hill or mountain.",659,Relational_natural_features,83,pico,"COD: o ponto mais alto de uma colina ou montanha.",8849
15810,peak,"COD: the pointed top of a mountain",659,Relational_natural_features,83,pico,"COD: o topo pontiagudo de uma montanha",8849
15811,foothill,"COD: a  low hill at the base of a mountain or mountain range",659,Relational_natural_features,83,pico,"COD: uma pequena colina na base de uma montanha ou cadeia de montanhas",8849
15813,shoreline,"FN: The place where the shore of a body of water and a landmass meet. ",659,Relational_natural_features,83,orla,"FN: O lugar onde a costa de um corpo de água e uma massa terrestre se encontram.",6817
15814,demand,"COD: require; need.",660,Have_as_requirement,86,demanda,"COD: exigir; precisar.",19052
15816,take,"COD: need or call for.",660,Have_as_requirement,86,tomar,"COD: necessidade ou chamada para.",117247
15823,charge,"COD: entrust with a task.",663,Imposing_obligation,86,carregar,"COD: confiar com uma tarefa.",117207
31286,take,"to impose an obligation on a responsible party.",663,Imposing_obligation,86,tomar,"impor uma obrigação sobre uma parte responsável.",117247
31287,demand,"to impose an obligation on a responsible party.",663,Imposing_obligation,86,demanda,"impor uma obrigação sobre uma parte responsável.",19052
15828,run,"FN: cause to be in operation",664,Operating_a_system,86,correr,"FN: causar para estar em operação",116883
15833,agreement,"COD: accordance in opinion or feeling.
",665,Be_in_agreement_on_assessment,83,acordo,"COD: acordo de opinião ou sentimento.",6645
30986,concurrence,"FN: agreement (about some fact or situation).",665,Be_in_agreement_on_assessment,83,concorrência,"FN: acordo (sobre algum fato ou situação).",7782
30987,differ,"FN: have a different idea.",665,Be_in_agreement_on_assessment,86,diferir,"FN: tenha uma ideia diferente.",120853
15837,yield,"COD: give way to demands or pressure; submit.",666,Giving_in,86,render,"COD: ceder às exigências ou pressões; submeter-se.",121108
15839,"give in","COD: cease fighting or arguing",666,Giving_in,86,ceder,"COD: Cesse de lutar ou discutir",116875
15842,fold,"FN: A Capitulator agrees to the Compeller' s Issue. Implies a strong desire not to do so, moreso than for ""yield"", for example.",666,Giving_in,86,dobrar,"FN: O Capitulador concorda com o Problema do Compelido. Implica um forte desejo de não fazê-lo, mais do que por ""rendição"", por exemplo.",120894
15844,submit,"FN: to accept or obey the authority of another person or group ""After the defeat of their navy, they had to submit to Roman rule.""",666,Giving_in,86,Enviar,"FN: aceitar ou obedecer à autoridade de outra pessoa ou grupo ""Depois da derrota da sua marinha, eles tiveram que se submeter ao governo romano.",116940
15847,relinquish,"COD: voluntarily cease to keep or claim; give up.",667,Surrendering_possession,86,renunciar,"COD: voluntariamente cessar de manter ou reivindicar; desistir.",121139
15848,"give up","FN: to unwillingly give an item to a recipient",667,Surrendering_possession,86,desistir,"FN: a relutantemente dar um item para um destinatário",121106
15851,effective,"COD: (of a law or policy) operative.",668,Being_in_effect,84,eficaz,"COD: (de uma lei ou política) em vigor.",80384
15852,effect,"FN: (with in or into) the state or quality of being operational or effective.",668,Being_in_effect,83,efeito,"FN: (com em ou em) o estado ou qualidade de ser operacional ou eficaz.",8062
15854,force,"FN: (with in or into) state or quality of being in effect.",668,Being_in_effect,83,força,"FN: (com em ou em) estado ou qualidade de estar em efeito.",6665
15857,void,"COD: not valid or legally binding.",668,Being_in_effect,84,vazio,"COD: não válido ou juridicamente vinculativo.",73545
15861,store,"COD: a quantity or supply kept for use as needed.",669,Store,83,loja,"COD: uma quantidade ou abastecimento mantido para uso conforme necessário.",908
15868,cargo,"FN: a quantity of goods that is roughly equivalent to that which can be stored in a cargohold of some kind",669,Store,83,cargo,"FN: uma quantidade de mercadorias que é aproximadamente equivalente à que pode ser armazenada em um porão de algum tipo",16545
15871,incorrect,"COD: not in accordance with fact or particular standards; wrong.",670,Correctness,84,Incorreto,"COD: não de acordo com os fatos ou padrões específicos; errado.",83725
15872,wrong,"COD: not correct or true.",670,Correctness,84,errado,"COD: incorreto ou falso.",73161
15875,correctness,"FN: the state or quality of correctness.",670,Correctness,83,correção,"FN: o estado ou qualidade de correção.",18356
