idLU,lemmaName(en),senseDescription(en),idFrame,frameName,idPOS,lemmaName(pt),senseDescription(pt),idLemma(pt)
5818,burrow,"COD: dig into or through something solid.",58,Self_motion,86,buraco,"COD: cavar ou penetrar em algo sólido.",15869
5820,canter,"COD: move at the pace of a horse between a trot and a gallop",58,Self_motion,86,Cantar,"COD: mova no ritmo de um cavalo entre o trote e o galopo",121060
5823,climb,"FN: to move vertically usually upwards, usually with effort",58,Self_motion,86,subir,"FN: mover-se verticalmente, geralmente para cima, geralmente com esforço",121013
5827,dance,"COD:  move rhythmically to music, typically following a set sequence of steps. 2a: move in a quick and light or lively way.",58,Self_motion,86,dança,"COD: move em ritmo com a música, geralmente seguindo uma sequência de passos pré-estabelecida. 2a: mover-se de maneira rápida e leve ou animada.",35
5831,flit,"COD: move swiftly and lightly.",58,Self_motion,86,esfregar,"COD: move rapidamente e com leveza.",129446
5838,hike,"COD: go on a hike.",58,Self_motion,86,caminhada,"COD: vá fazer uma caminhada.",6810
5839,hitchhike,"FN: to travel by asking motorists for  free rides",58,Self_motion,86,passear,"FN: viajar pedindo carona aos motoristas",117129
5843,jaunt,"COD: a short excursion for pleasure.",58,Self_motion,83,viagem,"COD: uma curta excursão por prazer.",618
5844,jog,"COD:  run at a steady, gentle pace, especially as a form of exercise.",58,Self_motion,86,jogo,"COD: correr em um ritmo constante e suave, especialmente como uma forma de exercício.",385
5846,leap,"COD:  jump or spring a long way.",58,Self_motion,86,pulo,"COD: pular ou saltar um longo caminho.",31237
5852,march,"COD: an act or instance of marching.",58,Self_motion,83,março,"COD: um ato ou instância de marchar.",1184
5854,march,"COD: walk in a military manner with a regular measured tread.",58,Self_motion,86,março,"COD: caminhe de maneira militar com um passo regular e medido.",1184
5858,pace,"COD: walk at a steady speed, especially without a particular destination and as an expression of anxiety",58,Self_motion,86,paço,"COD: caminhar a um ritmo constante, especialmente sem um destino específico e como uma expressão de ansiedade",29332
5859,pad,"COD: walk with steady steps making a soft, dull sound.",58,Self_motion,86,pão,"COD: caminhar com passos firmes fazendo um som suave e abafado.",1974
5862,pounce,"COD: spring or swoop suddenly to catch or as if to catch prey.",58,Self_motion,86,Salto,"COD: primavera ou mergulhar de repente para pegar ou como se pegasse a presa.",991
5866,roam,"FN: wander aimlessly over, through, or about (a place).",58,Self_motion,86,vaguear,"FN: vaguear sem rumo por, através ou sobre (um lugar).",120925
5873,scoot,"COD: move quickly with a rapid, darting motion",58,Self_motion,86,Soltar,"COD: move rapidamente com um movimento rápido e esguio",117199
5883,sleepwalk,"COD: walk around and sometimes perform other actions while asleep.",58,Self_motion,86,sonolência,"COD: andar e às vezes realizar outras ações enquanto dorme.",33649
5890,sprint,"COD: a short, fast race in cycling, horse racing, etc.",58,Self_motion,83,Sprint,"COD: uma corrida curta e rápida no ciclismo, corridas de cavalos, etc.",1065
5891,sprint,"COD: run at full speed over a short distance.",58,Self_motion,86,Sprint,"COD: correr na velocidade máxima por uma curta distância.",1065
5893,steal,"COD: move somewhere quietly or surreptitiously",58,Self_motion,86,roubar,"COD: mover-se em segredo ou de forma furtiva",120892
5894,step,"FN: a motion of the foot and leg which results in overall motion of a body.",58,Self_motion,83,passo,"FN: um movimento do pé e da perna que resulta em um movimento geral de um corpo.",8565
5895,step,"COD:  lift and set down one' s foot or one foot after the other in order to walk somewhere or move to a new position.",58,Self_motion,86,passo,"COD: levantar e abaixar o pé ou um pé de cada vez para andar em algum lugar ou se mover para uma nova posição.",8565
5901,strut,"COD: walk with a stiff, erect, and conceited gait.",58,Self_motion,86,passear,"COD: andar com uma postura rígida, ereta e arrogante.",117129
