idLU,lemmaName(en),senseDescription(en),idFrame,frameName,idPOS,lemmaName(pt),senseDescription(pt),idLemma(pt)
4784,address,"FN: speak or write to",37,Statement,86,endereço,"Fale ou escreva para",
4788,announce,"COD: make a formal public declaration about a fact, occurrence, or intention.",37,Statement,86,anuncie,"COD: fazer uma declaração pública formal sobre um fato, ocorrência ou intenção.",
4793,aver,"COD: state or assert to be the case.",37,Statement,86,aver,"COD: estado ou afirmação de que algo é o caso.",
4794,avow,"COD: assert or confess openly",37,Statement,86,avocar,"COD: afirmar ou confesar abertamente",
4795,caution,"COD: say something as a warning",37,Statement,86,Caution,"COD: diga algo como um aviso",
4796,claim,"COD: an assertion of the truth of something",37,Statement,83,reclamar,"COD: uma afirmação da verdade de algo",
4801,conjecture,"COD: an opinion or conclusion based on incomplete information. ",37,Statement,83,conjectura,"COD: uma opinião ou conclusão baseada em informações incompletas.",
4803,contend,"COD: assert.",37,Statement,86,contender,"COD: afirmação.",
4804,contention,"COD: an assertion.",37,Statement,83,contensão,"COD: uma afirmação.",
4808,exclaim,"COD: cry out suddenly, especially in surprise, anger, or pain.",37,Statement,86,exclamem,"COD: gritar de repente, especialmente por surpresa, raiva ou dor.",
4809,exclamation,"COD: exclamation is a derivative of exclaim",37,Statement,83,"Grito de surpresa ou de alegria","COD: exclamação é um derivado de exclamar",
4810,explain,"COD: make (something) clear by describing it in more detail.",37,Statement,86,Explique.,"COD: tornar algo claro descrevendo-o em mais detalhes.",
4811,gloat,"COD: contemplate one' s own success or another' s misfortune with smugness or malignant pleasure. ",37,Statement,86,Gloriar-se,"COD: contempla o próprio sucesso ou a infortuna de outra com satisfação ou prazer malicioso.",
4827,relate,"COD: give an account of.",37,Statement,86,relate,"COD: dar uma conta de.",
4828,remark,"COD: a comment",37,Statement,83,remark,"COD: um comentário",
4843,pout,"FN: to say something in a manner expressing annoyance or disappointment",37,Statement,86,pout,"FN: para dizer algo de uma maneira expressando irritação ou decepção",
4844,smirk,"COD: smile in an irritatingly smug or silly way.",37,Statement,86,Smirk,"COD: sorria de uma forma irritantemente arrogante ou boba.",
4850,observe,"COD: say; remark",37,Statement,86,Observe,"COD: dizer; comentário",
4856,tell,"FN: communicate a story, tale, etc (support only)",37,Statement,86,diga,"FN: comunicar uma história, conto, etc. (apenas suporte)",
4861,pronounce,"FN: to make a serious statement, to announce",37,Statement,86,pronuncia,"FN: para fazer uma declaração séria, para anunciar",
4862,effusive,"COD: expressing gratitude, pleasure, or approval in an unrestrained manner",38,Volubility,84,efusivo,"COD: expressando gratidão, prazer ou aprovação de maneira desenfreada",
4863,glib,"COD: articulate and voluble but insincere and shallow",38,Volubility,84,Glibo-glibo,"COD: articulado e volúvel, mas insincero e superficial",
4864,laconic,"COD: using very few words; terse",38,Volubility,84,laconico,"COD: usando muito poucas palavras; terse",
4865,loquacious,"FN: characeterized by or showing a tendency to talk a great deal",38,Volubility,84,Loquaz,"Caracterizado por ou mostrando uma tendência de falar muito",
4866,reticent,"COD: not revealing one' s thoughts or feelings readily",38,Volubility,84,reticiente,"COD: não revelar pensamentos ou sentimentos prontamente",
4867,silent,"COD: not prone to speak much",38,Volubility,84,calado,"COD: não é propenso a falar muito",
4868,talkative,"COD: fond of or given to talking",38,Volubility,84,falador,"COD: afeto ou tendência à fala",
4869,chatty,"COD: fond of chatting",38,Volubility,84,Chata,"COD: gosta de conversar",
4870,"big mouth","COD: an indiscreet or boastful person. ",38,Volubility,83,"boca grande","COD: uma pessoa indiscreta ou vaidosa.",
4871,brusque,"COD: abrupt or offhand. ",38,Volubility,84,brusque,"COD: abrupto ou desconsiderado.",
4872,curt,"COD: rudely brief. ",38,Volubility,84,curt,"COD: grosseiramente breve.",
4873,expansive,"COD: relaxed, genial, and communicative. ",38,Volubility,84,expansiva,"COD: relaxado, genial e comunicativo.",
4874,garrulous,"COD: excessively talkative, especially on trivial matters. ",38,Volubility,84,garrulhos,"COD: excessivamente falador, especialmente sobre assuntos triviais.",
4875,gushing,"COD: speak or write effusively",38,Volubility,84,Gushing,"COD: falar ou escrever de forma exuberante",
4876,gushy,"COD: -ier, -iest excessively effusive. ",38,Volubility,84,Gosho,"COD: -ier, -iest excessivamente efusivo.",
4877,mum,"COD: 2: 1.in phr. keep mum informal remain silent so as not to reveal a secret.",38,Volubility,84,mamãe,"COD: 2: 1. in fr. manter segredo permanecer em silêncio para não revelar um segredo.",
4878,voluble,"COD: speaking or spoken incessantly and fluently. ",38,Volubility,84,volúvel,"COD: falar ou falado incessantemente e fluentemente.",
4880,uncommunicative,"COD: unwilling to talk or impart information. ",38,Volubility,84,Incomunicável,"COD: Indisposta a falar ou fornecer informações.",
