idLU,lemmaName(en),senseDescription(en),idFrame,frameName,idPOS,lemmaName(pt),senseDescription(pt),idLemma(pt)
21748,twist,"a movement around the body axis.",1356,Individual_moves,83,torção,"movimento em torno do eixo corporal.",34931
21761,penalty,"in football, it is the direct free kick to goal without barrier.",1356,Individual_moves,83,penalidade,"No futebol, é o chute livre direto ao gol sem barreira.",1212
21768,shot,"in sports in general, it is to propel a sports equipment with force through the air by a movement of the arm and hand into a given direction with force. It can also be the use of a pistols to launch projectiles in shooting sports.",1356,Individual_moves,83,tiro,"No geral dos esportes, é impulsionar um equipamento esportivo com força pelo ar por meio de um movimento do braço e da mão em uma direção específica com força. Também pode ser o uso de pistolas para lançar projéteis em esportes de tiro.",38
21769,stroke,"the act of swinging or striking at a ball with a club or racket or bat or cue or hand. The action of hitting the ball with the bat, a shot.  In swimming, it is the movement in which there is the movement of the arms against the water to thrust the body.",1356,Individual_moves,83,golpe,"O ato de balançar ou atingir uma bola com um taco, raquete, bastão, bilbo ou mão. A ação de acertar a bola com o bastão, um golpe. No nado, é o movimento em que há o movimento dos braços contra a água para impulsionar o corpo.",23608
28246,attack,"in track cycling, it is the surprise acceleration in order to stand out from the others. In volleyball, it is the offensive move made with the aim of scoring points. In many sports it is the attitude of moving farther forward in the sports facility to earn points.",1356,Individual_moves,86,ataque,"No ciclismo de pista, é a aceleração surpresa para se destacar dos outros. No voleibol, é o movimento ofensivo feito com o intuito de marcar pontos. Em muitos esportes, é a atitude de se mover mais à frente no espaço esportivo para ganhar pontos.",90
28250,smash,"in badminton, tennis and volleyball is the cut-off, that is, a quick and strong hit on the sports equipment, ball or shuttlecock, from top to bottom.",1356,Individual_moves,86,smash,"No badminton, tênis e vôlei é o corte, ou seja, um golpe rápido e forte no equipamento esportivo, bola ou raquete, de cima para baixo.",1027
28257,flick,"in grass hockey, it is the name given to a move when the player drives the ball with the club, raising it in the air. It is a difficult move to make, but it is often used to circumvent opponents.",1356,Individual_moves,83,piscar,"No hóquei na grama, é o nome dado a uma jogada quando o jogador impulsiona a bola com o taco, levantando-a no ar. É uma jogada difícil de fazer, mas é frequentemente usada para contornar os adversários.",66158
28262,release,"in sports in general, it is to propel a sports equipment with force through the air by a movement of the arm and hand into a given direction with force. To give freedom or free movement to a piece of sports equipment.",1356,Individual_moves,86,lançamento,"No esporte em geral, é impulsionar um equipamento esportivo com força pelo ar por meio de um movimento do braço e da mão em uma direção determinada com força. Dar liberdade ou livre movimento a um equipamento esportivo.",1351
28959,shoot,"in sports in general, it is to propel a sports equipment with force through the air by a movement of the arm and hand into a given direction with force. It can also be the use of a pistols to launch projectiles in shooting sports.",1356,Individual_moves,86,tiro,"No geral dos esportes, é impulsionar um equipamento esportivo com força pelo ar por meio de um movimento do braço e da mão em uma direção específica com força. Também pode ser o uso de pistolas para lançar projéteis em esportes de tiro.",38
28973,corner,"a free kick from the corner awarded to the other side when a player has sent the ball behind his own goal line.",1356,Individual_moves,83,canto,"um chute livre de escanteio concedido ao outro time quando um jogador enviou a bola atrás da sua própria linha de gol.",11039
29183,put,"in shot put, it is to propel a sports equipment with force through the air by a movement of the arm and hand into a given direction with force.",1356,Individual_moves,86,colocar,"No arremesso de peso, é lançar um equipamento esportivo com força pelo ar por meio de um movimento do braço e da mão em uma direção específica com força.",120609
29184,pitch,"in sports in general, it is to propel a sports equipment with force through the air by a movement of the arm and hand into a given direction with force.",1356,Individual_moves,86,apresentação,"No geral dos esportes, é impulsionar um equipamento esportivo com força pelo ar por meio de um movimento do braço e da mão em uma direção específica com força.",9460
29187,delivery,"in sports in general, it is the movement of propelling sports equipment into a given direction with force.",1356,Individual_moves,83,entrega,"Em esportes em geral, é o movimento de propulsão de equipamentos esportivos em uma direção específica com força.",20893
29428,turn,"to move around the body axis.",1356,Individual_moves,86,virar,"para se mover em torno do eixo corporal.",120706
29429,twist,"to move around the body axis.",1356,Individual_moves,86,torção,"para se mover em torno do eixo corporal.",34931
29459,raise,"pick up and move to a higher different position.",1356,Individual_moves,86,aumentar,"Levante e mova-se para uma posição diferente e mais alta.",120615
29479,climb,"in sports climbing, it is to go or come up a slope, incline, or staircase, especially by using the feet and sometimes the hands; ascend.",1356,Individual_moves,86,subir,"Em escalada esportiva, é subir ou virar uma encosta, inclinação ou escada, especialmente usando os pés e às vezes as mãos; ascender.",121013
31098,lifting,"the act of removing sports equipment from a surface.",1356,Individual_moves,83,Elevação,"a remoção de equipamentos esportivos de uma superfície",20389
31114,catch,"to hold or pick up any objects or instruments. In surfing, it is the act of successfully entering a wave.",1356,Individual_moves,86,apanhar,"Segurar ou pegar qualquer objeto ou instrumento. No surfe, é o ato de entrar com sucesso em uma onda.",121138
31164,touch,"come into sudden contact with some sports equipment.",1356,Individual_moves,86,toque,"Entre em contato repentino com algum equipamento esportivo.",1223
31235,serve,"the first shot of a ball or a shuttle in a game like tennis or volleyball to contest the next point. It is a stroke that puts the ball or shuttle in play.",1356,Individual_moves,83,servir,"o primeiro golpe de uma bola ou uma rede em um jogo como tênis ou vôlei para disputar o próximo ponto. É um golpe que coloca a bola ou a rede em jogo.",8665
31304,breaststroke,"in swimming, it is the slowest style, with simultaneous movement of hands and feet.",1356,Individual_moves,83,"nado peito","No nado, é o estilo mais lento, com movimento simultâneo de mãos e pés.",1167
31582,squat,"the act of assuming or maintaining a crouching position with the knees bent and the buttocks near the heels.",1356,Individual_moves,86,Agachamento,"a postura de agachamento com os joelhos flexionados e as nádegas próximas dos calcanhares.",1996
31589,approach,"in golf, it is a stroke of approach to the flag. In tennis, it is a preparation stroke to go to the net, usually taking advantage of an opponent's short ball.",1356,Individual_moves,83,abordagem,"No golfe, é um golpe de aproximação à bandeira. No tênis, é um golpe preparatório para ir à rede, geralmente aproveitando uma bola curta do oponente.",11877
31591,rebound,"a move in which the athlete tries to score a point a second time, after the ball has been defended or has hit the post or hoop.",1356,Individual_moves,86,rebote,"Uma jogada na qual o atleta tenta marcar um ponto pela segunda vez, depois que a bola foi defendida ou bateu no poste ou na cesta.",506
31594,advance,"the act of moving forward as toward a goal in sports.",1356,Individual_moves,86,avanço,"o ato de avançar em direção a um objetivo no esporte.",14530
