idLU,lemmaName(en),senseDescription(en),idFrame,frameName,idPOS,lemmaName(pt),senseDescription(pt),idLemma(pt)
11245,rattle,"FN: to strike another entity, making a rapid succession of short, sharp knocking or clinking sounds",285,Impact,86,rachar,"FN: atingir outra entidade, fazendo uma rápida sucessão de sons curtos e afiados de batidas ou estalidos",133166
11246,touch,"FN: make contact",285,Impact,86,toque,"FN: faça contato",1223
11248,knock,"FN: impact audibly and with moderate force.",285,Impact,86,batida,"FN: impacto audível e de força moderada.",960
11250,custody,"FN: imprisonment before a trial",286,Detaining,83,custódia,"FN: prisão antes do julgamento",9115
11254,internment,"FN: the act of confining, especially during war",286,Detaining,83,internamento,"FN: o ato de confinar, especialmente durante a guerra",25201
11258,rain,"COD: rain falls.",287,Precipitation,86,chuva,"COD: chove.",10162
11260,snow,"COD: snow falls. ",287,Precipitation,86,neve,"COD: neva.",28665
11267,sleet,"COD: rain containing some ice, or snow melting as it falls. ",287,Precipitation,83,Gelo,"COD: chuva contendo algum gelo ou neve derretendo ao cair.",63362
11270,hail,"COD: hail falls. ",287,Precipitation,86,chuva,"COD: chuva cai.",10162
11273,shower,"COD: a brief and usually light fall of rain or snow.",287,Precipitation,83,chuveiro,"COD: uma breve e geralmente leve queda de chuva ou neve.",9338
11275,sprinkle,"COD: rain very lightly. ",287,Precipitation,86,polvilhar,"COD: chuviscou um pouco.",132792
11277,shower,"FN: rain briefly and lightly",287,Precipitation,86,chuveiro,"FN: choveu brevemente e levemente",9338
11279,form,"COD: to  develop",288,Coming_to_be,86,forma,"COD: para desenvolver",2044
11290,evolve,"COD: develop gradually.  ",288,Coming_to_be,86,evoluir,"COD: desenvolver gradualmente.",129962
11291,development,"FN: the non-agentive formation of an entity",288,Coming_to_be,83,desenvolvimento,"FN: a formação não-agente de uma entidade",8926
11293,evolution,"FN: the gradual development of an entity",288,Coming_to_be,83,evolução,"FN: o desenvolvimento gradual de uma entidade",21936
11294,release,"COD: set free",289,Releasing,86,lançamento,"COD: libertar",1351
11297,release,"FN: the action of setting free",289,Releasing,83,lançamento,"FN: a ação de libertar",1351
11299,find,"COD: (of a court) officially declare to be the case; (with against or for) make a decision against (or in favour of); judge to be guilty (or innocent). ",290,Verdict,86,encontrar,"COD: (de um tribunal) declarar oficialmente que é o caso; (com contra ou para) fazer uma decisão contra (ou a favor de); julgar ser culpado (ou inocente).",117283
11308,guilty,"COD: culpable of a specified wrongdoing.",290,Verdict,84,culpado,"COD: culpado de uma infração específica.",73288
11311,form,"COD: bring together parts to create",291,Creating,86,forma,"COD: reunir partes para criar",2044
11312,assemble,"COD: fit together the component parts of.",291,Creating,86,montar,"COD: encaixe as partes componentes de.",120905
11317,generate,"FN: to produce an entity ",291,Creating,86,gerar,"FN: para produzir uma entidade",130624
11319,issue,"COD: formally send out or make known.",291,Creating,86,problema,"COD: enviar formalmente ou tornar público.",6620
11321,make,"FN: create (focusing on the resulting entity rather than a specific process used to produce it).",291,Creating,86,fazer,"FN: criar (com foco na entidade resultante em vez de um processo específico usado para produzi-la).",116954
34163,"come about","To bring something to existence.",291,Creating,86,Acontecer,"Trazer algo à existência.",117288
34349,productivity,"The amount of production an entity or organization can do.",291,Creating,83,Produtividade,"A quantidade de produção que uma entidade ou organização pode fazer.",30973
11323,hire,"COD: employ for wages. ",294,Hiring,86,contratar,"COD: empregar para salários.",117037
11324,sign,"FN: to hire someone",294,Hiring,86,Assinatura,"FN: contratar alguém",6642
11325,retain,"COD: keep engaged in one' s service. ",294,Hiring,86,reter,"COD: permanecer envolvido no serviço de alguém.",121153
11326,commission,"COD: order or authorize (someone) to do or produce something. ",294,Hiring,86,comissão,"COD: ordenar ou autorizar (alguém) a fazer ou produzir algo.",36691
11327,"take on","FN: hire",294,Hiring,86,assumir,"FN: contratar",117292
11330,commission,"FN: act of commissioning",294,Hiring,83,comissão,"FN: ato de encomendar",36691
11332,contract,"FN: assign a job by contract.",294,Hiring,86,contrato,"FN: atribuir um trabalho por contrato.",8932
11334,"sign on","FN: to hire someone for a position of employment",294,Hiring,86,assinar,"FN: contratar alguém para uma posição de emprego",121152
11337,employ,"COD:  give work to (someone) and pay them for it. ",295,Employing,86,empregar,"COD: dar trabalho a alguém e pagar por isso.",128025
11340,commission,"COD: order or authorize (someone) to do or produce something",295,Employing,86,comissão,"COD: ordenar ou autorizar (alguém) a fazer ou produzir algo",36691
