idLU,lemmaName(en),senseDescription(en),idFrame,frameName,idPOS,lemmaName(pt),senseDescription(pt),idLemma(pt)
7405,instruction,"COD: education. ",101,Education_teaching,83,instrução,"COD: educação.",25116
7408,master,"COD: acquire complete knowledge or skill in",101,Education_teaching,86,mestre,"COD: adquirir conhecimento ou habilidade completa em",8826
7412,cram,"FN: study in an intense fashion, usually because of an imminent exam",101,Education_teaching,86,empurrar,"FN: estudar de forma intensa, geralmente por causa de um exame iminente",128043
32551,lesson,"FN: a unit of teaching activity or text, either for a single class period or pertaining to specific material to be learned together",101,Education_teaching,83,lição,"FN: uma unidade de atividade ou texto de ensino, seja para uma única aula ou referente a material específico a ser aprendido juntos",26497
7418,club,"COD:  beat with a club or similar implement. ",102,Cause_harm,86,clube,"COD: bater com um taco ou ferramenta semelhante.",8804
7422,hammer,"COD: hit or beat repeatedly with or as with a hammer. ",102,Cause_harm,86,Martelo,"COD: acertar ou bater repetidamente com ou como um martelo.",816
7426,knife,"COD: stab with a knife. ",102,Cause_harm,86,faca,"COD: ferir com uma faca.",22101
7427,punch,"COD: strike with the fist. ",102,Cause_harm,86,soco,"COD: socar com o punho.",1232
7428,smash,"COD: break or cause to break violently into pieces. ",102,Cause_harm,86,smash,"COD: quebrar ou causar quebre violentamente em pedaços.",1027
7429,stab,"COD: thrust a knife or other pointed weapon into. ",102,Cause_harm,86,estábulo,"COD: enfiar uma faca ou outra arma afiada em.",9174
7430,spear,"COD: pierce or strike with a spear or other pointed object. ",102,Cause_harm,86,lança,"COD: perfurar ou ferir com uma lança ou outro objeto pontiagudo.",26053
7431,stone,"COD: throw stones at in order to injure or kill. ",102,Cause_harm,86,pedra,"COD: atirar pedras em alguém com a intenção de machucá-lo ou matá-lo.",11025
7435,break,"FN: to cause something to fracture",102,Cause_harm,86,pausa,"FN: causar algo para fraturar",29755
7436,butt,"COD: hit with the head or horns. ",102,Cause_harm,86,bunda,"COD: atingido na cabeça ou nos chifres.",60640
7440,crack,"COD: hit hard",102,Cause_harm,86,crack,"COD: acertar forte",69858
7442,cuff,"COD: strike with an open hand, especially on the head. ",102,Cause_harm,86,pulso,"COD: acertar com a mão aberta, especialmente na cabeça.",31243
7443,fracture,"COD: break or cause to break. ",102,Cause_harm,86,fratura,"COD: quebrar ou causar a quebra.",10748
7446,jab,"COD: poke roughly or quickly with something sharp or pointed.",102,Cause_harm,86,jab,"COD: Poke com algo afiado ou pontiagudo.",1054
7447,bruise,"COD: inflict a bruise on. ",102,Cause_harm,86,escurecimento,"COD: infligir um hematoma em.",21279
7448,knock,"COD: strike or thump together or against something. ",102,Cause_harm,86,batida,"COD: bater ou dar socos juntos ou contra algo.",960
7449,lash,"COD: strike or beat with a whip or stick. ",102,Cause_harm,86,Corda,"COD: golpear ou bater com uma chicote ou pau.",693
7452,strike,"FN: to deliver a blow to someone, causing injury",102,Cause_harm,86,greve,"FN: dar um golpe em alguém, causando lesão",23778
7456,belt,"COD: beat or hit very hard. ",102,Cause_harm,86,cintura,"COD: bater ou acertar muito forte.",17365
7457,buffet,"COD: strike repeatedly and violently. ",102,Cause_harm,86,buffet,"COD: acertar repetidamente e violentamente.",8702
7462,knee,"FN: kick using the knee",102,Cause_harm,86,joelho,"Chutar com o joelho",680
7463,wound,"COD: inflict a wound on. ",102,Cause_harm,86,ferida,"COD: infligir uma ferida em.",22366
7467,poisoning,"FN: the fact of administering poison to or contaminating with poison",102,Cause_harm,83,intoxicação,"FN: o fato de administrar veneno a ou contaminar com veneno",25228
7469,"beat up","FN: strike repeatedly resulting in harm",102,Cause_harm,86,apanhar,"FN: acertar repetidamente resultando em dano",121138
7472,flog,"COD: beat with a whip or stick as a punishment.",102,Cause_harm,86,fogo,"COD: bater com uma vara ou pau como punição.",10788
7474,biff,"FN: punch",102,Cause_harm,86,bife,"FN: soco",9316
7475,cane,"FN: hit with a cane",102,Cause_harm,86,Cão,"FN: atingido com um bastão",8718
7477,poison,"FN: administer poison",102,Cause_harm,86,veneno,"FN: administrar veneno",35823
7479,welt,"COD: strike hard and heavily.",102,Cause_harm,86,mundo,"COD: atire forte e pesado.",6545
7481,elbow,"FN: hit or jab with the elbow (especially in sporting competitions, or to clear a path).",102,Cause_harm,86,cotovelo,"FN: acertar ou dar um soco com o cotovelo (especialmente em competições esportivas, ou para limpar uma rota).",18439
7484,strike,"FN: a quick, forcible blow",102,Cause_harm,83,greve,"FN: um golpe rápido e violento",23778
7486,drug,"COD: to administer a drug to someone in order to induce stupor",102,Cause_harm,86,droga,"COD: administrar uma droga a alguém para induzir estúpido",20105
7491,likelihood,"COD: the state or fact of being likely. ",103,Likelihood,83,probabilidade,"COD: o estado ou fato de ser provável.",10802
7492,certainty,"FN: the quality of an event being inevitable",103,Likelihood,83,certeza,"FN: a qualidade de um evento sendo inevitável",17026
7502,probability,"COD: the extent to which something is probable",103,Likelihood,83,probabilidade,"COD: o grau de probabilidade de algo",10802
7505,bound,"COD: destined or certain to be, do, or have something",103,Likelihood,84,ligado,"COD: destinado ou certo de ser, fazer ou ter algo",73281
7506,may,"COD: expressing possibility",103,Likelihood,86,maio,"COD: expressando possibilidade",861
