idLU,lemmaName(en),senseDescription(en),idFrame,frameName,idPOS,lemmaName(pt),senseDescription(pt),idLemma(pt)
8385,lean,"COD:  (of a person) thin, especially healthily so",143,Body_description_holistic,84,aprender,"COD: (de uma pessoa) magra, especialmente de forma saudável",
8386,angular,"COD: (of a person) lean and having a prominent bone structure. ",143,Body_description_holistic,84,angular,"COD: (de uma pessoa) magra e com estrutura óssea proeminente.",
8387,bony,"COD:  so thin that the bones can be seen. ",143,Body_description_holistic,84,ossos,"COD: tão fino que os ossos podem ser vistos.",
8388,rangy,"COD:  (of a person) tall and slim; long-limbed. ",143,Body_description_holistic,84,esguio,"COD: (de uma pessoa) alto e esguio; de membros longos.",
8389,squat,"COD: short or low, and disproportionately broad or wide. ",143,Body_description_holistic,84,Agachamento,"COD: curto ou baixo, e desproporcionalmente largo ou largo.",
8390,thickset,"COD: (of a person or animal) heavily or solidly built; stocky. ",143,Body_description_holistic,84,"de grande porte","COD: (de uma pessoa ou animal) alto e robusto; corpulento.",
8393,pudgy,"COD: informal rather fat. ",143,Body_description_holistic,84,gorducho,"COD: informal, um pouco gordo.",
8394,wiry,"COD: lean, tough, and sinewy. ",143,Body_description_holistic,84,Arrebitado,"COD: magro, duro e musculoso.",
8396,medium-build,"FN: of average height and weight",143,Body_description_holistic,84,"de tamanho médio","FN: de estatura média e peso médio",
8397,big-boned,"FN: large of frame (euphemism for fat)",143,Body_description_holistic,84,"pequeno e robusto","FN: grande de estrutura (eufemismo para gordo)",
8399,female,"COD: of the sex that can bear offspring or produce eggs; feminine",143,Body_description_holistic,84,feminina,"COD: do sexo que pode gerar descendentes ou produzir ovos; feminino",
8400,regalia,"COD: the insignia of royalty, especially the crown and other ornaments used at a coronation. ",144,Accoutrements,83,Regalias,"COD: o insígnio da realeza, especialmente a coroa e outros ornamentos usados em uma coroação.",
8401,anklet,"COD: an ornament worn round an ankle. ",144,Accoutrements,83,"Anel de pé","COD: uma decoração usada em torno de um tornozelo.",
8402,ring,"COD: a small circular band, typically of precious metal, worn on a finger as an ornament or as a token of marriage or engagement. [Jewellery] ",144,Accoutrements,83,anel,"COD: uma pequena banda circular, tipicamente de metal precioso, usada no dedo como ornamento ou como sinal de casamento ou noivado. [Joalheria]",
8404,jewelry,"COD: mass noun personal ornaments, such as necklaces, rings, or bracelets, that are made from or contain jewels and precious metal. ",144,Accoutrements,83,joias,"COD: substantivo massivo, adornos pessoais, como colares, anéis ou pulseiras, que são feitos de ou contêm joias e metais preciosos.",
8406,bangle,"COD: a rigid ornamental band worn around the arm. ",144,Accoutrements,83,bangle,"COD: uma faixa decorativa rígida usada no braço.",
8407,bracelet,"COD: an ornamental band or chain worn on the wrist or arm. [Jewellery] ",144,Accoutrements,83,pulseira,"COD: uma fita decorativa ou corrente usada no pulso ou braço. [Joalharia]",
8411,tiara,"COD: a.a jewelled ornamental band worn on the front of a woman' s hair",144,Accoutrements,83,Tiara,"COD: uma faixa ornamentada com joias usada na frente do cabelo de uma mulher",
8412,circlet,"COD: an ornamental circular band worn on the head. ",144,Accoutrements,83,circelo,"COD: uma faixa decorativa circular usada na cabeça.",
8413,diadem,"COD: a jewelled crown or headband worn as a symbol of sovereignty. ",144,Accoutrements,83,diadema,"COD: uma coroa ou faixa de cabeça com pedras preciosas usada como símbolo de soberania.",
8415,locket,"COD: a small ornamental case worn round a person' s neck on a chain and used to hold things of sentimental value. ",144,Accoutrements,83,Locket,"COD: uma pequena caixa decorativa usada ao redor do pescoço de uma pessoa em uma corrente e usada para guardar coisas de valor sentimental.",
8416,pendant,"COD: a piece of jewellery that hangs from a necklace chain.",144,Accoutrements,83,Pêndulo,"COD: uma peça de joalheria que pende de uma corrente de colar.",
8419,cufflink,"COD: a device for fastening together the sides of a shirt cuff, passed through a hole in each side of the cuff.",144,Accoutrements,83,"gravata de metal","COD: um dispositivo para unir rapidamente os lados de uma manga da camisa, passado por um buraco em cada lado da manga.",
8423,hat-pin,"COD: a long pin used to hold a woman' s hat in position.  (listed as hatpin)",144,Accoutrements,83,"alfinete de segurança","COD: um longo alfinete usado para manter o chapéu de uma mulher no lugar.",
8427,bandana,"COD: a large coloured handkerchief or neckerchief. ",144,Accoutrements,83,bandana,"COD: uma grande lenço colorido ou lenço de pescoço.",
8428,headband,"COD: a band of fabric worn around the head as a decoration or to keep the hair of",144,Accoutrements,83,"bandagem para cabelo","COD: uma banda de tecido usada na cabeça como decoração ou para segurar o cabelo de",
8430,fez,"COD: pl. fezzes a flat-topped conical red hat with a black tassel on top, worn by men in some Muslim countries. ",144,Accoutrements,83,fez,"COD: um chapéu redondo com abas e topo plano, de cor vermelha, usado por homens em alguns países muçulmanos.",
8431,skullcap,"COD: a small close-fitting peakless cap or protective helmet. ",144,Accoutrements,83,skullcap,"COD: um pequeno capacete de ajuste próximo e sem topo ou protetor de cabeça.",
8432,top-hat,"COD: a man' s formal hat with a high cylindrical crown.  (listed as top hat)",144,Accoutrements,83,chapéu-coco,"COD: o chapéu formal do homem com uma coroa cilíndrica alta. (listado como chapéu alto)",
8434,yarmulkah,"COD: a skullcap worn in public by Orthodox Jewish men or during prayer by other Jewish men.  (listed as yarmulke)",144,Accoutrements,83,yarmulke,"COD: uma touca de cabeça usada em público por homens judeus ortodoxos ou durante a oração por outros homens judeus.",
8435,balaclava,"COD: a close-fitting woollen hat covering the whole head and encircling the neck. ",144,Accoutrements,83,balaclava,"COD: um gorro de lã ajustado que cobre toda a cabeça e envolve o pescoço.",
8436,beret,"COD: a round flattish cap of felt or cloth. ",144,Accoutrements,83,Berrete,"COD: um gorro redondo e achatado de feltro ou tecido.",
8437,biretta,"COD: a square cap with three flat projections on top, worn by Roman Catholic clergymen.",144,Accoutrements,83,Bireta,"COD: um boné quadrado com três projeções planas no topo, usado por clérigos católicos romanos.",
8438,boater,"COD: a flat-topped hardened straw hat with a brim. orig. worn while boating.",144,Accoutrements,83,"barco a motor","COD: um chapéu de palha endurecido com abas planas, usado enquanto se navega.",
8439,bowler,"COD: a man' s hard felt hat with a round dome-shaped crown. ",144,Accoutrements,83,bolicheiro,"COD: um chapéu de feltro macio para homem com uma coroa redonda em forma de cúpula.",
8440,nightcap,"COD: historical a cap worn in bed. ",144,Accoutrements,83,Nightcap,"COD: um chapéu de abas largas usado na cama.",
8441,panama,"COD: a man' s wide-brimmed hat of straw-like material, originally made from the leaves of a tropical palm tree. ",144,Accoutrements,83,Panamá,"COD: o chapéu de abas largas de um homem de material semelhante a palha, originalmente feito de folhas de uma palmeira tropical.",
8443,sombrero,"COD: .pl. -os a broad-brimmed felt or straw hat, typically worn in Mexico and the south-western US. ",144,Accoutrements,83,sombrero,"COD: .pl. - um chapéu de abas largas de feltro ou palha, tipicamente usado no México e no sudoeste dos Estados Unidos.",
8444,trilby,"COD: pl. -ies chiefly Brit. a soft felt hat with a narrow brim and indented crown. ",144,Accoutrements,83,trilby,"COD: pl. -ies principalmente britânico um chapéu macio de feltro com borda estreita e coroa indentada.",
8445,turban,"COD: a man' s headdress, consisting of a long length of material wound round a cap or the head, worn especially by Muslims and Sikhs.",144,Accoutrements,83,turban,"COD: o penteado masculino, consistindo de um longo comprimento de material enrolado em um chapéu ou na cabeça, usado especialmente por muçulmanos e Sikhs.",
8446,shako,"COD: a cylindrical or conical military hat with a peak and a plume or pompom. ",144,Accoutrements,83,shako,"COD: um chapéu militar cilíndrico ou cônico com uma aba e um leque ou pompom.",
8448,headdress,"COD: an ornamental covering for the head, especially one worn on ceremonial occasions. ",144,Accoutrements,83,"acessório para o cabelo","COD: um revestimento decorativo para a cabeça, especialmente usado em ocasiões cerimoniais.",
8449,headpiece,"COD: a device worn on the head. ",144,Accoutrements,83,"acessório para cabelo","COD: um dispositivo usado na cabeça.",
8451,trinket,"COD: a small ornament or item of jewellery that is of little value. ",144,Accoutrements,83,trinceto,"COD: uma pequena decoração ou item de joalheria de pouco valor.",
8452,choker,"COD: a close-fitting necklace or ornamental neckband. ",144,Accoutrements,83,"Gola alta","COD: uma corrente ou bandolinha de decote justo.",
8453,sporran,"COD: a small pouch worn around the waist so as to hang in front of the kilt as part of men' s Scottish Highland dress. ",144,Accoutrements,83,sporran,"COD: uma pequena bolsa usada na cintura para pendurar na frente do kilti como parte do traje escocês das Terras Altas.",
8454,snood,"COD: an ornamental hairnet or pouch worn over the hair at the back of a woman' s head. ",144,Accoutrements,83,Snood,"COD: uma rede ou bolsa decorativa usada sobre o cabelo da mulher na parte de trás da cabeça.",
8455,hairnet,"COD: a fine mesh for confining the hair. ",144,Accoutrements,83,"rede para cabelo","COD: uma malla fina para conter o cabelo.",
8456,hairslide,"COD: Brit. a clip for keeping a woman' s hair in position. ",144,Accoutrements,83,"escada de cabelo","COD: Brit. um clipe para manter o cabelo de uma mulher no lugar.",
8457,hairpin,"COD: a U-shaped pin for fastening the hair. ",144,Accoutrements,83,"alfinete de cabelo","COD: um alfinete em forma de U para prender o cabelo.",
8458,hairband,"COD: a band for securing or tying back one' s hair.",144,Accoutrements,83,barba-de-cereja,"COD: uma banda para prender ou amarrar o cabelo de alguém.",
8459,hairgrip,"COD: Brit. a flat hairpin with the ends close together. ",144,Accoutrements,83,"grampo de cabelo","COD: Brit. uma pinça de cabelo achatada com as pontas próximas.",
8460,sash,"COD: a long strip or loop of cloth worn over one shoulder or round the waist. ",144,Accoutrements,83,sash,"COD: uma longa tira ou laço de pano usado sobre um ombro ou em volta da cintura.",
8461,watch,"COD: a small timepiece worn typically on a strap on one' s wrist. ",144,Accoutrements,83,assista,"COD: um pequeno relógio usado tipicamente em uma pulseira no pulso de alguém.",
8465,badge,"COD: a small piece of metal, plastic, or cloth bearing a design or words, typically worn to identify a person or to indicate support for a cause. ",144,Accoutrements,83,insígnia,"COD: uma pequena peça de metal, plástico ou tecido com um desenho ou palavras, normalmente usada para identificar uma pessoa ou indicar apoio a uma causa.",
8468,goggles,"COD: close-fitting protective glasses with side shields. ",144,Accoutrements,83,"óculos de proteção","COD: óculos de proteção com lentes ajustadas e protetores laterais.",
8469,mitre,"COD: a tall headdress worn by bishops and senior abbots, tapering to a point at front and back with a deep cleft between. [Eccl] ",144,Accoutrements,83,Mitra,"COD: uma alta tiara usada por bispos e abades seniores, que se afina na parte frontal e traseira, com uma fenda profunda entre elas. [Eccl]",
8470,helm,"FN: a helmet.",144,Accoutrements,83,helm,"FN: uma capacete.",
8473,greaves,"COD: historical a piece of armour for the shin. [MilHist]  (listed as greave)",144,Accoutrements,83,graves,"COD: uma peça de armadura para o tornozelo. [MilHist] (listado como greave)",
8474,coif,"FN: a close-fitting cap, currently made of cloth, but formerly made of  metal and worn under armour for protection",144,Accoutrements,83,coifa,"FN: um capacete ajustado, atualmente feito de tecido, mas anteriormente feito de metal e usado sob armadura para proteção",
8475,hauberk,"COD: historical a full-length coat of mail. ",144,Accoutrements,83,hauberk,"COD: um casaco de malha completo.",
8476,mantle,"FN: a loose sleeveless cloak or shawl.",144,Accoutrements,83,manto,"FN: um manto ou xale solto sem mangas.",
8477,"gas mask","COD: a protective mask used to cover the face as a defence against poison gas.",144,Accoutrements,83,"máscara de gás","COD: uma máscara protetora usada para cobrir o rosto como defesa contra gás venenoso.",
8478,bathe,"COD: wash by immersing one' s body in water",145,Grooming,86,Banhe,"COD: lavar imersando o corpo em água",
8480,lave,"COD: wash or wash over. ",145,Grooming,86,Lave,"COD: lavar ou lavar por cima.",
8483,floss,"COD: clean between (one' s teeth) with dental floss. ""I flossed my teeth.""",145,Grooming,86,"Fio dental","COD: limpar entre os dentes (de alguém) com fio dental. ""Eu passei fio dental.",
8484,shave,"COD: cut the hair off (a person or part of the body) with a razor.",145,Grooming,86,barbear-se,"COD: cortar o cabelo (de uma pessoa ou parte do corpo) com uma navalha.",
