idLU,lemmaName(en),senseDescription(en),idFrame,frameName,idPOS,lemmaName(pt),senseDescription(pt),idLemma(pt)
9097,zip,"COD: chiefly Brit. a fastener consisting of two flexible strips of metal or plastic with interlocking projections closed or opened by pulling a slide along them. ",174,Clothing_parts,83,zipar,"COD: principalmente britânico um fecho constituído por duas tiras flexíveis de metal ou plástico com projeções interligadas, aberto ou fechado puxando uma deslizante ao longo delas.",
9098,zipper,"COD: a zip fastener. ",174,Clothing_parts,83,Zipper,"COD: um zíper.",
9100,snap,"COD: a press stud",174,Clothing_parts,83,clique,"COD: um fecho de pressão",
9101,thong,"COD: a narrow strip of leather or other material, used especially as a fastening or as the lash of a whip. ",174,Clothing_parts,83,Tanga,"COD: uma estreita tira de couro ou outro material, usada especialmente como um fecho ou como o chicote de um chicote.",
9107,tassel,"COD: a tuft of hanging threads, knotted together at one end and used for decoration in soft furnishing and clothing.",174,Clothing_parts,83,Peso-pesado,"COD: um cacho de fios pendurados, entrelaçados em uma extremidade e usados para decoração em estofamento e vestuário.",
9108,fringe,"COD: a border of threads, tassels, or twists, used to edge clothing or material. [Clothing] [Textiles] ",174,Clothing_parts,83,fringe,"COD: uma borda de fios, borlas ou voltas, usada para bordar roupas ou materiais. [Roupas] [Têxteis]",
9112,leg,"COD: a part of a garment covering a leg or part of a leg. ",174,Clothing_parts,83,pés,"COD: uma parte de uma roupa que cobre uma perna ou parte de uma perna.",
9113,sash,"FN: a long strip of cloth sewn around the waist of a dress",174,Clothing_parts,83,sash,"FN: uma longa tira de tecido costurada na cintura de um vestido",
9118,breastplate,"COD: a piece of armour covering the chest. ",174,Clothing_parts,83,"escudo de peito","COD: uma peça de armadura que cobre o peito.",
9120,clasp,"COD: a small device with interlocking parts used for fastening things together. ",174,Clothing_parts,83,clasp,"COD: um pequeno dispositivo com peças interligadas usado para unir coisas.",
9121,seam,"COD: a line where two pieces of fabric are sewn together in a garment or other article.",174,Clothing_parts,83,Costura,"COD: uma linha onde duas peças de tecido são costuradas juntas em uma peça de roupa ou outro artigo.",
9123,monogram,"COD: a motif of two or more interwoven letters, typically a person' s initials",174,Clothing_parts,83,monograma,"COD: uma motivação de duas ou mais letras entrelaçadas, geralmente as iniciais de uma pessoa",
9124,decolletage,"FN: a low neck-line",174,Clothing_parts,83,decote,"FN: uma gola baixa",
9125,cuff-link,"COD: a device for fastening together the sides of a shirt cuff, passed through a hole in each side of the cuff. ",174,Clothing_parts,83,"pano de boca","COD: um dispositivo para unir rapidamente os lados de uma manga da camisa, passado por um buraco em cada lado da manga.",
9126,hem,"COD: the edge of a piece of cloth or clothing which has been turned under and sewn.",174,Clothing_parts,83,hem,"COD: o rebordo de um pedaço de tecido ou roupa que foi virado e costurado por baixo.",
9127,insole,"COD: a thin, flat sole-shaped liner worn in a shoe or boot",174,Clothing_parts,83,insole,"COD: um forro fino e achatado em forma de sola usado em um sapato ou bota",
9131,brim,"COD: the projecting edge around the bottom of a hat. ",174,Clothing_parts,83,brim,"COD: o borda projetada em volta da parte inferior de um chapéu.",
9132,neckband,"COD: a strip of material round the neck of a garment",174,Clothing_parts,83,neckband,"COD: uma tira de material em volta do pescoço de uma roupa",
9133,barony,"COD: the rank and estates of a baron. ",175,Political_locales,83,barão,"COD: o grau e os estados de um barão.",
9139,duchy,"COD: the territory of a duke or duchess. ",175,Political_locales,83,duque,"COD: o território de um duque ou duquesa.",
9140,viscountcy,"FN: the jurisdiction of a viscount",175,Political_locales,83,vizconde,"FN: a jurisdição de um visconde",
9141,county,"COD: a political and administrative division of a state.",175,Political_locales,83,conty,"COD: uma divisão política e administrativa de um estado.",
9145,borough,"COD: a town (as distinct from a city) with a corporation and privileges granted by a royal charter. ",175,Political_locales,83,borougho,"COD: uma cidade (distinta de uma cidade) com corporação e privilégios concedidos por carta real.",
9147,realm,"COD: a kingdom. ",175,Political_locales,83,reino,"COD: um reino.",
9148,kingdom,"COD: a country, state, or territory ruled by a king or queen. ",175,Political_locales,83,reino,"COD: um país, estado ou território governado por um rei ou rainha.",
9151,megalopolis,"COD: a very large, heavily populated city or urban complex",175,Political_locales,83,Megalópolis,"COD: uma cidade muito grande e densamente povoada ou um complexo urbano",
9168,commonwealth,"COD: an independent state or community, especially a democratic republic.",175,Political_locales,83,commonwealth,"COD: um estado ou comunidade independente, especialmente uma república democrática.",
9171,multinational,"COD: including or involving several countries or nationalities.",175,Political_locales,84,multinacional,"COD: incluindo ou envolvendo vários países ou nacionalidades.",
9172,city-state,"COD: a city and surrounding territory that forms an independent state.",175,Political_locales,83,Estado-cidade,"COD: uma cidade e território circundante que formam um estado independente.",
9175,fiefdom,"FN: a portion of land granted to an allegiant person by a lord in the system of feudalism",175,Political_locales,83,fiefdom,"FN: uma porção de terra concedida a uma pessoa leal por um senhor no sistema de feudalismo",
9176,jurisdiction,"FN: the area in which a given political entity has power",175,Political_locales,83,jurisdição,"FN: a área em que uma determinada entidade política tem poder",
9180,provincial,"FN: pertaining to a province.",175,Political_locales,84,provincial,"FN: referente a uma província.",
9181,territorial,"FN: of or relating to a political territory.",175,Political_locales,84,territorial,"FN: de ou relacionado a um território político.",
21848,hamlet,"A settlement smaller than a town;",175,Political_locales,83,Hamlet,"Um assentamento menor que uma cidade;",
21850,kampung,"A village is a clustered human settlement or community, larger than a hamlet but smaller than a town, with a population ranging from a few hundred to a few thousand.;",175,Political_locales,83,kampung,"Um vilarejo é um assentamento ou comunidade humana agrupada, maior que uma vila mas menor que uma cidade, com população variando de algumas centenas a alguns milhares.",
21851,"nation's capital","A seat of government;A city designated as a legislative seat by the government or some other authority, often the city in which the government is located; otherwise the most important city within a country or a subdivision of it.;",175,Political_locales,83,"capital da nação","Um assento de governo;Uma cidade designada como sede legislativa pelo governo ou alguma outra autoridade, muitas vezes a cidade onde o governo está localizado; caso contrário, a mais importante cidade dentro de um país ou uma subdivisão dele.",
21852,"provincial capital","A capital city or capital town is the municipality enjoying primary status in a state, country, province, or other region, usually as its seat of government.;",175,Political_locales,83,"capital provincial","A capital cidade ou capital município que goza de um estatuto primário num estado, país, província ou outra região, geralmente como sua sede do governo.",
21854,"city employment","A city is a relatively large and permanent human settlement.;",175,Political_locales,83,"emprego na cidade","Uma cidade é um assentamento humano relativamente grande e permanente.",
21857,"urban center","A large and densely populated urban area; may include several independent administrative districts;",175,Political_locales,83,"centro urbano","Uma grande e densamente povoada área urbana; pode incluir vários distritos administrativos independentes;",
21862,"territorial division","A district is a type of administrative division that, in some countries, is managed by local government.;In international politics, a territory is a non-sovereign geographic area which has come under the authority of another government; which has not been granted the powers of self-government normally devolved to secondary territorial divisions; or both.;",175,Political_locales,83,"divisão territorial","Um distrito é um tipo de divisão administrativa que, em alguns países, é administrado pelo governo local; Em política internacional, um território é uma área geográfica não soberana que ficou sob a autoridade de outro governo; que não foi concedida os poderes de autogoverno normalmente delegados a divisões territoriais secundárias; ou ambos.",
21870,"metropolitan city","A large city, specifically that city in a country which is the seat of government, of ecclesiastical authority, or of commercial activity.;A group of human settlements that offer all necessary services (i.e. civil administration, economy, transportation, culture, and education) linked to urban life and usually comprise one or two towns and their suburbs.;Term used generically today to denote any urban form but applied particularly to large urban settlements. There are, however, no agreed definitions to separate a city from the large metropolis or the smaller town.;A metropolis is a large city or urban area which is a significant economic, political, and cultural center for a country or region, and an important hub for regional or international connections, commerce, and communications.;",175,Political_locales,83,"cidade metropolitana","Uma grande cidade, especificamente aquela cidade em um país que é sede de governo, autoridade eclesiástica ou atividade comercial;Um grupo de assentamentos humanos que oferecem todos os serviços necessários (ou seja, administração civil, economia, transporte, cultura e educação) ligados à vida urbana e geralmente compreende uma ou duas cidades e seus subúrbios;Termo usado genericamente hoje para denotar qualquer forma urbana, mas aplicado particularmente a grandes assentamentos urbanos. No entanto, não existem definições acordadas para separar uma cidade de uma grande metrópole ou de uma cidade menor;Uma metrópole é uma grande cidade ou área urbana que é um importante centro econômico, político e cultural para um país ou região, e um importante centro de conexões regionais ou internacionais, comércio e comunicações.",
21871,"city municipality","Very large and significant city or urban area;A large, busy city, especially as the main city in an area or country or as distinguished from surrounding rural areas.;A large and densely populated urban area; may include several independent administrative districts;",175,Political_locales,83,"cidade município","Uma grande e significativa cidade ou área urbana; uma grande cidade movimentada, especialmente como a principal cidade em uma região ou país ou como distinta das áreas rurais circundantes; uma grande e densamente povoada área urbana; pode incluir vários distritos administrativos independentes.",
21875,township,"A community of people living together, such as a hamlet, village, town, or city.;A planned community such as a retirement community or shopping district.;A small (generally rural) town.;Cities, towns, villages, and other concentrations of human populations which inhabit a given segment or area of the environment.;A community of people smaller than a town;",175,Political_locales,83,subúrbio,"Uma comunidade de pessoas que vivem juntas, como um bairro, vila, cidade ou cidade; uma comunidade planejada, como uma comunidade de aposentadoria ou distrito comercial; uma pequena (geralmente rural) cidade; cidades, vilas e outros aglomerados de populações humanas que habitam um determinado segmento ou área do ambiente; uma comunidade de pessoas menor do que uma cidade;",
30687,"state [sovereign]","COD: a nation or territory considered as an organized political community under one government. ",175,Political_locales,83,"estado [soberano]","COD: uma nação ou território considerado como uma comunidade política organizada sob um único governo.",
30887,"state [internal]","COD: an organized political community or area forming part of a federal republic. ",175,Political_locales,83,"estado [interno]","COD: uma comunidade ou área política organizada que faz parte de uma república federal.",
34331,block,"A section of a city, such as a neighborhood.",175,Political_locales,83,bloco,"Uma seção de uma cidade, como um bairro.",
