idLU,lemmaName(en),senseDescription(en),idFrame,frameName,idPOS,lemmaName(pt),senseDescription(pt),idLemma(pt)
33450,squid,"An elongated, fast-swimming cephalopod mollusc with eight arms and two long tentacles, typically able to change colour.",1184,Animals,83,lula,"Um molusco cefalópode alongado, que nada rapidamente, com oito braços e dois tentáculos longos, tipicamente capaz de mudar de cor.",26655
33458,worm,"Any of a number of creeping or burrowing invertebrate animals with long, slender soft bodies and no limbs.",1184,Animals,83,verme,"Qualquer de uma série de animais invertebrados rastejantes ou cavadores com corpos longos e esguios e sem membros.",68730
33528,tick,"A parasitic arachnid that attaches itself to the skin of a terrestrial vertebrate from which it sucks blood, leaving the host when sated. Some species transmit diseases, including tularaemia and Lyme disease.",1184,Animals,83,marcação,"Um aracnídeo parasita que se prende à pele de um vertebrado terrestre de qual ele sugada sangue, deixando o hospedeiro quando satisfeito. Algumas espécies transmitem doenças, incluindo tularemia e doença de Lyme.",964
18313,timetable,"FN: a mental schedule of events",1186,Timetable,83,horário,"FN: uma agenda mental de eventos",9445
18316,itinerary,"FN: a planned schedule of events and routes, usually used when traveling  ",1186,Timetable,83,itinerário,"FN: um cronograma e rotas planejadas, geralmente usadas ao viajar",8733
18320,give,"FN: An Infection of an Infected_entity occurs, with or without the intention or knowledge of the Infection_cause.",1188,Infecting,86,dar,"FN: Uma Infecção de um Entidade Infetada ocorre, com ou sem a intenção ou conhecimento da Causa da Infecção.",116844
18331,by,"FN: located not far from.",1190,Non-gradable_proximity,90,por,"FN: localizado não muito longe de.",146582
