idLU,lemmaName(en),senseDescription(en),idFrame,frameName,idPOS,lemmaName(pt),senseDescription(pt),idLemma(pt)
12378,incite,"COD: encourage or stir up (violent or unlawful behaviour).",351,Cause_to_start,86,incitar,"COD: encorajar ou excitar (comportamento violento ou ilegal).",130983
12379,instigate,"COD:  bring about or initiate.",351,Cause_to_start,86,instigar,"COD: trazer sobre ou iniciar.",131111
12380,motivate,"FN: cause activity to start",351,Cause_to_start,86,motivar,"FN: causa atividade para iniciar",132034
12384,provoke,"COD: incite to do or feel something, especially by arousing anger.",351,Cause_to_start,86,provocar,"COD: incitar ao fazer ou sentir algo, especialmente despertando a raiva.",121134
12387,trigger,"FN: to incite a response to an event",351,Cause_to_start,86,disparar,"FN: incitar uma resposta a um evento",117231
12390,rue,"COD: bitterly regret (a past event or action) and wish it undone.",352,Contrition,86,rua,"COD: profundamente lamentar (um evento ou ação passada) e desejar que fosse desfeito.",872
12396,penitence,"FN: the state of feeling regret or remorse over a past action or omission",352,Contrition,83,Pena,"FN: o estado de sentir arrependimento ou remorso por uma ação passada ou omissão",968
12407,soften,"FN: cause to become easier to mould, cut, compress, or fold. ",353,Cause_change_of_consistency,86,amolecer,"FN: causar para se tornar mais fácil moldar, cortar, comprimir ou dobrar.",122968
12408,harden,"FN: cause to become solid, firm, and rigid; not easily broken, bent, or pierced. ",353,Cause_change_of_consistency,86,endurecer,"FN: causar tornar-se sólido, firme e rígido; não facilmente quebrado, dobrado ou perfurado.",128394
12409,jell,"COD: (of jelly or a similar substance) set or become firmer.",353,Cause_change_of_consistency,86,gel,"COD: (de gelatina ou substância semelhante) endurecer ou ficar mais firme.",23335
12410,coagulate,"COD:  (of a fluid, especially blood) change to a solid or semi-solid state.",353,Cause_change_of_consistency,86,coagular,"COD: (de um fluido, especialmente sangue) mudar para um estado sólido ou semissólido.",125034
12415,set,"COD: harden into a solid, semi-solid, or fixed state.",353,Cause_change_of_consistency,86,conjunto,"COD: endurecer em um estado sólido, semissólido ou fixo.",8693
12418,hit,"COD: accidentally strike (part of one' s body) against something. ",354,Experience_bodily_harm,86,acertar,"COD: acidentalmente atingir (parte do corpo de alguém) algo.",117230
12422,break,"FN: to fracture something (usually a bone), resulting in physical pain",354,Experience_bodily_harm,86,pausa,"FN: fraturar algo (geralmente um osso), resultando em dor física",29755
12423,sprain,"COD: wrench the ligaments of (an ankle, wrist, or other joint) violently so as to cause pain and swelling but not dislocation. ",354,Experience_bodily_harm,86,torção,"COD: torcer as ligamentos de (um tornozelo, pulso ou outra articulação) violentamente de modo a causar dor e inchaço, mas não deslocamento.",34931
12424,strain,"COD: injure (a limb, muscle, or organ) by overexertion. ",354,Experience_bodily_harm,86,esforço,"COD: lesionar (uma extremidade, músculo ou órgão) por sobreesforço.",21312
12425,twist,"COD: force or be forced out of the natural position by a twisting action",354,Experience_bodily_harm,86,torção,"COD: força ou ser forçado a sair da posição natural por uma ação de torção",34931
12426,pull,"COD: damage (a muscle, ligament, etc.) by abnormal strain. ",354,Experience_bodily_harm,86,puxar,"COD: dano (de um músculo, ligamento, etc.) por esforço anormal.",133098
12427,tear,"COD: damage (a muscle or ligament) by overstretching it. ",354,Experience_bodily_harm,86,rasgar,"COD: danificar (um músculo ou ligamento) por alongá-lo demais.",117200
12428,cut,"FN: to injure oneself by making an incision with a sharp object",354,Experience_bodily_harm,86,cortar,"FN: ferir-se ao fazer uma incisão com um objeto afiado",116888
12430,smack,"FN: to be struck with a sharp slap",354,Experience_bodily_harm,86,Chutar,"FN: ser atingido com um tapa forte",117021
12433,bruise,"FN: sustain a bruise on a specified body part",354,Experience_bodily_harm,86,escurecimento,"FN: sustentar um hematoma em uma parte do corpo especificada",21279
12434,scrape,"FN: injure by rubbing against a rough surface.",354,Experience_bodily_harm,86,raspar,"FN: machucar esfregando contra uma superfície áspera.",133219
12444,gas,"FN: a substance that is characterized by its complete lack of structural rigity and freedom of movement in any direction of space. ",355,Substance_by_phase,83,gás,"FN: uma substância caracterizada por sua completa falta de rigidez estrutural e liberdade de movimento em qualquer direção do espaço.",23281
12454,pull,"COD: inhale deeply while drawing on (a cigarette). ",356,Ingest_substance,86,puxar,"COD: Inspire profundamente enquanto traga (um cigarro).",133098
12456,inject,"FN: introduce a liquid, especially a drug, into the body with a syringe",356,Ingest_substance,86,injetar,"FN: introduzir um líquido, especialmente uma droga, no corpo com uma seringa",131078
12457,shoot,"COD: inject oneself with a narcotic drug. ",356,Ingest_substance,86,tiro,"COD: injetar-se com uma droga narcótica.",38
12461,take,"FN: consume drugs or medicine",356,Ingest_substance,86,tomar,"FN: consome drogas ou remédios",117247
12463,have,"FN: ingest with full intention",356,Ingest_substance,86,ter,"FN: ingest com intenção plena",116847
34293,topical,"Used or applied outside the user's body.",356,Ingest_substance,84,tópico,"Usado ou aplicado fora do corpo do usuário.",91256
12464,penitentiary,"COD: a prison for people convicted of serious crimes. ",357,Prison,83,penitência,"COD: uma prisão para pessoas condenadas por crimes graves.",6857
12469,jailhouse,"COD:  a prison.",357,Prison,83,Presídio,"COD: uma prisão.",30902
12472,pen,"COD: short for penitentiary ",357,Prison,83,caneta,"COD: abreviatura de penitenciária",16338
12473,joint,"COD: prison.",357,Prison,83,articulação,"COD: prisão.",14095
