idLU,lemmaName(en),senseDescription(en),idFrame,frameName,idPOS,lemmaName(pt),senseDescription(pt),idLemma(pt)
13925,commission,"COD: the action of committing a crime or offence.",446,Committing_crime,83,comissão,"COD: a ação de cometer um crime ou ofensa.",36691
13928,quarrel,"FN: to argue or disagree",447,Quarreling,86,briga,"FN: argumentar ou discordar",39
13930,altercation,"COD: a noisy argument or disagreement.",447,Quarreling,83,alteração,"COD: um argumento ou desacordo barulhento.",12911
13938,quarrel,"COD: an angry argument or disagreement.",447,Quarreling,83,briga,"COD: um argumento ou desacordo irritado.",39
13941,row,"COD:  have a row.",447,Quarreling,86,fila,"COD: têm uma fila.",9371
13943,squabble,"COD: engage in a squabble. ",447,Quarreling,86,briga,"COD: envolver-se em uma briga.",39
13944,squabble,"COD: a trivial noisy quarrel.",447,Quarreling,83,briga,"COD: uma discussão barulhenta e trivial.",39
13951,thank,"COD: express gratitude to. ",448,Judgment_direct_address,86,obrigado,"COD: expresse gratidão para.",6599
13959,chide,"COD: scold or rebuke. ",448,Judgment_direct_address,86,chamar,"COD: repreender ou repreender.",117316
13961,chastisement,"FN: severe reprimand.",448,Judgment_direct_address,83,castigo,"FN: repreensão severa.",16746
13966,admonition,"FN: warning about something that (the addressed individual) will probably do wrong.",448,Judgment_direct_address,83,Aviso,"FN: aviso sobre algo que (a pessoa a quem o texto é direcionado) provavelmente fará errado.",14564
13975,"tell off","COD: reprimand someone",448,Judgment_direct_address,86,Desabafar,"Reprimandar alguém",121224
13978,congratulate,"FN: to communicate good wishes to someone for an event that has happened to them",448,Judgment_direct_address,86,Parabéns,"FN: para transmitir bons desejos a alguém por um evento que aconteceu a ele",9498
13987,relationship,"COD: the way in which two or more people or things are connected, or the state of being connected.",449,Cognitive_connection,83,relação,"COD: a maneira pela qual duas ou mais pessoas ou coisas estão conectadas, ou o estado de estar conectado.",8613
13990,befriend,"FN: make into a friend.",450,Forming_relationships,86,amizade,"FN: fazer de um amigo.",8973
13992,betrothal,"FN: the promising of one person to wed another.",450,Forming_relationships,83,Noivo,"Noivado: o prometimento de uma pessoa de se casar com outra.",8970
13995,divorce,"COD: legally dissolve one' s marriage with.",450,Forming_relationships,86,divórcio,"COD: dissolver legalmente o casamento com.",19960
13996,leave,"COD: abandon (a spouse or partner).",450,Forming_relationships,86,sair,"COD: abandonar (um cônjuge ou parceiro).",116884
13997,marriage,"COD: the formal union of a man and a woman, typically as recognized by law, by which they become husband and wife.",450,Forming_relationships,83,casamento,"COD: a união formal entre um homem e uma mulher, geralmente reconhecida por lei, pela qual eles se tornam marido e mulher.",8978
14001,separation,"FN: act in which a couple (generally married) ceases to cohabitate.",450,Forming_relationships,83,separação,"FN: ato em que um casal (geralmente casado) deixa de conviver juntos.",10688
14005,wedding,"COD: a marriage ceremony, especially one including the associated celebrations.",450,Forming_relationships,83,casamento,"COD: uma cerimônia de casamento, especialmente incluindo as celebrações associadas.",8978
14006,marriage,"FN: establishing a family relationship with by means of wedding the kin of.",450,Forming_relationships,83,casamento,"FN: estabelecer uma relação familiar com por meio de casamento os parentes de.",8978
14008,generous,"COD: freely giving more of something, especially money, than is strictly necessary or expected. ",451,Stinginess,84,generoso,"COD: dar livremente mais de algo, especialmente dinheiro, do que é estritamente necessário ou esperado.",73338
14020,contract,"COD: decrease in size, number, or range. ",452,Expansion,86,contrato,"COD: diminuição de tamanho, número ou alcance.",8932
14021,contraction,"FN: the process of an entity becoming smaller.",452,Expansion,83,contração,"FN: o processo de uma entidade se tornando menor.",18196
14022,enlarge,"FN: become larger.",452,Expansion,86,aumentar,"FN: tornar-se maior.",120615
14025,expand,"FN: to become larger in any dimension",452,Expansion,86,expandir,"FN: tornar-se maior em qualquer dimensão",120733
14026,shrink,"COD: become or make smaller in size or amount; contract",452,Expansion,86,diminuir,"COD: tornar-se ou tornar menor em tamanho ou quantidade; contrair",120616
