idLU,lemmaName(en),senseDescription(en),idFrame,frameName,idPOS,lemmaName(pt),senseDescription(pt),idLemma(pt)
4203,cognizant,"FN: fully aware",14,Awareness,84,cognitivo,"FN: totalmente ciente",78177
4204,unknown,"COD: not known or familiar.",14,Awareness,84,Desconhecido,"COD: desconhecido ou familiar.",73695
34267,accept,"To believe something.",14,Awareness,86,aceitar,"Acreditar em algo.",121022
34408,tolerance,"The ability to live with difference.",14,Awareness,83,tolerância,"A capacidade de viver com a diferença.",34819
4209,note,"COD: pay attention to.",15,Becoming_aware,86,nota,"COD: preste atenção em.",9400
4210,notice,"COD: become aware of.",15,Becoming_aware,86,aviso,"COD: tornar-se consciente de.",14564
4212,register,"COD: become aware of. ",15,Becoming_aware,86,registro,"COD: tornar-se consciente de.",10685
4214,spot,"COD: see, notice, or recognize (someone or something) that is difficult to detect or sought-after.",15,Becoming_aware,86,mancha,"COD: ver, notar ou reconhecer (alguém ou algo) que é difícil de detectar ou procurado.",11536
4217,locate,"FN: to discover an entity or a piece of knowledge without attempting to do so",15,Becoming_aware,86,localizar,"FN: descobrir uma entidade ou um pedaço de conhecimento sem tentar fazê-lo",117307
4218,"pick up","FN: notice",15,Becoming_aware,86,Pegar,Aviso,116886
4219,"spy out","FN: to catch sight of, discover",15,Becoming_aware,86,espião,"FN: avistar, descobrir",9082
4220,chance,"FN: discover unintentionally or unexpectedly",15,Becoming_aware,86,chance,"FN: descobrir acidentalmente ou inesperadamente",173
4223,chance,"FN: to encounter a new phenomenon and attribute the encounter to luck",15,Becoming_aware,86,chance,"FN: encontrar um novo fenômeno e atribuir o encontro à sorte",173
4225,encounter,"FN: unexpectedly discover",15,Becoming_aware,86,encontro,"FN: descobrir inesperadamente",7792
4226,fall,"FN: (usually of eyes) encounter unexpectedly",15,Becoming_aware,86,queda,"Encontro inesperado (geralmente dos olhos)",31412
4227,happen,"COD:  come across by chance.",15,Becoming_aware,86,acontecer,"COD: encontrar por acaso.",117288
4228,learn,"COD: become aware of by information or from observation.  ",15,Becoming_aware,86,aprender,"COD: tornar-se consciente por meio de informação ou observação.",116970
4236,class,"COD: assign or regard as belonging to a particular category.",16,Categorization,86,classe,"COD: atribuir ou considerar como pertencente a uma categoria específica.",8577
4239,construe,"COD: interpret in a particular way.",16,Categorization,86,construir,"COD: interpretar de uma maneira específica.",120662
4241,interpretation,"FN: explanation; the act or result of interpreting",16,Categorization,83,Interpretação,"FN: explicação; o ato ou resultado da interpretação",30
4242,perceive,"COD: regard as",16,Categorization,86,perceber,"COD: considere como",120898
4244,translate,"FN: to understand as having a certain meaning",16,Categorization,86,traduzir,"FN: compreender como tendo um significado certo",134738
4245,count,"COD: regard or be regarded as possessing a quality or fulfilling a role",16,Categorization,86,contar,"COD: respeito ou ser considerado como possuir uma qualidade ou desempenhar um papel",116968
4250,understand,"COD: interpret or view in a particular way. ",16,Categorization,86,compreender,"COD: interpretar ou ver de uma maneira particular.",120970
4251,conceive,"FN: to categorize by mentally classifying",16,Categorization,86,conceber,"FN: para categorizar por classificar mentalmente",120729
4255,render,"FN: declare an item (as being part of some category)",16,Categorization,86,render,"FN: declare um item (como sendo parte de alguma categoria)",121108
4258,deem,"COD regard or consider in a specified way.",16,Categorization,86,dar,"COD refere-se ou considera de uma maneira especificada.",116844
4260,read,"FN: to interpret in a certain way",16,Categorization,86,ler,"FN: interpretar de uma certa forma",116953
32363,hold,"FN: to consider as",16,Categorization,86,segurar,"FN: considerar como",117244
32364,look,"FN: regard something as an item of a category",16,Categorization,86,olhar,"FN: considerar algo como um item de uma categoria",120635
4262,brood,"COD: think deeply about something that makes one unhappy.",17,Cogitation,86,pão,"COD: pense profundamente sobre algo que o deixa infeliz.",1974
4263,consider,"FN: take facts into account in a reasoning process",17,Cogitation,86,considerar,"FN: leve em consideração os fatos num processo de raciocínio",117354
4265,contemplate,"COD: think about",17,Cogitation,86,contemplar,"Pense sobre",121094
4270,meditate,"COD: think carefully about",17,Cogitation,86,Meditar,"COD: pense cuidadosamente sobre",131815
4273,muse,"COD:  be absorbed in thought.",17,Cogitation,86,museu,"COD: estar absorto em pensamento.",890
4278,wonder,"FN: consider (an open proposition) in order to figure (the proposition) out",17,Cogitation,86,maravilha,"FN: considere (uma proposta aberta) para descobrir (a proposta)",6601
4282,ascertain,"COD: get to know.",18,Coming_to_believe,86,assegurar,"COD: conhecer.",123658
4283,conclude,"COD: arrive at a judgement or opinion by reasoning.",18,Coming_to_believe,86,concluir,"COD: chegar a um julgamento ou opinião por raciocínio.",117031
4285,deduce,"COD: arrive at (a fact or a conclusion) by reasoning.",18,Coming_to_believe,86,deduzir,"COD: chegar a (um fato ou uma conclusão) por raciocínio.",125619
4286,deduction,"COD: a conclusion that has been deduced",18,Coming_to_believe,83,dedução,"COD: uma conclusão que foi deduzida",18976
