idLU,lemmaName(en),senseDescription(en),idFrame,frameName,idPOS,lemmaName(pt),senseDescription(pt),idLemma(pt)
17608,"make it","FN: come to achieve prosperity or renown",1018,Personal_success,86,"fazer isso","FN: vir a alcançar prosperidade ou renome",
17610,succeed,"FN: achieve the state of prosperity and/or renown.",1018,Personal_success,86,"ter sucesso","FN: alcançar o estado de prosperidade e/ou renome.",
17618,seatbelt,"FN: a belt used to secure someone into the seat of a vehcule. ",1021,Vehicle_subpart,83,"Cinto de segurança","Faixa de segurança: uma faixa usada para prender alguém ao assento de um veículo.",
17619,tire,"FN: the circular, air-inflated, and (usually) rubber component of the vehicule which permits the vehicule to touch the ground and move forward. ",1021,Vehicle_subpart,83,tirar,"FN: o componente circular, inflável com ar e (geralmente) de borracha do veículo que permite que o veículo toque o chão e se mova para frente.",
17621,brake,"FN: a device that is used to slow down or stop a moving vehicule. ",1021,Vehicle_subpart,83,freio,"FN: um dispositivo usado para desacelerar ou parar um veículo em movimento.",
17624,trunk,"FN: a part of the vehicule, generally at the posterior end of the vehicule, which is commonly used as storage space. The trunk may be covered by a hinged barrier.",1021,Vehicle_subpart,83,trunqueira,"FN: uma parte do veículo, geralmente no final traseiro do veículo, que é comumente usada como espaço de armazenamento. O porta-malas pode ser coberto por uma barreira articulada.",
17627,windshield,"FN: the a pane of glass at the front of a vehicle, used for blocking wind.",1021,Vehicle_subpart,83,para-brisa,"FN: uma vidraça na frente de um veículo, usada para bloquear o vento.",
17654,jurisdiction,"FN: the authority that an entity has over events, territories, and/or others",1028,Authority,83,jurisdição,"FN: a autoridade que uma entidade tem sobre eventos, territórios e/ou outros",
17656,sway,"FN: influence or power held by a party, often discussed informally. ",1028,Authority,83,sway,"FN: influência ou poder detido por uma parte, muitas vezes discutido informalmente.",
17660,use,"FN: deplete a portion of an exhaustible commodity",1030,Using_resource,86,utilize,"FN: esgota uma porção de uma mercadoria exaustível",
17666,expunge,"FN: erase, strike, or blot out",1031,Erasing,86,expurgar,"Apague, raque ou borrife",
17672,walk-out,"FN: a strike action in which workers or students abruptly leave their normal posts. (See Political_actions.strike.n)",1032,Political_actions,83,"greve em pé","FN: uma ação de greve em que os trabalhadores ou estudantes abandonam abruptamente seus postos normais. (Veja Ações políticas.greve.n)",
30972,"labor action","FN: action of workers to pursue their interests versus their employer.",1032,Political_actions,83,"Ação sindical","FN: ação dos trabalhadores para defender seus interesses em oposição a seus empregadores.",
30973,sick-out,"FN: mass refusal to work, with each worker claiming illness.",1032,Political_actions,83,"greve de zelo","FN: recusa em trabalhar em massa, com cada trabalhador alegando doença.",
30974,"blue flu","FN: refusal to work (esp. of police officers who cannot officially strike) on the pretext of illness.",1032,Political_actions,83,"gripe azul","FN: recusa em trabalhar (especialmente de policiais que não podem entrar oficialmente em greve) sob o pretexto de doença.",
30975,"walk out","FN: leave a job to protest and demand change from the employer.",1032,Political_actions,86,"caminhar para fora","FN: deixar um emprego para protestar e exigir mudanças do empregador.",
30978,protest,"FN: group action designed to demonstrate opposition.",1032,Political_actions,83,protestar,"FN: ação de grupo projetada para demonstrar oposição.",
30984,protester,"FN: a person who demonstrates their support or opposition to an idea.",1032,Political_actions,83,protestar,"FN: uma pessoa que demonstra seu apoio ou oposição a uma ideia.",
17678,"in the face of","FN: despite opposition or adversity ",1034,Contrary_circumstances,90,enfrentando,"FN: apesar da oposição ou adversidade",
17679,"in face of","FN despite opposition or adversity. Note: this MWE is a truncated form of the LU ' in_the_face_of.prep'  that is commonly used in media. ",1034,Contrary_circumstances,90,enfrentando,"FN apesar da oposição ou adversidade. Nota: este MEW é uma forma abreviada do LU 'in_the_face_of'. prep' que é comumente usado na mídia.",
17680,despite,"in spite of, notwithstanding. it indicates, in the sentence or phrase to which it enters, an idea opposite to that expressed in the other part of the statement, contrary to a probable expectation.",1034,Contrary_circumstances,90,"apesar de","Apesar disso, isso indica uma ideia contrária à expressa na outra parte da frase, contrária a uma expectativa provável.",
29297,"in spite of","despite, notwithstanding. It indicates, in the sentence or phrase to which it enters, an idea opposite to that expressed in the other part of the statement, contrary to a probable expectation.",1034,Contrary_circumstances,90,"apesar de","Apesar disso, apesar disso. Indica, na frase ou expressão em que entra, uma ideia contrária à expressa na outra parte da proposição, contrária a uma expectativa provável.",
17682,trace,"FN: an indication that something happened",1035,Leaving_traces,83,Rastrear,"FN: uma indicação de que algo aconteceu",
17685,wake,"FN: the noticeable disruption of water that results from the passage of watercraft or (rarely) water animals and remains for some time after the passage.",1035,Leaving_traces,83,acordar,"FN: a notável perturbação da água que resulta do passeio de embarcações ou (rara vez) animais aquáticos e permanece por algum tempo após o passeio.",
17686,contrail,"FN: the visible particles in air left behind by passing jet engines and rockets.",1035,Leaving_traces,83,contrail,"FN: as partículas visíveis no ar deixadas para trás pelos motores a jato e foguetes em movimento.",
30968,"dawn (on/upon)","FN: (of information or an idea) gradually become known (to someone).",1036,Enter_awareness,86,dawn,"FN: (de informação ou ideia) gradualmente se tornar conhecido (a alguém).",
30971,"come to mind","FN: (suddenly) become apparent in (someone's) awareness.",1036,Enter_awareness,96,"Vêm à mente","FN: (de repente) se torna aparente na consciência de alguém.",
17697,trace,"FN: the path created by the movement of information along two axes of a graph",1038,Graph_shape,83,Rastrear,"FN: o caminho criado pelo movimento da informação ao longo de dois eixos de um gráfico",
17698,plot,"FN: the pattern of many pieces of data marked on a graph",1038,Graph_shape,83,trama,"FN: o padrão de muitos dados marcados em um gráfico",
17704,irrelevant,"FN: not connected to a salient topic",1042,Being_relevant,84,Irrelevante,"FN: não conectado a um tópico relevante",
30992,pertain,"FN: to be related to or relevant to",1042,Being_relevant,86,pertenece,"FN: ser relacionado ou relevante para",
17712,subsist,"FN: continue to live",1045,Subsisting,86,subsistir,"FN: continue a viver",
25782,bohemianism,"a hedonistic, freer way of living in which his followers go out to drink and have fun.",1046,Manner_of_life,83,bohemismo,"Um modo de viver hedonista e livre no qual seus seguidores saem para beber e se divertir.",
