idLU,lemmaName(en),senseDescription(en),idFrame,frameName,idPOS,lemmaName(pt),senseDescription(pt),idLemma(pt)
31428,place,"a chance to compete in the official sporting event.",1236,Preliminary_stage,83,local,"Uma oportunidade de competir no evento esportivo oficial.",957
27920,throw,"the act of giving something to someone.",1238,Finals,86,lançar,"O ato de dar algo a alguém.",117266
808,crowd,"people who support a soccer team.",1246,Crowd,83,multidão,"Fãs de um time de futebol.",8587
810,supporter,"a person who supports a team.",1246,Crowd,83,suporte,"Um fã de uma equipe.",36761
3468,onlooker,"a nonparticipant spectator. A person who, although present at some event, does not take part in it.",1246,Crowd,83,Olheiro,"O não participante espectador. Uma pessoa que, embora presente em algum evento, não participa dele.",29000
27829,audience,"a group of people present at a performance.;A gathering of spectators or listeners at a (usually public) performance.",1246,Crowd,83,público,"um grupo de pessoas presentes em uma apresentação; um encontro de espectadores ou ouvintes em uma (geralmente pública) apresentação.",37035
949,lunch,"one of the meals of the day. Lunch time is usually around noon",1253,Dining,83,Almoço,"uma das refeições do dia. O almoço geralmente acontece por volta do meio-dia",1305
950,breakfast,"first meal of the day",1253,Dining,83,"Café da manhã","Primeira refeição do dia",1306
952,meal,"specific moment of the day when people eat a certain kind of food",1253,Dining,83,refeição,"Hora do dia em que as pessoas comem um determinado tipo de comida",1304
19864,diner,,1253,Dining,83,dinheiro,,2
