idLU,lemmaName(en),senseDescription(en),idFrame,frameName,idPOS,lemmaName(pt),senseDescription(pt),idLemma(pt)
13458,probe,"COD: enquire into closely.",408,Criminal_investigation,86,probe,"COD: inquérito próximo.",
13460,lead,"COD: a clue to be followed in the resolution of a problem. ",408,Criminal_investigation,83,liderança,"COD: um indício a ser seguido na resolução de um problema.",
13464,illegal,"COD: contrary to or forbidden by law. ",409,Legality,84,ilegal,"COD: contrariamente ou proibido por lei.",
13465,legal,"COD: permitted by law. ",409,Legality,84,Legal.,"COD: permitido por lei.",
13466,lawful,"COD: conforming to, permitted by, or recognized by law or rules. ",409,Legality,84,legítimo,"COD: de acordo com, permitido por ou reconhecido por lei ou regras.",
13467,unlawful,"COD: not conforming to or permitted by the law or rules. ",409,Legality,84,ilegal,"COD: não conforme ou permitido pela lei ou regras.",
13468,wrongful,"COD: (of an act) not fair, just, or legal. ",409,Legality,84,errôneo,"COD: (de um ato) injusto, justo ou legal.",
13469,illicit,"COD: forbidden by law, rules, or custom. ",409,Legality,84,ilegal,"COD: proibido por lei, regras ou costumes.",
13470,licit,"COD: not forbidden; lawful. ",409,Legality,84,licitação,"COD: não proibido; legal.",
13471,permissible,"COD: allowable; permitted. ",409,Legality,84,permissão,"COD: permitido; permitido.",
13472,wrongly,"FN: in a manner characterized by an abuse of power.",409,Legality,89,erradamente,"FN: de uma forma caracterizada por um abuso de poder.",
13475,legitimate,"COD: conforming to the law or to rules.",409,Legality,84,legítimo,"COD: de acordo com as leis ou regras.",
13477,criminal,"FN: forbidden by law",409,Legality,84,Criminal,"FN: proibido por lei",
34296,regulated,"The state or event of being controlled by laws.",409,Legality,84,regulamentado,"O estado ou evento de estar controlado por leis.",
13478,surrender,"FN: turn oneself into the authorities",410,Surrendering,86,rendição,"FN: tornar-se acessível às autoridades",
13483,surrender,"FN: the event of surrendering",410,Surrendering,83,render-se,"FN: o evento de rendição",
13486,"under suspicion","FN: (of a person) be suspected of involvement in a crime.",411,Suspicion,90,"sob suspeita","FN: (de uma pessoa) ser suspeito de envolvimento em um crime.",
13491,appellant,"COD: a person who appeals against a court ruling. ",412,Appeal,83,recorrente,"COD: uma pessoa que apela contra um despacho judicial.",
13494,cross-examine,"COD:  question (a witness called by the other party) in a court of law to check or extend testimony already given",415,Court_examination,86,contrainterrogatório,"COD: testemunha (chamada pela outra parte) em um tribunal de justiça para verificar ou estender o depoimento já prestado",
13497,cross-examination,"FN: an event in court procedure in which a witness is questioned to further examine statements that they made when they were questioned by the other party.",415,Court_examination,83,"exame cruzado","FN: um evento no procedimento judicial em que um testemunha é questionado para examinar mais de perto as declarações que eles fizeram quando foram interrogados pela outra parte.",
13499,justify,"COD: prove to be right or reasonable",416,Justifying,86,justificar,"COD: provar ser certo ou razoável",
13500,justification,"FN: the act of proving something to be right or reasonable",416,Justifying,83,justificação,"FN: o ato de provar que algo está certo ou razoável",
13501,defend,"COD: attempt to justify",416,Justifying,86,defenda,"COD: tentativa de justificar",
13503,explain,"COD: excuse or justify one' s motives or conduct",416,Justifying,86,Explique.,"COD: desculpa ou justifica as motivações ou condutas de alguém",
13504,rationalize,"COD: attempt to justify (an action or attitude) with logical reasoning",416,Justifying,86,racionalizar,"COD: tentativa de justificar (uma ação ou atitude) com raciocínio lógico",
13513,intend,"to have a purpose or objective, aim, propose.",417,Purpose,86,intender,"ter um propósito ou objetivo, ter uma intenção, propor.",
13515,use,"COD: a purpose for or way in which something can be used.",417,Purpose,83,utilize,"COD: um propósito ou uma maneira de algo ser usado.",
13518,"in order","COD:  with the purpose of doing.",417,Purpose,89,"a fim de","COD: com o propósito de fazer.",
13521,intent,"COD: resolved or determined to do.",417,Purpose,84,intento,"COD: resolvido ou determinado a fazer.",
13525,why,"COD:  reason or explanation",418,Reason,83,"Por que","COD: razão ou explicação",
13553,actionable,"COD: giving sufficient reason to take legal action. ",421,Severity_of_offense,84,ação,"COD: dando motivos suficientes para tomar medidas legais.",
13554,capital,"COD: (of an offence or charge) liable to the death penalty. ",421,Severity_of_offense,84,capital,"COD: (de um crime ou acusação) passível de pena de morte.",
13555,indictable,"COD: (of an offence) rendering a person who commits it liable to be charged with a serious crime that warrants a trial by jury. ",421,Severity_of_offense,84,Indictável,"COD: (de um delito) tornar uma pessoa que o comete passível de ser acusada de um grave delito que justifique um julgamento por júri.",
13556,felonious,"FN: of an offense, severe enough to be charged as a felony",421,Severity_of_offense,84,Félonioso,"FN: de um crime, grave o suficiente para ser acusado como um delito",
13551,forestall,"COD: anticipate and prevent the action of. ",422,Thwarting,86,forstall,"COD: antecipar e prevenir a ação de.",
13552,preclude,"FN: prevent someone from successfully doing something",422,Thwarting,86,precluir,"FN: impedir que alguém faça algo com sucesso",
13557,thwart,"COD: prevent from succeeding in or accomplishing something. ",422,Thwarting,86,desbaratar,"COD: impedir que alguém consiga ou alcance algo.",
13562,stop,"COD: prevent from doing something",422,Thwarting,86,Pare,"COD: impedir que alguém faça algo",
13565,frustrate,"COD: prevent (someone) from doing or achieving something. ",422,Thwarting,86,frustrante,"COD: impedir que alguém faça ou consiga algo.",
13577,rank,"FN: rate with respect to other members of a category.",423,Assessing,86,ranque,"FN: taxa em relação aos outros membros de uma categoria.",
13617,sermonize,"COD: a talk on a religious or moral subject, especially one given during a church service and based on a passage from the Bible",426,Speak_on_topic,86,sermonizar,"COD: uma conversa sobre um assunto religioso ou moral, especialmente uma dada durante um serviço da igreja e baseada em um trecho da Bíblia",
