idLU,lemmaName(en),senseDescription(en),idFrame,frameName,idPOS,lemmaName(pt),senseDescription(pt),idLemma(pt)
6508,cauldron,"COD:  a large metal pot, used for cooking over an open fire. ",72,Containers,83,caldeirão,"COD: uma grande panela de metal, usada para cozinhar sobre uma fogueira.",
6509,casserole,"COD: a large dish with a lid, used for cooking food slowly in an oven",72,Containers,83,Caçuela,"COD: uma grande tigela com tampa, usada para cozinhar alimentos lentamente em um forno",
6512,pouch,"COD:.a small flexible bag. ",72,Containers,83,pouch,"COD: uma pequena bolsa flexível.",
6513,vial,"COD: a small container used especially for holding liquid medicines. ",72,Containers,83,vial,"COD: um pequeno recipiente usado especialmente para armazenar medicamentos líquidos.",
6515,pail,"COD: a bucket. ",72,Containers,83,Pail,"COD: um balde.",
6516,pipette,"COD: a slender tube with a bulb at one end, filled by sucking liquid into the tube, used for transferring or measuring out quantities of the liquid. ",72,Containers,83,pipeta,"COD: um tubo esguio com uma bulba em um dos extremos, preenchido por sugar o líquido no tubo, usado para transferir ou medir quantidades do líquido.",
6517,tumbler,"COD: a drinking glass with straight sides and no handle or stem. formerly having a rounded bottom so as not to stand upright.",72,Containers,83,Tumbler,"COD: um copo para beber com lados retos e sem cabo ou caule. anteriormente tinha uma parte inferior arredondada para não ficar de pé.",
6518,vat,"COD: a large tank or tub used to hold liquid",72,Containers,83,vát,"COD: um grande tanque ou tubo usado para conter líquido",
6519,vivarium,"COD: an enclosure or structure used for keeping animals under semi-natural conditions for observation or study or as pets; an aquarium or terrarium. ",72,Containers,83,vivário,"COD: uma gaiola ou estrutura usada para manter animais em condições semi-naturais para observação ou estudo ou como animais de estimação; um aquário ou terrário.",
6520,"punch bowl","COD: a deep bowl for mixing and serving punch. ",72,Containers,83,"Bole de punch","COD: uma tigela rasa para misturar e servir ponche.",
6522,"wine bottle","COD: a glass bottle for wine, the standard size holding 75 cl or 2623 fl. oz. ",72,Containers,83,"garrafa de vinho","COD: uma garrafa de vidro para vinho, do tamanho padrão com capacidade de 75 cl ou 2623 fl. oz.",
6523,"chest of drawers","COD: a piece of furniture used for storage, consisting of an upright frame into which drawers are fitted ",72,Containers,83,"peça de roupa de cama","COD: uma peça de mobiliário usada para armazenamento, consistindo em um quadro ereto no qual são encaixados gavetas",
6524,"hot-water bottle","COD: a flat, oblong rubber container that is filled with hot water and used for warming a bed or part of the body",72,Containers,83,"garrafa de água quente","COD: um recipiente de borracha alongado e achatado que é preenchido com água quente e usado para aquecer uma cama ou parte do corpo",
6527,safe,"COD: a strong fireproof cabinet with a complex lock, used for the storage of valuables. ",72,Containers,83,seguro,"COD: um forte armário à prova de fogo com um complexo cadeado, utilizado para armazenar objetos valiosos.",
6528,planter,"COD: decorative container in which plants are grown",72,Containers,83,Planteira,"COD: recipiente decorativo no qual as plantas são cultivadas",
6531,"goldfish bowl","FN: a bowl for pet goldfish, often partially spherical.  Often used metaphorically for a situation in which others can see everything one does.",72,Containers,84,"aquário de peixinho","FN: uma tigela para peixes dourados de estimação, geralmente parcialmente esférica. Frequentemente usada metaforicamente para descrever uma situação em que os outros podem ver tudo o que alguém faz.",
33504,flowerpot,"A small container, typically with sloping sides and made from plastic or earthenware, used for growing a plant in.",72,Containers,83,"vaso de flores","Um pequeno recipiente, tipicamente com lados inclinados e feito de plástico ou cerâmica, usado para cultivar uma planta dentro dele.",
6533,abiding,"FN: permanent, enduring",73,Duration_description,84,abiding,"FN: permanente, duradouro",
6537,ephemeral,"COD: lasting or living for a very short time. ",73,Duration_description,84,efêmera,"COD: durando ou vivendo por um tempo muito curto.",
6541,lasting,"COD: enduring or able to endure over a long period of time. ",73,Duration_description,84,duração,"COD: duradouro ou capaz de durar por um longo período de tempo.",
6550,sustained,"FN: Enduring",73,Duration_description,84,sustentada,"FN: Duradouro",
6554,biennial,"COD: taking place every other year. ",74,Frequency,84,Biennial,"COD: ocorrendo a cada dois anos.",
6556,fortnightly,"COD: happening or produced every two weeks. ",74,Frequency,84,quinzenal,"COD: acontecendo ou produzido a cada duas semanas.",
6571,sometime,"COD: occasional",74,Frequency,84,"algumas vezes","COD: ocasional",
6572,"on and off","FN: intermittently",74,Frequency,89,"sim e não","FN: intermitentemente",
6573,"on and off","COD: intermittently",74,Frequency,89,"ligado e desligado","COD: intermitentemente",
6576,"time to time","FN: occasionally ",74,Frequency,89,"tempo a tempo","FN: ocasionalmente",
6583,every,"COD: used to indicate something happening at specified intervals.",74,Frequency,90,todo,"COD: usado para indicar algo acontecendo em intervalos especificados.",
6584,"all the time","FN: always",74,Frequency,89,"tudo o tempo",Sempre,
6587,"at times","FN: sometimes.",74,Frequency,89,"por vezes","FN: às vezes.",
6595,"in general","FN: usually.",74,Frequency,89,"em geral","FN: geralmente.",
34129,everyday,"Something that happens daily, every single day.",74,Frequency,84,"Todos os dias","Algo que acontece diariamente, todo dia.",
39377,repeat,"to happen, or to do something, more than once.",74,Frequency,86,repita,"Acontecem ou fazem algo mais de uma vez.",
