idLU,lemmaName(en),senseDescription(en),idFrame,frameName,idPOS,lemmaName(pt),senseDescription(pt),idLemma(pt)
8589,suspend,"COD: halt temporarily.",151,Activity_pause,86,suspender,"COD: interromper temporariamente.",117178
8597,set,"FN: ready, completely prepared.",153,Activity_ready_state,84,conjunto,"FN: pronto, totalmente preparado.",78564
8601,fix,"FN: prepare to perform an activity",154,Activity_prepare,86,fixar,"FN: prepare-se para realizar uma atividade",130267
8605,compose,"FN: Make oneself ready for further action or perception.",154,Activity_prepare,86,compor,"FN: Preparar-se para novas ações ou percepções.",120718
29483,"set up","plan the achievement of (something) and provide what is necessary.",154,Activity_prepare,86,Configurar,"Planeje a conquista de (algo) e forneça o que é necessário.",125219
8607,purchase,"COD:  buy",155,Commerce_buy,86,compra,"COD: comprar",9334
8615,vend,"COD:  offer (small items) for sale, especially from a slot machine. ",156,Commerce_sell,86,venda,"COD: oferecer (itens pequenos) para venda, especialmente de uma máquina caça-níqueis.",918
8616,vendor,"COD: a person or company offering something for sale, especially a trader in the street. ",156,Commerce_sell,83,Vendedor,"COD: uma pessoa ou empresa que oferece algo para venda, especialmente um comerciante nas ruas.",9072
8618,auction,"FN: selling to highest bidder",156,Commerce_sell,86,leilão,"FN: vendendo ao maior licitante",10645
8620,seller,"FN: a person or company who trades an object for money",156,Commerce_sell,83,vendedor,"FN: uma pessoa ou empresa que troca um objeto por dinheiro",9072
3359,apartment,"a suite of rooms usually on one floor of an apartment house.",157,Buildings,83,apartamento,"Um conjunto de quartos normalmente no mesmo andar de um prédio de apartamentos.",6818
8625,bungalow,"COD: a house with only one main storey. ",157,Buildings,83,bangalô,"COD: uma casa com apenas um andar principal.",9130
8626,cabin,"COD: a small wooden shelter or house. ",157,Buildings,83,cabine,"COD: abrigo ou casa pequena de madeira.",15976
8641,monastery,"FN: a building housing a order of monks.",157,Buildings,83,monastério,"FN: um edifício que abriga uma ordem de monges.",28062
8645,pueblo,"FN: buildings in a town or village in Spain, Latin America, or the south-western US, especially an American Indian settlement",157,Buildings,83,povo,"FN: edifícios em uma cidade ou vila na Espanha, América Latina ou sudoeste dos EUA, especialmente um assentamento indígena americano",8996
8663,caravan,"COD: a vehicle equipped for living in, usually designed to be towed. ",157,Buildings,83,caravana,"COD: um veículo equipado para viver nele, geralmente projetado para ser rebocado.",9133
8676,kennel,"COD: a small shelter for a dog. ",157,Buildings,83,Cachorro,"COD: um pequeno abrigo para um cão.",677
