idLU,lemmaName(en),senseDescription(en),idFrame,frameName,idPOS,lemmaName(pt),senseDescription(pt),idLemma(pt)
11449,heat,"COD: make hot or warm",306,Cause_temperature_change,86,calor,"COD: fazer quente ou morno",9327
11450,warm,"FN: to cause an entity to become higher in termperature by subjecting it to a heat source",306,Cause_temperature_change,86,quente,"FN: causar que uma entidade se torne mais quente submetendo-a a uma fonte de calor",9113
11457,chill,"COD: make cold. ",306,Cause_temperature_change,86,frio,"COD: fazer frio.",8667
11460,thaw,"FN: cause to become soft or liquid as a result of warming up. ",307,Cause_change_of_phase,86,derreter,"FN: causar para ficar mole ou líquido como resultado do aquecimento.",125747
11461,melt,"COD: make liquefied by heating. ",307,Cause_change_of_phase,86,derreter,"COD: fazer líquido aquecendo-se.",125747
11464,liquefy,"FN: cause to become a liquid",307,Cause_change_of_phase,86,líquido,"FN: causar para se tornar um líquido",64651
11466,flux,"COD:  treat (a metal object) with a flux to promote melting.  ",307,Cause_change_of_phase,86,fluxo,"COD: tratar (um objeto metálico) com um fluxo para promover o derretimento.",63117
11476,condense,"COD: change from a gas or vapour to a liquid",308,Change_of_phase,86,condenar,"COD: mudança de um gás ou vapor para um líquido",125201
11484,desiccate,"COD: remove the moisture from. ",309,Cause_to_be_dry,86,Desidratar,"COD: remove a umidade de.",126891
11487,dehumidify,"COD: remove moisture from",309,Cause_to_be_dry,86,Desidratar,"COD: removei a umidade de",126891
11491,desiccation,"FN: the action of removing moisture from (the air or a gas)",309,Cause_to_be_dry,83,desidratação,"FN: a ação de remover umidade de (o ar ou um gás)",19449
11492,dehumidification,"FN: the action of removing moisture from (the air or a gas)",309,Cause_to_be_dry,83,Desidratação,"FN: a ação de remover umidade de (ar ou gás)",19449
11493,dehydrate,"FN: cause to lose a large amount of water",309,Cause_to_be_dry,86,desidratar,"FN: causar perda de grande quantidade de água",126891
11503,salt,"COD: preserve with salt.",311,Preserving_materials,86,saltar,"COD: preservar com sal.",117208
11518,fester,"COD: become rotten",312,Rotting,86,festejar,"COD: apodrecer",120738
11527,jell,"COD: set or become firmer",313,Change_of_consistency,86,gel,"COD: conjunto ou torna-se mais firme",23335
11533,set,"COD: harden into a solid, semi-solid, or fixed state",313,Change_of_consistency,86,conjunto,"COD: endurecer em um estado sólido, semi-sólido ou fixo",8693
11534,coagulation,"FN: the act of coagulating",313,Change_of_consistency,83,coagulação,"FN: o ato de coagular",17575
