idLU,lemmaName(en),senseDescription(en),idFrame,frameName,idPOS,lemmaName(pt),senseDescription(pt),idLemma(pt)
29347,belt,"a strip of cloth used on the head or waist. In sports such as taekwondo, judo, karate and fights, it is an accessory in the form of a strip usually made of cloth that serves to indicate the level of the fighters' graduation by color.",123,Clothing,83,cintura,"uma tira de pano usada na cabeça ou na cintura. Em esportes como taekwondo, judô, karatê e lutas, é um acessório na forma de uma tira geralmente feita de pano que serve para indicar o nível dos lutadores por cor.",17365
34113,print,"An image, or pattern made on a piece of fabric.",123,Clothing,83,impressão,"Uma imagem ou padrão feito em um pedaço de tecido.",24750
34115,tartan,"A characteristic Scottish fabric print.",123,Clothing,83,tartan,"Uma estampa de tecido escocês característica.",69395
8045,memory,"FN: the cognitive act of recalling an event or entity from the past",124,Memory,83,memória,"FN: o ato cognitivo de recordar um evento ou entidade do passado",10766
8047,recollect,"FN: bring back to the level of conscious awareness",124,Memory,86,recolher,"FN: levar de volta ao nível da consciência",133372
8048,recollection,"COD: the action or faculty of remembering",124,Memory,83,Lembrança,"COD: a ação ou faculdade de lembrar",26213
8049,retain,"COD: keep in one' s memory",124,Memory,86,reter,"COD: manter na memória",121153
8050,"bethink oneself","FN: remember, remind oneself",124,Memory,86,Refletir,"FN: lembrar, lembrar-se",121131
8063,ace,"COD: a person who excels at a particular activity",125,Expertise,83,ace,"COD: uma pessoa que se destaca em uma atividade específica",958
8074,novice,"COD: a person new to and inexperienced in a job or situation",125,Expertise,83,iniciante,"COD: uma pessoa nova e inexperiente em um emprego ou situação",25034
8084,adeptness,"FN: the fact of being very skilled or proficient",125,Expertise,83,aptidão,"FN: o fato de ser muito habilidoso ou proficiente",15
