idLU,lemmaName(en),senseDescription(en),idFrame,frameName,idPOS,lemmaName(pt),senseDescription(pt),idLemma(pt)
10725,kid,"COD: (of a goat) give birth.",256,Giving_birth,86,criança,"COD: (de uma cabra) dar à luz.",666
10730,birth,"COD: give birth to",256,Giving_birth,86,nascimento,"COD: dar à luz",28521
10731,mother,"FN: give birth",256,Giving_birth,86,mãe,"Dar à luz",9428
10733,generate,"FN: produce offspring.",256,Giving_birth,86,gerar,"FN: produzir descendentes.",130624
10735,get,"FN: produce (offspring)",256,Giving_birth,86,obter,"FN: produzir (descendente)",117118
10736,work,"COD: do work, especially as one' s job. ",257,Being_employed,86,trabalho,"COD: do trabalho, especialmente como o emprego de alguém.",6625
10741,job,"COD: a paid position of regular employment.",257,Being_employed,83,emprego,"COD: uma posição paga de emprego regular.",20558
10744,temp,"COD: no obj. work as a temp.",257,Being_employed,86,tempo,"COD: no obj. trabalho como temporário.",573
10748,farm,"COD: send out or subcontract work to others",257,Being_employed,86,fazenda,"COD: enviar ou subcontratar trabalho para outros",6734
10749,employment,"FN: being employed.",257,Being_employed,83,emprego,"FN: estar empregado.",20558
10754,at,"FN: employed by; with a position at (a large institution or significant company).",257,Being_employed,90,em,"FN: empregado por; com uma posição em (uma grande instituição ou empresa significativa).",146475
10755,light,"FN: ignite something. ""Alan gathered sticks and lit a fire.""",258,Setting_fire,86,luz,"FN: acender algo. ""Alan reuniu gravetos e acendeu um fogo.",7393
10762,start,"FN: (with certain objects) to ignite.",258,Setting_fire,86,iniciar,"FN: (com certos objetos) inflamar.",116868
10769,swarm,"COD:  move somewhere in large numbers. ",259,Mass_motion,86,enxame,"COD: mover-se em grande número.",8698
10770,teem,"FN: move as a large, flowing group",259,Mass_motion,86,tem,"FN: mover como um grande grupo em fluxo",135234
10773,crowd,"COD: move or come together as a crowd. ",259,Mass_motion,86,multidão,"COD: mover ou vir-se em grupo.",8587
10774,flood,"COD: arrive in or overwhelm with very large numbers.",259,Mass_motion,86,inundação,"COD: chegar ou ser inundado com números muito grandes.",10198
10777,roll,"FN: come by the score",259,Mass_motion,86,rolar,"FN: vir em massa",117232
10780,rain,"COD: fall or cause to fall in large quantities.",259,Mass_motion,86,chuva,"COD: cair ou fazer cair em grandes quantidades.",10162
10781,hail,"FN: fall destructively in copious quantities.",259,Mass_motion,86,chover,"FN: cair destrutivamente em quantidades abundantes.",124906
10782,shower,"COD: fall, throw, or be thrown in a shower",259,Mass_motion,86,chuveiro,"COD: cair, lançar ou ser lançado em uma ducha",9338
10784,silence,"COD: make silent.",260,Silencing,86,silêncio,"COD: faça silêncio.",33375
10792,reach,"COD:  make contact with. ",261,Contacting,86,chegar,"COD: estabelecer contato com.",116880
10793,contact,"COD: get in touch or communication with.",261,Contacting,86,contato,"COD: entrar em contato ou comunicação com.",6822
10797,write,"COD: write and send (a letter) to someone. ",261,Contacting,86,escrever,"COD: escrever e enviar (uma carta) a alguém.",116930
10801,phone,"FN: to use a telephone to contact. ",261,Contacting,86,Telefone,"FN: usar um telefone para entrar em contato com alguém.",9384
10806,"ring up","FN: contact personally by phone.",261,Contacting,86,ringue,"FN: contato pessoal por telefone.",876
10808,telephone,"COD: ring or speak to (someone) using the telephone.",261,Contacting,86,telefone,"COD: anel ou falar com (alguém) usando o telefone.",9384
10814,cable,"FN: contact via cablegram",261,Contacting,86,cabo,"FN: contato por telegrama",688
10815,page,"COD: contact by means of a pager. ",261,Contacting,86,página,"COD: contato por meio de um pager.",29364
10816,radio,"COD:  communicate with by radio. ",261,Contacting,86,rádio,"COD: comunicar-se com por rádio.",31578
10821,"get through","FN: manage to establish communication with.",261,Contacting,86,Superar,"FN: conseguir estabelecer comunicação com.",134479
10826,mislead,"COD: cause to have a wrong impression about someone or something. ",262,Prevarication,86,enganar,"COD: causar uma impressão errada sobre alguém ou algo.",128523
10827,kid,"FN: deceive playfully",262,Prevarication,86,criança,"FN: enganar brincando",666
10834,shit,"FN: jokingly deceive.",262,Prevarication,86,Merda,"FN: enganar de maneira brincalhona.",7991
10835,joke,"FN: say something untrue to be funny.",262,Prevarication,86,piada,"FN: diga algo falso para ser engraçado.",30180
10836,equivocate,"COD: use ambiguous or evasive language.",262,Prevarication,86,equivocar,"COD: utilize linguagem ambígua ou evasiva.",129101
