idLU,lemmaName(en),senseDescription(en),idFrame,frameName,idPOS,lemmaName(pt),senseDescription(pt),idLemma(pt)
14029,lengthen,"FN: increase in size lengthwise",452,Expansion,86,"Aumentar o comprimento","FN: aumento em tamanho longitudinalmente",
14031,inflate,"FN: expand because of being filled with air or gas",452,Expansion,86,inflata,"FN: expandir por estar cheio de ar ou gás",
14032,swell,"COD: become larger or rounder in size, especially as a result of an accumulation of fluid.",452,Expansion,86,aumento,"COD: tornar-se maior ou mais redondo em tamanho, especialmente como resultado de uma acumulação de fluido.",
14033,explosive,"COD: (of an increase) sudden and dramatic.",452,Expansion,84,explosivo,"COD: (de um aumento) súbito e dramático.",
14041,superb,"FN: having features with make an entity extremely effective at a certain activity ",453,Usefulness,84,superb,"FN: ter características que tornam uma entidade extremamente eficaz em uma atividade específica",
14045,tremendous,"FN: having features with are extremely good to have for a certain purpose",453,Usefulness,84,tremendoso,"FN: possui características que são extremamente boas de se ter para um certo propósito",
14058,ineffective,"FN: not producing a desired or intended result.",453,Usefulness,84,ineficaz,"FN: não produzir o resultado desejado ou pretendido.",
14062,"gang together","COD:  form a group or gang",454,Come_together,86,"Juntar-se em grupo","COD: formar um grupo ou gangue",
14063,"band together","FN: people get together to form a group with a single identity",454,Come_together,86,Juntar-se,"FN: pessoas se reúnem para formar um grupo com uma única identidade",
14064,"come together","FN: converge",454,Come_together,86,Juntar-se,"FN: converge",
14067,throng,"COD:  flock or be present in great numbers. ",454,Come_together,86,throng,"COD:  em grande número ou em grande quantidade.",
14068,meet,"FN: to come into the company of, come together with, possibly unintentionally",454,Come_together,86,encontrar-se,"FN: entrar na companhia de, juntar-se com, possivelmente sem querer",
14070,congregate,"FN: to come together, especially in large numbers",454,Come_together,86,congregar,"FN: vir-se em conjunto, especialmente em grandes números",
14092,tell,"COD: communicate information to. ",456,Telling,86,diga,"COD: comunicar informação a.",
14097,confide,"COD: tell someone about a secret or private matter in confidence",456,Telling,86,confidencial,"COD: contar a alguém um segredo ou assunto privado em confidencialidade",
14099,notification,"FN: notifying, informing, typically in a formal or official manner ",456,Telling,83,notificação,"FN: notificando, informando, geralmente de forma formal ou oficial",
14101,brief,"FN: give a summary.",456,Telling,86,breve,"F: Resuma.",
14102,"let know","FN: tell (someone) by language or some other means.",456,Telling,96,"Deixe saber","FN: dizer (a alguém) pela língua ou por algum outro meio.",
14103,bend,"FN: to cause one' s body to fold, usually at the waist or the knees",457,Change_posture,86,curvatura,"FN: causar que o corpo se dobre, geralmente na cintura ou nos joelhos",
14104,stoop,"FN: to be in a position in which one' s body is bent forward and downward",457,Change_posture,86,Apoiar-se,"FN: estar numa posição em que o corpo está dobrado para frente e para baixo",
14106,"stand up","FN: assume a standing position, typically from lying or sitting",457,Change_posture,86,Levante-se.,"FN: assume uma posição de pé, normalmente ao sair de uma posição de deitar ou sentar",
14107,kneel,"COD: fall or rest on a knee or the knees. ",457,Change_posture,86,ajoelhar-se,"COD: cair ou descansar no joelho ou nos joelhos.",
14108,"kneel down","FN: fall or come to rest on one' s knees",457,Change_posture,86,Ajoelhe-se.,"FN: cair ou vir-se de joelhos",
14109,"lie down","FN: assume a horizontal position on a supporting surface",457,Change_posture,86,Deite-se.,"FN: assume posição horizontal em uma superfície de apoio",
14110,lie,"FN: to move into a horizontal position on a supporting surface",457,Change_posture,86,mentira,"FN: mover-se para uma posição horizontal sobre uma superfície de apoio",
14112,sit,"FN: to move into a position in which one' s weight is supported by one' s buttocks rather than one' s feet and one' s back is upright. ",457,Change_posture,86,sentar-se,"FN: é colocar-se numa posição em que o peso é suportado pelo traseiro, em vez dos pés e a coluna está ereta.",
14113,"sit down","FN: assume a position in which one' s weight is supported by one' s buttocks rather than one' s feet or back",457,Change_posture,86,Sente-se.,"FN: assume uma posição na qual o peso é suportado pelos glúteos em vez dos pés ou das costas",
14114,"sit up","COD: move from a lying or slouching to a sitting position",457,Change_posture,86,Sentar-se,"COD: mover de uma posição deitado ou agachado para uma posição sentada",
14116,"squat down","COD: crouch or sit with the knees bent and the heels close to or touching the buttocks or thighs",457,Change_posture,86,Abaixe-se.,"COD: agachar ou sentar com os joelhos flexionados e os calcanhares próximos ou tocando os glúteos ou coxas",
14121,"crouch down","FN: assume from a standing position a posture where the knees are bent and the upper body is brought forward and down",457,Change_posture,86,Ajoelhe-se.,"FN: assume uma postura de joelhos flexionados e o tronco superior é levado para frente e para baixo",
14123,hunch,"FN: to move into a position in which one' s shoulders and the top of one' s body are bent forward",457,Change_posture,86,curvatura,"FN: mover-se para uma posição em que os ombros e o topo do corpo estão curvados para frente",
14124,slouch,"COD: stand, move, or sit in a lazy, drooping way. ",457,Change_posture,86,dengosa,"COD: ficar de pé, se mover ou sentar de forma preguiçosa e pendurada.",
14125,"kneel up","FN: get on one' s knees from a sitting or lying position",457,Change_posture,86,ajoelhar-se,"FN: ajoelhar-se de uma posição sentada ou deitada",
14126,"hunch up","FN: assume a posture of sitting or standing with one' s shoulders raised and the top of one' s body bent forward",457,Change_posture,86,Apoiar-se,"FN: assume uma postura de sentar ou ficar com os ombros levantados e o topo do corpo inclinado para frente",
14128,drop,"COD: sink to or towards the ground.",457,Change_posture,86,"deixar cair","COD: afundar no ou em direção ao chão.",
14129,merger,"COD:   the combining of two things, especially companies, into one.",458,Amalgamation,83,Fusão,"COD: a combinação de duas coisas, especialmente empresas, em uma.",
14130,amalgamate,"COD: combine or unite to form one organization or structure.",458,Amalgamation,86,Amalgamar,"COD: Combine ou Unir para formar uma organização ou estrutura única.",
14131,blend,"FN: to mix with something else",458,Amalgamation,86,blender,"FN: misturar com algo mais",
14133,commingle,"FN: to blend together with another item or substance",458,Amalgamation,86,comungar,"FN: misturar-se com outro item ou substância",
14134,fuse,"FN: to blend together with one or more additional entities",458,Amalgamation,86,fusível,"FN: fundir-se com uma ou mais entidades adicionais",
14135,intermix,"FN: to blend together with one or more additional items",458,Amalgamation,86,intermisturar,"FN: misturar-se com um ou mais itens adicionais",
14136,meld,"FN: to blend together with at least one additional item",458,Amalgamation,86,melding,"FN: misturar-se com pelo menos um item adicional",
14137,merge,"FN: to be combined into one",458,Amalgamation,86,fundir,"FN: para serem combinados em um",
14138,unify,"COD: make or become united or uniform.",458,Amalgamation,86,unificar,"COD: fazer ou tornar-se unido ou uniforme.",
14139,unite,"FN: to combine with one or more additional entities to form a whole",458,Amalgamation,86,Junte-se,"FN: combinar com uma ou mais entidades adicionais para formar um todo",
14140,"band together","FN: people forming a group, usually for some specific purpose",458,Amalgamation,86,Juntar-se,"FN: pessoas formando um grupo, geralmente para algum propósito específico",
14141,"come together","FN: coalesce to make a whole",458,Amalgamation,86,Juntar-se,"FN: coesão para formar um todo",
14144,coalesce,"FN: to come together to form one mass",458,Amalgamation,86,coalescer,"FN: para se reunir para formar uma massa",
14145,consolidate,"FN: to come together to form a single unit",458,Amalgamation,86,consolidar,"FN: para se reunir e formar uma única unidade",
14147,jumble,"FN: to come together in an unorganized or confusing manner",458,Amalgamation,86,Jumbo,"FN: se reunir de uma maneira desorganizada ou confusa",
