idLU,lemmaName(en),senseDescription(en),idFrame,frameName,idPOS,lemmaName(pt),senseDescription(pt),idLemma(pt)
10414,cook,"FN: a person who has cooked (a particular meal) or who cooks (in general).",243,Cooking_creation,83,cozinhar,"FN: uma pessoa que cozinhou (uma refeição específica) ou que cozinha (em geral).",
10416,baking,"FN: the process of cooking food by dry heat, typically in an oven",243,Cooking_creation,83,"fazer assar","FN: o processo de cozimento de alimentos por calor seco, normalmente em um forno",
10417,cooking,"FN: the act of preparing food through the use of heat",243,Cooking_creation,83,cozinhar,"FN: o ato de preparar alimentos através do uso de calor",
10421,roasting,"FN: the process of cooking by prolonged exposure to heat in an oven or over a fire",243,Cooking_creation,83,assando,"FN: o processo de cozimento por exposição prolongada ao calor em um forno ou sobre uma fogueira",
10423,frying,"FN: the process of cooking in hot fat or oil",243,Cooking_creation,83,fritar,"FN: o processo de cozimento em gordura ou óleo quente",
10425,sniff,"COD: discover something by covert investigation. ",244,Seeking,86,narizinho,"COD: descobrir algo por meio de investigação clandestina.",
10426,listen,"COD: make an effort to hear something. ",244,Seeking,86,ouça,"COD: faça um esforço para ouvir algo.",
10427,watch,"FN: keep on the lookout for (something or someone)",244,Seeking,86,assista,"Fique de olho em (algo ou alguém).",
10428,look,"COD: (look for) attempt to find. ",244,Seeking,86,olhe,"COD: (procurar) tentar encontrar.",
10430,fumble,"FN: seek with clumsy, uncertain movements of the hands",244,Seeking,86,fumble,"FN: procurar com movimentos desajeitados e incertos das mãos",
10432,forage,"COD: search widely for food or provisions",244,Seeking,86,forrage,"COD: procurar amplamente por comida ou provisões",
10435,rummage,"COD: search unsystematically and untidily for something",244,Seeking,86,Rastejar,"COD: procurar de forma desorganizada e desordenada por algo",
10437,"pat down","FN: use one' s hands to search someone else' s body for contraband",244,Seeking,86,"apontar para baixo","FN: usar as mãos para revistar o corpo de outra pessoa em busca de contrabando",
10440,palpate,"COD: examine (a part of the body) by touch, especially for medical purposes. ",244,Seeking,86,palpate,"COD: examinar (uma parte do corpo) ao toque, especialmente para fins médicos.",
10441,manhunt,"FN: a search by government or military authorities for a suspect or military target.",244,Seeking,83,"Caça ao homem","FN: uma busca por autoridades governamentais ou militares para um suspeito ou alvo militar.",
10442,dig,"FN: Search by sense of feel alone in an enclosed space.",244,Seeking,86,diga,"FN: Procure por sentido de sentir-se sozinho em um espaço confinado.",
10444,shit,"COD: defecate. ",245,Excreting,86,Merda.,"COD: defecar.",
10445,defecate,"COD: no obj. discharge faeces from the body. ",245,Excreting,86,defecar,"COD: no obj. descarregar fezes do corpo.",
10446,void,"COD: discharge or drain away",245,Excreting,86,vazio,"COD: descarga ou esvaziamento",
10448,belch,"COD: no obj. emit gas noisily from the stomach through the mouth. ",245,Excreting,86,Belche,"COD: no obj. emitir gás barulhento do estômago pela boca.",
10449,fart,"COD: emit waste gas from the anus. ",245,Excreting,86,Fartar,"COD: emite gás de esgoto pelo ânus.",
10450,vomit,"COD: eject matter from the stomach through the mouth. ",245,Excreting,86,vômitos,"COD: ejetar matéria do estômago pela boca.",
10451,pee,"COD: urinate",245,Excreting,86,Pee,"COD: urinar",
10452,piss,"COD: urinate",245,Excreting,86,Pissei.,"COD: urinar",
10458,"take a piss","FN: urinate",245,Excreting,86,Pisse,"FN: urinar",
10461,perspire,"COD: give out sweat through the pores of the skin as a result of heat, physical exertion, or stress.",245,Excreting,86,perspirar,transpiração,
10462,perspiration,"FN: sweat.",245,Excreting,83,transpiração,Suor.,
39889,fez,,245,Excreting,83,fez,,
10465,tasty,"COD: (of food) having a pleasant, distinct flavour. ",246,Chemical-sense_description,84,Delicioso.,"COD: (de comida) ter um sabor agradável e distinto.",
10466,piquant,"COD: having a pleasantly sharp taste or appetizing flavour. [Cookery] ",246,Chemical-sense_description,84,Piquante,"COD: tendo um sabor agradável e apimentado ou um sabor apetitoso. [Culinária]",
10467,yummy,"COD: informal delicious. ",246,Chemical-sense_description,84,Delicioso!,Delicioso.,
10470,palatable,"COD: pleasant to taste. ",246,Chemical-sense_description,84,Palatável,"COD: agradável ao paladar.",
10474,ambrosial,"FN: extremely tasty",246,Chemical-sense_description,84,Ambrosial,"FN: extremamente delicioso",
10475,sapid,"COD: flavoursome. ",246,Chemical-sense_description,84,Sápido,"COD: saboroso.",
10477,sour,"COD: having an acid taste like lemon or vinegar. ",246,Chemical-sense_description,84,"sabor azedo","COD: com um sabor ácido como limão ou vinagre.",
10479,spicy,"COD: flavoured with spice. ",246,Chemical-sense_description,84,picante,"COD: com especiarias.",
10485,pungent,"COD: having a sharply strong taste or smell. ",246,Chemical-sense_description,84,Pungente,"COD: ter um sabor ou cheiro forte e marcante.",
10486,tart,"COD: sharp or acid in taste. ",246,Chemical-sense_description,84,torta,"COD: afiado ou ácido no gosto.",
10487,flavorless,"FN: without flavour",246,Chemical-sense_description,84,"sem graça","FN: sem sabor",
10488,bland,"COD: (of food or drink) lacking flavour or seasoning; insipid. ",246,Chemical-sense_description,84,Blando,"COD: (de comida ou bebida) sem sabor ou tempero; insípido.",
10490,unpalatable,"COD: not pleasant to taste. ",246,Chemical-sense_description,84,Indesprimível,"COD: não agradável ao paladar.",
10494,reek,"COD: in sing. a foul smell. ",246,Chemical-sense_description,83,rechear,"COD: cheiro ruim.",
10496,stink,"COD: a strong, unpleasant smell. ",246,Chemical-sense_description,83,"cheiro ruim","COD: um cheiro forte e desagradável.",
10497,stink,"COD: have a strong unpleasant smell. ",246,Chemical-sense_description,86,"Cheira mal.","COD: tem um cheiro forte e desagradável.",
10499,fragrance,"COD:  a pleasant, sweet smell",246,Chemical-sense_description,83,fragrância,"COD: um cheiro agradável e doce",
10500,scent,"COD:  a distinctive smell, especially one that is pleasant",246,Chemical-sense_description,83,scent,"COD: um cheiro distinto, especialmente um que é agradável",
10503,aromatic,"COD: having an aroma. ",246,Chemical-sense_description,84,aromático,"COD: com aroma.",
10504,fragrant,"COD: having a pleasant or sweet smell. ",246,Chemical-sense_description,84,fragrância,"COD: ter um cheiro agradável ou doce.",
10505,tasteless,"COD: lacking flavour. ",246,Chemical-sense_description,84,"sem graça","COD: sem sabor.",
10506,malodorous,"COD: smelling very unpleasant.",246,Chemical-sense_description,84,malcheirosa,"COD: cheirando muito mal.",
34270,deliciousness,"The quality of being delicious.",246,Chemical-sense_description,83,deliciosidade,"A qualidade de ser delicioso.",
10509,inhale,"COD: breathe in.",247,Breathing,86,Inspire-se.,"COD: respire.",
10510,breath,"COD: an inhalation or exhalation of air from the lungs. ",247,Breathing,83,respirar,"COD: uma inalação ou expiração de ar dos pulmões.",
10511,exhale,"COD: breathe out.",247,Breathing,86,Exalar,"COD: expire.",
