idLU,lemmaName(en),senseDescription(en),idFrame,frameName,idPOS,lemmaName(pt),senseDescription(pt),idLemma(pt)
15070,player,"COD: a person that is involved and influential in an activity.",546,Participation,83,jogador,"COD: uma pessoa envolvida e influente em uma atividade.",383
15074,party,"FN: a participant in an event.",546,Participation,83,festa,"FN: um participante de um evento.",6638
15075,engage,"FN: Take part in.",546,Participation,86,envolver,"FN: Participe.",120771
15076,concerned,"FN: to be involved in",546,Participation,84,preocupado,"FN: estar envolvido em",73789
15079,covert,"COD: not openly acknowledged or displayed.",547,Secrecy_status,84,escondido,"COD: não abertamente reconhecido ou exibido.",73804
15083,public,"COD: done, perceived, or existing in open view.",547,Secrecy_status,84,público,"COD: feito, percebido ou existente em visão aberta.",73178
15088,shadowy,"FN: concealed, obscured.",547,Secrecy_status,84,sombrio,"FN: oculto, obscurecido.",73859
15089,reveal,"COD: disclose (previously unknown or secret information).",548,Reveal_secret,86,revelar,"COD: Divulgar (informação previamente desconhecida ou secreta)",117321
15090,disclose,"COD: make (secret or new information) known.",548,Reveal_secret,86,divulgar,"COD: tornar (informação secreta ou nova) pública.",127563
15093,expose,"COD: reveal the true, objectionable nature of.",548,Reveal_secret,86,expor,"COD: revelar a verdadeira e repugnante natureza de.",121072
15095,divulge,"COD: make known.",548,Reveal_secret,86,divulgar,"COD: tornar conhecido.",127563
15098,confession,"FN: a statement admitting to a crime",548,Reveal_secret,83,confissão,"FN: uma declaração confessando um crime",7164
15103,leak,"COD: intentionally disclose (secret information).",548,Reveal_secret,86,vazamento,"COD: divulgar intencionalmente (informação confidencial).",35776
15105,admit,"COD: confess to be true or to be the case.",548,Reveal_secret,86,admitir,"COD: confessa ser verdadeiro ou ser o caso.",120765
15106,"come forward","FN: Volunteer information",548,Reveal_secret,86,Avançar,"FN: Informação voluntária",117212
15125,final,"FN: The last in a set",549,Ordinal_numbers,84,final,"FN: O último em um conjunto",74080
34132,next,"The entity coming right after the one that is the current.",549,Ordinal_numbers,84,próximo,"A entidade que vem logo após a que é o atual.",73248
15127,source,"COD: a person who provides information.",550,Attributed_information,83,Fonte,"COD: uma pessoa que fornece informações.",36698
15130,lift,"COD:  formally remove or end (a legal restriction, decision, etc.).",551,Cause_to_end,86,elevar,"COD: formalmente remover ou acabar (uma restrição legal, decisão, etc.).",120683
15131,end,"FN: bring to an end",551,Cause_to_end,86,fim,"FN: trazer ao fim",9374
15132,lifting,"FN: the act of formally ending (esp. a restriction)",551,Cause_to_end,83,Elevação,"FN: o ato de encerrar formalmente (esp. uma restrição)",20389
15133,arrest,"FN: stop a process or freeze a state either permanently or temporarily",551,Cause_to_end,86,prisão,"FN: interromper um processo ou congelar um estado permanentemente ou temporariamente",10697
15141,research,"COD: carry out research into",553,Research,86,Pesquisa,"COD: realizar pesquisa em",6572
15146,have,"FN: include as a part.",554,Inclusion,86,ter,"FN: inclua como uma parte.",116847
