idLU,lemmaName(en),senseDescription(en),idFrame,frameName,idPOS,lemmaName(pt),senseDescription(pt),idLemma(pt)
10318,"put away","COD: consume food or drink in large quantities",238,Ingestion,86,Ponha,"COD: consome comida ou bebida em grandes quantidades",
10319,"put back","FN: drink remarkably quickly",238,Ingestion,86,"colocar de volta","FN: beber de forma surpreendentemente rápida",
10320,tuck,"COD: eat food heartily",238,Ingestion,86,embrulhar,"COD: coma comida com prazer",
39288,tome,,238,Ingestion,83,Tome.,,
10323,doze,"COD: sleep lightly.",239,Sleep,86,doze,"COD: dormir levemente.",
10324,snooze,"COD: have a snooze. ",239,Sleep,86,Atrasar-se,"COD: dar uma soneca.",
10325,catnap,"COD: have a catnap. ",239,Sleep,86,"cochilo de gato","Dormir um pouco.",
10327,hibernate,"COD:  (of an animal or plant) spend the winter in a dormant state.",239,Sleep,86,hibernar,"COD: (de um animal ou planta) passar o inverno em um estado latente.",
10329,drowse,"COD: no obj. be half asleep; doze. ",239,Sleep,86,drowse,"COD: no obj. estar meio adormecido; doze.",
10331,shut-eye,"COD: sleep.",239,Sleep,83,"Olhos fechados","COD: dormir.",
10332,"forty winks","FN: some (small amount of) sleep.",239,Sleep,83,"Quarenta sonecas","FN: algum (pequeno quantidade de) sono.",
10333,doze,"COD: a short light sleep. ",239,Sleep,83,doze,"COD: um sono leve e curto.",
10334,catnap,"COD: 1. a short sleep during the day. ",239,Sleep,83,"cochilo de gato","COD: 1. uma soneca durante o dia.",
10335,drowse,"FN: an instance of drowsing",239,Sleep,83,drowse,"FN: um exemplo de letargia",
10336,hibernation,"FN: a dormant state that helps animals or plants conserve resources during the winter.",239,Sleep,83,hibernação,"FN: um estado latente que ajuda animais ou plantas a conservar recursos durante o inverno.",
10338,nap,"COD: 1. a short sleep of this [light, brief, or diurnal] type. ",239,Sleep,83,dormir,"COD: 1. uma breve [luz, breve ou diurna] soneca deste tipo.",
10339,sleep,"COD: 1. a regularly recurring condition of body and mind in which the nervous system is inactive, the eyes closed, the postural muscles relaxed, and consciousness practically suspended. ",239,Sleep,83,dormir,"COD: 1. uma condição recorrente regular do corpo e da mente na qual o sistema nervoso está inativo, os olhos estão fechados, os músculos posturais relaxados e a consciência praticamente suspensa.",
10341,slumber,"COD: 1. a sleep. ",239,Sleep,83,dormir,"COD: 1. o sono.",
10342,snooze,"COD: 1. a short, light sleep. ",239,Sleep,83,Atrasar-se,"COD: 1. um sono curto e leve.",
10343,asleep,"COD: in or into a state of sleep. ",239,Sleep,84,dormindo,"COD: em ou em um estado de sono.",
10344,"out like a light","COD: unconscious. ",239,Sleep,84,"apagar como uma luz","COD: inconsciente.",
10345,sleep,"FN: quantity of time spent sleeping.",239,Sleep,83,dormir,"FN: quantidade de tempo gasto dormindo.",
10347,out,"FN: asleep or unconscious.",239,Sleep,84,fora,"FN: adormecido ou inconsciente.",
39414,sonar,,239,Sleep,83,Soar,,
10349,slice,"FN: to cut into thin, broad pieces, esp. for food.",240,Cutting,86,fatiar,"FN: cortar em pedaços finos e largos, especialmente para alimentação.",
10351,mince,"COD: cut up or shred (meat) into very small pieces. ",240,Cutting,86,Mince,"COD: cortar ou ralar (carne) em pedaços muito pequenos.",
10353,chop,"COD: cut with repeated sharp, heavy blows of an axe or knife. ",240,Cutting,86,fatiar,"COD: corte com golpes repetidos e fortes de uma faca ou machado.",
10355,pare,"COD: trim by cutting away the outer edges of. ",240,Cutting,86,Pare.,"COD: aparar cortando as bordas externas.",
10357,carve,"FN: cut into hard material, sometimes with a carving knife. ",240,Cutting,86,carve,"FN: cortar em material duro, às vezes com uma faca de entalhar.",
10358,bungler,"FN: someone prone to making stupid mistakes.",241,Bungling,83,Bungler,"FN: alguém propenso a cometer erros estúpidos.",
10359,fiasco,"COD:  a ludicrous or humiliating failure. ",241,Bungling,83,Fiasco,"COD: um fracasso ridículo ou humilhante.",
10360,"blow it","FN: completely bungle (an opportunity)",241,Bungling,86,"Passei mal.","FN: completamente estragar (uma oportunidade)",
10362,botch,"COD: carry out (a task) badly or carelessly. ",241,Bungling,86,botchar,"COD: realizar (uma tarefa) mal ou de forma descuidada.",
10364,"mess up","COD:  mishandle a situation. ",241,Bungling,86,"Fazer bagunça","COD: lidar mal com uma situação.",
10365,"fuck up","COD: do something badly or ineptly; damage or confuse someone emotionally. ",241,Bungling,86,Foda-se.,"COD: fazer algo mal ou de forma inepta; danificar ou confundir emocionalmente alguém.",
10366,fuck-up,"COD:  a mess or muddle. ",241,Bungling,83,Foda-se.,"COD: confusão ou bagunça.",
10369,fuck-up,"COD: a person who has a tendency to make a mess of things.",241,Bungling,83,Foda-se.,"COD: uma pessoa que tende a fazer uma bagunça das coisas.",
10371,fumble,"FN: the clumsy use of one' s hands while doing something",241,Bungling,86,fumble,"FN: o uso desajeitado das mãos enquanto se faz algo",
10372,fumble,"COD: an act of fumbling",241,Bungling,83,fumble,"COD: um ato de tropeçar",
10373,foozle,"COD: bungle. ",241,Bungling,86,Fofle,"COD: bagunça.",
10374,"screw up","COD: completely mismanage or mishandle a situation",241,Bungling,86,"Fazer merda","COD: completamente gerenciar ou lidar mal com uma situação",
10375,bungling,"FN: prone to clumsily botching things",241,Bungling,84,bungling,"FN: propenso a estragar as coisas de forma desajeitada",
10376,bumbling,"FN: generally acting in an incompetent manner. ",241,Bungling,84,Bumble,"FN: geralmente agindo de maneira incompetente.",
10378,flounder,"COD:  stagger clumsily in mud or water;  have trouble doing or understanding something. ",241,Bungling,86,flounder,"COD: tropeçar desajeitadamente na lama ou na água; ter problemas em fazer ou entender algo.",
10379,founder,"FN: sink, fall",241,Bungling,86,fundador,"FN: afundar, cair",
10382,"bollix up","FN: accidentally cause to be in an extremely undesirable state.",241,Bungling,86,"Fazer uma bagunça","FN: causar acidentalmente estar em um estado extremamente indesejável.",
10384,blow,"FN: completely fail to achieve ",241,Bungling,86,Puff,"FN: completamente falhar em alcançar",
10385,"ball up","FN: fumble a course of actions",241,Bungling,86,"Enrolar-se em uma bola","FN: tropeçar em um curso de ações",
10386,flub,"COD: botch or bungle.",241,Bungling,86,flub,"COD: estragar ou bagunçar.",
10387,"foul up","COD: make a mistake with or spoil something.",241,Bungling,86,"Fazer uma besteira","COD: cometer um erro com ou estragar algo.",
10388,fluff,"COD: fail to accomplish (something) properly.",241,Bungling,86,fluff,"COD: não conseguir realizar (algo) corretamente.",
10389,"louse up","COD: spoil something.",241,Bungling,86,"Fazer uma bagunça","COD: estragar algo.",
10390,"muck up","COD: spoil something.",241,Bungling,86,"Fazer bagunça","COD: estragar algo.",
10391,muff,"COD: handle clumsily; bungle.",241,Bungling,86,muff,"COD: manuseie de forma desajeitada; bagunçe.",
34193,misconception,"A wrong idea, a fail while trying to understand a situation.",241,Bungling,83,mal-entendido,"Uma ideia errada, um fracasso ao tentar entender uma situação.",
10392,disperse,"COD: go or distribute in different directions or over a wide area. ",242,Dispersal,86,disperse,"COD: ir ou distribuir em diferentes direções ou sobre uma área ampla.",
10394,scatter,"COD: throw in various random directions. ",242,Dispersal,86,esparram,"COD: jogar em várias direções aleatórias.",
10404,disseminate,"COD: spread widely",242,Dispersal,86,disseminado,"COD: se espalhou amplamente",
10406,concoct,"COD: make a dish or meal by combining ingredients",243,Cooking_creation,86,concoctar,"COD: preparar um prato ou refeição combinando ingredientes",
10408,"whip up","COD:  make or prepare something, especially food, very quickly",243,Cooking_creation,86,"Preparar rapidamente","COD: fazer ou preparar algo, especialmente comida, muito rapidamente",
10410,prepare,"COD: make food ready for cooking or eating",243,Cooking_creation,86,Prepare,"COD: faça a comida pronta para cozinhar ou comer",
