idLU,lemmaName(en),senseDescription(en),idFrame,frameName,idPOS,lemmaName(pt),senseDescription(pt),idLemma(pt)
6410,compress,"FN: to press together or condense",71,Cause_expansion,86,compressão,"FN: apertar ou condensar",17856
34320,extend,"To cause growth, or expansion.",71,Cause_expansion,86,estender,"Para causar crescimento ou expansão.",129764
6413,amphora,"COD: a tall ancient Greek or Roman jar or jug with two handles and a narrow neck",72,Containers,83,ampola,"COD: um alto jarro ou jarro grego ou romano antigo com duas alças e pescoço estreito",13133
6414,backpack,"COD:  a rucksack. ",72,Containers,83,mochila,"COD: mochila.",27977
6417,cart,"COD: a shallow open container on wheels, pulled or pushed by hand. ",72,Containers,83,carta,"COD: um recipiente aberto e raso sobre rodas, puxado ou empurrado à mão.",8930
6419,chest,"COD: a large strong box for storage or transport. ",72,Containers,83,peito,"COD: uma grande caixa forte para armazenamento ou transporte.",10809
6420,envelope,"COD: a flat paper container with a sealable flap, used to enclose a letter or document. ",72,Containers,83,Carta,"COD: um recipiente de papel plano com uma aba selável, usado para envolver uma carta ou documento.",8930
6425,knapsack,"COD: a soldier' s or hiker' s bag with shoulder straps, carried on the back. ",72,Containers,83,mochila,"COD: uma mochila de soldado ou caminhante com alças nas ombros, carregada nas costas.",27977
6427,locker,"FN: a small lockable cupboard or compartment, typically used for clothes and personal belongings",72,Containers,83,armário,"FN: um pequeno armário ou compartimento trancável, geralmente usado para roupas e pertences pessoais",13917
6430,purse,"COD: a small pouch of leather or plastic used for carrying money or a handbag.",72,Containers,83,bolsa,"COD: uma pequena bolsa de couro ou plástico usada para carregar dinheiro ou uma bolsa de mão.",15528
6434,spoon,"COD: an implement consisting of a small, shallow oval or round bowl on a long handle, used for eating, stirring, and serving food. ",72,Containers,83,colher,"COD: um implemento que consiste em uma tigela pequena, redonda ou ovalada, com alça comprida, utilizada para comer, mexer e servir alimentos.",37059
6445,beaker,"FN: a cylindrical glass container used for drinking or in a laboratory",72,Containers,83,beira,"FN: um recipiente de vidro cilíndrico utilizado para beber ou em um laboratório",11042
6448,bowl,"COD: a round, deep dish or basin",72,Containers,83,tigela,"COD: uma rodada, prato profundo ou bacia",34706
6453,canteen,"COD: a small water bottle, as used by soldiers or campers",72,Containers,83,caneca,"COD: uma pequena garrafa de água, como usada por soldados ou acampantes",16332
6457,case,"COD:   a container designed to hold or protect something",72,Containers,83,caso,"COD: um recipiente projetado para conter ou proteger algo",6570
6461,cooler,"COD: a device or container for keeping things cool. ",72,Containers,83,geladeira,"COD: um dispositivo ou recipiente para manter as coisas frias.",23336
6475,dish,"COD: a shallow, typically flat-bottomed container for cooking or serving food",72,Containers,83,prato,"COD: um recipiente raso e de fundo chato, usado tipicamente para cozinhar ou servir comida",1969
6476,dispenser,"FN: A device which stores a substance or (us. homogeneous) items, designed to release a measured amount for use.",72,Containers,83,dispensador,"FN: Um dispositivo que armazena uma substância ou (homogênea) itens, projetado para liberar uma quantidade medida para uso.",19892
6477,drum,"COD: a cylindrical object or part, especially a container: ",72,Containers,83,bateria,"COD: objeto ou parte cilíndrica, especialmente um recipiente:",1217
6481,etui,"COD: (dated) a small ornamental case for holding needles, cosmetics, and other articles.",72,Containers,83,estudo,"COD: (antigo) uma pequena caixa decorativa para guardar agulhas, cosméticos e outros artigos.",7592
6490,keg,"COD: a small barrel, especially one of less than 10 gallons or (in the US) 30 gallons",72,Containers,83,cerveja,"COD: uma pequena barril, especialmente um de menos de 10 galões ou (nos EUA) 30 galões",1276
6493,overnighter,"COD: an overnight bag. ",72,Containers,83,pernoite,"COD: uma mala de viagem.",9413
6494,pack,"FN: a small container or carton that goods are sold in",72,Containers,83,pacote,"FN: um pequeno recipiente ou caixa que os bens são vendidos em",448
6499,pannier,"FN: a large container carried on the back (of an animal).",72,Containers,83,panela,"FN: um grande recipiente transportado nas costas (de um animal).",687
