idLU,lemmaName(en),senseDescription(en),idFrame,frameName,idPOS,lemmaName(pt),senseDescription(pt),idLemma(pt)
13824,screen,"COD: conceal, protect, or shelter with a screen",438,Eclipse,86,tela,"COD: esconder, proteger ou abrigar com uma tela",683
13825,veil,"COD: partially conceal, disguise, or obscure",438,Eclipse,86,véu,"COD: parcialmente esconder, disfarçar ou obscurecer",1126
13828,obscured,"FN: partially blocked from view by another entity",438,Eclipse,84,obstruído,"FN: parcialmente bloqueado pela visão de outra entidade",86605
13829,block,"FN: block an entity from view",438,Eclipse,86,bloqueio,"FN: bloquear uma entidade de visualização",1042
13835,cloak,"FN: to block an entity from view as if by use of a cloak",438,Eclipse,86,capote,"FN: bloquear uma entidade de visão como se por uso de um manto",16451
13838,cloaked,"FN: obscured, as if by wearing a cloak",438,Eclipse,84,encapuzado,"FN: obscure, como se estivesse vestindo um manto",80616
13858,judder,"COD:  shake and vibrate rapidly and forcefully. ",440,Moving_in_place,86,Tremor,"COD: sacuda e vibra rapidamente e com força.",35144
13859,rotate,"FN: move in a circle around a fixed axis",440,Moving_in_place,86,rolar,"FN: move em um círculo ao redor de um eixo fixo",117232
13860,shake,"FN: vibrate or tremble",440,Moving_in_place,86,agitar,"FN: vibrar ou tremer",121123
13863,swing,"FN: to move back and forth or from side to side while or as if suspended.",440,Moving_in_place,86,balanço,"FN: mover-se para frente e para trás ou de um lado para o outro enquanto ou como se estivesse suspenso.",14756
13865,quiver,"COD: shake or tremble with a slight rapid motion",440,Moving_in_place,86,tremer,"COD: agitar ou tremer com um movimento rápido e leve",134845
13867,wave,"COD: move to and fro with a swaying motion while remaining fixed to one point",440,Moving_in_place,86,onda,"COD: mover-se de um lado para o outro com um movimento balançante enquanto permanece fixo em um ponto",1122
13869,roll,"COD: move by turning over and over on an axis",440,Moving_in_place,86,rolar,"COD: movimento por viragem repetida sobre um eixo",117232
13870,swing,"COD: an act of swinging.",440,Moving_in_place,83,balanço,"COD: um ato de balançar.",14756
13872,turn,"FN: rotate",440,Moving_in_place,86,virar,"FN: girar",120706
13873,earthquake,"COD: a sudden violent shaking of the ground as a result of movements within the earth' s crust.",440,Moving_in_place,83,terremoto,"COD: um tremor repentino e violento do solo resultante de movimentos dentro da crosta terrestre.",659
13875,quake,"COD: an earthquake.",440,Moving_in_place,83,terremoto,"COD: um terremoto.",659
13878,make,"COD: ",442,Cause_change,86,fazer,"Código de Objeto de Documento",116954
13879,turn,"FN: cause to change into a different kind of entity.",442,Cause_change,86,virar,"FN: causar para mudar em uma entidade diferente.",120706
13887,conversion,"COD: the process or action of converting or of being converted",442,Cause_change,83,Conversão,"COD: o processo ou ação de converter ou ser convertido",10638
13892,shift,"FN: to change from one category or value to another",442,Cause_change,86,mudança,"FN: mudar de uma categoria ou valor para outro",6549
13897,taxi,"FN: move within an aircraft along the ground before take-off or after landing. ",443,Ride_vehicle,86,táxi,"FN: movimento dentro de uma aeronave ao longo da pista antes do decolagem ou após o pouso.",569
13898,take,"COD: use as a means of transport",443,Ride_vehicle,86,tomar,"COD: como meio de transporte",117247
13899,cruise,"COD: sail, travel, or move slowly around without a precise destination, especially for pleasure. ",443,Ride_vehicle,86,cruzeiro,"COD: velejar, viajar ou mover-se lentamente sem um destino preciso, especialmente por prazer.",8614
13901,jet,"FN: travel by means of an jet aircraft",443,Ride_vehicle,86,jato,"FN: viajar por meio de um avião a jato",25603
13906,bus,"FN: ride in a bus (or similar large capacity vehicle).",443,Ride_vehicle,86,Ônibus,"FN: andar de ônibus (ou veículo de grande capacidade semelhante).",441
13907,delay,"COD: cause to become late or slow or postpone or defer. ",444,Change_event_time,86,atraso,"COD: causar para ficar atrasado ou lento ou adiar ou postergar.",11001
13910,advance,"COD: cause to occur at an earlier date than planned.",444,Change_event_time,86,avanço,"COD: causar para ocorrer em uma data anterior à planejada.",14530
13911,"move up","FN: to cause to advance in time.",444,Change_event_time,86,Avançar,"FN: causar avançar no tempo.",117212
13916,delay,"COD: a period of time by which something is late or postponed.",444,Change_event_time,83,atraso,"COD: um período de tempo em que algo é atrasado ou adiado.",11001
13917,"hold up","FN: to delay",444,Change_event_time,86,Aguardar,"FN: atrasar",117302
13920,reschedule,"FN: to make arrangements for an event to take place at a time other than the originally scheduled time",444,Change_event_time,86,remarcar,"FN: fazer arranjos para um evento que ocorra em um horário diferente do originalmente agendado",133631
13921,delay,"FN: the amount of time between when an event was expected and when it occurs; e.g. ""expect long delays""; ""the delay was nearly two hours""",444,Change_event_time,83,atraso,"FN: o tempo entre quando um evento era esperado e quando ele ocorre; por exemplo, ""esperar grandes atrasos""; ""o atraso foi quase duas horas"".",11001
13923,perpetrate,"COD: carry out or commit (a harmful, illegal, or immoral action).",446,Committing_crime,86,perpetrar,"COD: realizar ou cometer (uma ação prejudicial, ilegal ou imoral).",132602
