idLU,lemmaName(en),senseDescription(en),idFrame,frameName,idPOS,lemmaName(pt),senseDescription(pt),idLemma(pt)
17406,division,"COD: the process of dividing a matrix, vector, or another quantity by another under specific rules to obtain a quotient",988,Non-commutative_process,83,divisão,"COD: o processo de dividir uma matriz, vetor ou outra quantidade por outra sob regras específicas para obter um quociente",
17407,"take away","FN: to subtract",988,Non-commutative_process,86,tire,"FN: subtrair",
17408,quotient,"COD: a result obtained by dividing one quantity by another",989,Non-commutative_statement,83,Quociente,"COD: o resultado obtido pela divisão de uma quantidade por outra",
17411,minus,"COD: with the subtraction of",989,Non-commutative_statement,90,menos,"COD: com a subtração de",
17412,rot,"FN: bring about decay in (organic matter).",990,Cause_to_rot,86,rot,"FN: causar decomposição em (matéria orgânica).",
17413,putrefy,"FN: bring about rot, decay.",990,Cause_to_rot,86,putrefazer,"FN: trazer sobre podridão, decadência.",
34318,"run into","To unintentionally find someone in public.",991,Encounter,86,"encontrar-se com","Encontrar alguém sem querer em público.",
17421,hispanic,"FN: of or pertaining to the Spanish or Latin Ameriacn races",992,Race_descriptor,84,hispanico,"FN: de ou relacionado às raças espanholas ou latino-americanas",
17422,prototype,"FN: an ideal member of a category.",993,Exemplar,83,protótipo,"FN: um membro ideal de uma categoria.",
17427,epitome,"FN: representative of a category",993,Exemplar,83,epitome,"FN: representante de uma categoria",
17428,paragon,"FN: Exemplary",993,Exemplar,83,paragonar,"FN: Exemplar",
17429,true,"FN: Describing a paragon of the specified type",993,Exemplar,84,Verdadeiro.,"FN: Descrevendo um parâmetro do tipo especificado",
17430,exemplary,"FN: matching an ideal instance of a thing",994,Exemplariness,84,exemplar,"FN: combinar uma instância ideal de um objeto",
17431,prototypical,"FN: conforming to a conceptual prototype",994,Exemplariness,84,prototipal,"FN: de acordo com um protótipo conceitual",
17432,standard,"FN: Prototypical ",994,Exemplariness,84,padrão,"FN: Prototípico",
17439,persona,"FN: a personality one assumes in a certain context",996,Impression,83,persona,"FN: uma personalidade que se assume em um determinado contexto",
17442,dull,"FN: low in saturation",997,Color_qualities,84,tédio,"FN: baixo em saturação",
17444,light,"FN: high in brightness or tone",997,Color_qualities,84,luz,"FN: alto em brilho ou tom",
17463,miniature,"FN: of a smaller size than ' normal' ; often, compared to a ""regular sized"" object",1000,Size,84,miniatura,"FN: de um tamanho menor do que o ""normal""; muitas vezes, comparado a um objeto ""com tamanho regular",
17470,ample,"FN: large (more than sufficient) in size or amount",1000,Size,84,ampla,"FN: grande (mais do que suficiente) em tamanho ou quantidade",
17471,bulky,"FN: of relatively large size (and thus generally cumbersome)",1000,Size,84,"pesado e volumoso","FN: de tamanho relativamente grande (e assim geralmente volumoso)",
17472,capacious,"FN: capable of holding a lot",1000,Size,84,capazioso,"FN: capaz de suportar muito",
17474,humongous,"FN: of extraordinary size",1000,Size,84,Huge,"FN: de tamanho extraordinário",
17475,immeasurable,"FN: incapable of being measured due to great size",1000,Size,84,incomensurável,"FN: incapaz de ser medido devido ao grande tamanho",
17479,petite,"FN: small, slim",1000,Size,84,pequena,"FN: pequeno, esguio",
17480,wee,"FN: small; baby-like",1000,Size,84,wee,"FN: pequeno; bebê-como",
17481,bitty,"FN: a diminutive size",1000,Size,84,bitty,"FN: tamanho diminuto",
17482,puny,"FN: of a diminutive size",1000,Size,84,frágil,"FN: de tamanho diminuto",
17483,brobdingnagian,"FN: of tremendous size",1000,Size,84,brobdingnagian,"FN: de tamanho tremendo",
17484,lilliputian,"FN: of extremely small size",1000,Size,84,lilliputiano,"FN: de tamanho extremamente pequeno",
17487,medium-sized,"FN: neither very large nor very small",1000,Size,84,meio-grande,"FN: nem muito grande nem muito pequeno",
31249,vast,"of very great extent or quantity; immense.",1000,Size,84,vasto,"De extensão ou quantidade muito grande; imenso.",
33037,tremendous,"FN: extremely large",1000,Size,84,tremendoso,"FN: extremamente grande",
34309,mass,"Big in size.",1000,Size,84,massa,"Grande em tamanho.",
17489,toasty,"FN: able to keep very warm",1001,Heat_potential,84,Tostado,"FN: capaz de manter muito quente",
17490,mine,"FN: the extraction of a valuable resource from the earth. ",1002,Mining,86,Minha,"FN: a extração de um recurso valioso do solo.",
17491,miner,"FN: an entity that extracts a valuable resource from the earth.",1002,Mining,83,Miner,"FN: uma entidade que extrai um recurso valioso do solo.",
30965,strip-mine,"FN: mine (for a resource) by removing the layers of soil and rock above it.",1002,Mining,86,"mina a céu aberto","FN: minha (para um recurso) removendo as camadas de solo e rocha acima dela.",
