idLU,lemmaName(en),senseDescription(en),idFrame,frameName,idPOS,lemmaName(pt),senseDescription(pt),idLemma(pt)
13049,backwoods,"COD: a remote or sparsely inhabited region, especially one considered backward or conservative",389,Isolated_places,83,backwoods,"COD: uma região remota ou pouco povoada, especialmente considerada atrasada ou conservadora",
13050,"middle of nowhere","FN: a remote or isolated area",389,Isolated_places,83,"meio de lugar nenhum","FN: uma área remota ou isolada",
13051,"back of beyond","FN: an isolated area",389,Isolated_places,83,"fundo do além","FN: uma área isolada",
13052,bumblefuck,"FN: a fictitious place name for an isolated town or area",389,Isolated_places,83,Foda-se,"FN: um nome fictício de lugar para uma cidade ou região isolada",
13053,podunk,"FN: a small isolated town, area, or place that is considered unimportant.",389,Isolated_places,83,Podunk,"FN: uma pequena cidade isolada, área ou lugar que é considerado não importante.",
13054,godforsaken,"COD: lacking any merit or attraction",389,Isolated_places,84,"Deus te abençoe","COD: sem qualquer mérito ou atração",
13055,out-of-the-way,"COD:  (of a place) remote",389,Isolated_places,84,"fora do caminho","COD: (de um lugar) remoto",
13056,outback,"COD: a remote or sparsely populated inland area, especially in Australia",389,Isolated_places,83,outback,"COD: uma área remota ou pouco povoada no interior, especialmente na Austrália",
13057,backcountry,"COD: sparsely inhabited rural areas",389,Isolated_places,83,backcountry,"COD: áreas rurais pouco povoadas",
13058,"fly-over country","FN: a pejorative term for the middle of the US based on the assumption that  all important political, cultural and economic life occurs on the East and West coast ",389,Isolated_places,83,"país do interior","FN: termo pejorativo para o meio-oeste dos EUA com base na premissa de que toda a vida política, cultural e econômica importante ocorre nas costas leste e oeste.",
13059,"the sticks","COD:  rural areas",389,Isolated_places,83,"as varetas","COD: áreas rurais",
13060,"off the beaten path","FN: difficult or undesirable to access because of being poorly connected.",389,Isolated_places,89,"fora dos caminhos batidos","FN: difícil ou indesejável de acessar devido à má conectividade.",
13064,biotechnology,"FN: the results of the exploitation of biological processes for industrial and other purposes,  especially the genetic manipulation of micro-organisms for the production of antibiotics, hormones, etc.",390,Artifact,83,biotecnologia,"FN: os resultados da exploração de processos biológicos para fins industriais e outros, especialmente a manipulação genética de microrganismos para a produção de antibióticos, hormônios, etc.",
13066,artifact,"COD: an object made by a human being.",390,Artifact,83,artefato,"COD: um objeto feito por um ser humano.",
13067,"control panel","FN: a usually flat surface containing switches, dials, buttons, etc. used to operate machinery ",390,Artifact,83,"painel de controle","FN: uma superfície geralmente plana que contém interruptores, botões, etc. usados para operar máquinas",
13068,board,"FN: A long, flat object manufactured for multipurpose use, generally made of wood or particle board and utilized in construction. Other kinds of boards include those for extreme sports, such as snowboards, etc.",390,Artifact,83,"prato raso","FN: Um objeto longo e plano fabricado para uso multifuncional, geralmente feito de madeira ou compensado e utilizado na construção. Outros tipos de tábuas incluem as utilizadas em esportes extremos, como pranchas de snowboard, etc.",
13071,whisk,"FN: an implement, usually a bunch of wire loops held together in a handle, for beating or whipping eggs, batter, etc. ",390,Artifact,83,Bater,"FN: um implemento, geralmente um monte de loops de arame unidos em uma alça, para bater ou espancar ovos, massa, etc.",
13073,timer,"FN: a device for indicating or measuring elapsed time (e.g. a stopwatch)",390,Artifact,83,timer,"FN: um dispositivo para indicar ou medir o tempo decorrido (por exemplo, um cronômetro)",
33505,binoculars,"An optical instrument with a lens for each eye, used for viewing distant objects.",390,Artifact,83,Binóculos,"Um instrumento óptico com uma lente para cada olho, usado para ver objetos distantes.",
33513,calculator,"Something used for making mathematical calculations, in particular a small electronic device with a keyboard and a visual display.",390,Artifact,83,Calculadora,"Algo usado para cálculos matemáticos, em especial um pequeno dispositivo eletrônico com teclado e exibição visual.",
33514,candle,"A cylinder or block of wax or tallow with a central wick which is lit to produce light as it burns.",390,Artifact,83,candle,"Uma cilindro ou bloco de cera ou sebo com um pavio central que é aceso para produzir luz enquanto queima.",
33519,eraser,"A piece of soft rubber or plastic used to rub out something written.",390,Artifact,83,Apagador,"Um pedaço de borracha macia ou plástico usado para apagar algo escrito.",
33536,ratchet,"A device consisting of a bar or wheel with a set of angled teeth in which a cog or tooth engages, allowing motion in one direction only.",390,Artifact,83,ratchete,"Um dispositivo que consiste em uma barra ou roda com um conjunto de dentes inclinados, no qual um engrenagem ou dente se aciona, permitindo movimento apenas em uma direção.",
34127,targe,"A kind of shield used by thehighlander warriors.",390,Artifact,83,targa,"Um tipo de escudo usado pelos guerreiros Highlanders.",
13076,transship,"COD: transfer (cargo) from one ship or other form of transport to another.",391,Import_export_scenario,86,tranship,"COD: transferência (carga) de um navio ou outro meio de transporte para outro.",
13077,exporter,"FN: a person or (metonymically) a place that moves goods to another region.",391,Import_export_scenario,83,exportar,"FN: uma pessoa ou (metonimicamente) um lugar que move bens para outra região.",
13078,importer,"FN: a person or (metonymically) a place that moves goods into a region.",391,Import_export_scenario,83,importar,"FN: uma pessoa ou (metonímo) um lugar que move bens para uma região.",
13079,trans-shipping,"FN: the act of transferring cargo to move it towards its ultimate destination.",391,Import_export_scenario,83,trans-remessa,"FN: o ato de transferir carga para movê-la em direção ao seu destino final.",
13084,vermilion,"FN: of a bright red color.",392,Color,84,Vermilion,"FN: de uma cor vermelha brilhante.",
13085,ebony,"FN: of a black or  very dark brown color.",392,Color,84,Ébano,"FN: de cor preta ou muito escura.",
13095,pink,"COD: of a colour intermediate between red and white, as of coral or salmon. ",392,Color,84,rosa,"COD: de uma cor intermediária entre o vermelho e o branco, como de coral ou salmão.",
13096,crimson,"FN: of a rich deep red color ",392,Color,84,Crimson,"FN: de uma rica cor vermelha profunda",
13098,turquoise,"FN: of a greenish-blue color like the turquoise stone.",392,Color,84,Turquesa,"FN: de uma cor verde-azul como a pedra turquesa.",
13099,azure,"FN: of a bright blue color.",392,Color,84,Azure,"FN: de um azul brilhante.",
13101,mauve,"FN: of a light puprlish-pink color",392,Color,84,mauve,"FN: de uma cor rosada-púrpura clara",
13102,tan,"FN: of a a light orangish-brown color",392,Color,84,tão,"FN: de uma cor alaranjada clara",
13103,buff,"FN: of a beige color tinted with yellow.",392,Color,84,buffo,"FN: de uma cor bege tingida com amarelo.",
13104,scarlet,"FN: of a brilliant red. ",392,Color,84,escarlate,"FN: de um brilhante vermelho.",
13105,pitchblack,"FN: as black as pitch",392,Color,84,pitchblack,"FN: preto como o carvão",
13109,indigo,"FN: of a colour between violet and blue.",392,Color,84,índigo,"FN: de uma cor entre violeta e azul.",
13110,puce,"FN: of a dark brown-purple or red color. ",392,Color,84,pulga,"FN: de cor marrom-escura roxa ou vermelha.",
13118,incursion,"COD:  an invasion or attack, especially a sudden or brief one.",393,Attack,83,incursão,"COD: invasão ou ataque, especialmente um súbito ou breve.",
13119,offensive,"COD:  a military campaign of attack.",393,Attack,83,ofensivo,"COD: uma campanha militar de ataque.",
13123,onslaught,"COD:  a fierce or destructive attack.",393,Attack,83,ataques,"COD: um ataque feroz ou destrutivo.",
13125,charge,"COD: a headlong rush forward, typically in attack.",393,Attack,83,carregar,"COD: um impulso frontal sem cuidado, tipicamente em ataque.",
13127,lay,"COD:  attack violently.",393,Attack,86,lay,"COD: atacar violentamente.",
13132,ambush,"FN: attack unexpectedly from a concealed position.",393,Attack,86,emboscada,"FN: atacar inesperadamente de uma posição escondida.",
13133,ambush,"COD:  a surprise attack by people lying in wait in a concealed position.",393,Attack,83,emboscada,"COD: um ataque surpresa por pessoas escondidas em uma posição de emboscada.",
13136,raid,"FN: conduct a surprise attack",393,Attack,86,raid,"FN: realizar um ataque surpresa",
13138,bombing,"COD: the act of attacking with a bomb or bombs.",393,Attack,83,bombardeio,"COD: o ato de atacar com uma ou mais bombas.",
13139,raid,"COD: a rapid surprise attack on people or premises.",393,Attack,83,raid,"COD: um ataque surpresa rápido contra pessoas ou instalações.",
13142,infiltrate,"FN: to sneak across enemy lines with the intention of spying or attacking",393,Attack,86,infiltrar,"FN: se esgueirar pelas linhas inimigas com a intenção de espionar ou atacar",
13143,infiltration,"FN: the event of infiltrating",393,Attack,83,infiltração,"FN: o evento de infiltração",
13148,"small arms fire","FN: an attack via small arms such as rifles, revolvers, light machine guns, and grenade launchers.",393,Attack,83,"tiro de armas pequenas","FN: um ataque por armas de pequeno porte, como rifles, revólveres, metralhadoras leves e lançadores de granadas.",
