idLU,lemmaName(en),senseDescription(en),idFrame,frameName,idPOS,lemmaName(pt),senseDescription(pt),idLemma(pt)
25785,"person with disabilities","a person who has some kind of physical or mental impairment.",1046,Manner_of_life,83,"pessoa com deficiência","Uma pessoa que tem algum tipo de deficiência física ou mental.",70775
34423,capitalism,"A way of life in which a person owns the means of production, or is entitled to something that they do not produce, but gives them enough to live without working.",1046,Manner_of_life,83,Capitalismo,"Um modo de vida no qual uma pessoa possui os meios de produção ou tem direito a algo que não produz, mas dá-lhe o suficiente para viver sem trabalhar.",16438
17720,way,"FN: an abstract word that describes how something gets done. ",1047,Manner,83,caminho,"FN: um termo abstrato que descreve como algo é feito.",6733
34895,exactly,"The act or effect of  being exact, and precise.",1047,Manner,89,exatamente,"O ato ou efeito de ser exato e preciso.",140852
39251,normal,,1047,Manner,84,normal,,73933
17733,life,"FN: spirit, energy, vitality",1051,Gusto,83,vida,"FN: espírito, energia, vitalidade",6569
17736,spirit,"FN: energy and persistence",1051,Gusto,83,espírito,"FN: energia e persistência",9583
17740,mislead,"FN: to deceive, to lead to an incorrect conclusion or judgment.",1052,Intentional_deception,86,engano,"FN: enganar, levar a uma conclusão ou julgamento errado.",20751
17745,get,"FN: To succeed in deceiving. Normally used humorously. Normally occurs in past-tense and involves speech participants, e.g. ""You got me"" or ""I totally got you"".",1052,Intentional_deception,86,obter,"FN: Enganar com sucesso. Normalmente usado de forma humorística. Normalmente ocorre no pretérito e envolve participantes da fala, por exemplo, ""Você me pegou"" ou ""Eu te peguei completamente"".",117118
17747,swallow,"FN: accept without question.",1053,Fall_for,86,engolir,"FN: aceitar sem questionar.",128559
30980,buy,"FN: be convinced by.",1053,Fall_for,86,comprar,"Convencer-se de que.",116842
17751,see,"FN: understand that someone is attempting to deceive.",1055,See_through,86,ver,"FN: entende que alguém está tentando enganar.",116936
17755,blow,"FN: detonate (an explosive).",1056,Detonate_explosive,86,Explodir,"FN: detonar (uma explosiva).",117081
17756,"blow up","FN: cause to explode.",1056,Detonate_explosive,86,Explodir,"FN: causar uma explosão.",117081
17759,stash,"FN: a supply.",1057,Cache,83,Estoque,"FN: o abastecimento.",21729
17771,"set off","FN: trigger or activate.",1060,Triggering,86,partir,"FN: acionar ou ativar.",116885
17777,rebel,"FN: act, often violently, in opposition to the existing order.",1062,Rebellion,86,rebelde,"FN: agir, muitas vezes violentamente, em oposição à ordem existente.",66828
17781,prank,"FN: a trick intended to cause amusement and sometimes harm.",1064,Prank,83,brincadeira,"FN: uma artimanha destinada a provocar diversão e às vezes dano.",15749
17783,demonstration,"FN: public display and expression of support of or opposition to an issue.",1065,Protest,83,Demonstração,"FN: exibição pública e expressão de apoio ou oposição a uma questão.",19071
17789,detail,"FN: a (often small) group temporarily set aside from a larger military or police organization for a set task.",1066,Temporary_group,83,detalhe,"FN: um (frequentemente pequeno) grupo temporariamente separado de uma organização militar ou policial maior para uma tarefa específica.",19664
17796,tail,"FN: followers; a retinue.",1068,Entourage,83,cauda,"FN: seguidores; uma retranca.",16840
17797,train,"FN: followers.",1068,Entourage,83,treino,Seguidores,35134
17799,suspected,"FN: believed to be possibly true.",1070,Awareness_status,84,suspeito,"FN: acredita-se que possa ser verdade.",74117
17801,possible,"FN: believed to be possible.",1070,Awareness_status,84,possível,"FN: acreditava-se possível.",87804
17803,train,"FN: a collection of vehicles and possibly individuals for transporting items.",1071,Convoy,83,treino,"FN: uma coleção de veículos e possivelmente indivíduos para transportar itens.",35134
17806,fighter,"FN: a combatant.",1072,Irregular_combatants,83,lutador,"FN: um combatente.",788
17811,mail,"FN: armor composed of interlinked rings.",1073,Armor,83,Correio,"FN: armadura composta por anéis interconectados.",18344
