idLU,lemmaName(en),senseDescription(en),idFrame,frameName,idPOS,lemmaName(pt),senseDescription(pt),idLemma(pt)
6009,savour,"COD: appreciate and enjoy the taste of (good food or drink)",60,Perception_active,86,saborizar,"COD: apreciar e desfrutar do gosto de (boa comida ou bebida)",
6011,sniff,"FN: the action of drawing air audibly through the nose, especially for smelling",60,Perception_active,83,Sniffar,"FN: o ato de soprar ar de forma audível pela nariz, especialmente para cheirar",
6012,sniff,"FN: smell or inhale (something) deliberately",60,Perception_active,86,Sniffar,"FN: cheirar ou inalar (algo) deliberadamente",
6014,stare,"COD: a fixed look at someone or something with the eyes wide open",60,Perception_active,83,"Olhar fixamente","COD: um olhar fixo em alguém ou algo com os olhos bem abertos",
6015,stare,"COD: look fixedly at someone or something with the eyes wide open",60,Perception_active,86,"Olhar fixamente","COD: olhar fixamente para alguém ou algo com os olhos bem abertos",
6019,watch,"COD: look at attentively",60,Perception_active,86,assista,"COD: olhe atentamente",
6020,squint,"COD: look at someone or something with partly closed eyes",60,Perception_active,86,Squint,"COD: olhar para alguém ou algo com os olhos parcialmente fechados",
6023,gape,"COD: stare with one' s mouth open wide in amazement or wonder.",60,Perception_active,86,gapo,"COD: ficar de boca aberta com admiração ou espanto.",
6024,gawk,"COD:  stare openly and stupidly.",60,Perception_active,86,"Olhar com curiosidade ou fascínio.","COD: olhar fixamente e estúpidomente.",
6025,goggle,"COD: look with wide open eyes, typically in amazement or wonder.",60,Perception_active,86,goggle,"COD: olhar com olhos bem abertos, geralmente de espanto ou admiração.",
6035,ache,"FN: suffer from continuous pain",62,Perception_body,86,ache,"FN: sofrer de dor contínua",
6037,hurt,"COD: (of a part of the body) suffer pain.",62,Perception_body,86,dolor,"COD: (de uma parte do corpo) sofrer dor.",
6039,prickle,"FN: experience a tingling or painful sensation on the skin.",62,Perception_body,86,prickle,"FN: experiência uma sensação formigamento ou dolorosa na pele.",
6040,smart,"FN: feel a sharp, poignant pain.",62,Perception_body,86,inteligente,"FN: sentir uma dor aguda e penetrante.",
6043,tingle,"FN: experience a slight stinging sensation",62,Perception_body,86,Tique-taque,"FN: sentir uma leve sensação de formigamento",
6044,ail,"FN: to bodily afflict.",62,Perception_body,86,ail,"FN: aflição corporal.",
6048,hum,"FN: to tingle as if from a low vibration",62,Perception_body,86,um,"FN: formigamento como se de uma baixa vibração",
6049,spin,"FN: feel as though something were rotating on an axis",62,Perception_body,86,spin,"FN: sentir como se algo estivesse girando em um eixo",
6050,"be killing","FN: ((some object, usually a body part)) causes pain to",62,Perception_body,86,"está matando","FN: ((algum objeto, geralmente uma parte do corpo)) causa dor em",
6052,chafe,"FN: to become sore as a result of rubbing",62,Perception_body,86,chafar,"FN: ficar dolorido por causa de esfregar",
6053,babble,"COD: (of a stream) make a continuous murmur as the water flows over stones.",63,Make_noise,86,babble,"COD: (de um rio) fazer um murmúrio contínuo à medida que a água flui sobre pedras.",
6054,bark,"COD: (of a dog, fox, or seal) give a bark",63,Make_noise,86,latido,"COD: (de um cão, raposa ou focas) dar um latido",
6055,bellow,"COD: emit a loud, deep roar, typically in pain or anger.",63,Make_noise,86,abaixo,"COD: emite um rugido alto e profundo, geralmente por dor ou raiva.",
6056,blare,"COD: sound loudly and harshly.",63,Make_noise,86,Blarar,"COD: soa alto e com força.",
6058,bleat,"COD: (of a sheep or goat) make a characteristic weak, wavering cry.",63,Make_noise,86,Bla-bla,"COD: (de uma ovelha ou cabra) fazer um choro característico fraco e vacilante.",
6059,bray,"FN: to utter the loud harsh cry characteristic of a donkey",63,Make_noise,86,bra,"FN: emitir o alto e rude choro característico de um burro",
6060,burble,"COD: make a continuous murmuring noise.",63,Make_noise,86,borbulhar,"COD: fazer um barulho de sussurro contínuo.",
6061,cackle,"COD: (of a hen or goose) give a raucous clucking cry.",63,Make_noise,86,Cacarear,"COD: (de uma galinha ou ganso) dar um choco barulhento e estridente.",
6062,caterwaul,"COD: make a shrill howling or wailing noise.",63,Make_noise,86,"O que é isso? Não consigo encontrar essa palavra em nenhum dicionário.","COD: fazer um barulho agudo de uivo ou lamento.",
6063,caw,"FN: (for a rook or crow) to utter their characteristic harsh cry",63,Make_noise,86,cau,"FN: (para um corvo ou coruja) emitir seu típico e agudo grito",
6064,chatter,"FN: (of a person' s teeth) click repeatedly together from cold or fear",63,Make_noise,86,baboseira,"FN: (dos dentes de uma pessoa) ranger repetidamente por causa de frio ou medo",
6065,cheep,"FN: make a shrill squeaky sound like that of a young bird",63,Make_noise,86,barato,"FN: faça um som agudo e estridente como o de um pássaro jovem",
6066,chirp,"COD: (of a small bird or a grasshopper) utter a short, sharp, high-pitched sound.",63,Make_noise,86,chirp,"COD: (de um pássaro pequeno ou de uma lagarta) emitir um som agudo, curto e forte.",
6068,clang,"FN: to emit a loud ringing sound",63,Make_noise,86,Clang,"FN: emitir um som de sino alto",
6069,clash,"FN: to produce a loud discordant sound when striking against something",63,Make_noise,86,Clash,"FN: produzir um som alto e dissonante ao bater contra algo",
6071,click,"FN: to emit a short, sharp sound",63,Make_noise,86,clique,"FN: emitir um som curto e agudo",
6072,coo,"COD: (of a pigeon or dove) make a soft murmuring sound.",63,Make_noise,86,coo,"COD: (de uma pomba ou pombo) fazer um som suave e murmurado.",
6074,creak,"COD: make a harsh high-pitched sound when being moved or when pressure is applied.",63,Make_noise,86,crepitar,"COD: emite um som agudo e forte quando é movido ou quando pressão é aplicada.",
6075,croak,"COD: (of a frog or crow) utter a croak.",63,Make_noise,86,Grugido,"COD: (de um sapo ou corvo) emitir um rangido.",
6076,croon,"FN: to hum or sing in a soft, low voice",63,Make_noise,86,Ronronar,"FN: para assobiar ou cantar em voz suave e baixa",
6077,crunch,"FN: make a crushing, grinding sound",63,Make_noise,86,crunch,"FN: faça um som de esmagamento, moagem",
6078,drone,"COD: make a continuous low humming sound.",63,Make_noise,86,dron,"COD: fazer um som de zumbido baixo e contínuo.",
6079,fizzle,"COD: make a feeble hissing or spluttering sound.",63,Make_noise,86,fizzar,"COD: fazer um som fraco de chiado ou borbulhamento.",
6080,gasp,"FN: catch one' s breath with an open mouth, owing to pain or astonishment",63,Make_noise,86,gásp,"FN: pegar fôlego com a boca aberta, devido à dor ou espanto",
6081,giggle,"COD: laugh lightly in a nervous, affected, or silly manner.",63,Make_noise,86,Gaguejar,"COD: rir levemente de uma maneira nervosa, afetada ou engraçada.",
6083,growl,"COD: make a low or harsh rumbling sound",63,Make_noise,86,Rugido,"COD: fazer um som de rangido baixo ou forte",
6084,grunt,"COD: (of an animal, especially a pig) make a low, short guttural sound.",63,Make_noise,86,Gruntar,"COD: (de um animal, especialmente de um porco) fazer um som gutural baixo e curto.",
6085,guffaw,"FN: laugh loudly and boisterously",63,Make_noise,86,"Rir alto","FN: rir alto e boisteroso",
6086,gurgle,"COD: make a hollow bubbling sound",63,Make_noise,86,Gurgle,"COD: faça um som borbulhante oco",
6087,hawk,"FN: to utter a harsh, gutteral sound as if trying to clear (plegm from) one' s throat",63,Make_noise,86,gavião,"FN: emitir um som rúbrico e gutural como se estivesse tentando limpar (o plem de) garganta",
6088,hiss,"COD: make a sharp sibilant sound as of the letter",63,Make_noise,86,Sussurro,"COD: faça um som agudo e estridente como o da letra",
6089,hoot,"FN: (of owls) to make their natural throat noise",63,Make_noise,86,Uíte!,"FN: (de corujas) fazer o seu ruído de garganta natural",
6090,howl,"COD: make a howling sound.",63,Make_noise,86,Aulhar,"COD: fazer um som de uivo.",
6091,hum,"COD: make a low, steady continuous sound like that of a bee or sing with closed lips. ",63,Make_noise,86,um,"COD: faça um som baixo e contínuo como o de uma abelha ou cante com os lábios fechados.",
6092,keen,"COD: wail in grief for a dead person or make an eerie wailing sound. ",63,Make_noise,86,Alegre,"COD: chorar de dor pela morte de alguém ou fazer um som assombroso de choro.",
6093,mew,"FN: (of a cat)  make a characteristic high-pitched crying noise.",63,Make_noise,86,miau,"FN: (de um gato) fazer um som de choro agudo e característico.",
6094,mewl,"COD: cry feebly or querulously.",63,Make_noise,86,Murmurar,"COD: chorar de forma fraca ou querulosa.",
6095,moan,"COD: utter or make a moan.",63,Make_noise,86,Sussurro,"COD: gemer ou fazer um gemido.",
6096,moo,"COD: make the characteristic deep resonant vocal sound of cattle.",63,Make_noise,86,Moo!,"COD: faça o característico som vocal profundo e ressonante do gado.",
6101,plash,"FN: to make a splashing sound",63,Make_noise,86,Pluff,"FN: fazer um som de gotejamento",
6102,plonk,"FN: produce a quick, hollow, metallic or harsh sound due to being dropped or set down suddenly",63,Make_noise,86,plonk,"FN: produz um som rápido, oco, metálico ou agudo devido a ser derrubado ou colocado de repente",
6103,plop,"FN: to make a short, dull sound, as of an object falling into water without making a splash",63,Make_noise,86,Plop,"FN: fazer um som curto e entediante, como de um objeto caindo na água sem fazer espuma",
6104,purr,"COD: (of a cat) make a low continuous vibratory sound expressing contentment.",63,Make_noise,86,Ronronar,"COD: (de um gato) fazer um som contínuo de vibração expressando contentamento.",
6105,quack,"FN: to utter the characteristic sound of the duck",63,Make_noise,86,Piu!,"FN: fazer o som característico do pato",
