idLU,lemmaName(en),senseDescription(en),idFrame,frameName,idPOS,lemmaName(pt),senseDescription(pt),idLemma(pt)
17074,fall,"FN: to be taken over and potentially destroyed by an army",900,Conquering,86,queda,"FN: ser tomado e possivelmente destruído por um exército",31412
17076,reduce,"FN: To acquire and exercise control over, metaphorically.",900,Conquering,86,reduzir,"FN: Adquirir e exercer controle sobre, metaforicamente.",117287
17077,overcome,"FN: to conquer or defeat in a conflict",900,Conquering,86,superar,"FN: conquistar ou derrotar em um conflito",134479
17086,dehydrate,"FN: to lose water",906,Becoming_dry,86,desidratar,"FN: perder água",126891
17089,attend,"FN: to be present at a given time and place",907,Attending,86,atender,"FN: estar presente em um determinado tempo e lugar",117280
17091,attendance,"FN: being present at an event",907,Attending,83,frequência,"FN: estar presente em um evento",6577
17093,leave,"FN: let remain in another place as abondoned",908,Abandonment,86,sair,"FN: deixe permanecer em outro lugar como abandonado",116884
34061,neglect,"To be irresponsible with a responsibility, to not give enough attention or care for something or someone.",908,Abandonment,86,negligência,"Ser irresponsável com uma responsabilidade, não dar atenção ou cuidado suficiente para algo ou alguém.",28575
17099,sponge,"FN: absorb",909,Soaking_up,86,espuma,"FN: absorver",21525
17100,offend,"FN: to cause the feeling of offense",910,Cause_emotion,86,ofender,"FN: causar o sentimento de ofensa",132210
17101,affront,"FN: treat rudely",910,Cause_emotion,86,enfrentar,"FN: tratar de maneira rude",120698
17104,offensive,"FN: Causing a feeling of offense",910,Cause_emotion,84,ofensivo,"FN: Causando um sentimento de ofensa",73571
17106,offense,"FN: the feeling or state caused by being offended",910,Cause_emotion,83,ofensa,"FN: o sentimento ou estado causado por ser ofendido",9211
17108,concern,"FN: cause the feeling of concern",910,Cause_emotion,86,preocupação,"FN: causar o sentimento de preocupação",9099
17109,"call name","FN: An Agent uses epithets to insult an Experiencer.",910,Cause_emotion,86,apelido,"FN: Um Agente usa epítetos para insultar um Experimentador.",13605
17110,joyful,"FN: full of joy",911,Emotions_by_stimulus,84,alegre,"FN: cheio de alegria",71085
17112,glad,"FN: happy and appreciative",911,Emotions_by_stimulus,84,feliz,"FN: feliz e apreciativo",73860
17113,unfulfilled,"FN: a feeling of not being fulfilled.",912,Emotions_success_or_failure,84,insatisfatório,"FN: um sentimento de não estar realizado.",73600
17115,dissatisfied,"FN: not feeling satisfaction",912,Emotions_success_or_failure,84,insatisfeito,"FN: não se sentir satisfeito",73779
17116,satisfied,"FN: characterized by feeling satisfaction",912,Emotions_success_or_failure,84,satisfeito,"FN: caracterizado por sentir satisfação",73783
17126,"wrapped up","FN: distracted and busy with",913,Mental_stimulus_exp_focus,84,embriagado,"FN: distraído e ocupado com",80514
17128,suspicious,"FN: the idea or impression that something or someone is of a questionable, dishonest, or dangerous nature.",913,Mental_stimulus_exp_focus,84,Suspeito,"FN: a ideia ou impressão de que algo ou alguém é de natureza questionável, desonesta ou perigosa.",74117
32783,curiously,"FN: strangely [marks a sentence from the speaker's viewpoint as Experiencer]",913,Mental_stimulus_exp_focus,89,curiosamente,"FN: estranhamente",139806
32784,interest,"FN: concern for the outcome of (a state of affairs or event)",913,Mental_stimulus_exp_focus,83,interesse,"FN: preocupação com o desfecho de (um estado de coisas ou evento)",6636
17129,delight,"FN: pleasure, joy",914,Emotions_of_mental_activity,83,alegria,"FN: prazer, alegria",11028
17130,enjoyment,"Fn: pleasure",914,Emotions_of_mental_activity,83,Alegria,"Fn: prazer",11028
17131,pleasure,"FN: joy, satisfaction",914,Emotions_of_mental_activity,83,prazer,"FN: alegria, satisfação",8887
17133,enjoy,"Fn: take pleasure in",914,Emotions_of_mental_activity,86,aproveitar,"Fn: tomar prazer em",117278
17135,savour,"FN: experience appreciatively",914,Emotions_of_mental_activity,86,Saborear,"FN: experiência apreciativamente",120966
17138,delight,"FN: to enjoy",914,Emotions_of_mental_activity,86,delícia,"FN: para desfrutar",8555
17142,enthralling,"FN: capturing the attention of",915,Mental_stimulus_stimulus_focus,84,Empolgante,"FN: capturando a atenção de",73552
17146,compassion,"FN: understanding and having awareness of another' s suffering",916,Others_situation_as_stimulus,83,Compaixão,"FN: compreensão e consciência do sofrimento de outra pessoa",7796
17147,empathize,"FN: understand another' s lot; feel another' s emotions as one' s own",916,Others_situation_as_stimulus,86,Empatia,"FN: compreender o lote de outra pessoa; sentir as emoções de outra como se fossem suas",8884
17148,sympathize,"FN: understand another' s feelings",916,Others_situation_as_stimulus,86,simpatizar,"FN: compreender os sentimentos de outra pessoa",120978
17150,feel,"FN: sympathize with another' s misfortune",916,Others_situation_as_stimulus,86,sentir,"Simpatizar com o infortúnio de outra pessoa",117323
17154,surprised,"FN: characterized as feeling taken by the occurence of something unexpected",918,Just_found_out,84,surpreso,"FN: caracterizado como se sentindo levado pelo acontecimento de algo inesperado",73825
17156,shock,"Fn: the state of surprise",918,Just_found_out,83,choque,"Fn: o estado de surpresa",17224
17157,surprise,"FN: the occurence of something unexpected",918,Just_found_out,83,surpresa,"FN: a ocorrência de algo inesperado",34099
17167,terror,"FN: a strong feeling of fear or worry",920,Fear,83,Terrorismo,"FN: um sentimento forte de medo ou preocupação",34625
17170,face,"FN: put oneself in the position to understand and being dealing with something unpleasant.",921,Confronting_problem,86,Rosto,"FN: colocar-se na posição de entender e lidar com algo desagradável.",11044
17171,confront,"FN: begin to try to handle a problem",921,Confronting_problem,86,confronto,"FN: comece a tentar lidar com um problema",17975
