idLU,lemmaName(en),senseDescription(en),idFrame,frameName,idPOS,lemmaName(pt),senseDescription(pt),idLemma(pt)
5908,totter,"FN: move in an unsteady way, such that the moving entity seems ready to fall over ",58,Self_motion,86,totter,"FN: mover de maneira instável, de modo que a entidade em movimento parece pronta para cair",
5909,traipse,"COD: walk or move wearily, reluctantly, or aimlessly.",58,Self_motion,86,"Andar de quatro","COD: caminhar ou mover-se com cansaço, relutância ou sem rumo.",
5910,tramp,"COD:  walk heavily or noisily.",58,Self_motion,86,passeador,"COD: caminhar fortemente ou barulhento.",
5914,troop,"COD: (of a group of people) come or go together or in large numbers.",58,Self_motion,86,tropa,"COD: (de um grupo de pessoas) vir ou ir junto ou em grande número.",
5915,trot,"FN: walk briskly",58,Self_motion,86,trot,"FN: andar com rapidez",
5917,trundle,"COD: move slowly and unevenly on or as if on wheels. ",58,Self_motion,86,trundles,"COD: move lentamente e de forma irregular, como se estivesse sobre rodas.",
5918,vault,"COD:  leap or spring while supporting or propelling oneself with the hands or a pole.",58,Self_motion,86,cofre,"COD: pular ou saltar enquanto se apoia ou impulsiona com as mãos ou um bastão.",
5919,waddle,"COD: walk with short steps and a clumsy swaying motion.",58,Self_motion,86,Waddle,"COD: andar com passos curtos e um movimento de balançar desajeitado.",
5925,slosh,"COD: move through liquid with a splashing sound",58,Self_motion,86,slosh,"COD: desliza através de líquidos com um som estalido",
5926,slop,"COD: wade through (a wet or muddy area)",58,Self_motion,86,Esguicha,"COD: vagar por (área molhada ou lamacenta)",
5928,goose-step,"FN: march with a military marching step in which the legs are not bent at the knee",58,Self_motion,86,"passo de ganso","FN: marchar com um passo militar em que as pernas não são dobradas no joelho",
5929,crawl,"COD: an act of crawling. ",58,Self_motion,83,rastejar,"COD: uma ação de rastejar.",
5931,sidle,"COD: walk in a furtive or stealthy manner, especially sideways or obliquely",58,Self_motion,86,Esguicha,"COD: andar de forma furtiva ou esgueirada, especialmente lateralmente ou oblicuamente",
5934,repair,"COD: go to (a place)",58,Self_motion,86,reparar,"COD: ir para (um lugar)",
5939,"make a beeline","COD: hurry directly to",58,Self_motion,86,"fazer um caminho direto","COD: apresse-se para",
5943,coast,"FN: (of a vehicle) move smoothly without using power",58,Self_motion,86,costa,"FN: (de um veículo) mover-se suavemente sem usar energia",
5948,nance,"FN: to move in a markedly effeminate fashion",58,Self_motion,86,nância,"FN: se mover de maneira notavelmente efeminada",
5950,edge,"FN: to move carefully along a perimeter",58,Self_motion,86,fronteira,"FN: se mover cuidadosamente ao longo de um perímetro",
5951,rove,"COD: travel constantly without a fixed destination; wander.",58,Self_motion,86,Rove,"COD: viajar constantemente sem um destino fixo; vaguear.",
5956,file,"FN: to move oneself in a line with others",58,Self_motion,86,arquivo,"FN: mover-se em uma linha com outros",
5957,"take to the air","FN: to begin to fly",58,Self_motion,86,"Levar ao ar","FN: começar a voar",
5961,enroute,"FN: currently traveling to",58,Self_motion,84,"em rota","FN: atualmente viajando para",
5962,press,"FN: move against pressure, esp. from a large number of people.",58,Self_motion,86,prensa,"FN: mover contra pressão, especialmente de um grande número de pessoas.",
5964,"en route","FN: currently traveling to.",58,Self_motion,89,"A caminho de","FN: atualmente viajando para.",
5965,ramble,"FN: a walk typically for pleasure",58,Self_motion,83,Desvario,"FN: uma caminhada tipicamente por prazer",
5967,hiker,"FN: a person involved in walking to enjoy the beauty of nature.",58,Self_motion,83,Caminhante,"FN: uma pessoa envolvida em caminhar para apreciar a beleza da natureza.",
30726,spring,"COD: move suddenly or rapidly upwards or forwards",58,Self_motion,86,primavera,"COD: move repentinamente ou rapidamente para cima ou para frente",
30905,barge,"COD: move forcefully or roughly",58,Self_motion,86,"barco de carga","COD: move com força ou de forma brusca",
34134,footwork,"The way a person moves their feet during a sport such as a fight.",58,Self_motion,83,footwork,"A forma como uma pessoa move os pés durante um esporte, como uma luta.",
5976,paddle,"COD: propel (a boat or canoe) with a paddle or paddles.",59,Operate_vehicle,86,paddles,"COD: Propel (um barco ou canoa) com uma pá ou pás.",
5977,parachute,"COD: drop or cause to drop by parachute.",59,Operate_vehicle,86,paraquedas,"COD: soltar ou causar que alguém solte por paraquedas.",
5980,raft,"COD: travel or transport on or as if on a raft",59,Operate_vehicle,86,rafta,"COD: viajar ou transportar em ou como se estivesse em uma balsa",
5983,sledge,"COD: ride or carry on a sledge",59,Operate_vehicle,86,Sledge,"COD: andar ou continuar em um trenó",
5986,toboggan,"COD: ride on a toboggan.",59,Operate_vehicle,86,Tobo-gã,"COD: andar em um trenó.",
5993,eavesdrop,"COD: secretly listen to a conversation",60,Perception_active,86,"escutar conversas alheias","COD: escutar secretamente uma conversa",
5997,glance,"COD: a brief or hurried look",60,Perception_active,83,"olhar rápido","COD: uma olhada rápida ou apressada",
5998,glance,"COD: take a brief or hurried look.",60,Perception_active,86,"olhar rápido","COD: dar uma olhada rápida ou apressada.",
5999,listen,"COD: give one' s attention to a sound; make an effort to hear something",60,Perception_active,86,ouça,"COD: dar atenção a um som; fazer esforço para ouvir algo",
6000,look,"COD: the act of directing one' s gaze in a specified direction",60,Perception_active,83,olhe,"COD: o ato de direcionar sua visão em uma direção especificada",
6003,observe,"COD: notice; perceive; watch intently",60,Perception_active,86,Observe,"COD: notar; perceber; observar atentamente",
6004,palpate,"COD: examine (a part of the body) by touch, especially for medical purposes.",60,Perception_active,86,palpate,"COD: examinar (uma parte do corpo) por toque, especialmente para fins médicos.",
