idLU,lemmaName(en),senseDescription(en),idFrame,frameName,idPOS,lemmaName(pt),senseDescription(pt),idLemma(pt)
25798,"pious person","a person who is beatified by the Catholic Church by great devotion.",524,People_by_vocation,83,"pessoa piedosa","Uma pessoa que é beatificada pela Igreja Católica por grande devoção.",
25802,"room cleaner","a professional responsible for cleaning and tidying the rooms in accommodation establishments such as hotels, inns etc.",524,People_by_vocation,83,"limpeza de quartos","A profissional responsável por limpar e organizar os quartos em estabelecimentos de hospedagem como hotéis, pousadas, etc.",
25803,cardinal,"a person who chooses and assists the Pope within the Catholic Church. It can usually come from any secular order, such as cardinal-bishop or cardinal-deacon.",524,People_by_vocation,83,cardinal,"Uma pessoa que escolhe e auxilia o Papa dentro da Igreja Católica. Geralmente pode vir de qualquer ordem secular, como cardeal-bispo ou cardeal-diácono.",
25804,"shop owner","a person who professionally markets a commodity.",524,People_by_vocation,83,"Proprietário de loja","Um pessoa que comercializa profissionalmente uma mercadoria.",
25806,stringer,"a person who reports news to newspapers, television or radio, usually from another country.",524,People_by_vocation,83,stringer,"Uma pessoa que relata notícias para jornais, televisão ou rádio, geralmente de outro país.",
25807,seamster,"a professional who creates clothes from molds and makes small repairs related to clothes.",524,People_by_vocation,83,marinhagem,"Um profissional que cria roupas de moldes e faz pequenos reparos relacionados a roupas.",
25808,gravedigger,"a professional who works in cemeteries, burying bodies at funerals.",524,People_by_vocation,83,"Caçador de túmulos","Um profissional que trabalha em cemitérios, enterrando corpos em funerais.",
25809,janitor,"a professional who takes care of cleaning and general care of a condominium or building.",524,People_by_vocation,83,zareguar,"Um profissional que cuida da limpeza e manutenção geral de um condomínio ou edifício.",
25811,"security guard","a person who is responsible for the safety of an individual, place or object.",524,People_by_vocation,83,"guarda de segurança","Uma pessoa responsável pela segurança de um indivíduo, local ou objeto.",
25812,"chief of police","a person responsible for the administration and management of a police station.",524,People_by_vocation,83,"chefe de polícia","Um responsável pela administração e gestão de uma delegacia de polícia.",
25813,commissioner,"a person responsible for the administration and management of a police station.",524,People_by_vocation,83,comissário,"Um responsável pela administração e gestão de uma delegacia de polícia.",
25816,nurse,"a professional in the area of health responsible for patient care and administration of medications and other professionals in the industry such as nursing technicians.",524,People_by_vocation,83,enfermeira,"Um profissional na área da saúde responsável pelo cuidado ao paciente e administração de medicamentos e outros profissionais da indústria como técnicos de enfermagem.",
25817,book-keeper,"a person employed in an office or bank to keep records or accounts and to take on other routine administrative functions.",524,People_by_vocation,83,contabilista,"um funcionário de escritório ou banco encarregado de manter registros ou contas e de realizar outras funções administrativas rotineiras.",
25818,househusband,"a man who manages his home, his own family, as a primary occupation.",524,People_by_vocation,83,marido-casa,"Um homem que administra sua casa, sua própria família, como ocupação primária.",
25820,aestheticist,"a professional that performs skin cleaning and other aesthetic procedures.",524,People_by_vocation,83,estético,"A profissional que realiza limpeza de pele e outros procedimentos estéticos.",
25824,cleaner,"a self-employed professional in charge of the periodical or sporadic cleaning of a domicile or building of any nature.",524,People_by_vocation,83,limpezinha,"Um profissional autônomo responsável pela limpeza periódica ou eventual de uma residência ou edifício de qualquer natureza.",
25827,nun,"a woman who chooses to live solely for religious services far from society, usually in monasteries. He surrenders to carnal desires.",524,People_by_vocation,83,agora,"Uma mulher que escolhe viver somente para serviços religiosos longe da sociedade, geralmente em mosteiros. Ele se rende aos desejos carnais.",
25828,"gasoline pump attendant","a professional who works at gas stations fueling vehicles.",524,People_by_vocation,83,"Atendente de bomba de gasolina","Um profissional que trabalha em postos de gasolina abastecendo veículos.",
25829,"petrol pump attendant","a professional who works at gas stations fueling vehicles.",524,People_by_vocation,83,"atendente de bomba de gasolina","Um profissional que trabalha em postos de gasolina abastecendo veículos.",
25833,juggler,"a person who performs acts of extreme dexterity to entertain the public.",524,People_by_vocation,83,Alegre-se!,"Uma pessoa que realiza atos de extrema destreza para entreter o público.",
25834,valet,"a person who parks, moves or positions the vehicle to the right place.",524,People_by_vocation,83,valet,"Uma pessoa que estaciona, move ou posiciona o veículo no lugar certo.",
25835,"stretcher bearer","a person who carries a stretcher.",524,People_by_vocation,83,"portador de maca","uma pessoa que carrega uma maca.",
25836,machinist,"an operator or driver of machinery, locomotives, trains and steamships.",524,People_by_vocation,83,"mecânico de máquinas operatrizes","Um operador ou condutor de máquinas, locomotivas, trens e navios a vapor.",
25838,diver,"a person who dives for leisure or professionally.",524,People_by_vocation,83,diver,"Um mergulhador, seja por lazer ou profissionalmente.",
25840,monk,"a person devoted to monastic and clausural life.",524,People_by_vocation,83,monk,"Uma pessoa dedicada à vida monástica e contemplativa.",
25847,skydiver,"a person who jumps in a parachute whether for leisure or professionally.",524,People_by_vocation,83,pulsante,"Uma pessoa que salta de paraquedas, seja por lazer ou profissionalmente.",
25849,presbitery,"the eldest of a congregation that uses their knowledge to aid in religious work.",524,People_by_vocation,83,presbiteriano,"o mais velho de uma congregação que utiliza seu conhecimento para ajudar no trabalho religioso.",
25852,clergyman,"a man appointed to minister in the church.",524,People_by_vocation,83,clérigo,"Um homem nomeado para servir na igreja.",
27953,academician,"a person who acts as a science professional, from academia.",524,People_by_vocation,83,academiciano,"Uma pessoa que age como um profissional da ciência, de uma instituição acadêmica.",
27958,housekeeper,"a person who performs housework in a house.",524,People_by_vocation,83,"empregada doméstica","uma pessoa que executa tarefas domésticas numa casa.",
27959,housemaid,"a person who performs housework in a house.",524,People_by_vocation,83,"empregada doméstica","uma pessoa que executa tarefas domésticas em uma casa.",
27961,"dance teacher","a professional specialized in teaching dance.",524,People_by_vocation,83,"professor de dança","Um profissional especializado em ensinar dança.",
27962,astrologer,"a person who works with astrology.",524,People_by_vocation,83,astrologista,"Uma pessoa que trabalha com astrologia.",
27969,"factory worker","a person who works in a factory.",524,People_by_vocation,83,"trabalhador de fábrica","Uma pessoa que trabalha numa fábrica.",
27972,mayor,"a person who is the head of the administrative sector of a city.",524,People_by_vocation,83,maior,"Uma pessoa que é a cabeça do setor administrativo de uma cidade.",
27973,secretary,"a person who works on document management, meeting schedules, assisting a person.",524,People_by_vocation,83,secretária,"Uma pessoa que trabalha com gerenciamento de documentos, cronograma de reuniões e assistência a uma pessoa.",
27974,"emergency physician","a doctor who provides first aid in an emergency situation.",524,People_by_vocation,83,"médico de emergência","Um médico que fornece primeiros socorros em uma situação de emergência.",
27976,"taxi driver","a person who works driving a taxi.",524,People_by_vocation,83,"taxi driver","Uma pessoa que trabalha dirigindo um táxi.",
30881,"plain-clothes man","FN: a law enforcement officer wearing plain (not police uniform) clothing.",524,People_by_vocation,83,"homem de terno","FN: um agente de aplicação da lei vestindo roupas comuns (não fardadas).",
30896,manservant,"a male who is employed to do tasks (such as household chores) for someone else.",524,People_by_vocation,83,manservante,"Um homem empregado para realizar tarefas (como tarefas domésticas) para outra pessoa.",
30910,homemaker,"FN: a person who manages the household of his/her own family, esp. as a principal occupation",524,People_by_vocation,83,"donha de casa","FN: uma pessoa que administra o lar de sua própria família, especialmente como principal ocupação",
31154,bidder,"a person or organization making a formal offer for something, especially at an auction.",524,People_by_vocation,83,licitante,"Uma pessoa ou organização que faz uma oferta formal por algo, especialmente em leilão.",
31155,"ball boy","ball catcher when these balls leave the field. In clubs and sports establishments, employee responsible for the balls.",524,People_by_vocation,83,"boy de bola","Apanhador de bolas quando essas bolas deixam o campo. Em clubes e estabelecimentos esportivos, funcionário responsável pelas bolas.",
31156,"ball girl","ball catcher when these balls leave the field. In clubs and sports establishments, employee responsible for the balls.",524,People_by_vocation,83,"garota de bola","apanhador de bolas quando essas bolas deixam o campo. Em clubes e estabelecimentos esportivos, funcionário responsável pelas bolas.",
31157,bagpiper,"someone who plays the bagpipe.",524,People_by_vocation,83,Bagpiper,"Alguém que toca gaita de foles.",
31158,prospector,"person who searches for oil, gas or other things in the ground.",524,People_by_vocation,83,prospectador,"Uma pessoa que procura petróleo, gás ou outras coisas no subsolo.",
31160,miner,"a person who works in a mine.",524,People_by_vocation,83,miner,"Uma pessoa que trabalha em uma mina.",
33902,railman,"train worker.",524,People_by_vocation,83,railman,"treinador de trabalhadores.",
34436,"middle man","Someone who negotiates, or makes the bridge between to organizations.",524,People_by_vocation,83,intermediário,"Alguém que negocia ou faz a ponte entre duas organizações.",
34447,hawker,"A person who sells food pushing a cart through the streets.",524,People_by_vocation,83,"vendedor ambulante","Uma pessoa que vende comida empurrando um carrinho pelas ruas.",
34880,ghillie,"A popular scottish occupation that takes care of land for rich people.",524,People_by_vocation,83,ghillie,"A ocupação escocesa popular que cuida da terra para as pessoas ricas.",
