idLU,lemmaName(en),senseDescription(en),idFrame,frameName,idPOS,lemmaName(pt),senseDescription(pt),idLemma(pt)
18137,use,"COD: the action of using or state of being use; a purpose or way in which something can be used.",1145,Tool_purpose,83,utilize,"COD: a ação de usar ou estado de ser usado; um propósito ou modo pelo qual algo pode ser usado.",
18141,manifest,"To present as",1146,Condition_symptom_relation,83,manifestar,"Apresentar como",
18145,asymptomatic,"not having symptoms",1146,Condition_symptom_relation,84,Asintomático,"não apresentar sintomas",
18149,mimic,"to take on a familiar appearance",1146,Condition_symptom_relation,86,imitador,"adotar uma aparência familiar",
18153,link,"to connect",1146,Condition_symptom_relation,86,link,conectar-se,
18155,relate,"often seen with",1146,Condition_symptom_relation,86,relate,"frequentemente visto com",
18157,"due to","because of",1146,Condition_symptom_relation,90,"devido a","por causa de",
18161,induce,"started by",1146,Condition_symptom_relation,86,induzir,"começou por",
18167,uncommon,"not usual",1146,Condition_symptom_relation,84,incomum,incomum,
18172,damage,"to hurt",1146,Condition_symptom_relation,86,dano,doer,
18173,occur,"happens when",1146,Condition_symptom_relation,86,ocorrir,"acontece quando",
18174,observe,"to witness
",1146,Condition_symptom_relation,86,Observe,testemunhar,
18180,formula,"COD: a mathematical relationship or rule expressed in symbols.",1147,Mathematical_relationship,83,fórmula,"COD: uma relação ou regra matemática expressa em símbolos.",
33750,faint,"Not strong, with low intensity.",1148,Judgment_of_intensity,84,faint,"Não forte, com baixa intensidade.",
33763,lightest,"Faint, something that manifests with low intensity.",1148,Judgment_of_intensity,84,"mais leve","Falta, algo que se manifesta com intensidade baixa.",
30925,beneficial,"FN: bringing about improvement.",1149,Cause_benefit_or_detriment,84,beneficioso,"FN: trazendo sobre melhoria.",
30926,detriment,"FN: situation involving a worsening of condition.",1149,Cause_benefit_or_detriment,83,detrimento,"FN: situação envolvendo um agravamento do estado.",
30927,detrimental,"FN: bringing about a situation which is less preferable, often involving injury or harm.",1149,Cause_benefit_or_detriment,84,detrimental,"FN: trazendo sobre uma situação menos preferível, muitas vezes envolvendo lesão ou dano.",
18187,austere,"FN: Of a simple, unadorned design.",1150,Gradable_artistic_quality,84,austero,"FN: De um design simples e sem adornos.",
18189,busy,"FN: Complex; cluttered; multifaceted",1150,Gradable_artistic_quality,84,ocupado,"FN: Complexo; lotado; multifacetado",
18190,cluttered,"FN: filled with items while lacking any discernible sense of organization or structure",1150,Gradable_artistic_quality,84,desordenado,"FN: cheio de itens, mas sem qualquer senso aparente de organização ou estrutura",
18196,potent,"FN: Having a large amount of a salient ingredient",1152,Chemical_potency,84,potente,"FN: Ter uma grande quantidade de um ingrediente saliente",
18197,stiff,"FN: Potent; almost exclusively used with alcoholic beverages.",1152,Chemical_potency,84,estrito,"FN: Potente; usado quase exclusivamente com bebidas alcoólicas.",
34289,psychoactive,"The effect a drug has in one's mind.",1152,Chemical_potency,84,psicotrópico,"O efeito que uma droga tem na mente de alguém.",
18202,forewarn,"FN: warn, give advance notice of the possibility of an undesirable event.",1153,Warning,86,antecipar,"FN: avisar, dar aviso prévio da possibilidade de um evento indesejável.",
18214,passcard,"FN: A physical card that allows access to a location or function.",1156,Key,83,passcard,"FN: Um cartão físico que permite o acesso a um local ou função.",
18215,keycard,"FN: A physical card that allows access to a location or function; a passcard.",1156,Key,83,cartão-chave,"FN: Um cartão físico que permite acesso a um local ou função; um passcard.",
18216,increase,"to raise
",1157,Biological_mechanisms,86,aumento,"to raise",
18218,stimulate,"to make more active",1157,Biological_mechanisms,86,stimulus,"para tornar mais ativo",
18220,catalyze,"to increase the rate of a chemical reaction",1157,Biological_mechanisms,86,catalisar,"aumentar a taxa de uma reação química",
18223,use,"FN: To behave toward someone in a negative fashion further described by a required, instantiated manner. (Archaic)",1158,Treating_and_mistreating,86,utilize,"FN: Comportar-se de forma negativa em relação a alguém, descrita mais detalhadamente por um modo exigido e instanciado. (Arcaico)",
18224,lend,"FN: to give somebody something temporarily",1160,Lending,86,empreste,"FN: dar algo temporariamente a alguém",
18225,loan,"FN: to give someone something temporarily",1160,Lending,86,empréstimo,"FN: dar algo temporariamente a alguém",
18226,loan,"FN: an entity, usually money, given to somebody only temporarily",1160,Lending,83,empréstimo,"FN: uma entidade, geralmente dinheiro, dada a alguém apenas temporariamente",
18233,douse,"FN: Extinguish (a fire) by pouring nonflammable fluid ",1166,Putting_out_fire,86,Dúse,"FN: Apagar (um fogo) derramando um fluido não inflamável",
