idLU,lemmaName(en),senseDescription(en),idFrame,frameName,idPOS,lemmaName(pt),senseDescription(pt),idLemma(pt)
23835,"food truck","a large vehicle equipped to cook and sell food.",1253,Dining,83,"Caminhão de comida","Um grande veículo equipado para cozinhar e vender comida.",
23838,"burger shop","a comercial establishment specialized in selling sandwiches and hamburgers.",1253,Dining,83,"burger shop","uma estabelecimento comercial especializada em vender sanduíches e hambúrgueres.",
23875,"fish and pay lake","it is a place used for recreational fishing, subsistence or competition. People can fish, sell and eat in these places.",1253,Dining,83,"peixe e pagar lago","É um lugar usado para pesca recreativa, subsistência ou competição. As pessoas podem pescar, vender e comer nesses lugares.",
23876,"fish and pay pond","it is a place used for recreational fishing, subsistence or competition. People can fish, sell and eat in these places.",1253,Dining,83,"Piscina de peixes e pagamento","É um lugar usado para pesca recreativa, subsistência ou competição. As pessoas podem pescar, vender e comer nesses lugares.",
23881,"temaki shop","it is the establishment that sells temaki and sushi, eastern types of food.",1253,Dining,83,"Temaki Shop","É o estabelecimento que vende temaki e sushi, tipos de comida oriental.",
23883,"tacaca shop","the establishment that sells tacacá, a Brazilian type of dish.",1253,Dining,83,"Loja de tacos","A instituição que vende tacacá, um tipo de prato brasileiro.",
23886,"açaí shop","food shop specialized in selling açaí smoothies and juices.",1253,Dining,83,"Loja de açaí","loja de alimentos especializada em vender batidos e sucos de açaí.",
24595,tavern,"an establishment that sells alcoholic drinks.",1253,Dining,83,taverna,"um estabelecimento que vende bebidas alcoólicas.",
25255,"self-service restaurant","kind of  restaurant where the costumers serve themselves.",1253,Dining,83,"Restaurante de autoatendimento","Tipo de restaurante onde os clientes servem a si mesmos.",
25256,"rodizio restaurant","restaurant where different dishes are offered to the customers, generally the waiters do not repeat the dishes while offering them.",1253,Dining,83,"Restaurante de rodízio","restaurante onde diferentes pratos são oferecidos aos clientes, geralmente os garçons não repetem os pratos enquanto oferecem.",
25265,booth,"temporary construction of light materials, where food and drinks are sold.",1253,Dining,83,"banco de atendimento","construção temporária de materiais leves, onde alimentos e bebidas são vendidos.",
25270,"vegetarian restaurant","an establishment that serves foods prepared according to vegetarian standards, and therefore does not include meat.",1253,Dining,83,"restaurante vegetariano","Um estabelecimento que serve alimentos preparados de acordo com padrões vegetarianos e, portanto, não inclui carne.",
3458,"tour package","a tour arranged by a travel agent.",1255,Touristic_service,83,"pacote de turismo","Uma excursão organizada por um agente de viagens.",
22103,"petit dejeuner","breakfast is the first meal taken after rising from a nights sleep, most often eaten in the early morning before undertaking the days work.",1255,Touristic_service,83,pequeno-almoço,"O café da manhã é a primeira refeição tomada após acordar de uma noite de sono, geralmente comida pela manhã cedo antes de iniciar o trabalho do dia.",
22105,supper,"A meal that is eaten in the late afternoon or evening daily.;A snack consisting of tea, scones, jam and cream that is eaten in the early or mid afternoon.;A light midafternoon meal of tea and sandwiches or cakes;",1255,Touristic_service,83,Supper,"Uma refeição que é comida no final da tarde ou noite diariamente.

Um lanche consistente em chá, bolinhos, geleia e creme que é comido no início ou meio da tarde.

Uma refeição leve do meio-dia de chá e sanduíches ou bolos;",
22109,repast,"The food served and eaten at one time;",1255,Touristic_service,83,Repasto,"A comida servida e comida de uma só vez;",
24569,"enjoy the use of","to offer products, facilities or services to the tourist.",1255,Touristic_service,86,"aproveite o uso de","oferecer produtos, instalações ou serviços ao turista.",
24572,"full board","it is the service offered by an accommodation that consists of a room and all meals of the day.",1255,Touristic_service,83,"plena tábua","É o serviço oferecido por uma acomodação que consiste em um quarto e todas as refeições do dia.",
24575,transfer,"transport service between one point and another, generally a transport structure and accommodation.",1255,Touristic_service,83,transferir,"Serviço de transporte entre um ponto e outro, geralmente uma estrutura de transporte e hospedagem.",
24576,"city tour","a guided tour around a city.",1255,Touristic_service,83,"tour pela cidade","Uma visita guiada por uma cidade.",
21314,mishappening,"An accident or a mishap is an accident and unplanned event or circumstance, often with lack of intention or necessity.;",1258,Accident,83,Desacordo,"Um acidente ou um contratempo é um evento ou circunstância não planejada e inesperada, muitas vezes sem intenção ou necessidade.",
21316,mishap,"An undesirable event such as an accident.;An undesirable event such as an accident;Unnecessary and unforeseen trouble resulting from an unfortunate event;",1258,Accident,83,Desgraça,"Um evento indesejado como um acidente; Um evento indesejado como um acidente; Problemas desnecessários e inesperados resultantes de um evento infeliz;",
21317,crash,"An instance of misfortune;An accidental mishap or misfortune.;",1258,Accident,83,crash,"Um exemplo de infortúnio; Um acidente ou infortúnio acidental;",
19891,"artistic handcraft",,1259,Tourist_activities,83,"artístico artesanal",,
21605,"zip wire","A zip-line consists of a pulley suspended on a cable, usually made of stainless steel, mounted on an incline.;",1259,Tourist_activities,83,"fio de prumo","A tirolesa consiste em uma polia suspensa em um cabo, geralmente feito de aço inoxidável, montada em uma inclinação.",
25288,"tree climbling","leisure activity linked to nature, such as climbing, balance in ropes, among others.",1259,Tourist_activities,83,"escalada em árvores","Atividade de lazer ligada à natureza, como escalada, equilíbrio em cordas, entre outras.",
25289,bathe,"diving on the beach or river, moment of distraction.",1259,Tourist_activities,86,Banhe,"Nadar na praia ou no rio, momento de distração.",
25294,snooker,"board game, balls and taco, considered variety of English billiards.",1259,Tourist_activities,83,Snooker,"jogo de tabuleiro, bolas e taco, considerado uma variedade de bilhar inglês.",
1025,"coaching staff","a group of professionals composed by coaches, physical trainers and doctors who help the coach and accompany the team.",1260,Coaching_staff,83,"staff de treinamento","Um grupo de profissionais composto por treinadores, preparadores físicos e médicos que auxiliam o treinador e acompanham a equipe.",
1027,"fitness trainer","a professional responsible for conducting the player's fitness training program.",1260,Coaching_staff,83,"treinador de fitness","Um profissional responsável pela condução do programa de treinamento físico do jogador.",
3070,conditioner,"a professional who trains athletes.",1260,Coaching_staff,83,condicionador,"Um profissional que treina atletas.",
3073,handler,"a professional in charge of training an athlete or a team.",1260,Coaching_staff,83,Manipulador,"Um profissional responsável por treinar um atleta ou uma equipe.",
21653,vet,"a professional who works in a broad sense with the prevention and cure of animal diseases in a medical context. It is an important element in sports such as horseback riding.",1260,Coaching_staff,83,vet,"Um profissional que trabalha em um sentido amplo com a prevenção e cura de doenças animais em um contexto médico. É um elemento importante em esportes como o hipismo.",
27756,"assistant coach","a professional responsible for assisting the coach in the training program of the athletes, monitoring their performance and replacing the official coach in situations that are necessary.",1260,Coaching_staff,83,"assistente técnico","Um profissional responsável por auxiliar o treinador no programa de treinamento dos atletas, monitorando seu desempenho e substituindo o treinador oficial em situações que são necessárias.",
27758,"equipment manager","a professional responsible for supervising, preparing and organizing all uniforms, sports equipment of the sports team, and organizing the team locker room before a match.",1260,Coaching_staff,83,"gerente de equipamentos","Responsável profissional por supervisionar, preparar e organizar todos os uniformes e equipamentos esportivos da equipe esportiva, além de organizar o vestiário da equipe antes de uma partida.",
27759,"goalkeeper coach","a professional responsible for preparing goalkeepers at a sports event.",1260,Coaching_staff,83,"treinador de goleiros","Um profissional responsável por preparar goleiros em um evento esportivo.",
27760,"goalkeeping coach","a professional responsible for preparing goalkeepers at a sports event.",1260,Coaching_staff,83,"treinador de goleiros","Um profissional responsável por preparar goleiros em um evento esportivo.",
27762,scout,"a professional responsible for discovering new potential athletes and watching the rival teams in order to help their team develop better strategies.",1260,Coaching_staff,83,Escute,"Um profissional responsável por descobrir novos atletas em potencial e observar as equipes rivais a fim de ajudar sua equipe a desenvolver estratégias melhores.",
27764,cook,"a professional responsible for cooking for a sports team.",1260,Coaching_staff,83,cozinhar,"Um profissional responsável por cozinhar para uma equipe esportiva.",
27766,"security officer","a professional responsible for ensuring the safety of members of the technical team and athletes of a sports team.",1260,Coaching_staff,83,"guarda de segurança","Uma profissional responsável por garantir a segurança de membros da equipe técnica e atletas de uma equipe esportiva.",
27767,"security guard","a professional responsible for ensuring the safety of members of the technical team and athletes of a sports team.",1260,Coaching_staff,83,"guarda de segurança","Uma profissional responsável por garantir a segurança dos membros da equipe técnica e atletas de uma equipe esportiva.",
27771,"performance coach","a professional responsible for analyzing the performance of the sports team itself.",1260,Coaching_staff,83,"coach de desempenho","Um profissional responsável por analisar o desempenho da própria equipe esportiva.",
1031,booking,"the reservation of a service",1263,Tourist_service_reserve,83,reservar,"a reserva de um serviço",
1032,reservation,"the act of booking a service",1263,Tourist_service_reserve,83,reservação,"a reserva de um serviço",
