idLU,lemmaName(en),senseDescription(en),idFrame,frameName,idPOS,lemmaName(pt),senseDescription(pt),idLemma(pt)
16808,today,"COD: at the present period of time; nowadays.",840,Temporal_collocation,83,Hoje,"COD: no presente período de tempo; atualmente.",6556
16822,newly,"FN: happening very recently",840,Temporal_collocation,89,novamente,"FN: acontecendo muito recentemente",141662
31005,"as of","FN: identifies the Landmark FE",840,Temporal_collocation,90,"a partir de","FN: identifica o Landmark FE",146586
16843,aim,"COD: point (a weapon or camera) at a target.",843,Aiming,86,objetivo,"COD: apontar (uma arma ou câmera) para um alvo.",6
16844,target,"COD: select as an object of attention or attack.",843,Aiming,86,alvo,"COD: selecionar como objeto de atenção ou ataque.",7
16845,aim,"COD: the aiming of a weapon or missile.",843,Aiming,83,objetivo,"COD: o objetivo de uma arma ou míssil.",6
16847,target,"COD: a person, object, or place selected as the aim of an attack.",843,Aiming,83,alvo,"COD: uma pessoa, objeto ou lugar selecionado como o objetivo de um ataque.",7
16848,direct,"COD: aim (something) in a particular direction.",843,Aiming,86,direto,"COD: apontar (algo) em uma direção específica.",1051
16849,hit,"COD: strike (a target).",844,Hit_or_miss,86,acertar,"COD: acertar (o alvo).",117230
16858,accurate,"COD: capable of or successful in reaching the intended target",845,Accuracy,84,preciso,"COD: capaz de ou bem-sucedido em atingir o alvo pretendido",73656
16866,precise,"COD: marked by exactness and accuracy of expression or detail.",845,Accuracy,84,preciso,"COD: marcado por exatidão e precisão de expressão ou detalhe.",73656
16875,lively,"COD: full of life, energy, or activity.",846,Lively_place,84,Alegre,"COD: cheio de vida, energia ou atividade.",71085
16880,buzz,"COD: have an air of excitement or purposeful activity.",846,Lively_place,86,zumbido,"COD: tem um ar de empolgação ou atividade com propósito.",36522
16883,proliferation,"FN: the act of increasing the number of something by an undiscolsed means.",847,Cause_proliferation_in_number,83,proliferação,"FN: o ato de aumentar a quantidade de algo por um meio não especificado.",31007
16888,past,"COD: a person' s or thing' s history or earlier life.",848,Individual_history,83,passado,"COD: a história ou vida anterior de uma pessoa ou coisa.",10997
16891,tourist,"COD: a person who travels for pleasure.",849,Touring,83,turista,"COD: uma pessoa que viaja por prazer.",1
25421,camp,"to live temporarily in a tent or a campground.",849,Touring,86,acampamento,"Viver temporariamente em uma tenda ou acampamento.",7362
25427,know,"to perceive or aknoledge something.",849,Touring,86,saber,"perceber ou reconhecer algo.",117281
25433,stop,"to end moviment.",849,Touring,86,parar,"para acabar com o movimento",116969
25437,passenger,"a person who is travelling in a vehicle but not operating it.",849,Touring,83,passageiro,"Uma pessoa que está viajando em um veículo, mas não o está dirigindo.",9564
