idLU,lemmaName(en),senseDescription(en),idFrame,frameName,idPOS,lemmaName(pt),senseDescription(pt),idLemma(pt)
15257,working,"FN: functional.",586,Being_operational,84,Trabalhando,"FN: funcional.",
15258,downed,"FN: nonfunctional (of a vehicle especially).",586,Being_operational,84,abaixo,"FN: não funcional (de um veículo especialmente).",
15259,"in order","FN:  in a state of being functional",586,Being_operational,84,"a fim de","FN: em um estado de ser funcional",
15263,doff,"COD: remove (an item of clothing, especially a hat).",587,Undressing,86,Desfazer-se,"COD: remover (uma peça de roupa, especialmente um chapéu).",
15269,"peel off","FN: to remove (clothing which is snug against the body)",587,Undressing,86,Descasque,"FN: para remover (roupas que ficam justas contra o corpo)",
15272,shed,"FN: take off (clothing)",587,Undressing,86,esvaziado,"FN: tirar",
15273,"strip off","FN: take off (clothing), generally rendering the wearer saliently underattired.",587,Undressing,86,despir-se,"FN: tirar a roupa (roupa), geralmente deixando o usuário visivelmente de roupas mínimas.",
15274,"throw off","FN: remove (clothing) quickly.",587,Undressing,86,desencaixar,"FN: retire (roupa) rapidamente.",
15278,"slip on","FN: put on (clothing) gracefully or sensuously.",588,Dressing,86,derrapagem,"FN: vestir-se graciosamente ou sensualmente.",
15281,"dress up","COD:  dress in smart or formal clothes, or in a special costume.",588,Dressing,86,vestir-se,"COD: vestir-se de forma elegante ou formal, ou em um figurino especial.",
15283,"throw on","FN: put on (clothing) quickly.",588,Dressing,86,"lançar sobre","FN: vestir rapidamente (roupas).",
15284,remember,"FN: to recall a fact to the mind",589,Remembering_information,86,lembre-se,"FN: lembrar um fato à mente",
15285,forget,"FN: be unable to remember a fact",589,Remembering_information,86,Esqueça.,"FN: não conseguir lembrar de um fato",
15286,"draw blank","FN: fail to remember",589,Remembering_information,86,"desenhar em branco","FN: falha em lembrar",
15287,remember,"COD: keep (something necessary or advisable) in mind.",590,Remembering_to_do,86,lembre-se,"COD: mantenha (algo necessário ou aconselhável) em mente.",
15289,remember,"FN: think of a past experience ",591,Remembering_experience,86,lembre-se,"Pense em uma experiência passada",
15290,forget,"COD: fail to remember",591,Remembering_experience,86,Esqueça.,"COD: falha em lembrar",
15292,recall,"COD: remember",591,Remembering_experience,86,reclamações,Lembre-se,
15293,"look back","FN: call to mind a past experience",591,Remembering_experience,86,"olhar para trás","FN: evocar uma experiência passada",
15294,reminisce,"FN: be engaged in enjoyable recollection of past events.",591,Remembering_experience,86,reminiscir,"FN: estar envolvido em recordação agradável de eventos passados.",
15298,verification,"COD: the process of verifying.",592,Verification,83,verificação,"COD: o processo de verificação.",
15300,verifiable,"FN: able to be verified",592,Verification,84,verificável,"FN: capaz de ser verificado",
15301,substantiate,"COD: provide evidence to support or prove the truth of.",592,Verification,86,substantiar,"COD: fornecer evidências para apoiar ou provar a verdade de.",
15302,"make sure","COD: confirm or ensure.",592,Verification,86,"tenha certeza","COD: confirmar ou garantir.",
15304,unconfirmed,"FN: not yet validated.",592,Verification,84,"Não confirmado","FN: ainda não validado.",
15312,namesake,"COD: a  person or thing that has the same name as another.",595,Namesake,83,nomeado,"COD: uma pessoa ou coisa que tem o mesmo nome de outra.",
15313,eponymous,"FN: being an eponym of",595,Namesake,84,epígrafo,"FN: ser um eponímo de",
15314,address,"FN: begin a conversational turn by referring to one' s interlocutor",596,Referring_by_name,86,endereço,"FN: iniciar uma conversa referindo-se ao interlocutor",
15316,refer,"to designate a person with a name or title.",596,Referring_by_name,86,refer,"designar uma pessoa com um nome ou título.",
15319,term,"COD: a word or phrase used to describe a thing or to express a concept",597,Simple_name,83,termos,"COD: uma palavra ou frase usada para descrever um objeto ou expressar um conceito",
15323,inspect,"COD: look at closely",599,Inspecting,86,inspectar,"COD: olhe de perto",
15324,proof-read,"COD: read (printer' s proofs or other material) and mark any errors",599,Inspecting,86,"Revisão de texto","COD: ler (provas de impressora ou outro material) e marcar quaisquer erros",
15325,frisk,"COD: (of a police officer or official) pass the hands over (someone) in a search for hidden weapons or drugs.",599,Inspecting,86,frisk,"COD: (de um policial ou oficial) passar as mãos sobre (alguém) em busca de armas ou drogas escondidas.",
15328,double-check,"COD: check again.",599,Inspecting,86,rever,"COD: verifique novamente.",
15329,examine,"COD: inspect closely to determine the nature or condition of; investigate thoroughly",599,Inspecting,86,examine,"COD: inspecionar de perto para determinar a natureza ou condição de; investigar profundamente",
15330,"pat down","FN: to tap with the hand over a person' s body in search of unwanted things carried ",599,Inspecting,86,"apontar para baixo","FN: bater com a mão no corpo de uma pessoa em busca de coisas indesejadas levadas",
15333,comb,"COD: search carefully and systematically.",600,Scouring,86,escova,"COD: procure cuidadosamente e sistematicamente.",
15334,ransack,"COD: thoroughly search.",600,Scouring,86,saquear,"COD: procure exaustivamente.",
15335,sift,"COD: examine thoroughly so as to isolate that which is important or useful.",600,Scouring,86,sifrar,"COD: examinar profundamente para isolar o que é importante ou útil.",
15338,rummage,"FN: to make a thorough but untidy search through",600,Scouring,86,Rastejar,"FN: fazer uma busca minuciosa mas desarrumada de",
15339,rifle,"FN: search thoroughly and vigorously.",600,Scouring,86,rifle,"FN: procurar de forma minuciosa e vigorosa.",
15341,dull,"FN: lacking sharpness.",601,Sharpness,84,tédio,"FN: falta de nitidez.",
15342,blunt,"COD: lacking a sharp edge or point.",601,Sharpness,84,bruta,"COD: sem ponta ou borda afiada.",
15345,blunt,"FN: to make or cause to be less sharp.",603,Cause_to_be_sharp,86,bruta,"FN: afiar ou tornar menos afiado.",
15348,flight-test,"COD: to test while in flight",604,Operational_testing,86,"teste de voo","COD: para testar durante o voo",
15349,crash-test,"COD: deliberately crash (a new vehicle) under controlled conditions in order to evaluate and improve its ability to withstand impact",604,Operational_testing,86,"teste de choque","COD: colidir deliberadamente um (novo veículo) sob condições controladas para avaliar e melhorar sua capacidade de suportar o impacto",
15351,flight-testing,"FN: the act of testing the functioning of something while it is in flight",604,Operational_testing,83,"teste de voo","FN: o ato de testar o funcionamento de algo enquanto está em voo",
15352,"flight test","COD: a flight of an aircraft or rocket to test its functioning.",604,Operational_testing,83,"teste de voo","COD: um voo de um avião ou foguete para testar seu funcionamento.",
15353,"flight test","COD: to test while in flight",604,Operational_testing,86,"teste de voo","COD: para testar durante o voo",
15361,meet,"FN: to respond to (something)",605,Response,86,encontrar-se,"FN: responder a (algo)",
