idLU,lemmaName(en),senseDescription(en),idFrame,frameName,idPOS,lemmaName(pt),senseDescription(pt),idLemma(pt)
6604,antecedent,"FN: preceding in time.",75,Relative_time,84,antecedente,"FN: anterior no tempo.",
6606,early,"COD: before the usual or expected time. ",75,Relative_time,84,cedo,"COD: antes do horário normal ou esperado.",
6609,following,"COD: next in time or order. ",75,Relative_time,84,"a seguir","COD: próximo no tempo ou na ordem.",
6610,late,"COD: acting, arriving, or happening after the expected or usual time. ",75,Relative_time,84,tarde,"COD: após o tempo esperado ou habitual, agindo, chegando ou acontecendo.",
6612,overdue,"COD: past the time when due. ",75,Relative_time,84,Vencido,"COD: depois do tempo devido.",
6613,precede,"COD: come or go before in time, order, or position. ",75,Relative_time,86,Precede,"COD: antes do tempo, ordem ou posição.",
6615,predate,"COD: exist or occur at a date earlier than. ",75,Relative_time,86,predar,"COD: existe ou ocorre em uma data anterior a.",
6616,premature,"COD: occurring or done before the proper time. ",75,Relative_time,84,prematuro,"COD: ocorrendo ou feito antes do tempo adequado.",
6618,prior,"COD: existing or coming before in time, order, or importance. ",75,Relative_time,84,prior,"COD: existente ou que vem antes no tempo, ordem ou importância.",
6619,punctual,"COD: happening or doing something at the appointed time. ",75,Relative_time,84,Puntual,"COD: acontecendo ou fazendo algo no horário marcado.",
6622,"come on heels","FN: follow soon after",75,Relative_time,86,"Vamos lá!","Acompanhar logo depois",
6625,later,"COD: at a time in the near future; afterwards.",75,Relative_time,89,"mais tarde","COD: num momento no futuro próximo; depois disso.",
6628,"sooner rather than later","FN: at a time nearer to the POV time (due to urgency)",75,Relative_time,89,"antes que tarde","FN: em um momento mais próximo da hora do POV (devido à urgência)",
6629,subsequently,"FN: later",75,Relative_time,89,subsequentemente,"Mais tarde.",
6630,erstwhile,"COD: former",75,Relative_time,84,outrora,"COD: ex-",
6632,"in parallel","COD: occurring or existing at the same time or in a similar way; corresponding.",75,Relative_time,84,"em paralelo","COD: ocorrendo ou existente ao mesmo tempo ou de forma semelhante; correspondente.",
6633,while,"COD: at the same time as.",75,Relative_time,91,enquanto,"COD: ao mesmo tempo que.",
6633,while,"COD: at the same time as.",75,Relative_time,94,enquanto,"COD: ao mesmo tempo que.",
6637,"on time","COD: punctually.",75,Relative_time,89,"No horário.","COD: pontualmente.",
6638,punctually,"FN: in accord with the expected or required time.",75,Relative_time,89,pontual,"FN: de acordo com o tempo esperado ou exigido.",
6639,punctuality,"FN: degree or fact of being in accord with the expected or required time.",75,Relative_time,83,Pontualidade,"FN: grau ou fato de estar em concordância com o tempo esperado ou exigido.",
6643,coming,"FN: about to happen",75,Relative_time,84,chegando,"FN: prestes a acontecer",
6644,succeed,"FN: to occur after",75,Relative_time,86,"ter sucesso","FN: ocorrer após",
30889,"late [at night]","FN: occurring at a time towards the end of a day. ",75,Relative_time,84,"tarde [à noite]","FN: ocorrendo em um momento perto do fim de um dia.",
31184,successive,"following one another or following others.",75,Relative_time,84,successivos,"Seguir-se uns aos outros ou seguir os outros.",
33757,back-to-back,"Consecutive, in sequence, one after another.",75,Relative_time,84,"de costas um para o outro","Consecutivo, em sequência, um após outro.",
6646,goods,"COD: erchandise or possessions. ",76,Commerce_scenario,83,Mercadorias,"COD: bens ou posses.",
6649,"supply side","FN: a generic set of sellers involved in transactions",76,Commerce_scenario,83,"side de oferta","FN: um conjunto genérico de vendedores envolvidos em transações",
6650,merchandise,"FN: the inventory of the seller.  ",76,Commerce_scenario,83,merchandise,"FN: o inventário do vendedor.",
39582,no,,76,Commerce_scenario,84,não,,
6654,exorbitant,"FN: unreasonably high in price or amount charged.",77,Expensiveness,84,escandaloso,"FN: excessivamente alto no preço ou na quantia cobrada.",
6655,expensive,"COD: costing a lot of money. ",77,Expensiveness,84,caros,"COD: custando muito dinheiro.",
6656,free,"COD: available without charge. ",77,Expensiveness,84,grátis,"COD: disponível sem custo.",
6658,low-cost,"FN: charged at a relatively low price.",77,Expensiveness,84,"baixo custo","FN: carregado a um preço relativamente baixo.",
6659,low-priced,"FN: charged at a lower price than usual",77,Expensiveness,84,"de baixo custo","FN: cobrado a um preço menor do que o habitual",
6660,overpriced,"FN: charged at too high a price.",77,Expensiveness,84,"preço excessivo","FN: cobrado a um preço muito alto.",
6661,pricey,"COD: (informal) expensive. ",77,Expensiveness,84,caríssimo,"COD: (informal) caro.",
6667,austere,"COD: lacking comforts, luxuries, or adornment. ",78,Frugality,84,austero,"COD: sem conforto, luxo ou enfeite.",
6670,frugal,"COD: sparing or economical as regards money or food. ",78,Frugality,84,frugal,"COD: poupar ou economizar no que diz respeito a dinheiro ou comida.",
6671,parsimonious,"FN: exhibiting properties of parsimony",78,Frugality,84,avarento,"FN: exibindo propriedades de parcimônia",
6672,sparing,"FN: spending or using only moderate amounts of money or resources.",78,Frugality,84,esparrar,"FN: gastar ou utilizar apenas quantidades moderadas de dinheiro ou recursos.",
6674,austerity,"FN: severity or strictness in appearance or manner.",78,Frugality,83,austeridade,"FN: severidade ou rigidez na aparência ou maneira.",
6675,penny-wise,"COD: careful to save small amounts of money",78,Frugality,84,avarento,"COD: cuidadoso para economizar pequenas quantidades de dinheiro",
6676,spendthrift,"COD: a person who spends money in an extravagant, irresponsible way. ",78,Frugality,83,derramador,"COD: uma pessoa que gasta dinheiro de forma extravagante e irresponsável.",
6677,thrift,"COD: the quality of being careful and not wasteful with money and other resources",78,Frugality,83,thrifty,"COD: a qualidade de ser cuidadoso e não desperdiçador em relação ao dinheiro e outros recursos",
6679,spartan,"COD: showing the indifference to comfort or luxury traditionally associated with ancient Sparta",78,Frugality,84,Esparta,"COD: mostrando a indiferença ao conforto ou luxo tradicionalmente associado à antiga Esparta",
6680,profligate,"COD: recklessly extravagant or wasteful.",78,Frugality,84,profligato,"COD: extravagante ou desperdiçador imprudente.",
6681,profligacy,"FN: reckless extravagance or wastefulness",78,Frugality,83,profligacidade,"FN: extravagância imprudente ou desperdício",
6682,frugality,"FN: the quality or state of being  economical as regards money or food.",78,Frugality,83,Frugalidade,"FN: a qualidade ou estado de ser econômico no que diz respeito ao dinheiro ou à comida.",
6683,parsimony,"COD: extreme unwillingness to spend money or use resources. ",78,Frugality,83,Parsimônia,"COD: extrema relutância em gastar dinheiro ou usar recursos.",
6686,wasteful,"COD: using or expending something carelessly, extravagantly, or to no purpose.",78,Frugality,84,Desnecessário,"COD: usando ou gastando algo de forma descuidada, extravagante ou sem propósito.",
6687,scrimp,"COD: be thrifty or parsimonious; economize. ",78,Frugality,86,Esfarrapado,"COD: ser econômico ou mesquinho; economizar.",
6690,affluent,"COD: wealthy.",79,Wealthiness,84,afluente,"COD: rico.",
6691,bankrupt,"FN: completely lacking funds (especially for paying off debts).",79,Wealthiness,84,falido,"FN: completamente sem fundos (especialmente para pagar dívidas).",
6693,needy,"COD: lacking the necessities of life; very poor.",79,Wealthiness,84,Preciso.,"COD: carente das necessidades básicas da vida; muito pobre.",
6696,privileged,"FN: enjoying privilege and wealth",79,Wealthiness,84,privilegiado,"FN: desfrutando de privilégio e riqueza",
6699,underprivileged,"COD: not enjoying the same rights or standard of living as the majority of the population.",79,Wealthiness,84,desfavorecido,"COD: não desfrutando dos mesmos direitos ou padrão de vida que a maioria da população.",
