idLU,lemmaName(en),senseDescription(en),idFrame,frameName,idPOS,lemmaName(pt),senseDescription(pt),idLemma(pt)
33760,rid,"The action of freeing of something or someone, to throw something away.",57,Removing,86,ridiculo,"A ação de libertar algo ou alguém, para jogar algo embora.",
34121,"throw away","The act of throw something in the trash.",57,Removing,86,"Jogue fora","Atirar algo no lixo.",
34265,"scoop out","To remove the theme from the container with a spoon.",57,Removing,86,escavar,"Tire o tema do recipiente com uma colher.",
39481,remover,,57,Removing,83,remover,,
39694,remove,,57,Removing,83,remover,,
39722,retire,,57,Removing,83,retire,,
5813,amble,"COD: walk or move at a leisurely pace.",58,Self_motion,86,ambular,"COD: caminhar ou se mover em um ritmo descontraído.",
5814,back,"FN: move backwards",58,Self_motion,86,"de volta","FN: mover para trás",
5815,barge,"COD: move forcefully or roughly",58,Self_motion,86,barge,"COD: move com força ou de forma brusca",
5816,bop,"FN: to go quickly or unceremoniously; shuffle along as if to bop music",58,Self_motion,86,Bop,"FN: ir rapidamente ou sem cerimônia; andar apressadamente como se estivesse ouvindo música",
5817,bound,"FN: to move by leaping or jumping",58,Self_motion,86,ligado,"FN: mover-se pulando ou saltando",
5819,bustle,"COD: move energetically or noisily",58,Self_motion,86,bustle,"COD: move energicamente ou de forma barulhenta",
5821,caper,"COD: skip or dance about in a lively or playful way",58,Self_motion,86,capim-doce,"COD: pular ou dançar de forma animada ou brincalhona",
5822,clamber,"COD: climb or move in an awkward and laborious way",58,Self_motion,86,clamber,"COD: subir ou se mover de forma desajeitada e trabalhosa",
5824,clomp,"COD: walk with a heavy tread",58,Self_motion,86,clompar,"COD: caminhar com um passo largo e firme",
5825,crawl,"COD: move forward on the hands and knees or by dragging the body close to the ground",58,Self_motion,86,rastejar,"COD: avance de mãos e joelhos ou arrastando o corpo perto do chão",
5826,creep,"COD: move forward on the hands and knees or by dragging the body close to the ground.",58,Self_motion,86,creep,"COD: avançar sobre os joelhos ou arrastando o corpo perto do chão.",
5828,dart,"COD: move suddenly or rapidly.",58,Self_motion,86,darte,"COD: mover-se de repente ou rapidamente.",
5829,dash,"COD: an act of dashing",58,Self_motion,83,dash,"COD: um ato de ousadia",
5830,dash,"COD: run or travel in a great hurry.",58,Self_motion,86,dash,"COD: correr ou viajar num grande pressa.",
5832,flounce,"COD: move in an exaggeratedly impatient or angry manner.",58,Self_motion,86,flounce,"COD: move de uma maneira exageradamente impaciente ou irritada.",
5833,frolic,"COD: play or move about in a cheerful and lively way.",58,Self_motion,86,Frolice,"COD: brincar ou se mover de maneira alegre e animada.",
5834,gallivant,"COD: go from place to place in pursuit of pleasure.",58,Self_motion,86,galante,"COD: ir de um lugar para outro em busca do prazer.",
5835,gambol,"COD: run or jump about playfully.",58,Self_motion,86,gambolear,"COD: correr ou pular alegremente.",
5836,hasten,"COD: be quick to do something; move quickly. no appropriate definitions in COD",58,Self_motion,86,Apressar-se,"COD: seja rápido em fazer algo; mova-se rapidamente. nenhuma definição apropriada em COD",
5842,hurry,"COD: move or act quickly or more quickly.",58,Self_motion,86,Apresse-se,"COD: mover ou agir rapidamente ou mais rapidamente.",
5847,limp,"COD: walk with difficulty because of an injured leg or foot.",58,Self_motion,86,limp,"COD: caminhar com dificuldade devido a uma perna ou pé machucado.",
5848,lope,"COD: run with a long bounding stride.",58,Self_motion,86,lope,"COD: correr com um longo passo de salto.",
5849,lumber,"COD: move in a slow, heavy, awkward way.",58,Self_motion,86,"madeira de construção","COD: move de uma forma lenta, pesada e desajeitada.",
5850,lunge,"COD: make a lunge.",58,Self_motion,86,afundo,"COD: faça uma corrida.",
5851,lurch,"COD: make such a movement; stagger.",58,Self_motion,86,Lurcha,"COD: faça tal movimento; tropece.",
5855,meander,"COD: wander aimlessly.",58,Self_motion,86,meanderar,"COD: vaguear sem rumo.",
5856,mince,"COD:  walk in an affected manner with short, quick steps and swinging hips.",58,Self_motion,86,mince,"COD: andar de maneira afetada, com passos curtos e rápidos e quadris balançando.",
5857,mosey,"COD:  walk or move in a leisurely manner.",58,Self_motion,86,mosear,"COD: caminhar ou mover-se de maneira descontraída.",
5860,parade,"COD:  walk, march, or display in a parade.",58,Self_motion,86,Desfile,"COD: caminhar, marchar ou exibir em um desfile.",
5861,plod,"COD: walk doggedly and slowly with heavy steps.",58,Self_motion,86,plod,"COD: caminhar com determinação e lentamente com passos pesados.",
5863,prance,"FN: walk or move around with high, springy steps, or ostentatious, exaggerated movements",58,Self_motion,86,Prance,"FN: andar ou se mover com passos altos e saltitantes, ou com movimentos ostentosos e exagerados",
5864,promenade,"COD:  take a promenade.",58,Self_motion,86,promenade,"COD: dar um passeio.",
5865,prowl,"COD:  move about stealthily or restlessly in search of or as if in search of prey.",58,Self_motion,86,"Andar de casa em casa à procura de comida ou de uma oportunidade de ataque.","COD: mover-se furtivamente ou inquietamente em busca de ou como se estivesse em busca de presa.",
5867,romp,"COD:  play about roughly and energetically.",58,Self_motion,86,romp,"COD: brinque de forma áspera e enérgica.",
5869,rush,"FN: move someplace with urgent haste",58,Self_motion,86,Apressar-se,"FN: vá para algum lugar com urgência",
5870,sashay,"COD: walk ostentatiously, with exaggerated hip and shoulder movements.",58,Self_motion,86,Sashay,"COD: caminhar de forma ostensiva, com movimentos exagerados de quadris e ombros.",
5871,saunter,"COD: walk in a slow, relaxed manner.",58,Self_motion,86,"Andar com calma e despretensão.","COD: caminhe de maneira lenta e relaxada.",
5874,scramble,"COD: a walk up steep terrain involving the use of one' s hands. ",58,Self_motion,83,Desvendar,"COD: uma caminhada por terreno acidentado que envolve o uso das mãos.",
5875,scramble,"FN: move or climb hurriedly, possibly using one' s hand",58,Self_motion,86,Embaralhar,"FN: mover ou escalar rapidamente, possivelmente usando a mão",
5877,scuttle,"COD:  run hurriedly or furtively with short quick steps.",58,Self_motion,86,escudeiro,"COD: correr rapidamente ou furtivamente com passos curtos e rápidos.",
5878,shuffle,"FN: a shuffling movement, walk ",58,Self_motion,83,embaralhar,"FN: um movimento de embaralhar, caminhar",
5879,shuffle,"COD: walk by dragging one' s feet along or without lifting them fully from the ground.",58,Self_motion,86,embaralhar,"COD: caminhar arrastando os pés ou sem levantá-los completamente do chão.",
5881,skulk,"COD:  hide or move around secretly, typically with a sinister or cowardly motive.",58,Self_motion,86,"Esgueirar-se furtivamente","COD: esconder ou se mover secretamente, geralmente com uma motivação sinistra ou covarde.",
5882,slalom,"COD: move or race in a winding path, avoiding obstacles.",58,Self_motion,86,eslalon,"COD: mover ou correr em um caminho sinuoso, evitando obstáculos.",
5884,slink,"FN: move in a quiet, furtive manner",58,Self_motion,86,Slink,"FN: mover-se de forma silenciosa e furtiva",
5885,slither,"COD: move smoothly over a surface with a twisting or oscillating motion.",58,Self_motion,86,Esguicha,"COD: move-se suavemente sobre uma superfície com um movimento de torção ou oscilação.",
5886,slog,"FN: a difficult, exhausting march or hike",58,Self_motion,83,slogan,"FN: uma marcha ou caminhada difícil e exaustiva",
5887,slog,"COD: walk or move with difficulty or effort",58,Self_motion,86,slogan,"COD: caminhar ou mover-se com dificuldade ou esforço",
5888,sneak,"COD:  move, go, or convey in a furtive or stealthy manner",58,Self_motion,86,esgueirar-se,"COD: mover, ir ou transportar de forma furtiva ou esgueirada",
5889,spring,"COD: move suddenly or rapidly upwards or forwards",58,Self_motion,86,primavera,"COD: move-se subitamente ou rapidamente para cima ou para frente",
5896,stomp,"COD: tread heavily and noisily, typically in order to show anger.",58,Self_motion,86,"Empurrar com força","COD: tropeça e faz barulho, tipicamente para mostrar raiva.",
5897,straggle,"COD: move along slowly so as to trail behind the person or people in front",58,Self_motion,86,esparramado,"COD: mova-se lentamente para ficar atrás da pessoa ou das pessoas à frente",
5898,stride,"COD: walk with long, decisive steps.",58,Self_motion,86,"caminhar com passo largo e seguro","COD: caminhe com passos longos e decididos.",
5899,stroll,"COD: a short leisurely walk.",58,Self_motion,83,caminhar,"COD: uma curta caminhada relaxante.",
5903,swagger,"COD:  walk or behave arrogantly or self-importantly.",58,Self_motion,86,sanguentear,"COD: andar ou se comportar de forma arrogante ou importante.",
5904,swim,"COD: an act or period of swimming",58,Self_motion,83,Nadar,"COD: um ato ou período de natação",
5906,tiptoe,"COD: walk quietly and carefully with one' s heels raised and one' s weight on the balls of the feet.",58,Self_motion,86,tapar,"COD: caminhe silenciosamente e cuidadosamente com os calcanhares elevados e o peso nos pés.",
5907,toddle,"FN: walk or go in a casual or unsteady way, as a child learning to walk",58,Self_motion,86,Toddle,"FN: andar ou ir de maneira desajeitada ou instável, como uma criança aprendendo a andar",
