idLU,lemmaName(en),senseDescription(en),idFrame,frameName,idPOS,lemmaName(pt),senseDescription(pt),idLemma(pt)
12096,crave,"COD: feel a powerful desire for.",338,Desiring,86,crave,"COD: sentir um forte desejo por.",
12097,craving,"FN: a strong urge (to consume something)",338,Desiring,83,"ansiedade de consumo","FN: um forte impulso (a consumir algo)",
12099,yen,"COD:  a longing or yearning.",338,Desiring,83,Iene,"COD: um anseio ou desejo.",
12101,wants,"COD: a desire for something. ",338,Desiring,83,quer,"COD: o desejo por algo.",
12105,covetous,"FN: yearning to possess (something belonging to someone else)",338,Desiring,84,avarento,"FN: anseio por possuir (algo que pertence a alguém)",
12109,yen,"COD: feel a longing or yearning.",338,Desiring,86,Iene,"COD: sentir uma saudade ou anseio.",
12111,"feel like","FN: to feel a desire for",338,Desiring,86,"sentir-se como","FN: sentir um desejo por",
12113,"in the hope of","FN: with the desire to",338,Desiring,90,"na esperança de","Com o desejo de",
12114,raring,"COD: very eager to do someting",338,Desiring,84,rarando,"COD: muito ansioso para fazer algo",
12115,spoiling,"COD:  be extremely or aggressively eager for.",338,Desiring,84,Estragar,"COD: ser extremamente ou agressivamente ansioso por.",
12116,dying,"FN: extremely desirous ",338,Desiring,84,moribundo,"FN: extremamente desejoso",
12117,fancy,"COD: feel a desire for",338,Desiring,86,fancoso,"COD: sentir um desejo por",
12119,ache,"COD: yearn.",338,Desiring,86,achei,"COD: anseio.",
12124,loath,"FN: specifically not wanting (to do something), despite contextual reasons in favor, because of the anticipated outcome.",338,Desiring,84,avergonhado,"FN: especificamente não querendo (fazer algo), apesar de razões contextuais a favor, por causa da consequência esperada.",
12127,"in hopes of","FN: with the desire to",338,Desiring,90,"na esperança de","Com o desejo de",
34151,"bucket list","A list of things people want to do before dying.",338,Desiring,83,"lista de desejos","Uma lista de coisas que as pessoas querem fazer antes de morrer.",
34414,"be into","To want or have interest in something.",338,Desiring,86,"está interessado em","Ter ou querer interesse em algo.",
12130,unsuitable,"COD: not fitting or appropriate. ",339,Suitability,84,insalubre,"COD: não se encaixando ou sendo apropriado.",
12136,fit,"COD: of a suitable quality, standard, or type",339,Suitability,84,ajustar,"COD: de uma qualidade, padrão ou tipo adequado",
12141,right,"COD: most appropriate",339,Suitability,84,direita,"COD: mais apropriado",
12143,become,"FN: matching a person' s perceived character, aesthetically or behaviorally",339,Suitability,86,tornar-se,"FN: combinando com o caráter percebido de uma pessoa, esteticamente ou comportamentalmente",
31015,eligible,"FN: satisfying the appropriate conditions; having the right to do or obtain something",339,Suitability,84,elegível,"FN: satisfazer as condições adequadas; ter o direito de fazer ou obter algo",
12150,evil,"COD: profoundly immoral and malevolent",341,Morality_evaluation,84,mal,"COD: profundamente imoral e maligno",
12152,honorable,"FN: having ethical intentions",341,Morality_evaluation,84,honorable,"FN: ter intenções éticas",
12153,reprobate,"COD: unprincipled",341,Morality_evaluation,84,reprobate,"COD: desonesto",
12154,vile,"COD: morally bad; wicked",341,Morality_evaluation,84,vileza,"COD: Moralmente mau; perverso",
12156,low-minded,"COD: vulgar or sordid. ",341,Morality_evaluation,84,"de mente pequena","COD: vulgar ou sordido.",
12157,wicked,"COD: evil or morally wrong",341,Morality_evaluation,84,malvado,"COD: mal ou moralmente errado",
12161,degenerate,"FN: having declined in moral character",341,Morality_evaluation,84,degenerate,"FN: tendo declinado em caráter moral",
12163,iniquitous,"FN: unjust or wicked",341,Morality_evaluation,84,iniquitoso,"Injusto ou perverso",
12164,nefarious,"COD: wicked or criminal",341,Morality_evaluation,84,nefário,"COD: perverso ou criminoso",
12165,unethical,"COD: not morally correct",341,Morality_evaluation,84,Inefável,"COD: não moralmente correto",
12170,upstanding,"FN: having integrity; respectable",341,Morality_evaluation,84,"de boa conduta","FN: ter integridade; respeitável",
12172,high-minded,"COD: having strong moral principles. ",341,Morality_evaluation,84,"de mentalidade elevada","COD: ter princípios morais fortes.",
12173,good,"COD: morally right; virtuous",341,Morality_evaluation,84,Bom.,"COD: Moralmente correto; virtuoso",
12175,villainous,"FN: evil, depraved, befitting a villain",341,Morality_evaluation,84,vilão,"FN: maligno, depravado, digno de um vilão",
12176,felonious,"FN: evil, vicious ",341,Morality_evaluation,84,Félonioso,"FN: maligno, cruel",
12177,miscreant,"COD: behaving badly or unlawfully",341,Morality_evaluation,84,Miscreante,"COD: comportando-se mal ou ilegalmente",
12180,base,"COD: without moral principles; ignoble",341,Morality_evaluation,84,base,"COD: sem princípios morais; ignóbil",
12181,foul,"COD: morally offensive; wicked or obscene",341,Morality_evaluation,84,falta,"COD: Ofensivo moralmente; perverso ou obsceno",
12183,stand-up,"FN: (of a person) acting steadfastly according to their own moral code",341,Morality_evaluation,84,Stand-up,"FN: (de uma pessoa) agindo de forma inabalável de acordo com seu próprio código moral",
12184,unscrupulous,"COD: without moral scruples.",341,Morality_evaluation,84,desonesto,"COD: sem escrúpulos morais.",
12187,inconsiderate,"COD: thoughtlessly causing hurt or inconvenience to others. ",342,Social_interaction_evaluation,84,Inconsideração,"COD: causar dor ou inconveniente sem pensar.",
12189,considerate,"COD: careful not to harm or inconvenience others",342,Social_interaction_evaluation,84,considerável,"COD: cuidado para não prejudicar ou inconveniente os outros",
12190,mean,"FN: cruel or unkind",342,Social_interaction_evaluation,84,significa,"FN: cruel ou insensível",
