idLU,lemmaName(en),senseDescription(en),idFrame,frameName,idPOS,lemmaName(pt),senseDescription(pt),idLemma(pt)
10726,lay,"COD: (of a female bird, reptile, etc.) produce (an egg) from inside the body. ",256,Giving_birth,86,camareira,"COD: (de uma ave, réptil, etc.) produzir (um ovo) dentro do corpo.",
10727,calving,"FN: bearing of calves",256,Giving_birth,83,Calvagem,"FN: garra de bezerro",
10728,lambing,"FN: bearing of lambs.",256,Giving_birth,83,lambing,"FN: ovelhas.",
10729,"carry to term","FN: be pregnant with and give birth to",256,Giving_birth,86,"Carregar até o termo","FN: estar grávida de e dar à luz",
10732,"bring forth","COD:  give birth to something.",256,Giving_birth,86,"trazer à tona","COD: dar à luz algo.",
10734,propagate,"COD: breed by natural processes from the parent stock.",256,Giving_birth,86,Propagação,"COD: reproduz-se naturalmente a partir da população ancestral.",
10739,employ,"COD: the state of being employed; employment.",257,Being_employed,83,empregar,"COD: o estado de ser empregado; emprego.",
10740,"wait tables","COD: act as a waiter or waitress",257,Being_employed,96,"Aguardar mesas","COD: atende como garçom ou garçonete",
10743,clerk,"COD: work as a clerk.",257,Being_employed,86,clérigo,"COD: trabalhar como um funcionário.",
10745,stint,"COD: an allotted period of work. ",257,Being_employed,83,estágio,"COD: um período de trabalho alocado.",
10746,employed,"FN: having a job",257,Being_employed,84,empregado,"FN: ter um emprego",
10747,subcontract,"COD: employ a firm or person outside one' s company to do (work).",257,Being_employed,86,subcontratar,"COD: empregar uma empresa ou pessoa fora da sua empresa para fazer (trabalho).",
10757,torch,"COD: set fire to. ""The shops had been looted and torched.""",258,Setting_fire,86,tocha,"COD: incendiar. ""As lojas haviam sido saqueadas e incendiadas.",
10758,kindle,"COD: light (a flame); set on fire. ",258,Setting_fire,86,kindle,"COD: luz (uma chama); acender.",
10759,spark,"COD: with obj. ignite. ",258,Setting_fire,86,chamas,"COD: com objeto de incendiar.",
10760,"set on fire","FN: cause to burn with flames; caused by an initial combustion such as a spark or ignition",258,Setting_fire,86,"Acender fogo em algo","FN: causar queimar com chamas; causado por uma combustão inicial tal como um faísca ou ignição",
10763,"catch on fire","FN: cause to be on fire.",258,Setting_fire,86,"pegar fogo","FN: causar fogo.",
10764,"set fire","FN: ignite",258,Setting_fire,86,"Acender fogo","FN: acender",
10767,"set ablaze","FN: to set on fire",258,Setting_fire,86,"Acenda fogo","Aumentar o fogo",
10768,"set alight","FN: to set on fire",258,Setting_fire,86,"Acender um fogo","FN: incendiar",
10771,throng,"COD: flock or be present in great numbers. ",259,Mass_motion,86,throng,"COD: rebanho ou estar presente em grande número.",
10772,stream,"COD: (of a mass of people or things) move in a continuous flow. ",259,Mass_motion,86,transmissão,"COD: (de uma massa de pessoas ou coisas) mover-se em um fluxo contínuo.",
10775,pour,"COD: (of people or things) come or go in a steady stream. ",259,Mass_motion,86,vazar,"COD: (de pessoas ou coisas) vir ou ir em um fluxo constante.",
10776,flock,"COD:  congregate or move in a flock. ",259,Mass_motion,86,flock,"COD: reunir ou se mover em um rebanho.",
10778,troop,"COD: come or go together or in large numbers.",259,Mass_motion,86,tropa,"COD: comer ou ir junto ou em grande número.",
10779,parade,"FN: move as a groop (as if) on display",259,Mass_motion,86,Desfile,"FN: movimento como um grupo (como se) em exibição",
10783,pelt,"COD: (of rain, hail, or snow) fall very heavily. ",259,Mass_motion,86,peltar,"COD: (de chuva, granizo ou neve) cair muito fortemente.",
10786,shush,"COD:  tell or signal to be silent",260,Silencing,86,Cala-te!,"COD: dizer ou sinalizar para ficar em silêncio",
10787,hush,"FN: to make someone become quiet",260,Silencing,86,Calem-se.,"FN: fazer alguém ficar quieto",
10788,"hush up","FN: to cause someone to become quite",260,Silencing,86,"Feche a boca.","FN: fazer alguém se tornar muito",
10789,"shut up","FN: to cause someone or something to stop making noise",260,Silencing,86,"Feche a boca.","FN: fazer com que alguém ou algo pare de fazer barulho",
10790,quiet,"FN: to make someone or something make less noise than he/she/it was making previously",260,Silencing,86,calmo,"FN: fazer com que alguém ou algo faça menos barulho do que fazia anteriormente",
10791,"quiet down","FN: to make an entity make less noise than it was making previously",260,Silencing,86,Acalme-se.,"FN: fazer com que uma entidade faça menos barulho do que fazia anteriormente",
10796,"write in","FN: contact by letter",261,Contacting,86,"escrever em","FN: contato por carta",
10798,e-mail,"COD: mail or send using email. ",261,Contacting,86,e-mail,"COD: correio ou envie por e-mail.",
10804,ring,"COD:  call by telephone",261,Contacting,86,anel,"COD: ligar por telefone",
10807,"get in touch","FN: manage to start communication with someone",261,Contacting,86,"Entre em contato.","FN: conseguir iniciar comunicação com alguém",
10809,call,"COD: a telephone communication. ",261,Contacting,83,chamar,"COD: comunicação telefônica.",
10810,mail,"FN: contact with information via the postal service",261,Contacting,86,E-mail,"FN: contato com informações via serviço postal",
10811,telex,"COD: communicate with by telex.",261,Contacting,86,telex,"COD: comunicar-se por telex.",
10812,fax,"COD: contact by fax",261,Contacting,86,fax,"COD: contato por fax",
10818,telegraph,"COD: send (someone) a message by telegraph. ",261,Contacting,86,telegrafo,"COD: enviar (a alguém) uma mensagem pelo telégrafo.",
10819,"call in","FN: contact by telephone",261,Contacting,86,"chamar por","FN: contato por telefone",
10822,lie,"COD:  tell a lie or lies",262,Prevarication,86,mentira,"COD: mentir ou mentiras",
10824,prevaricate,"COD: speak or act evasively.",262,Prevarication,86,prevaricar,"COD: falar ou agir de forma evasiva.",
10825,lie,"COD:  an intentionally false statement",262,Prevarication,83,mentira,"COD: declaração falsa intencionalmente",
10828,misrepresent,"COD: give a false or misleading account of. ",262,Prevarication,86,"representação falsa","COD: fornecer uma conta falsa ou enganosa de.",
10829,deception,"COD: the action of deceiving. ",262,Prevarication,83,decepção,"COD: a ação de enganar.",
10831,misrepresentation,"FN: act of deception or misleading",262,Prevarication,83,"representação indevida","FN: ato de decepção ou enganação",
10832,prevarication,"FN: act of speaking evasively",262,Prevarication,83,prevaricação,"FN: ato de falar evasivamente",
10837,fool,"COD: trick, deceive, or dupe. ",262,Prevarication,86,tolo,"COD: truque, enganar ou enrolar.",
10838,equivocation,"FN: act of producing ambiguous or evasive language.",262,Prevarication,83,equivocação,"FN: ato de produzir linguagem ambígua ou evasiva.",
10839,fib,"COD: 1. a trivial lie. ",262,Prevarication,83,fib,"COD: 1. mentira trivial.",
