idLU,lemmaName(en),senseDescription(en),idFrame,frameName,idPOS,lemmaName(pt),senseDescription(pt),idLemma(pt)
31293,facility,"an ability to do or learn something well and easily; a natural aptitude.",345,Difficulty,83,instalação,"Uma capacidade de fazer ou aprender algo bem e facilmente; um talento natural.",865
34226,harsh,"Very hard, with a high level of difficulty.",345,Difficulty,84,rude,"Muito difícil, com alto nível de dificuldade.",73423
12297,fair,"COD: just or appropriate in the circumstances. ",346,Fairness_evaluation,84,justo,"COD: justo ou apropriado nas circunstâncias.",73348
12300,inequitable,"COD: unfair; unjust. ",346,Fairness_evaluation,84,Desigual,"COD: injusto; injusta.",73390
12301,fairly,"FN: (do something) so as to have a fair outcome.",346,Fairness_evaluation,89,justamente,"FN: (fazer algo) de forma a ter um resultado justo.",141415
12305,inclined,"COD: have a specified tendency, disposition, or talent.",347,Inclination,84,inclinado,"COD: têm uma tendência, disposição ou talento especificado.",83628
12312,sense,"FN: a tendency towards a (good) property (humor or timing) ",347,Inclination,83,sentido,"FN: uma tendência para um (bom) atributo (humor ou timing)",37088
12316,peril,"COD: a situation of serious and immediate danger. ",348,Run_risk,83,perigo,"COD: uma situação de perigo sério e imediato.",30027
12317,risk,"FN: (of a situation or action) inviting risk or danger.",348,Run_risk,86,risco,"FN: (de uma situação ou ação) convidativo para risco ou perigo.",6562
12318,wager,"FN: put in danger, as if gambling.",348,Run_risk,86,aposta,"FN: colocar em perigo, como se estivesse arriscando.",59767
12319,from,"COD: indicating the point in space or time at which a journey, process, or action starts. ",349,Time_vector,90,de,"COD: indicando o ponto no espaço ou tempo em que uma jornada, processo ou ação inicia-se.",146474
12331,"right away","COD: immediately",349,Time_vector,89,imediatamente,"COD: imediatamente",141133
12336,former,"COD: having been previously.",349,Time_vector,84,antigo,"COD: tendo sido anteriormente.",73212
34893,point,"A specific period in time.",349,Time_vector,83,ponto,"Um período específico de tempo.",487
39388,just,"very recently.",349,Time_vector,89,apenas,"muito recentemente.",140079
12354,practice,"COD: the customary or expected procedure or way of doing something. ",350,Custom,83,prática,"COD: o procedimento ou modo de fazer algo costumeiro ou esperado.",9406
12355,ritual,"COD: a series of actions habitually and invariably followed by someone. ",350,Custom,83,ritual,"COD: uma série de ações que alguém costuma e inevitavelmente seguir.",9591
12358,convention,"COD: a settled or regular tendency or practice",350,Custom,83,convenção,"COD: uma tendência ou prática estabelecida e regular",9596
12361,habitual,"COD: done constantly or as a habit. ",350,Custom,84,comum,"COD: feito constantemente ou como hábito.",73168
32467,religion,"FN: set of practices and beliefs usually connected with morality, well-being, community, and major life events like birth and death.",350,Custom,83,religião,"FN: um conjunto de práticas e crenças geralmente ligadas à moralidade, bem-estar, comunidade e eventos importantes da vida como nascimento e morte.",32118
34039,religion,"The belief and worship to an entity or organization, specially a god or many gods.",350,Custom,83,religião,"A crença e adoração de uma entidade ou organização, especialmente um deus ou muitos deuses.",32118
34041,sacred,"An entity related to religious purpose.",350,Custom,84,sagrado,"Uma entidade relacionada com um propósito religioso.",74014
34156,christian,"Describing a person who has received baptism or profess a Christian faith.",350,Custom,84,cristão,"Descriando uma pessoa que recebeu o batismo ou professa a fé cristã.",77931
34188,religious,"Related to religion.",350,Custom,84,religioso,"Relacionado à religião.",88853
34189,holy,"Separated, sacred, used for cult purposes.",350,Custom,84,sagrado,"Separado, sagrado, usado para fins de culto.",74014
34407,ethnic,"Related to an ethnicity.",350,Custom,84,étnico,"Relacionado a uma etnia.",91938
34894,usual,"An action or event that is part of a custom.",350,Custom,84,comum,"Um ato ou evento que é parte de um costume.",73168
12365,spark,"COD: provide the stimulus for. ",351,Cause_to_start,86,chama,"COD: fornecer o estímulo para.",17073
12366,generate,"FN: to cause a situation to arise",351,Cause_to_start,86,gerar,"FN: causar uma situação para surgir",130624
12367,arouse,"COD: evoke (a feeling or response). ",351,Cause_to_start,86,aumentar,"COD: evocar (uma sensação ou resposta).",120615
12370,"set off","COD: put in motion or trigger.",351,Cause_to_start,86,partir,"COD: colocar em movimento ou acionar.",116885
12372,produce,"COD: cause to happen or exist. ",351,Cause_to_start,86,produzir,"COD: causar para acontecer ou existir.",117326
12373,create,"FN: to cause to bring into existence",351,Cause_to_start,86,criar,"FN: causar para trazer à existência",116956
12374,engender,"COD: bring into existence",351,Cause_to_start,86,gerar,"COD: trazer à existência",130624
