idLU,lemmaName(en),senseDescription(en),idFrame,frameName,idPOS,lemmaName(pt),senseDescription(pt),idLemma(pt)
3380,vessel,"vehicles that are intended for locomotion on or in the water.",1292,Means_of_transportation,83,vaso,"Veículos destinados à locomoção na água ou sobre ela.",694
3383,trolley,"a wheeled vehicle that runs on rails and is propelled by electricity.",1292,Means_of_transportation,83,Carrinho,"Um veículo com rodas que corre sobre trilhos e é impulsionado por eletricidade.",161
3389,carriage,"vehicle used for carrying cargo or passengers on rail transport system;Any railroad vehicle that is not a locomotive.;Any railway carriage or wagon, a railroad car.",1292,Means_of_transportation,83,carroça,"veículo utilizado para transportar carga ou passageiros em um sistema de transporte ferroviário; qualquer veículo ferroviário que não seja uma locomotiva; qualquer vagão ou carro ferroviário, um vagão ferroviário.",8758
21925,plane,"A vehicle, designed to be supported by the air, either by the dynamic action of the air upon the surfaces of the structure or object or by its own buoyancy.;",1292,Means_of_transportation,83,plano,"Um veículo, projetado para ser suportado pelo ar, seja pela ação dinâmica do ar sobre as superfícies da estrutura ou objeto, ou por sua própria flutuabilidade.",8787
21932,tube,"An underground railway.;An underground railway, especially for mass transit of people in urban areas.;The London Underground railway system, originally referred to the lower level lines that ran in tubular tunnels as opposed to the higher ones which ran in rectangular section tunnels. (Often the tube.);",1292,Means_of_transportation,83,tubo,"Um trem subterrâneo; um trem subterrâneo, especialmente para o transporte de massa em áreas urbanas; o sistema ferroviário da London Underground, originalmente se referia às linhas de nível inferior que corriam em túneis tubulares em oposição às linhas de nível superior que corriam em túneis de seção retangular. (Geralmente o tube.)",35331
21936,coach,"A vehicle carrying many passengers; used for public transport;",1292,Means_of_transportation,83,treinador,"Um veículo que transporta muitos passageiros; utilizado para transporte público;",604
21940,machine,"A motor vehicle with four wheels; usually propelled by an internal combustion engine;",1292,Means_of_transportation,83,máquina,"Um veículo motorizado com quatro rodas; geralmente impulsionado por um motor de combustão interna;",27111
33543,watercraft," A boat or other vessel that travels on water.",1292,Means_of_transportation,83,embarcação,"Um barco ou outra embarcação que viaja sobre água.",832
1349,walk,"a stroll",1293,Go_places,83,andar,"um passeio",8636
3074,hiking," long walk usually for exercise or pleasure.",1293,Go_places,83,Caminhada,"Caminhada longa geralmente para exercício ou prazer.",6810
3078,excursion,"long, open, level area, usually next to a river or large body of water, where people may walk. Any clear, level space used for public walks or drives; especially, a terrace by the seaside. A long stretch of open level ground (paved or grassy) for walking beside the seashore.",1293,Go_places,83,excursão,"Uma área longa e aberta, geralmente ao lado de um rio ou grande corpo de água, onde as pessoas podem caminhar. Qualquer espaço claro e nivelado usado para caminhadas públicas ou passeios; especialmente, uma varanda à beira-mar. Um longo trecho de terra aberta e nivelada (pavimentada ou gramada) para caminhar ao lado da costa.",8777
3079,outing,"an excursion is a trip by a group of people, usually made for leisure, education, or physical purposes. A brief recreational trip; a journey out of the usual way. A pleasure trip or excursion.",1293,Go_places,83,saída,"Uma excursão é uma viagem feita por um grupo de pessoas, geralmente com o objetivo de lazer, educação ou fins físicos. Uma breve viagem recreativa; uma jornada fora do caminho comum. Uma viagem de prazer ou excursão.",526
3080,jaunt,"a brief recreational trip; a journey out of the usual way. A pleasure trip or excursion. A journey taken for pleasure.",1293,Go_places,83,viagem,"Uma breve viagem de lazer; uma jornada fora do caminho comum. Uma viagem de prazer ou excursão. Uma jornada tomada por prazer.",618
3084,ride,"a journey in a vehicle (usually an automobile).",1293,Go_places,83,Andar,"uma viagem num veículo (geralmente um automóvel).",8636
23972,stroll,"to walk in a leisurely way.",1293,Go_places,86,caminhar,"andar de forma descontraída.",116975
27854,support,"to express a fondness and admiration for something or someone, especially in sports.",1306,Crowd_reactions,86,suporte,"Exprimir um afeto e admiração por algo ou alguém, especialmente no esporte.",36761
27856,awake,"to animate or regain strength or activity.",1306,Crowd_reactions,86,acordar,"animar ou recuperar força ou atividade.",116897
27871,thrill,"to experience a sudden kind of excitement.",1306,Crowd_reactions,86,emoção,"a sentir uma espécie de excitação repentina.",8789
28971,celebration,"the act of celebrating or vibrating a successful move or a point scored in a sports match.",1306,Crowd_reactions,83,celebração,"a celebração ou vibração de um movimento bem-sucedido ou de um ponto marcado em uma partida esportiva.",7788
3188,mistake,"it entails different meanings and usages relative to how it is conceptually applied. Deviation from what is correct.",1316,Infractions,83,erro,"Envolve diferentes significados e usos relativos à forma como é aplicado conceitualmente. Desvio do que é correto.",6619
28982,end,"to determine the ending of the match.",1318,Referee_actions,86,fim,"para determinar o final da partida.",9374
31044,show,"to give a card to a player, warning him or expelling him from the game.",1318,Referee_actions,86,exibir,"Dar um cartão para um jogador, advertindo-o ou expulsando-o do jogo.",130013
31045,call,"to grant compensation or impose a sanction.",1318,Referee_actions,86,chamar,"conceder compensação ou impor uma sanção.",117316
31050,award,"to give permission for something to happen.",1318,Referee_actions,86,prêmio,"dar permissão para algo acontecer",37297
