idLU,lemmaName(en),senseDescription(en),idFrame,frameName,idPOS,lemmaName(pt),senseDescription(pt),idLemma(pt)
25635,"karaoke bar","place with a device that play the instrumental part of  songs that people will sing.",176,Locale_by_use,83,"Bar de karaokê","local com um dispositivo que reproduz a parte instrumental das músicas que as pessoas vão cantar.",
28965,"base camp","the place where the athletes or teams train during the sports events.",176,Locale_by_use,83,"acampamento de base","o local onde os atletas ou equipes treinam durante os eventos esportivos.",
28967,"host city","a city where the sports events are played.",176,Locale_by_use,83,"cidade anfitriã","uma cidade onde os eventos esportivos são jogados.",
30867,"open space","FN: a large, undeveloped outdoor location for public use",176,Locale_by_use,84,"espaço aberto","FN: um grande local ao ar livre não desenvolvido para uso público",
9260,staple,"COD:  secure with a staple or staples ",177,Attaching,86,grampo,"COD: seguro com uma estaca ou estacas",
9263,nail,"COD: fasten with a nail or nails. ",177,Attaching,86,unhas,"COD: prender com um prego ou pregos.",
9264,affix,"COD: attach or fasten to something else",177,Attaching,86,afixo,"COD: anexar ou prender a algo mais",
9272,secure,"COD: make secure; fix or fasten securely",177,Attaching,86,seguro,"COD: fazer seguro; consertar ou prender com segurança",
9273,fuse,"COD: join, blend, or coalesce to form a single entity",177,Attaching,86,fusível,"COD: unir, misturar ou fundir para formar uma única entidade",
9274,shackle,"COD: chain with shackles",177,Attaching,86,grampo,"COD: corrente com algemas",
9275,bind,"FN: to fasten something together",177,Attaching,86,amarra,"FN: juntar algo",
9277,manacle,"COD: fetter with a manacle or manacles",177,Attaching,86,Manacles,"COD: amarra com uma algema ou algemas",
9278,handcuff,"COD: put handcuffs on",177,Attaching,86,algema,"COD: colocar algemas",
9280,rivet,"COD: join or fasten with a rivet or rivets",177,Attaching,86,riveta,"COD: unir ou prender com um rivete ou rivetes",
9281,tether,"COD: tie with a tether",177,Attaching,86,amarração,"COD: nó com uma corda",
9282,cement,"COD: fix with cement; bind together ",177,Attaching,86,Cimento,"COD: fixar com cimento; unir",
9283,gum,"COD: gummed, gumming with obj. cover or fasten with gum or glue",177,Attaching,86,goma,"COD: grudado, mastigar com objeto coberto ou preso com cola ou adesivo",
9285,weld,"COD:  join together (metal parts) by heating the surfaces to the point of melting and pressing or hammering them together",177,Attaching,86,weldar,"COD: unir (peças metálicas) aquecendo as superfícies até o ponto de fusão e pressionando ou martelando-as juntas",
9286,solder,"COD: join with solder",177,Attaching,86,solderar,"COD: unir com solda",
9287,agglutinate,"COD: firmly stick or be stuck together to form a mass",177,Attaching,86,aglutinar,"COD: firmemente aderir ou ser aderido para formar uma massa",
9288,moor,"COD: make fast (a boat) by attaching it by cable or rope to the shore or to an anchor",177,Attaching,86,amarração,"COD: fazer rápido (um barco) anexando-o por cabo ou corda à costa ou a uma âncora",
9289,anchor,"COD: secure firmly in position",177,Attaching,86,âncora,"COD: firmemente no lugar",
9291,hitch,"COD: fasten or tether with a rope",177,Attaching,86,"pneu furado","COD: prender ou amarra-lo com uma corda",
9292,tying,"FN: the activity of attaching or fastening",177,Attaching,83,amarrando,"FN: a atividade de fixar ou prender",
9293,untie,"COD:  undo or unfasten",177,Attaching,86,desatar,"Desfazer ou soltar",
9295,plaster,"FN: attach or fasten tightly to another surface",177,Attaching,86,plaster,"FN: anexar ou prender firmemente a outra superfície",
9300,concatenate,"COD: link together in a chain or series.",177,Attaching,86,concatenar,"COD: ligar-se em uma cadeia ou série.",
9301,"tack on","COD: add or append something to something already existing.",177,Attaching,86,"tack on","COD: adicionar ou anexar algo a algo já existente.",
9303,truss,"COD: bind or tie up tightly.",177,Attaching,86,truss,"COD: amarrar ou prender com força.",
9306,join,"FN: cause to become linked or connected to.",177,Attaching,86,juntar-se,"FN: causar para se tornar ligado ou conectado.",
9309,bracket,"FN: securely attach with a bracket (usually to a sturdy anchor, such as a wall).",177,Attaching,86,colchete,"FN: fixar com segurança usando um colchete (geralmente a uma âncora robusta, como uma parede).",
34117,clip,"An instance of attaching something with thread and needle.",177,Attaching,83,clipo,"Um exemplo de anexar algo com linha e agulha.",
9311,do,"COD:  perform or carry out (an action).",178,Intentionally_act,86,de,"COD: realizar ou executar (uma ação).",
9314,doing,"FN: activities ",178,Intentionally_act,83,fazer,Atividades,
9319,execute,"COD: carry out or put into effect (a plan, order, etc.).",178,Intentionally_act,86,Execute,"COD: executar ou colocar em prática (um plano, ordem, etc.).",
9321,measures,"COD: a means of achieving a purpose",178,Intentionally_act,83,medidas,"COD: um meio de alcançar um propósito",
9323,move,"FN: an act embedded with strategy",178,Intentionally_act,83,mover,"FN: um ato enraizado na estratégia",
9328,athwart,"COD: from side to side of; across. ",179,Locative_relation,90,atravessar,"COD: de lado a lado de; através.",
9329,around,"COD: on every side of. ",179,Locative_relation,90,"em volta de","COD: em todos os lados de.",
9331,over,"COD: at a higher level or layer than. ",179,Locative_relation,90,"acima de","COD: em um nível ou camada superior que.",
9333,along,"COD: extending in a more or less horizontal line on. ",179,Locative_relation,90,alongar,"COD: estendendo-se numa linha mais ou menos horizontal sobre.",
9336,astride,"COD: with a leg on each side of",179,Locative_relation,90,Astride,"COD: com uma perna de cada lado de",
9337,"all over","FN: over the whole area",179,Locative_relation,90,"em todos os lugares","FN: sobre toda a área",
