idLU,lemmaName(en),senseDescription(en),idFrame,frameName,idPOS,lemmaName(pt),senseDescription(pt),idLemma(pt)
28819,stroke,"in rowing, it is the position of the athlete who is a good technical rower and sets the pace for the other rowers.",1282,Athletes_by_position,83,golpe,"No remo, é a posição do atleta que é um bom remador técnico e define o ritmo para os outros remadores.",23608
28837,"scrum half","in rugby, it is the position of the athlete who is responsible for being the bond between the strikers and defense, being responsible for the clearance. He must also intercept the balls kicked by the opposing team. As an attack, he throws the ball with his hand or with a kick.",1282,Athletes_by_position,83,escocês,"No rúgbi, é a posição do atleta responsável por ser o elo entre os atacantes e a defesa, sendo responsável pela saída de bola. Ele também deve interceptar as bolas chutadas pelo time adversário. No ataque, ele chuta ou passa a bola com os pés.",37758
28856,offense,"in football or soccer, it is the position of the athletes who occupy forward positions on the field.",1282,Athletes_by_position,83,ofensa,"No futebol ou no futebol, é a posição dos atletas que ocupam posições avançadas no campo.",9211
28862,starter,"it is the position of the athlete who occupies an official position at the beginning of the game.",1282,Athletes_by_position,83,iniciante,"É a posição do atleta que ocupa uma posição oficial no início do jogo.",25034
27444,play,"to engage or take part in a sport.",1289,Moves,86,brincar,"Participar ou tomar parte em um esporte.",117309
31280,stroke,"a movement of the arms and legs forming one of a series in swimming.",1289,Moves,83,golpe,"Um movimento dos braços e pernas formando um dos membros de uma série na natação.",23608
32147,strike,"an accurate, driven shot in sports.",1289,Moves,83,greve,"Um chute preciso e determinado em esportes.",23778
1280,train,"a composition used for transporting cargo and people that runs on railways.",1292,Means_of_transportation,83,treino,"uma composição usada para transportar carga e pessoas que corre em trilhos.",35134
1284,plane,"a powered aircraft with fixed wings.",1292,Means_of_transportation,83,plano,"um avião com asas fixas e motorizado.",8787
1551,coach,"means of collective road transport which aims rides for pleasure",1292,Means_of_transportation,83,treinador,"meios de transporte rodoviário coletivo que visa passeios por prazer",604
