idLU,lemmaName(en),senseDescription(en),idFrame,frameName,idPOS,lemmaName(pt),senseDescription(pt),idLemma(pt)
21554,wors,"Highly seasoned minced meat stuffed in casings;",621,Ingredients,83,piores,"Muito temperado carne moída enlatada em envoltórios;",
21556,hotdog,"A smooth-textured sausage of minced beef or pork usually smoked; often served on a bread roll;",621,Ingredients,83,"sanduíche de cachorro-quente","Uma salsicha de textura macia de carne moída de vaca ou porco normalmente defumada; geralmente servida em um pão",
21561,sapodilla,"Large tropical American evergreen yielding chicle gum and edible fruit; sometimes placed in genus Achras;",621,Ingredients,83,sapodilha,"Grande árvore americana tropical sempre-viva que produz chiclete e frutas comestíveis; às vezes colocada no gênero Achras;",
21562,pilchard,"Any one of several small species of herring which are commonly preserved in olive oil or in tins for food.;",621,Ingredients,83,pilchard,"Qualquer uma de várias pequenas espécies de arenque que são comumente conservadas em azeite ou em latas para alimentação.",
21576,"tapioca flour","A flavorless, colorless, odorless starch extracted from the root of the plant species Manihot esculenta.;",621,Ingredients,83,"farinha de tapioca","Um amido sem sabor, incolor e inodoro extraído da raiz da espécie de planta Manihot esculenta.",
21582,courato,"Pork rind is the skin of a pig.;",621,Ingredients,83,courato,"A pele de porco é a pele de um porco.",
21583,cracklings,"Fried pork skin;A snack food made from cured pork skin, pork scratchings;A snack food, normally available in pubs, made from cured pork skin that has been salted and deep-fried.;",621,Ingredients,83,cracklings,"Pele de porco frita;Um lanche feito de pele de porco curada, raspas de porco;Um lanche normalmente disponível em pubs, feito de pele de porco curada salgada e frita.",
21587,"tucupi juice","Tucupi is a yellow sauce extracted from wild manioc root in Brazils Amazon jungle.;",621,Ingredients,83,"Suco de tucupi","Tucupi é uma molho amarelo extraído da raiz de mandioca selvagem na selva amazônica do Brasil.",
21588,imbu,"Spondias tuberosa is native to northeast Brazil, where it grows in the Caatinga, the chaparral scrub that grows wild across dry lands of the Sertão.;",621,Ingredients,83,imbuir,"Spondias tuberosa é nativa do nordeste brasileiro, onde cresce na caatinga, o matagal espinhoso que se desenvolve em terras secas do sertão.",
21589,"salad vegetables","Edible seeds or roots or stems or leaves or bulbs or tubers or nonsweet fruits of any of numerous herbaceous plant;",621,Ingredients,83,"salada de vegetais","Sementes comestíveis ou raízes ou caules ou folhas ou bulbos ou tubérculos ou frutos não doces de qualquer uma das numerosas plantas herbáceas;",
21590,vegies,"In culinary terms, a vegetable is an edible plant or its part, intended for cooking or eating raw.;",621,Ingredients,83,vegios,"Em termos culinários, um vegetal é uma planta comestível ou sua parte, destinada para cozimento ou consumo cru.",
21591,greens,"Edible plant or part of a plant;The edible part of such a plant.;",621,Ingredients,83,Verdes,"Planta comestível ou parte de uma planta;A parte comestível de tal planta.",
23895,whiting,"a slender-bodied marine fish of the cod family.",621,Ingredients,83,whiting,"um peixe marinho de corpo esguio da família do bacalhau.",
24670,"chocolate sprinkles","a confection consisting of small granules shaped like rods, made with cocoa, sugar and hydrogenated vegetable fat.",621,Ingredients,83,"Chocolate em flocos","Uma confeitaria composta por pequenas grânulos em forma de varetas, feitos com cacau, açúcar e gordura vegetal hidrogenada.",
24683,dendê,"it is a kind of oil extracted from oil palms.",621,Ingredients,83,Aqui.,"É um tipo de óleo extraído de palmeiras.",
24688,"cassava flour","a kind of flour obtained from previously peeled, grated and toasted manioc or cassava.",621,Ingredients,83,"fundo de arroz","Um tipo de farinha obtida de mandioca ou batata-doce previamente descascada, ralada e torrada.",
24965,cheddar,"uncooked yellow cheese made from cow's milk.",621,Ingredients,83,"Queijo cheddar","Queijo amarelo não cozido feito de leite de vaca.",
24969,"chocolate powder","mixture of cocoa powder and sugar.",621,Ingredients,83,"pó de chocolate","Mistura de cacau em pó e açúcar.",
24980,chayote,"green vegetable on the outside and with a white inside, edible.",621,Ingredients,83,chá-ute,"Legume verde por fora e branco por dentro, comestível.",
25022,manjar,"a kind of candy made with condensed milk.",621,Ingredients,83,manjar,"Um tipo de doce feito com leite condensado.",
25110,pumpkin,"an orange-yellow fruit with a round shape formed by a thick bark, edible in the inner part and has many seeds.",621,Ingredients,83,Abóbora,"Uma fruta alaranjada e amarela com formato redondo formada por uma casca grossa, comestível na parte interna e possui muitas sementes.",
25120,nutella,"cream of hazelnut with cacao.",621,Ingredients,83,Nuttela,"Creme de noz pecã com cacau.",
25123,ora-pro-nóbis,"a typical vegetable of the region of Sabará, MG, Brazil, whose leaves are usually consumed braised as accompaniment of red meats.",621,Ingredients,83,"ora pro nobis","Uma verdura típica da região de Sabará, MG, Brasil, cujas folhas são geralmente consumidas refogadas como acompanhamento de carnes vermelhas.",
25146,"rump cover","meat that constitutes the lumbar region generally served in barbecues.",621,Ingredients,83,"Capa de assento","carne que constitui a região lombar geralmente servida em churrascos.",
25147,"rump cap","meat that constitutes the lumbar region generally served in barbecues.",621,Ingredients,83,"Rompimento de capacete","carne que constitui a região lombar geralmente servida em churrascos.",
25148,coullote,"meat that constitutes the lumbar region generally served in barbecues.",621,Ingredients,83,collete,"carne que constitui a região lombar geralmente servida em churrascos.",
25149,"sirloin cap","meat that constitutes the lumbar region generally served in barbecues.",621,Ingredients,83,"sirloin cap","carne que constitui a região lombar geralmente servida em churrascos.",
25204,shiitake,"edible mushroom that can be placed in soups, salads, sauces and breaded. Its origin is Asian.",621,Ingredients,83,shiitake,"Ostra-doce que pode ser colocado em sopas, saladas, molhos e pão frito. Sua origem é asiática.",
31930,wheat,"a cereal plant that is the most important kind grown in temperate countries, the grain of which is ground to make flour for bread, pasta, pastry, etc.",621,Ingredients,83,trigo,"A planta cereal que é o tipo mais importante cultivado em países temperados, o grão do qual é moído para fazer farinha para pão, massa, pastelaria, etc.",
33483,asparagus,"A tall plant of the lily family with fine feathery foliage, cultivated for its edible shoots.",621,Ingredients,83,Aspargos,"Uma planta alta da família das lírios, com folhagem fina e penas, cultivada por suas hastes comestíveis.",
33485,cucumber,"A long, green-skinned fruit with watery flesh, usually eaten raw in salads or pickled.",621,Ingredients,83,pepino,"Uma fruta longa e de pele verde, com polpa aquosa, geralmente consumida crua em saladas ou enlatada.",
33487,grapefruit,"A large round yellow citrus fruit with an acid juicy pulp.",621,Ingredients,83,grapefruit,"Uma grande fruta cítrica amarela em forma de pêra com uma polpa ácida e suculenta.",
33491,peach,"A round stone fruit with juicy yellow flesh and downy pinkish-yellow skin.",621,Ingredients,83,pêssego,"Uma fruta de pedra redonda com polpa suculenta amarela e pele rosada amarelada.",
33492,pear,"A yellowish- or brownish-green edible fruit that is typically narrow at the stalk and wider towards the base, with sweet, slightly gritty flesh.",621,Ingredients,83,Pera,"Uma fruta comestível amarelada ou castanhada, tipicamente estreita na haste e mais larga em direção à base, com polpa doce e um pouco granulada.",
33493,pomegranate,"A spherical fruit with a tough golden-orange outer skin and sweet red gelatinous flesh containing many seeds.",621,Ingredients,83,Romã,"Fruta esférica com casca externa dourada e laranja resistente e polpa macia e vermelha, repleta de sementes.",
33494,radish,"A swollen pungent-tasting edible root, especially a variety which is small, spherical, and red, and eaten raw with salad.",621,Ingredients,83,rabanete,"A raiz comestível inchada, com sabor pungente, especialmente uma variedade pequena, esférica e vermelha, que é comida crua com salada.",
34336,soy,"A type of protein retrieved from soybeans.",621,Ingredients,83,sou,"Um tipo de proteína extraída da soja.",
34355,chop,"A piece of meat with bone attached to it.",621,Ingredients,83,Chop.,"Uma peça de carne com osso ligado a ela.",
34372,citron,"A fruit similar to a lemon, with a sweeter flavor and thick peel.",621,Ingredients,83,citron,"Uma fruta semelhante a uma limão, com um sabor mais doce e casca grossa.",
15542,gains,"FN: progress made in a particular field.",622,Cause_to_make_progress,83,ganhos,"FN: progresso feito em um campo específico.",
15543,perfect,"FN: cause development at the highest standard. ",622,Cause_to_make_progress,86,perfeito,"FN: desenvolvimento de causa no mais alto padrão.",
15544,improve,"COD: make better. ",622,Cause_to_make_progress,86,aperfeiçoar,"COD: fazer melhor.",
15545,improved,"FN: made better",622,Cause_to_make_progress,84,Melhorado,"FN: feito melhor",
15546,modernization,"FN: the act of making up-to-date. ",622,Cause_to_make_progress,83,modernização,"FN: o ato de se manter atualizado.",
15547,mature,"FN: develop",622,Cause_to_make_progress,86,maduro,"FN: desenvolver",
15551,earshot,"FN: the distance over which one can hear.",623,Range,83,ouço,"FN: a distância em que se pode ouvir.",
15552,reach,"FN: the extent or range of an entity' s application, effect, or influence",623,Range,83,chegar,"FN: o alcance ou a faixa de aplicação, efeito ou influência de uma entidade",
