idLU,lemmaName(en),senseDescription(en),idFrame,frameName,idPOS,lemmaName(pt),senseDescription(pt),idLemma(pt)
8186,unsure,"COD: lacking confidence",129,Certainty,84,indeciso,"COD: falta de confiança",
8189,skeptical,"FN: reserving judgement as to the truth of.",129,Certainty,84,cético,"FN: reservando julgamento quanto à verdade de.",
8190,skepticism,"FN: a careful attitude of reserving judgement on the veractiy of. ",129,Certainty,83,Ceticismo,"FN: uma atitude cuidadosa de reservar julgamento sobre a veracidade de.",
8191,skeptic,"COD: a person inclined to question or doubt accepted opinions.",129,Certainty,83,cético,"COD: uma pessoa inclinada a questionar ou duvidar de opiniões aceitas.",
8193,scrap,"COD: a small piece or amount of something, especially one that is left over after the greater part has been used",130,Part_piece,83,escrap,"COD: uma pequena peça ou quantidade de algo, especialmente o que sobra depois que a maior parte é usada",
8194,sliver,"COD: a small, narrow, sharp piece cut or split off a larger piece",130,Part_piece,83,"fenda estreita","COD: uma pequena, estreita e afiada peça cortada ou dividida de um pedaço maior",
8195,shred,"COD: often with neg. a very small amount",130,Part_piece,83,rasgar,"COD: geralmente com neg. uma pequena quantidade muito",
8197,hunk,"COD: a large piece cut or broken from something larger",130,Part_piece,83,hunk,"COD: um grande pedaço cortado ou quebrado de algo maior",
8198,chunk,"COD: a thick, solid piece",130,Part_piece,83,chunko,"COD: uma peça grossa e sólida",
8199,smidgen,"COD: a tiny amount",130,Part_piece,83,smiçagem,"COD: uma pequena quantidade",
8202,morsel,"COD: a small piece of food; a mouthful",130,Part_piece,83,morsel,"COD: uma pequena peça de comida; uma boca cheia",
8204,slice,"COD: a thin, broad piece of food cut from a larger portion. ",130,Part_piece,83,fatiar,"COD: uma peça fina e larga de alimento cortada de uma porção maior.",
8206,flake,"COD: a small, flat, very thin piece of something. ",130,Part_piece,83,floco,"COD: um pequeno pedaço achatado e muito fino de algo.",
8209,clod,"COD: a lump ",130,Part_piece,83,clodo,"COD: um nódulo",
8214,back,"COD: 2a the side or part of something away from the spectator or from the direction in which it moves or faces",131,Part_orientational,83,"de trás","COD: 2a o lado ou parte de algo longe do espectador ou da direção em que se move ou enfrenta",
8216,underside,"COD: the bottom or lower side or surface of something",131,Part_orientational,83,"parte inferior","COD: o fundo ou lado inferior ou superfície de algo",
8217,underbelly,"FN: the vulnerable underside of a body or mass",131,Part_orientational,83,bariga,"FN: o lado vulnerável de um corpo ou massa",
8219,back,"COD: in the opposite direction from the one that one is facing or travelling towards. ",131,Part_orientational,84,"de volta","COD: na direção oposta à que se está enfrentando ou viajando.",
8220,top,"FN: situated in the highest position or at the highest point or part of an object.",131,Part_orientational,84,cima,"FN: situado na posição ou ponto mais elevado de um objeto.",
8222,apex,"COD: the top or highest part of something, especially one forming a point",131,Part_orientational,83,apex,"COD: o topo ou parte superior de algo, especialmente um formando um ponto",
8225,rear,"COD: the back or hindmost part of something. ",131,Part_orientational,83,atrás,"COD: a parte de trás ou mais traseira de algo.",
8228,hind,"COD: attrib. (especially of a bodily part) situated at the back",131,Part_orientational,84,hindão,"COD: atributivo (especialmente de uma parte do corpo) situado na parte de trás",
8229,rear,"COD: at the back.",131,Part_orientational,84,atrás,"COD: nas costas.",
8233,left,"COD: on, towards, or relating to the side of a human body or of a thing which is to the west when the person or thing is facing north. ",131,Part_orientational,84,esquerda,"COD: o, em direção a, ou relacionado ao lado de um corpo humano ou de uma coisa que está para o oeste quando a pessoa ou coisa está enfrentando o norte.",
8234,right,"on, towards, or relating to the side of a human body or of a thing which is to the east when the person or thing is facing north. ",131,Part_orientational,84,direita,"do lado de, em relação ao, ou relacionado à lateral do corpo humano ou de um objeto que se encontra para o leste quando a pessoa ou objeto está enfrentando o norte.",
8244,northern,"COD: situated in, directed towards, or facing the north. ",131,Part_orientational,84,setentrional,"COD: situado em, direcionado para, ou enfrentando o norte.",
8245,northernmost,"FN: situated in the most northern position or direction",131,Part_orientational,84,norteste,"FN: situado na posição ou direção mais setentrional",
8246,southernmost,"FN: situated in the most southern position or direction",131,Part_orientational,84,sul-sudeste,"FN: situado na posição ou direção mais ao sul",
8248,easternmost,"FN: situated in the most eastern position or direction",131,Part_orientational,84,"mais oriental","FN: situado na posição ou direção mais oriental",
34136,centered,"Located in the center.",131,Part_orientational,84,centralizado,"Localizado no centro.",
39963,no,,131,Part_orientational,84,não,,
8258,stop,"FN: cause to come to an end. ",132,Process_stop,86,Parar.,"FN: causar para acabar com.",
8259,discontinue,"COD: stop doing, providing, or making. ",132,Process_stop,86,descontinua,"COD: parar de fazer, fornecer ou fazer.",
8262,cease,"COD: come or bring to an end; stop. ",132,Process_stop,86,Cesse,"COD: virar ou trazer para um fim; parar.",
8263,cessation,"COD: the fact or process of ceasing. ",132,Process_stop,83,cessação,"COD: o fato ou processo de cessar.",
8265,halt,"FN: stop",132,Process_stop,83,Parar,"FN: parar",
8270,continue,"COD: remain in existence, operation, or a specified state.",133,Process_continue,86,Continue.,"COD: permanecer em existência, operação ou um estado especificado.",
8271,ongoing,"COD: continuing; still in progress. ",133,Process_continue,84,"em andamento","COD: contínuo; ainda em andamento.",
8273,"drag on","FN: continue longer than expected or desired.",133,Process_continue,86,dragar,"FN: continuar por mais tempo do que o esperado ou desejado.",
8274,"go on","FN: to continue, progress",133,Process_continue,86,Continue.,"FN: para continuar, progresso",
8279,underway,"COD: currently in progress.",133,Process_continue,84,"em andamento","COD: atualmente em andamento.",
8280,on,"FN: indicating continuation of a process",133,Process_continue,89,um,"FN: indicando continuação de um processo",
