idLU,lemmaName(en),senseDescription(en),idFrame,frameName,idPOS,lemmaName(pt),senseDescription(pt),idLemma(pt)
5610,buzz,"FN: to move making a low humming noise similar to that of a bee.",54,Motion_noise,86,zumbido,"FN: mover-se fazendo um zumbido baixo semelhante ao de uma abelha.",36522
5618,clump,"FN: to move making a dull heavy noise.",54,Motion_noise,86,grumo,"FN: mover-se fazendo um barulho entediante e pesado.",23820
5627,patter,"FN: run making a light tapping sound.",54,Motion_noise,86,padrão,"FN: corre fazendo um som de batidinha leve.",9396
5638,swish,"COD: move with a hissing or rushing sound.",54,Motion_noise,86,Esfregar,"COD: move com um som de assobio ou correção.",129446
5645,zing,"COD: move swiftly.",54,Motion_noise,86,Zumbido,"COD: move rapidamente.",36522
5647,angle,"FN: to move at an angle (linear incline in comparison to some point)",55,Path_shape,86,ângulo,"FN: mover-se em um ângulo (inclinação linear em comparação com algum ponto)",36578
5648,bear,"FN: to turn (as a path) in a specified direction",55,Path_shape,86,urso,"FN: virar (como um caminho) em uma direção especificada",35571
5650,cross,"COD: move to the other side of; move in an opposite or different direction",55,Path_shape,86,cruz,"COD: mover para o outro lado de; mover em uma direção oposta ou diferente",9579
5653,drop,"COD: fall vertically",55,Path_shape,86,drop,"COD: cair verticalmente",1175
5654,edge,"FN: to proceed along the perimeter of something, as a path",55,Path_shape,86,borda,"FN: para prosseguir ao longo do perímetro de algo, como um caminho",7767
5656,exit,"COD: go out of or leave a place",55,Path_shape,86,saída,"COD: sair ou deixar um lugar",526
5661,rise,"FN: to slope upward",55,Path_shape,86,acordar,"FN: a encosta para cima",116897
5662,skirt,"FN: to lead around the edge of something",55,Path_shape,86,saia,"FN: levar ao redor de algo",9767
5664,snake,"FN: to twist (as a path)",55,Path_shape,86,cobra,"FN: torcer (um caminho)",17588
5665,swerve,"COD: abruptly diverge or from a straight course",55,Path_shape,86,desvio,"COD: abruptamente diverge ou de um curso reto",8709
5666,swing,"FN: to proceed (as a path) changing direction suddenly",55,Path_shape,86,balanço,"FN: prosseguir (como um caminho) mudando de direção subitamente",14756
5671,wind,"FN: to lead (as a path) in a twisting course ",55,Path_shape,86,vento,"FN: para liderar (como um caminho) em um curso tortuoso",35833
5685,emergence,"FN: the act or instance of coming out (of a dark place) gradually",55,Path_shape,83,emergência,"FN: o ato ou instância de sair (de um lugar escuro) gradualmente",270
5686,crest,"FN: to end at the top of an area such as a mountain or hill",55,Path_shape,86,crista,"FN: acabar no topo de uma área como uma montanha ou colina",8844
5691,twist,"COD:  take or have a winding course",55,Path_shape,86,torção,"COD: tomar ou ter um curso sinuoso",34931
5693,deposit,"COD: put or set down in a specific place.",56,Placing,86,depósito,"COD: colocar ou colocar em um lugar específico.",8651
5698,implant,"COD: insert or fix (tissue or an artificial object) into the body",56,Placing,86,implantar,"COD: inserir ou fixar (tecido ou um objeto artificial) no corpo",130924
5699,inject,"COD: introduce (a liquid, especially a drug or vaccine) into the body with a syringe",56,Placing,86,injetar,"COD: introduzir (uma substância líquida, especialmente uma droga ou vacina) no corpo com uma seringa",131078
5702,lay,"COD: place or fix (equipment) in position ready for use.",56,Placing,86,deitar,"COD: lugar ou fixar (equipamento) na posição pronta para uso.",121093
5703,lean,"COD: incline from the perpendicular and rest against.",56,Placing,86,aprender,"COD: inclinar-se do perpendicular e descansar contra.",116970
5704,load,"COD: put a load on or in (a vehicle, ship, etc.).",56,Placing,86,carregar,"COD: colocar uma carga em ou em (veículo, navio, etc.).",117207
5706,pack,"COD: to place in a container for transport or storage",56,Placing,86,pacote,"COD: colocar em um recipiente para transporte ou armazenamento",448
5707,park,"COD: deposit or leave in a convenient place until required",56,Placing,86,Parque,"COD: depósito ou deixar em um local conveniente até que seja necessário",6689
5708,pile,"COD: place (things) one on top of the other",56,Placing,86,pilha,"COD: lugar (coisas) uma sobre a outra",8593
5709,place,"put in a particular position.",56,Placing,86,lugar,"Colocar em uma posição específica.",956
5711,plant,"COD: place (a seed, bulb, or plant) in the ground so that it can grow.",56,Placing,86,planta,"COD: coloque (uma semente, bulbo ou planta) no chão para que ela possa crescer.",30417
5712,position,"COD: put or arrange in a particular position.",56,Placing,86,posição,"COD: colocar ou organizar em uma posição específica.",7373
5713,rest,"COD: place or be placed so as to stay in a specified position",56,Placing,86,descanso,"COD: lugar ou ser colocado de modo a ficar em uma posição especificada",8558
5714,set,"COD: put, lay, or stand (something) in a specified place or position",56,Placing,86,conjunto,"COD: colocar, deitar ou ficar (algo) em um lugar ou posição especificada",8693
