idLU,lemmaName(en),senseDescription(en),idFrame,frameName,idPOS,lemmaName(pt),senseDescription(pt),idLemma(pt)
12197,impolite,"COD: not having or showing good manners. ",342,Social_interaction_evaluation,84,impoluto,"COD: sem ou mostrando boas maneiras.",
12199,churlish,"COD: rude, mean-spirited, and surly",342,Social_interaction_evaluation,84,churlho,"COD: rude, de mau humor e mal-humorado",
12204,impudent,"COD: not showing due respect for another person; impertinent. ",342,Social_interaction_evaluation,84,impudente,"COD: não mostrar respeito por outra pessoa; imprudente.",
12207,boorish,"FN: crudely insensitive to other' s feelings",342,Social_interaction_evaluation,84,Boorish,"FN: grosseiramente insensível aos sentimentos dos outros",
12208,compassionate,"FN: showing concern for the suffering of others",342,Social_interaction_evaluation,84,compreensivo,"FN: mostrar preocupação com o sofrimento dos outros",
12211,unfriendly,"COD: not friendly. ",342,Social_interaction_evaluation,84,Desconvidado,"COD: não amigável.",
12213,sociable,"COD: marked by friendliness. ",342,Social_interaction_evaluation,84,sociabilismo,"COD: marcado por amabilidade.",
12216,gracious,"COD: courteous, kind, and pleasant. ",342,Social_interaction_evaluation,84,graçoso,"COD: cortês, gentil e agradável.",
12221,tactful,"FN: having or showing sensitivity to the feelings of others.",342,Social_interaction_evaluation,84,tático,"FN: ter ou mostrar sensibilidade aos sentimentos dos outros.",
12223,barbaric,"COD: savagely cruel. ",342,Social_interaction_evaluation,84,barbário,"COD: cruelmente selvagem.",
12224,spiteful,"FN: showing a desire to hurt, annoy or offend others",342,Social_interaction_evaluation,84,Simpático.,"FN: mostrar um desejo de machucar, irritar ou ofender os outros",
12229,good-natured,"FN: Having an easygoing, cheerful disposition.",342,Social_interaction_evaluation,84,"de bom caráter","FN: Ter uma disposição fácil e alegre.",
12230,good-humored,"FN: without ill-will.",342,Social_interaction_evaluation,84,"de bom humor","FN: sem má vontade.",
12238,thoughtfulness,"FN: quality of being considerate of others wants or needs",342,Social_interaction_evaluation,83,Pensatividade,"FN: qualidade de ser atencioso com as necessidades ou desejos dos outros",
12242,atrocious,"FN: extremely unpleasent",342,Social_interaction_evaluation,84,Atrocioso,"FN: extremamente desagradável",
12251,address,"FN: deal with a topic",343,Topic,86,endereço,"FN: lidar com um tópico",
12254,dwell,"COD: speak, or write at length about. ",343,Topic,86,dwell,"COD: falar ou escrever extensivamente sobre.",
12255,on,"COD: about, concerning",343,Topic,90,um,"COD: sobre, em relação a",
12256,regard,"FN: take as topic.",343,Topic,86,regardar,"FN: tomar como tópico.",
12257,regard,"FN: relation, connection.",343,Topic,83,reverência,"FN: relação, conexão.",
12259,refer,"COD: mention or allude to",343,Topic,86,refer,"COD: mencionar ou aludir a",
12267,audacious,"FN: having a propensity to risk, especially social censure.",344,Daring,84,audacioso,"FN: ter uma tendência a risco, especialmente censura social.",
12268,audacity,"FN: the inclination to take risks",344,Daring,83,audácia,"FN: a inclinação para assumir riscos",
12269,audaciousness,"FN: the inclination to take risks",344,Daring,83,audácia,"FN: a inclinação de correr riscos",
12275,tricky,"COD: requiring care and skill because difficult or awkward",345,Difficulty,84,Enganoso,"COD: requerendo cuidado e habilidade porque difícil ou desconfortável",
12276,challenging,"FN: requiring a person' s full abilities and effort",345,Difficulty,84,Desafiador,"FN: exigindo todo o esforço e habilidades de uma pessoa",
12277,"a breeze","FN: a very easy task",345,Difficulty,83,"uma brisa","FN: uma tarefa muito fácil",
12279,"a bitch","FN: a very difficult task",345,Difficulty,83,"A cadela.","FN: uma tarefa muito difícil",
12281,trivial,"FN: very easy",345,Difficulty,84,trivial,"FN: muito fácil",
12282,"a snap","FN: a very easy task",345,Difficulty,83,"um clique","FN: uma tarefa muito fácil",
12284,"a pain in the neck","FN: difficult and unpleasant",345,Difficulty,83,"Dores de cabeça.","FN: difícil e desagradável",
12285,"child 's play","FN: very easy, trivial",345,Difficulty,83,"brincar de criança","FN: muito fácil, trivial",
12286,"a piece of cake","FN: something easily achieved",345,Difficulty,83,"uma torta fácil","FN: algo facilmente alcançado",
12287,"a cinch","FN: a very easy task",345,Difficulty,83,"a cachaça","FN: uma tarefa muito fácil",
12288,"a bastard","FN: a very difficult task",345,Difficulty,83,"um bastardo","FN: uma tarefa muito difícil",
12289,"near thing","FN: an event which occurs despite fears that it might not occur",345,Difficulty,84,"coisa quase","FN: um evento que ocorre apesar dos medos de que ele não ocorra",
12291,"a doddle","COD: a very easy task.",345,Difficulty,83,"É fácil.","COD: uma tarefa muito fácil.",
12293,"no picnic","FN difficult",345,Difficulty,83,"no piquenique","FN difícil",
12294,"a walk in the park","FN: a seemingly simple task",345,Difficulty,83,"Um passeio no parque.","FN: uma tarefa aparentemente simples",
12295,"like taking candy from a baby","FN: easily done",345,Difficulty,89,"É fácil como tirar doces de uma criança.","FN: fácil de fazer",
12296,ease,"FN: freedom from difficulty or great effort",345,Difficulty,83,fácil,"FN: liberdade de dificuldade ou grande esforço",
