idLU,lemmaName(en),senseDescription(en),idFrame,frameName,idPOS,lemmaName(pt),senseDescription(pt),idLemma(pt)
10950,account,"COD: 1. a description of an event or experience.",272,Text,83,conta,"COD: 1. uma descrição de um evento ou experiência.",18070
10951,sermon,"COD: 1. a talk on a religious or moral subject, especially one given during a church service and based on a passage from the Bible. ",272,Text,83,sermão,"COD: 1. uma conversa sobre um assunto religioso ou moral, especialmente uma dada durante um culto e baseada em um trecho da Bíblia.",33249
10957,volume,"COD: a book forming part of a work or series",272,Text,83,volume,"COD: um livro que faz parte de uma obra ou série",36184
10959,edition,"COD: a particular form or version of a published text. ",272,Text,83,edição,"COD: uma forma ou versão específica de um texto publicado.",20258
10960,treatise,"COD: a written work dealing formally and systematically with a subject. ",272,Text,83,tratado,"COD: uma obra escrita que trata formalmente e sistematicamente de um assunto.",6643
10961,report,"COD: an account given of a matter after investigation or consideration.",272,Text,83,relatório,"COD: uma conta dada de um assunto após investigação ou consideração.",7380
10962,bulletin,"COD: a short official statement or summary of news.",272,Text,83,boletim,"COD: uma breve declaração oficial ou resumo de notícias.",15516
10963,tractate,"COD: a treatise. ",272,Text,83,tratado,"COD: um tratado.",6643
10965,journal,"COD: a newspaper or magazine dealing with a particular subject. ",272,Text,83,diário,"COD: um jornal ou revista que trata de um assunto específico.",19725
10969,booklet,"COD: a small, thin book with paper covers. ",272,Text,83,folheto,"COD: um pequeno livro fino com capas de papel.",22703
10970,fiction,"COD: prose literature, especially novels, describing imaginary events and people.",272,Text,83,ficção,"COD: literatura de ficção, especialmente romances, descrevendo eventos e pessoas imaginários.",22452
10972,missive,"FN: a letter, note, or memo",272,Text,83,Mensagem,"FN: uma carta, nota ou memorando",7353
10979,brochure,"FN: a small, free catalogue of information used for marketing purposes. ",272,Text,83,folheto,"FN: um pequeno catálogo gratuito de informações utilizado para fins de marketing.",22703
10980,material,"FN: literature on a topic",272,Text,83,material,"FN: literatura sobre um tópico",37701
10981,pamphlet,"FN: a short booklet meant to disseminate basic or introductory information.",272,Text,83,folheto,"FN: um folheto curto destinado a disseminar informações básicas ou introdutórias.",22703
10982,issue,"FN: part of a series of a periodical",272,Text,83,problema,"FN: parte de uma série de um periódico",6620
10983,paper,"FN: a newspaper or other regular publication",272,Text,83,papel,"FN: um jornal ou outra publicação regular",673
10984,paper,"FN: a (typically scholarly) written work that is usually intended for a class or publication in a journal",272,Text,83,papel,"FN: um trabalho escrito (geralmente acadêmico) destinado a uma turma ou publicação em uma revista",673
10985,epic,"FN: of or relating to poetry of the epic tradition.",272,Text,84,épico,"FN: de ou relacionado à poesia da tradição épica.",73696
10986,publication,"FN: a body of text that is realeased either individually or as a part of a larger collection of texts. ",272,Text,83,publicação,"FN: um corpo de texto que é lançado individualmente ou como parte de uma coleção maior de textos.",31217
10988,life,"FN: a biographical account of a person' s experiences and actions",272,Text,83,vida,"FN: uma conta biográfica das experiências e ações de uma pessoa",6569
10990,record,"FN: an account a past event or events.",272,Text,83,registro,"FN: uma conta de um evento ou eventos passados.",10685
41794,cd,,272,Text,83,cd,,69402
10994,mascara,"COD: a cosmetic for darkening and thickening the eyelashes",273,Body_decoration,83,máscara,"COD: um cosmético para escurecer e engrossar as cílios",838
11000,foundation,"COD: a cream or powder applied to the face as a base for other make-up",273,Body_decoration,83,fundação,"COD: um creme ou pó aplicado no rosto como base para outros produtos de maquiagem",6967
11016,mess,"COD: a confused and problematic situation. ",274,Predicament,83,bagunça,"COD: uma situação confusa e problemática.",9440
11025,confirmation,"COD: (in the Christian Church) the rite at which a baptized person affirms Christian belief and is admitted as a full member of the Church",275,Rite,83,confirmação,"COD: (na Igreja Cristã) o rito no qual uma pessoa batizada afirma a crença cristã e é admitida como membro pleno da Igreja",8931
11028,mass,"COD: the Christian Eucharist or Holy Communion, especially in the Roman Catholic Church. ",275,Rite,83,massa,"COD: a Eucaristia cristã ou Comunhão Sagrada, especialmente na Igreja Católica Romana.",27296
11037,rite,"COD: a religious or other solemn ceremony or act",275,Rite,83,direito,"COD: uma cerimônia ou ato solene religioso ou não",8946
11039,confirm,"COD: administer the religious rite of confirmation to",275,Rite,86,confirmar,"COD: administrar o rito religioso da confirmação de",120775
11042,service,"COD: a ceremony of religious worship according to a prescribed form",275,Rite,83,serviço,"COD: uma cerimônia de adoração religiosa de acordo com um formato prescrito",1338
11047,confession,"COD: a formal admission of one' s sins privately to a priest. ",275,Rite,83,confissão,"COD: uma confissão formal de seus pecados em particular a um padre.",7164
