idLU,lemmaName(en),senseDescription(en),idFrame,frameName,idPOS,lemmaName(pt),senseDescription(pt),idLemma(pt)
10845,hoodwink,"COD: deceive or trick. ",262,Prevarication,86,enganar,"COD: enganar ou enganar.",128523
10847,dissemble,"COD: hide or disguise one' s true motives or feelings.",262,Prevarication,86,dissolver,"COD: esconder ou disfarçar as verdadeiras intenções ou sentimentos de alguém.",127542
10853,entertain,"COD: provide with amusement or enjoyment.",263,Cause_to_experience,86,entretenimento,"COD: fornecer com diversão ou prazer.",9394
10855,divert,"FN: entertain",263,Cause_to_experience,86,divertir,"FN: entreter",116951
10856,shoot,"FN: cause an object to be projected forcefully from a device (esp. a weapon, e.g., gun, bow). ""He shot the bullet into the air.""",264,Shoot_projectiles,86,tiro,"FN: causar que um objeto seja projetado com força de um dispositivo (esp. uma arma, p. ex., pistola, arco). ""Ele atirou a bala no ar.",38
10857,fire,"COD: propel (a bullet or projectile) from a gun or other weapon. ",264,Shoot_projectiles,86,fogo,"COD: propulsão (uma bala ou projétil) de uma arma ou outra arma.",10788
10859,launch,"FN: to shoot projectiles from a gun or other weapon",264,Shoot_projectiles,86,lançamento,"FN: disparar projéteis de uma arma ou outra arma",1351
10860,launch,"COD: an act or instance of launching something.",264,Shoot_projectiles,83,lançamento,"COD: um ato ou instância de lançar algo.",1351
10861,fire,"FN: projectiles fired as or from a weapon.",264,Shoot_projectiles,83,fogo,"FN: projéteis disparados como ou de uma arma.",10788
10863,shoot,"COD: cause (a gun) to fire. ",265,Use_firearm,86,tiro,"COD: causar (uma arma de fogo) para disparar.",38
10864,fire,"COD: discharge (a gun or other weapon). ",265,Use_firearm,86,fogo,"COD: descarga (de uma arma ou outro objeto).",10788
10865,discharge,"COD: fire (a gun or missile). ",265,Use_firearm,86,descarga,"COD: fogo (de uma arma ou míssil).",19282
10866,shot,"FN: the discharge of a firearm",265,Use_firearm,83,tiro,"FN: o disparo de uma arma de fogo",38
10875,"drift off","FN: slowly fall asleep.",266,Fall_asleep,86,dormir,"FN: lentamente adormecer.",116922
10878,awaken,"COD: stop or cause to stop sleeping. ",267,Cause_to_wake,86,despertar,"COD: parar ou causar para parar de dormir.",127169
10879,rouse,"COD: bring out of sleep; awaken. ",267,Cause_to_wake,86,despertar,"COD: trazer de sono; despertar.",127169
10881,"come to","FN: wake up",269,Waking_up,86,vir,Acorde!,116881
10886,revive,"FN: to return to consciousness",269,Waking_up,86,reviver,"FN: para retornar à consciência",121103
10892,order,"FN: force the convict to pay or serve in the prison as punishment  ",271,Sentencing,86,pedido,"FN: forçar o condenado a pagar ou servir na prisão como punição",7361
10901,autobiography,"COD: an account of a person' s life written by that person. ",272,Text,83,autobiografia,"COD: uma conta da vida de uma pessoa escrita por essa pessoa.",10722
10902,ballad,"COD: a poem or song narrating a popular story in short stanzas. ",272,Text,83,balada,"COD: um poema ou canção que narra uma história popular em versos curtos.",9437
10903,biography,"COD: an account of someone' s life written by someone else.",272,Text,83,biografia,"COD: uma conta da vida de alguém escrita por outra pessoa.",10721
10904,chronicle,"COD: written account of important or historical events in the order of their occurrence. ",272,Text,83,crônica,"COD: registro escrito de eventos importantes ou históricos na ordem em que ocorreram.",10760
10905,comedy,"COD: 2. a play with a humorous or satirical tone, in which the characters ultimately triumph over adversity. ",272,Text,83,comédia,"COD: 2. uma peça com um tom humorístico ou satírico, na qual os personagens triunfam, em última análise, sobre a adversidade.",17765
10906,diary,"COD: 1. a book in which one keeps a daily record of events and experiences. ",272,Text,83,diário,"COD: 1. um livro no qual se registra o diário de eventos e experiências diárias.",19725
10907,drama,"COD: a play. ",272,Text,83,drama,"COD: uma peça.",6591
10913,essay,"COD: 1. a piece of writing on a particular subject.",272,Text,83,ensaio,"COD: 1. um texto sobre um assunto específico.",20834
10914,exemplum,"COD: pl. exempla an example or model, especially a moralizing or illustrative story.",272,Text,83,exemplo,"COD: pl. exemplo; modelo; história moralizante ou ilustrativa",10818
10915,fable,"COD: a short story, typically with animals as characters, conveying a            moral",272,Text,83,fábula,"COD: uma história curta, geralmente com animais como personagens, transmitindo uma lição ou moral.",23072
10921,memoir,"COD: a historical account or biography written from personal knowledge",272,Text,83,memória,"COD: uma narrativa histórica ou biografia escrita com base em conhecimento pessoal",10766
10923,mystery,"COD: a novel, play, or film dealing with a puzzling crime. ",272,Text,83,mistério,"COD: uma novela, peça ou filme que trata de um crime intrigante.",27935
10924,novel,"COD: 1.a fictitious prose narrative of book length. ",272,Text,83,romance,"COD: 1. uma narrativa ficcional em prosa de comprimento de livro.",8982
10928,poetry,"COD: mass noun poems collectively or as a genre of literature. ",272,Text,83,Poesia,"COD: substantivo massivo poemas coletivamente ou como um gênero de literatura.",10711
10930,rhyme,"COD: rhyming poetry or verse",272,Text,83,rima,"Poesia rimada ou verso",32464
10934,speech,"COD: a formal address delivered to an audience. ",272,Text,83,discurso,"COD: um discurso formal proferido para uma audiência.",10817
10938,tragedy,"COD: a serious play with an unhappy ending, especially one concerning the downfall of the protagonist.",272,Text,83,tragédia,"COD: um jogo sério com um final infeliz, especialmente aquele que envolve a queda do protagonista.",34995
10941,manual,"COD: 1. a book giving instructions or information. ",272,Text,83,manual,"COD: 1. um livro que fornece instruções ou informações.",64812
