idLU,lemmaName(en),senseDescription(en),idFrame,frameName,idPOS,lemmaName(pt),senseDescription(pt),idLemma(pt)
21356,"palm oil","oil from nuts of oil palms especially the African oil palm.",621,Ingredients,83,"Óleo de palma","Óleo de nozes de palmeiras oleaginosas, especialmente a palmeira-de-óleo africana.",
21358,"salt cod","A cod (or similar fish) having been cut open and cured in the open air without salt.;Unsalted fish, especially cod, dried by sun and wind.;",621,Ingredients,83,"salto cod","O peixe (ou semelhante a ele) cortado e curado ao ar livre sem sal; Peixe não salgado, especialmente o bacalhau, seco pelo sol e vento.",
21359,"dried cod","Codfish preserved in salt; must be desalted and flaked by soaking in water and pounding; used in e.g. codfish cakes;",621,Ingredients,83,"bacalhau seco","Camarão preservado em sal; deve ser dessalado e esfarelado por imersão em água e amassamento; usado, por exemplo, em bolinhos de camarão;",
21361,skrei,"Cod that has been dried and salted;Salt cod: Dried and salted cod.;",621,Ingredients,83,gritar,"Cod que tem sido seco e salgado;",
21364,plantain,"A banana tree bearing hanging clusters of edible angular greenish starchy fruits; tropics and subtropics;",621,Ingredients,83,plátano,"A banana-treta com cachos de frutas verdes e angulosas, comestíveis; trópicos e subtrópicos.",
21365,"cooking plantain","A cooking plantain or plantain is one of the cultivated varieties of the genus Musa whose fruit is intended to be consumed only after cooking or other processing, rather than being eaten raw.;Musa × paradisiaca is the accepted name for the hybrid between Musa acuminata and Musa balbisiana.;",621,Ingredients,83,"Fazer purê de banana","A planta de cozimento ou bananeira é uma das variedades cultivadas do gênero Musa, cujo fruto é destinado a ser consumido apenas após o cozimento ou outro processamento, em vez de ser comido cru.",
21367,"minced lard","Soft white semisolid fat obtained by rendering the fatty tissue of the hog;",621,Ingredients,83,"Manteiga ralada","Gordura semissólida macia obtida pelo renderização do tecido adiposo do porco;",
21386,"cocoa bean","Seed of the cacao tree; ground roasted beans are source of chocolate;",621,Ingredients,83,"amendoim de cacau","Sementes da árvore de cacau; grãos torrados moídos são fonte de chocolate;",
21397,"yellow mombin","Hog plum is a common name for several plants that produce edible fruit, and may refer to.;Spondias mombin or Spondias purpurea var.;",621,Ingredients,83,"amarelo mombin","Pêssego-do-mar é um nome comum para várias plantas que produzem frutas comestíveis, e pode se referir a;Spondias mombin ou Spondias purpurea var.",
21403,prawn,"A decapod crustacean of the infra-order Caridea.;",621,Ingredients,83,Prawn,"O crustáceo decápode da ordem infra Caridea.",
21404,"sugar cane","A tropical grass of the genus Saccharum having stout, fibrous, jointed stalks, the sap of which is a source of sugar.;",621,Ingredients,83,"caninha de açúcar","Grama tropical do gênero Saccharum, com caules robustos, fibrosos e articulados, cuja seiva é uma fonte de açúcar.",
21405,sugarcane,"A tropical grass of the genus Saccharum having stout, fibrous, jointed stalks, the sap of which is a source of sugar.;",621,Ingredients,83,Canavial,"A grama tropical do gênero Saccharum, com caules robustos, fibrosos e articulados, cuja seiva é uma fonte de açúcar.",
21411,chigueiro,"The capybara is the largest rodent in the world.;",621,Ingredients,83,Chiqueiro,"O capivara é o maior roedor do mundo.",
21413,crayfish,"Decapod crustaceans of the infraorder Brachyura;",621,Ingredients,83,camarão-do-mar,"Crustáceos decápodes da infraordem Brachyura;",
21414,crawfish,"Small freshwater decapod crustacean that resembles a lobster;",621,Ingredients,83,crawfish,"Cracode de água doce semelhante a um lagostim;",
21415,crawdad,"Small freshwater decapod crustacean that resembles a lobster;",621,Ingredients,83,crawdad,"Cracode de água doce semelhante a um lagostim;",
21418,"dried meat","Dried meat is a feature of many cuisines around the world.;",621,Ingredients,83,"carne seca","A carne seca é um ingrediente presente em diversas culinárias ao redor do mundo.",
21421,lamb,"A male sheep or goat; a billy.;A male sheep, a ram.;Uncastrated adult male sheep;",621,Ingredients,83,lamb,"Um macho de ovelha ou cabra; um bicho-de-bode.

Um macho de ovelha, um carneiro.

Ovelha não castrada, macho adulto.",
21422,sheepmeat,"Baby sheep;The flesh of a lamb or sheep used as food.;The flesh of a young domestic sheep eaten as food;",621,Ingredients,83,"carne de carneiro","Ovelha; carne de cordeiro ou ovelha usada como alimento; a carne de uma jovem ovelha doméstica comida como alimento;",
21423,mouton,"The flesh of sheep used as food.;The meat or flesh of sheep; mutton.;",621,Ingredients,83,Moutão,"A carne de ovelha usada como alimento; a carne ou carne de ovelha; mução.",
21425,onion,"The bulb-shaped root portion of a plant such as a tulip, from which the rest of the plant may be regrown.;A modified bud consisting of a thickened globular underground stem serving as a reproductive structure;",621,Ingredients,83,Cebolinha,"A parte radicular em forma de bulbo de uma planta como um tulipa, da qual o resto da planta pode ser regenerado.",
21426,ale,"An alcoholic beverage commonly fermented from barley malt, with hops or some other substance to impart a bitter flavor.;A sector of the economy in which an aggregate of commercial enterprises is engaged in the manufacture and marketing of beverages made from malt and hops by steeping, boiling and fermentation, such as beer, ale and other related beverages.;",621,Ingredients,83,ale,"Uma bebida alcoólica comumente fermentada a partir de malte de cevada, com lúpulo ou alguma outra substância para conferir um sabor amargo; Um setor da economia no qual um agregado de empresas comerciais está envolvido na fabricação e comercialização de bebidas à base de malte e lúpulo por imersão, fervura e fermentação, como cerveja, ale e outras bebidas relacionadas.",
21429,"draft beer","A beer served from a cask or keg.;",621,Ingredients,83,"cerveja artesanal","Uma cerveja servida de um barril ou balde.",
21430,"jerked meat","Meat (especially beef) cut in strips and dried in the sun;",621,Ingredients,83,"carne seca","Carne (especialmente bovina) cortada em tiras e seca ao sol;",
21434,"yerba mate","Mate, also known as yerba mate, chimarrão or cimarrón, is a traditional South American caffeine-rich infused drink, particularly in Argentina, Uruguay, Paraguay and Southern Brazil, and to a lesser degree in southern Chile, the Bolivian Chaco, Syria and Lebanon.;Yerba mate is a species of the holly family, with the binomial name of Ilex paraguariensis.;",621,Ingredients,83,"yerba mate","Mate, também conhecido como erva-mate, chimarrão ou cimarrón, é uma bebida tradicional rica em cafeína infundida na América do Sul, particularmente na Argentina, Uruguai, Paraguai e sul do Brasil, e em menor grau no sul do Chile, no Chaco boliviano, Síria e Líbano; A erva-mate é uma espécie da família do azevinho, com o nome binomial de Ilex paraguariensis.",
21435,"cocoa solids","Cocoa solids are a mixture of many substances remaining after cocoa butter is extracted from cacao beans.;",621,Ingredients,83,"solidos de cacau","As solidas de cacau são uma mistura de muitas substâncias restantes após a extração da manteiga de cacau dos grãos de cacau.",
21437,"hot chocolate","A beverage made from cocoa powder and milk and sugar; usually drunk hot;",621,Ingredients,83,"chocolate quente","Uma bebida feita de cacau em pó e leite e açúcar; geralmente tomada quente;",
21438,"drinking chocolate","A beverage made from cocoa powder and milk and sugar; usually drunk hot;",621,Ingredients,83,"chocolate quente","Uma bebida feita de cacau em pó e leite e açúcar; geralmente bebida quente;",
21441,curdled,"Coagulated milk; used to make cheese;Curds are a dairy product obtained by curdling milk with rennet or any edible acidic substance such as lemon juice or vinegar, and then allowing it to set.;",621,Ingredients,83,curdlado,"Leite coagulado; usado para fazer queijo; Coágulos são um produto lácteo obtido por coagulação do leite com renina ou qualquer substância ácida comestível como suco de limão ou vinagre, e então permitindo-se que ele se estabeleça.",
21442,"squeaky cheese","Cheese curds in cuisine, or cooking, are the solid parts of soured milk either eaten alone or used in various regional dishes, mostly in eastern Canada and the northeastern and midwestern United States.;",621,Ingredients,83,"Queijo barulhento","Queijo curd na culinária, ou cozimento, são as partes sólidas do leite azedo, seja comido sozinho ou usado em vários pratos regionais, principalmente no leste do Canadá e nos estados nordeste e sudoeste dos EUA.",
21443,clabber,"Raw milk that has soured and thickened;",621,Ingredients,83,clabber,"Leite cru que azedou e engrossou;",
21447,"coriander seed","Dried coriander seeds used whole or ground;",621,Ingredients,83,"Semente de coentro","Sementes de coentro secas usadas inteiras ou moídas;",
21448,cilantro,"Dried coriander seeds used whole or ground;The dried seeds thereof, used as a spice.;The dried seed of the coriander plant (Coriandrum sativum) which is used as a spice whole or ground.;",621,Ingredients,83,Cilantro,"Sementes de coentro secas utilizadas inteiras ou moídas;As sementes secas delas, usadas como tempero;As sementes secas da planta de coentro (Coriandrum sativum), que é usada como tempero inteiro ou moído.",
21449,coriander,"An annual herb in the family Apiaceae whose seeds and leaves are often used in cooking.;",621,Ingredients,83,Coriandro,"Uma erva anual da família Apiaceae, cujas sementes e folhas são frequentemente usadas na culinária.",
21450,"chinese parsley","An annual herb in the family Apiaceae whose seeds and leaves are often used in cooking.;",621,Ingredients,83,"Alface chinesa","Uma erva anual da família Apiaceae, cujas sementes e folhas são frequentemente usadas na culinária.",
21455,"rib bone","In vertebrate anatomy, ribs are the long curved bones which form the cage.;",621,Ingredients,83,"osso do peito","Nas anatomia dos vertebrados, as costelas são os ossos longos e curvados que formam a caixa;",
21458,clove,"Hybrid between the mandarin orange and the lemon;",621,Ingredients,83,clova,"Híbrido entre a laranja do Japão e o limão;",
21478,amylum,"A complex carbohydrate found chiefly in seeds, fruits, tubers, roots and stem pith of plants, notably in corn, potatoes, wheat, and rice; an important foodstuff and used otherwise especially in adhesives and as fillers and stiffeners for paper and textiles;",621,Ingredients,83,amilo,"Carboidrato complexo encontrado principalmente em sementes, frutas, tubérculos, raízes e casca de tronco de plantas, especialmente em milho, batatas, trigo e arroz; um importante alimento e usado de outras formas, especialmente em adesivos e como enchimentos e reforços para papel e têxteis;",
21479,starch,"A complex carbohydrate found chiefly in seeds, fruits, tubers, roots and stem pith of plants, notably in corn, potatoes, wheat, and rice; an important foodstuff and used otherwise especially in adhesives and as fillers and stiffeners for paper and textiles;",621,Ingredients,83,amido,"Uma carbohidrato complexo encontrado principalmente em sementes, frutas, tubérculos, raízes e casca de plantas, especialmente em milho, batatas, trigo e arroz; um importante alimento e usado de outra forma, especialmente em adesivos e como enchimentos e reforços para papel e tecidos;",
21493,jackfruit,"Species of plants, Jackfruit;The large fruit from this tree.;",621,Ingredients,83,jackfruit,"Espécie de plantas, Jackfruit;A grande fruta desta árvore.",
21494,paracress,"Acmella oleracea is a species of flowering herb in the family Asteraceae.;",621,Ingredients,83,paracresse,"Acmella oleracea é uma espécie de planta herbácea florida da família Asteraceae.",
21495,boar,"Dark grey peccary with an indistinct white collar; of semi desert areas of Mexico and southwestern United States;",621,Ingredients,83,"porco selvagem","Peca-preta com colar branco indefinido; de áreas semi-áridas do México e sudoeste dos Estados Unidos;",
21497,veggie,"Edible seeds or roots or stems or leaves or bulbs or tubers or nonsweet fruits of any of numerous herbaceous plant;",621,Ingredients,83,veggie,"Sementes comestíveis ou raízes ou caules ou folhas ou bulbos ou tubérculos ou frutos não doces de qualquer uma de inúmeras plantas herbáceas.",
21498,veg,"Edible seeds or roots or stems or leaves or bulbs or tubers or nonsweet fruits of any of numerous herbaceous plant;",621,Ingredients,83,veg,"Sementes comestíveis ou raízes ou caules ou folhas ou bulbos ou tubérculos ou frutas não doces de qualquer uma das numerosas plantas herbáceas;",
21501,loin,"The posterior part of a human (or animal) body from the neck to the end of the spine;The rear of body, especially the part between the neck and the end of the spine and opposite the chest and belly.;",621,Ingredients,83,loim,"A parte posterior de um corpo humano (ou animal), desde o pescoço até o final da coluna vertebral; A parte traseira do corpo, especialmente a parte entre o pescoço e o final da coluna vertebral e oposta ao peito e à barriga.",
21502,"pork loin","The loins are the sides between the lower ribs and pelvis, and the lower part of the back.;The part of the body (of humans and quadrupeds) at each side of the backbone, between the ribs and hips;The part of the body (of humans and quadrupeds) each side of the backbone between the ribs and hips.;",621,Ingredients,83,"lombo de porco","As coxas são as laterais entre as costelas inferiores e o quadril, e a parte inferior das costas.",
21504,sirloin,"A cut of meat from the region of an animal below the rib cage, but above the hipbone.;",621,Ingredients,83,Sirloin,"Uma fatias de carne da região abaixo do peito, mas acima da costela;",
21505,cassava,"A starchy pulp made with the roots of the cassava plant.;",621,Ingredients,83,Cassava,"Uma polpa grossa feita com as raízes da planta de mandioca.",
21519,bun,"A bread made partly or entirely with rye flour.;Any of various breads made entirely or partly with rye flour;",621,Ingredients,83,sim,"Pão feito com farinha de centeio, parcialmente ou totalmente. Qualquer um dos vários pães feitos com farinha de centeio, parcialmente ou totalmente.",
21530,pimentus,"Pimenta is a genus of flowering plants in the myrtle family, Myrtaceae described as a genus in 1821.;",621,Ingredients,83,pimenta-doce,"Pimenta é um gênero de plantas com flores na famíliaMyrtaceae, descrito como um gênero em 1821.",
21532,"chili pepper","Any fruit of a plant of the botanical genus Capsicum, noted for their spicy and burning flavour due to presence of capsaicin.;A red, hot chili pepper used to flavor dishes, and for medicinal purposes.;",621,Ingredients,83,"pimenta chili","Qualquer fruto de uma planta do gênero botânico Capsicum, notado por seu sabor picante e ardente devido à presença de capsaicina; um pimentão vermelho e apimentado usado para temperar pratos, e para fins medicinais.",
21533,cayenne,"Any fruit of a plant of the botanical genus Capsicum, noted for their spicy and burning flavour due to presence of capsaicin.;A red, hot chili pepper used to flavor dishes, and for medicinal purposes.;",621,Ingredients,83,Cayena,"Quaisquer frutos de uma planta do gênero botânico Capsicum, notados por seu sabor picante e ardente devido à presença de capsaicina; um pimentão vermelho e apimentado usado para temperar pratos, e para fins medicinais.",
21534,jalapeno,"Plant bearing very hot and finely tapering long peppers; usually red;",621,Ingredients,83,jalapeno,"Pimenta de porte muito quente e com caules longos e finos; geralmente vermelha;",
21535,"chili sauce","Pungent seasoning from the berry of the common pepper plant of East India; use whole or ground;",621,Ingredients,83,"molho de pimenta","Tempere pungente da baga da planta de pimenta comum do leste da Índia; use inteiro ou moído;",
21536,"pinon nut","Edible seed of any of several nut pines especially some pinons of southwestern North America;",621,Ingredients,83,"Noz de pinhão","Semente comestível de qualquer uma das várias pinhas, especialmente algumas pinhas do sudoeste da América do Norte;",
21540,pirucucu,"The arapaima, pirarucu, or paiche is a genus of bonytongue native to the Amazon and Essequibo basins in South America.;",621,Ingredients,83,piruçu,"O arapai-ma, pirarucu ou paicém é um gênero de língua-de-osso nativo da bacia do Amazonas e da bacia do Essequibo na América do Sul.",
21548,cabbage,"Any of several varieties of cabbage having a large compact globular head; may be steamed or boiled or stir-fried or used raw in coleslaw;",621,Ingredients,83,Couve,"Qualquer de várias variedades de couve com uma grande cabeça globosa compacta; pode ser cozido a vapor ou cozido ou refogado ou usado cru em salada de repolho;",
