idLU,lemmaName(en),senseDescription(en),idFrame,frameName,idPOS,lemmaName(pt),senseDescription(pt),idLemma(pt)
18336,"in front","FN: in a position before or ahead of",1190,Non-gradable_proximity,90,"em frente","FN: em uma posição antes ou à frente de",146656
18343,opposite,"FN: located face-to-face with, across from, or at the other end of something",1190,Non-gradable_proximity,84,oposto,"FN: localizado de frente para, em frente a ou no outro extremo de algo",86762
18344,left,"FN: something that is on or at the left side of the landmark in question",1190,Non-gradable_proximity,83,esquerda,"FN: algo que está à esquerda do marco em questão",8847
18346,right,"FN: something that is on or at the right side of the landmark in question",1190,Non-gradable_proximity,83,direita,"FN: algo que está à direita do marco em questão",8851
18348,left,"FN: something that is on or at the left side of the trajector/figure",1190,Non-gradable_proximity,83,esquerda,"FN: algo que está à esquerda do trajetório/figura",8847
18350,right,"FN: something that is on or at the right side of the trajector/figure",1190,Non-gradable_proximity,83,direita,"FN: algo que está no ou ao lado direito do trajeto/figura",8851
18355,port,"FN: to the left-hand side; usage is strictly nautical",1190,Non-gradable_proximity,83,porto,"FN: para o lado esquerdo; uso é estritamente náutico",6697
18361,touch,"FN: be positioned such that surfaces are in contact.",1191,Spatial_contact,86,toque,"FN: posicionar-se de modo que as superfícies entrem em contato.",1223
18363,contact,"FN: be positioned so that there is no separation between surfaces.",1191,Spatial_contact,86,contato,"FN: deve ser posicionado de modo que não haja separação entre as superfícies.",6822
18367,upon,"FN: touching and at least partially supported by.",1191,Spatial_contact,90,após,"FN: tocando e pelo menos parcialmente suportado por.",146618
18371,neighbor,"FN: to be in an area next to.",1192,Adjacency,86,vizinho,"FN: estar em uma área próxima de.",671
18379,"next to","FN: without any boundary intervening.",1192,Adjacency,90,"ao lado de","FN: sem qualquer limite intermediário.",146596
18391,distant,"FN: not within a certain distance (of).",1193,Gradable_proximity,84,longe,"FN: não dentro de uma certa distância (de).",74003
18405,where,"FN: at which place.",1197,Spatial_co-location,89,onde,"FN: em que lugar.",139547
18408,where,"FN: at which place",1197,Spatial_co-location,89,onde,"FN: em que lugar",139547
34315,standpoint,"The perspective of someone, a figurative location.",1197,Spatial_co-location,83,"ponto de vista","A perspectiva de alguém, um local figurativo.",69385
18412,surround,"FN: be located on every side of.",1199,Surrounding,86,envolver,"FN: está localizado em todos os lados de.",120771
18413,surrounding,"FN: on all (or virtually all) sides (of).",1199,Surrounding,84,envolvente,"FN: em todos os (ou quase todos) lados (de).",73325
18443,lay,"FN: (archaic) To have sex",1201,Sex,86,deitar,"FN: (arcaico) Fazer sexo",121093
18446,bone,"FN: (metonymy) To have sex.",1201,Sex,86,osso,"FN: (metáfora) Fazer sexo.",29212
