idLU,lemmaName(en),senseDescription(en),idFrame,frameName,idPOS,lemmaName(pt),senseDescription(pt),idLemma(pt)
33467,artichoke,"The unopened flower head of the artichoke – a European plant resembling a thistle, cultivated for its large flower heads –, of which the heart and the fleshy bases of the bracts are edible.",252,Food,83,Artigo,"A cabeça de arteiro não aberta – uma planta europeia semelhante a um cardo, cultivada por seus grandes cabeças florais – cujas raízes e bases carnudas são comestíveis.",14100
33472,grape,"A berry (typically green, purple, or black) growing in clusters on a grapevine, eaten as fruit and used in making wine.",252,Food,83,uva,"A baga (geralmente verde, roxa ou preta) que cresce em cachos em uma videira, comida como fruta e usada na produção de vinho.",35613
33481,strawberry,"A sweet soft red fruit with a seed-studded surface.",252,Food,83,morango,"Uma fruta doce e macia de cor vermelha com uma superfície repleta de sementes.",28197
34107,breakfast,"Usually the first meal of the day.",252,Food,83,"Café da manhã","Geralmente a primeira refeição do dia.",1306
34262,ball,"One of the names of animal testicles as a dish.",252,Food,83,bola,"Um dos nomes de testículos animais como prato.",133
34377,shot,"A small amount of alcoholic beverage.",252,Food,83,tiro,"Uma pequena quantidade de bebida alcoólica.",38
41774,shampoo,,252,Food,83,xampu,,36325
41782,spray,,252,Food,83,spray,,67651
10657,pen,"COD: write or compose",253,Text_creation,86,caneta,"COD: escrever ou compor",16338
10658,author,"COD: be the author or the originator of. ",253,Text_creation,86,autor,"COD: ser o autor ou o originador de.",14490
10660,compose,"COD: write or create (a work of art, especially music or poetry). ",253,Text_creation,86,compor,"COD: escrever ou criar (uma obra de arte, especialmente música ou poesia).",120718
10661,draft,"COD: prepare a preliminary version of (a text). ",253,Text_creation,86,rascunho,"COD: preparar uma versão preliminar de (um texto).",10709
10664,speak,"FN: say (a verbal formula).",253,Text_creation,86,falar,"FN: dizer (uma fórmula verbal).",116967
10665,say,"FN: recite or create a speech, formula, or other meaningful text",253,Text_creation,86,dizer,"FN: recitar ou criar um discurso, fórmula ou outro texto significativo",116905
10666,utter,"COD:  make (a sound) or say (something). ",253,Text_creation,86,dizer,"COD: fazer (um som) ou dizer (algo).",116905
10671,print,"COD: write clearly without joining the letters. ",253,Text_creation,86,impressão,"COD: escreva claramente sem unir as letras.",24750
10672,type,"COD: write using a typewriter or computer. ",253,Text_creation,86,tipo,"COD: escrever usando uma máquina de escrever ou computador.",34747
10679,chronicle,"COD: record (a series of events) in a factual and detailed way. ",253,Text_creation,86,Crônica,"COD: registro (uma série de eventos) de forma factual e detalhada.",10760
10680,sign,"COD: write one' s name on (something) for the purposes of identification or authorization.",253,Text_creation,86,assinar,"COD: escrever o nome de alguém em (algo) para fins de identificação ou autorização.",121152
10682,list,"FN: to communicate an enumeration of enities or events, either written or spoken",253,Text_creation,86,lista,"FN: comunicar uma enumeração de entidades ou eventos, seja por escrito ou falado",26458
10686,skim,"COD: read (something) quickly, noting only the important points.",254,Reading_perception,86,Espremer,"COD: ler (algo) rapidamente, observando apenas os pontos importantes.",129692
10690,perusal,"FN: activity of casually reading.",254,Reading_perception,83,Exame,"FN: atividade de leitura casual.",10649
32980,literacy,"FN: the ability to read.",254,Reading_perception,83,letramento,"FN: a capacidade de ler.",64492
10698,generate,"FN: to purposefully produce an entity",255,Intentionally_create,86,gerar,"FN: criar intencionalmente uma entidade",130624
10699,establishment,"COD: the action of establishing or being established.",255,Intentionally_create,83,estabelecimento,"COD: a ação de estabelecer ou ser estabelecido.",7760
10702,generation,"COD: the action of producing or generating.",255,Intentionally_create,83,geração,"COD: a ação de produzir ou gerar.",8056
10712,develop,"FN: to create or make an entity  ",255,Intentionally_create,86,desenvolver,"FN: criar ou fazer uma entidade",120712
10713,development,"FN:  the intentional creation or establishment of an entity",255,Intentionally_create,83,desenvolvimento,"FN: a criação ou instalação intencional de uma entidade",8926
31025,productive,"Producing some desirable result, which can be concrete <ex>,,,a tax on more productive regions...</ex> or something intangible <ex>...a remarkably productive partnership with pianist John Taylor...</ex>",255,Intentionally_create,84,produtivo,"Gerando algum resultado desejável, que pode ser concreto <ex>,,,um imposto sobre regiões mais produtivas</ex> ou algo intangível <ex>...uma parceria notavelmente produtiva com o pianista John Taylor...</ex>",88048
34417,cultivation,"The act of creating and taking care of.",255,Intentionally_create,83,cultivo,"O ato de criar e cuidar.",2133
10715,bear,"COD: give birth to (a child). ",256,Giving_birth,86,urso,"COD: dar à luz (a um filho).",35571
10716,birth,"COD: the emergence of a baby or other young from the body of its mother; the start of life as a physically separate being. ",256,Giving_birth,83,nascimento,"COD: o surgimento de um bebê ou outro jovem do corpo de sua mãe; o início da vida como um ser fisicamente separado.",28521
10718,father,"FN: to beget, ie be the father of.",256,Giving_birth,86,pai,"FN: procriar, ou seja, ser pai de.",6551
10720,sire,"COD: be the sire of. ",256,Giving_birth,86,senhor,"COD: ser o senhor de.",67398
10722,have,"COD: give birth to or be due to give birth to. ",256,Giving_birth,86,ter,"COD: dar à luz ou estar prestes a dar à luz.",116847
10723,drop,"COD: (of an animal) give birth to. [Vet] ",256,Giving_birth,86,drop,"COD: (de um animal) dar à luz. [Vet]",1175
