idLU,lemmaName(en),senseDescription(en),idFrame,frameName,idPOS,lemmaName(pt),senseDescription(pt),idLemma(pt)
7102,mate,"COD: a friend or companion. ",93,Personal_relationship,83,mate,"COD: amigo ou companheiro.",
7103,crush,"COD: an intense infatuation",93,Personal_relationship,83,crush,"COD: uma intensa obsessão",
7109,marital,"FN: pertaining to marriage",93,Personal_relationship,84,marital,"FN: referente ao casamento",
7110,affianced,"FN: engaged to marry.",93,Personal_relationship,84,afiançada,Noivo.,
25774,groping,"fast loving or sexual relationship, nothing very serious.",93,Personal_relationship,83,"toque indecente","Relacionamento rápido, amoroso ou sexual, nada muito sério.",
25775,"making out","fast loving or sexual relationship, nothing very serious.",93,Personal_relationship,83,Beijar-se,"Relacionamento rápido, amoroso ou sexual, nada muito sério.",
25776,flirt,"gallantry, flirting or dating.",93,Personal_relationship,83,flirtar,"galanteria, paquerar ou namorar.",
25777,flirtation,"gallantry, flirting or dating.",93,Personal_relationship,83,Flirtar,"galantaria, paquerar ou namorar.",
26054,"sleep together","COD: have sexual intercourse or be involved in a sexual relationship.",93,Personal_relationship,86,"Dormir junto","COD: ter relações sexuais ou estar envolvido em uma relação sexual.",
7122,bunch,"COD: Chiefly N.Amer. a lot",94,Aggregate,83,bunch,"COD: Principalmente América do Norte um monte",
7124,cluster,"COD: a group of similar things positioned or occurring closely together",94,Aggregate,83,cluster,"COD: um grupo de coisas semelhantes posicionadas ou ocorrendo próximas umas das outras",
7125,herd,"COD: a large group of animals, especially hoofed mammals, that live or are kept ",94,Aggregate,83,herdar,"COD: um grande grupo de animais, especialmente mamíferos ungulados, que vivem ou são mantidos",
7130,host,"COD: a large number of",94,Aggregate,83,hospedar,"COD: um grande número de",
7132,gaggle,"COD: a flock of geese (Ornithology)",94,Aggregate,83,gafanhoto,"COD: uma revoada de gansos (Ornitologia)",
7133,flock,"COD: a number of birds moving or resting together",94,Aggregate,83,flock,"COD: um número de pássaros se movendo ou descansando juntos",
7138,cohort,"COD:  a group of people banded together or treated as a group",94,Aggregate,83,Coorte,"COD: um grupo de pessoas que se unem ou são tratadas como um grupo",
7142,clique,"COD: a small group of people who spend time together and do not readily allow others to join them",94,Aggregate,83,clique,"COD: um pequeno grupo de pessoas que passam tempo juntas e não permitem facilmente que outras se juntem a elas",
7149,assortment,"COD: a miscellaneous collection",94,Aggregate,83,assortimento,"COD: uma coleção diversificada",
7151,throng,"COD: a large, densely packed crowd",94,Aggregate,83,throng,"COD: uma multidão grande e densamente povoada",
7153,assemblage,"COD: a collection or gathering",94,Aggregate,83,assemblagem,"COD: uma coleção ou reunião",
7155,clutch,"COD: a group, especially of eggs fertilized at the same time, laid in a single session and (in birds) incubated together",94,Aggregate,83,clutch,"COD: um grupo, especialmente de ovos fertilizados ao mesmo tempo, postos em uma única sessão e (em aves) incubados juntos",
7157,bevy,"COD: a large group of people or things",94,Aggregate,83,bevy,"COD: um grande grupo de pessoas ou coisas",
7159,coterie,"COD: a small exclusive group of people with shared interests or tastes",94,Aggregate,83,côterie,"COD: um pequeno grupo exclusivo de pessoas com interesses ou gostos compartilhados",
7163,slew,"COD: a large number or quantity",94,Aggregate,83,esvaziado,"COD: uma grande quantidade ou número",
7167,covey,"COD: a small flock of birds, especially partridge.",94,Aggregate,83,covilha,"COD: uma pequena revoada de pássaros, especialmente perdiz.",
7172,stand,"COD: a group of trees or other plants. ",94,Aggregate,83,parar,"COD: um grupo de árvores ou outras plantas.",
7176,claque,"COD: a group of people hired to applaud or heckle a performer. ",94,Aggregate,83,claque,"COD: um grupo de pessoas contratadas para aplaudir ou vaiar um artista.",
7185,passel,"COD: a large group",94,Aggregate,83,passela,"COD: um grande grupo",
