idLU,lemmaName(en),senseDescription(en),idFrame,frameName,idPOS,lemmaName(pt),senseDescription(pt),idLemma(pt)
16705,net,"FN: amount earned after subtracting losses and other costs.",829,Earnings_and_losses,83,rede,"FN: valor obtido após subtrair perdas e outros custos.",510
16706,make,"COD: gain or earn (money or profit).",829,Earnings_and_losses,86,fazer,"COD: ganhar ou obter (dinheiro ou lucro).",116954
16707,net,"COD: acquire (a sum) as clear profit.",829,Earnings_and_losses,86,rede,"COD: adquirir (uma soma) como lucro líquido.",510
16708,lose,"COD: earn less (money) than one is spending.",829,Earnings_and_losses,86,perder,"COD: ganhar menos (dinheiro) do que se gasta.",117134
16709,result,"COD: the outcome of a business' s trading over a given period, expressed as a statement of profit or loss.",829,Earnings_and_losses,83,resultado,"COD: o resultado das operações de um negócio durante um período específico, expresso como uma declaração de lucro ou perda.",6613
16710,pull,"FN: make in money",829,Earnings_and_losses,86,puxar,"FN: fazer dinheiro",133098
16712,fame,"COD: the state of being famous.",830,Fame,83,Fome,"COD: o estado de ser famoso.",9403
16724,name,"FN: One' s name is one' s reputation.",830,Fame,83,nome,"FN: O nome de uma pessoa é sua reputação.",6830
34152,shadow,"To be less famous than another entity.",830,Fame,83,sombra,"Ser menos famoso que outra entidade.",33631
16733,shop,"COD: go to a shop or shops to buy goods.",832,Shopping,86,Loja,"COD: ir a uma loja ou lojas para comprar mercadorias.",908
16737,see,"COD: the place in which a cathedral church stands, identified as the seat of authority of a bishop or archbishop.",833,Relational_political_locales,83,ver,"COD: o lugar em que se ergue uma catedral, identificada como sede de autoridade de um bispo ou arcebispo.",8746
16750,room,"FN: temporarily live at another' s residence.",835,Temporary_stay,86,quarto,"FN: viver temporariamente na residência de outra pessoa.",1220
16751,guest,"FN: to temporarily reside (with) as guest.",835,Temporary_stay,86,hóspede,"FN: residir temporariamente (como convidado).",9473
16754,"stay over","FN: spend the night at another' s home.",835,Temporary_stay,86,pernoite,"FN: passar a noite na casa de outra pessoa.",9413
16755,board,"FN: stay and take meals at a hotel or similar lodging.",835,Temporary_stay,86,tabela,"FN: ficar e tomar refeições em um hotel ou alojamento semelhante.",565
16756,quarter,"FN: temporarily stay.",835,Temporary_stay,86,quarto,"FN: estadia temporária.",1220
16757,guest,"COD: a person who is invited to visit someone' s home or take part in a function.",836,Guest_and_host,83,hóspede,"COD: uma pessoa que é convidada a visitar a casa de alguém ou participar de um evento.",9473
16759,work,"FN: exert effort towards acheiving a goal.",837,Work,86,trabalho,"FN: esforçar-se para alcançar um objetivo.",6625
16772,range,"COD: a set of different things of the same general type.",838,Diversity,83,faixa,"COD: um conjunto de coisas diferentes do mesmo tipo geral.",856
16777,medley,"COD: a varied mixture.",838,Diversity,83,medley,"COD: uma mistura variada.",1169
16781,uniformity,"FN: the quality of being uniform.",838,Diversity,83,uniforme,"FN: a qualidade de ser uniforme.",613
16794,uninterrupted,"FN: without interruption.",839,Interrupt_process,84,ininterrupto,"FN: sem interrupção.",84042
