idLU,lemmaName(en),senseDescription(en),idFrame,frameName,idPOS,lemmaName(pt),senseDescription(pt),idLemma(pt)
12298,unfair,"COD: not based on or showing fairness; unjust. ",346,Fairness_evaluation,84,Desleal,"COD: não baseado em ou mostrando justiça; injusto.",
12299,unjust,"COD: not just; unfair. ",346,Fairness_evaluation,84,injusto,"COD: não apenas; injusto.",
12302,unfairly,"FN: (do something) so as to have an unfair outcome.",346,Fairness_evaluation,89,Injustamente,"FN: (fazer algo) para ter um resultado injusto.",
12303,unjustly,"FN: (do something) so as to have an unfair outcome, with the implication that doing so lacks honor.",346,Fairness_evaluation,89,injustamente,"FN: (fazer algo) de forma a ter um resultado injusto, implicando que fazer isso carece de honra.",
12306,prone,"FN: having a tendency or inclination",347,Inclination,84,prono,"FN: ter uma tendência ou inclinação",
12307,proclivity,"COD: an inclination or predisposition. ",347,Inclination,83,proclividade,"COD: uma inclinação ou predisposição.",
12308,propensity,"COD: an inclination or tendency.",347,Inclination,83,propensão,"COD: uma inclinação ou tendência.",
12309,predisposition,"FN: liable or inclined to a specified attitude, action, or condition. ",347,Inclination,83,predisposição,"FN: responsável ou inclinado a uma atitude, ação ou condição especificada.",
12310,penchant,"COD: a strong liking or inclination",347,Inclination,83,propensão,"COD: um forte gosto ou inclinação",
12311,predisposed,"FN: being disposed in advance",347,Inclination,84,predisposto,"FN: sendo disposto antecipadamente",
12313,"of a mind","FN: to think about an action with the intent of carrying out the action",347,Inclination,84,"de mente","FN: pensar em uma ação com a intenção de realizá-la",
30897,"of a mind (to)","FN: to think about an action with the intent of carrying out the action",347,Inclination,84,"de mente","FN: pensar em uma ação com a intenção de executá-la",
30939,"lean (towards)","FN: have as an idea that one might pursue.",347,Inclination,86,"inclinar-se (em direção a)","FN: ter uma ideia que alguém pode seguir.",
30940,"have a mind (to)","FN: think of as an attractive course of action.",347,Inclination,86,"ter uma mente (para)","FN: pense nisso como uma ação atraente.",
30941,inclination,"FN: propensity.",347,Inclination,83,inclinação,Propensão.,
12315,endangered,"COD: at risk, especially of extinction. ",348,Run_risk,84,"em perigo de extinção","COD: em risco, especialmente de extinção.",
12320,hence,"COD: from now; in the future",349,Time_vector,90,Portanto,"COD: de agora em diante; no futuro",
12321,after,"COD: in the time following ",349,Time_vector,90,depois,"CÓD: no tempo seguinte",
12322,before,"COD: during the period of time preceding. ",349,Time_vector,90,antes,"COD: durante o período de tempo anterior.",
12323,ago,"COD: before the present (used with a measurement of time).",349,Time_vector,96,ago,"COD: antes do presente (usado com uma medida de tempo).",
12324,since,"COD: from the time mentioned until the present or the time under consideration.",349,Time_vector,89,"desde que","COD: do tempo mencionado até o presente ou do tempo em questão.",
12325,"down the road","FN: (some amount of time) after the time under discussion.",349,Time_vector,89,"pelo caminho","FN: (algum tempo de) após o tempo em discussão.",
12327,prior,"FN: before",349,Time_vector,89,prior,"FN: antes",
12328,beforehand,"COD: in advance.",349,Time_vector,89,"antes de tempo","COD: antecipadamente.",
12329,afterward,"COD: at a later or future time",349,Time_vector,89,subsequentemente,"COD: em um momento posterior ou futuro",
12330,afterwards,"COD: at a later or future time.",349,Time_vector,89,"depois disso","COD: em um momento posterior ou futuro.",
12332,"sooner rather than later","FN: (of inevitable occurrences) quite soon (as opposed to later)",349,Time_vector,89,"antes que tarde","FN: (de ocorrências inevitáveis) bem cedo (em oposição a mais tarde)",
12333,later,"COD:  At a time in the near future; afterwards",349,Time_vector,89,"mais tarde","COD: Em um momento no futuro próximo; depois disso",
12334,thereafter,"COD: after that time",349,Time_vector,89,"a partir de então","COD: após aquele tempo",
12335,through,"COD: from beginning to end of (an experience or activity).",349,Time_vector,90,"por meio de","COD: do início ao fim de (uma experiência ou atividade).",
12340,pre,"COD: before (in time, place, order, degree, or importance)",349,Time_vector,90,pre,"COD: antes de (no tempo, lugar, ordem, grau ou importância)",
12341,post,"COD: after in time or order.",349,Time_vector,90,postagem,"COD: após no tempo ou na ordem.",
12342,ante,"COD: before; preceding.",349,Time_vector,90,ante,"COD: antes; anterior.",
12344,then,"FN: being (something) at an earlier time",349,Time_vector,84,então,"FN: estar (algo) em um momento anterior",
12348,following,"FN: occurring after an event",349,Time_vector,90,"a seguir","FN: ocorrendo após um evento",
12349,since,"FN: from (the specified time) until now, or until the time under consideration in a narrative.",349,Time_vector,90,"desde que","FN: de (o tempo especificado) até agora, ou até o tempo considerado em uma narrativa.",
12350,"in time","FN: after some amount of time; eventually",349,Time_vector,89,"No tempo","FN: após algum tempo; eventualmente",
30993,soon,"FN: In the near future.  This LU incorporates the FE <fen>Direction</fen> and the FE <fen>Landmark_event</fen>, which is the time of speaking, is DNI.",349,Time_vector,89,"em breve","FN: No futuro próximo. Este LU incorpora o FE <fen>Direção</fen> e o FE <fen>Evento_Ponto_Referência</fen>, que é o tempo da fala, é DNI.",
30994,"before long","FN: soon, in the near future. This LU incorporates the FE <fen>Direction</fen> and the FE <fen>Landmark_event</fen>, which is the time of speaking, is DNI.",349,Time_vector,89,"antes que se diga","FN: em breve, no futuro próximo. Este LU incorpora o FE <fen>Direção</fen> e o FE <fen>Evento_Pontual</fen>, que é o tempo da fala, é DNI.",
31079,before,"during the period of time preceding, a particular event, date, or time.",349,Time_vector,89,"antes de","antes de um evento, data ou hora específica.",
39729,fifteen,,349,Time_vector,83,quinze,,
12353,custom,"COD: a traditional and widely accepted way of behaving or doing something that is specific to a particular society, place, or time. ",350,Custom,83,personalizado,"COD: um comportamento tradicional e amplamente aceito ou uma maneira específica de fazer algo que é característica de uma sociedade, local ou época específica.",
12360,ritualistic,"FN: being related with  regular observance or practice of ritual, especially when excessive or without regard to its function. ",350,Custom,84,ritualístico,"FN: relacionado com a prática regular ou observância de rituais, especialmente quando excessivo ou sem consideração por sua função.",
12362,customary,"COD: in accordance with custom; usual. ",350,Custom,84,costume,"COD: de acordo com a tradição; habitual.",
12363,traditionally,"FN: (of an action) according to tradition.",350,Custom,89,tradicionalmente,"FN: (de uma ação) de acordo com a tradição.",
12364,ways,"FN: practices of a person or group of people",350,Custom,83,jeitos,"FN: práticas de uma pessoa ou grupo de pessoas",
31271,"use to","to do something repeatedly  or , in the past, someone did something that happened but does not exist or happen now.",350,Custom,86,"costumava fazer","fazer algo repetidamente ou, no passado, alguém fez algo que aconteceu mas não existe ou acontece agora.",
34038,islamic,"Habits or organizations affiliated to the Islamic religion.",350,Custom,84,islâmico,"Habitos ou organizações afiliadas à religião islâmica.",
34191,meditation,"An activity that is typical from eastern countries in which a person tries to reach a specific state of mind by a sort of activity, such as chanting mantras.",350,Custom,83,Meditação,"Uma atividade típica de países orientais na qual uma pessoa tenta alcançar um estado específico de mente através de algum tipo de atividade, como cantar mantras.",
34200,religiously,"Related religion.",350,Custom,89,religiosamente,"Relacionada religião.",
12368,"bring about","COD: cause something to happen",351,Cause_to_start,86,"trazer sobre","COD: causar algo para acontecer",
12375,"call forth","FN: cause to occur",351,Cause_to_start,86,invocar,"FN: causar para ocorrer",
12376,elicit,"COD: draw forth into existence.",351,Cause_to_start,86,evocar,"COD: traga para a existência.",
