idLU,lemmaName(en),senseDescription(en),idFrame,frameName,idPOS,lemmaName(pt),senseDescription(pt),idLemma(pt)
12377,kindle,"FN: arouse",351,Cause_to_start,86,kindle,"FN: excitar",
12381,prompt,"FN: cause an activity to start",351,Cause_to_start,86,prompto,"FN: causar uma atividade para começar",
12382,"stir up","FN: cause activity or state",351,Cause_to_start,86,"Mexa com isso.","FN: causa atividade ou estado",
12385,actuate,"COD: cause to operate.",351,Cause_to_start,86,ativar,"COD: causar para operar.",
12386,excite,"FN: to cause to give rise to ",351,Cause_to_start,86,excitante,"FN: causar para dar origem a",
12389,contrition,"COD: the state of feeling contrite",352,Contrition,83,reparação,"COD: o estado de sentir arrependimento",
12391,rueful,"COD: expressing regret, especially in a wry or humorous way. ",352,Contrition,84,ruful,"COD: expressando pesar, especialmente de maneira irônica ou humorística.",
12392,repent,"COD: feel or express sincere regret or remorse",352,Contrition,86,repentar,"COD: sentir ou expressar sincero arrependimento ou remorso",
12393,repentant,"FN: feeling or expressing contrition",352,Contrition,84,repentante,"FN: sentimento ou expressão de arrependimento",
12399,sorry,"COD: feeling regret or penitence.",352,Contrition,84,desculpe,"COD: sentimento de arrependimento ou penitenciamento.",
12401,remorseless,"COD: without remorse.",352,Contrition,84,"sem remorso","COD: sem remorso.",
12402,unrepentant,"COD: showing no regret for one' s wrongdoings. ",352,Contrition,84,indolente,"COD: mostrando sem arrependimento pelos seus erros.",
34453,apologize,"To communicate being sorry for something.",352,Contrition,86,Desculpe-se.,"Para comunicar ser desculpas por algo.",
12404,thicken,"FN: cause to become thicker",353,Cause_change_of_consistency,86,engrossar,"FN: causar para ficar mais espesso",
12405,thin,"FN: cause to have a thinner consistency",353,Cause_change_of_consistency,86,fino,"FN: causar uma consistência mais fina",
12406,curdle,"COD: cause to separate into curds or lumps",353,Cause_change_of_consistency,86,coagulada,"COD: causar separação em caroços ou nódulos",
12411,congeal,"COD: become semi-solid, especially on cooling.",353,Cause_change_of_consistency,86,congelar,"COD: torna-se semicondensado, especialmente ao resfriar.",
12412,clot,"COD: form or cause to form into clots.",353,Cause_change_of_consistency,86,clote,"COD: formar ou causar a formação de coágulos.",
12413,indurate,"COD: harden.",353,Cause_change_of_consistency,86,induramento,"COD: endurecer.",
12414,inspissate,"COD:  thicken or congeal.",353,Cause_change_of_consistency,86,inspissar,"COD: engrossar ou coagular.",
12416,stub,"COD: accidentally strike (one' s toe) against something. ",354,Experience_bodily_harm,86,falso,"COD: acidentalmente atingir (o dedo do pé) em algo.",
12417,jam,"FN: to strike one' s finger or toe resulting in injury to the joints",354,Experience_bodily_harm,86,jam,"FN: acertar o dedo ou o dedão resultando em lesão nas articulações",
12420,hurt,"FN: to feel pain.",354,Experience_bodily_harm,86,dolorido,"FN: sentir dor.",
12421,injure,"COD: do or undergo physical harm to; wound. ",354,Experience_bodily_harm,86,lesar,"COD: ferir ou sofrer dano físico a; ferimento.",
12431,abrade,"COD: scrape or wear away by friction or erosion",354,Experience_bodily_harm,86,esfolie,"COD: arranhar ou desgastar por atrito ou erosão",
12432,graze,"COD: scrape and break the skin on (part of the body).",354,Experience_bodily_harm,86,grasar,"COD: arrancar e rasgar a pele em (parte do corpo).",
12435,sunburn,"FN: become irritated due to exposure to the sun.",354,Experience_bodily_harm,86,sunburn,"FN: ficar irritado devido à exposição ao sol.",
12437,thawed,"FN: having been caused to become liquid as a result of warming up from a frozen state",355,Substance_by_phase,84,descongelado,"FN: tendo sido causado para se tornar líquido como resultado do aquecimento de um estado congelado",
12438,melted,"FN: having been caused to become liquid",355,Substance_by_phase,84,derretido,"FN: tendo sido causado para se tornar líquido",
12440,frozen,"FN: having been turned into ice or another solid as a result of extreme cold. ",355,Substance_by_phase,84,congelado,"FN: tendo sido transformado em gelo ou outro sólido como resultado de frio extremo.",
12441,defrosted,"FN: having been thawed",355,Substance_by_phase,84,defrostado,"FN: tendo sido descongelado",
12442,solidified,"FN: having been turned into solid form",355,Substance_by_phase,84,solidificou,"FN: tendo sido transformado em forma sólida",
12443,solid,"FN: a substance that is characterized by structural rigity and resistance to change. ",355,Substance_by_phase,83,sólido,"FN: uma substância caracterizada por rigidez estrutural e resistência à mudança.",
12445,gaseous,"FN: characteristic of a gas substance ",355,Substance_by_phase,84,gasoso,"FN: característica de uma substância gasosa",
12446,plasma,"FN: a substance produced when a gas is super-heated, cause atoms to lose their electrons. ",355,Substance_by_phase,83,plasma,"FN: uma substância produzida quando um gás é super-aquecido, causando átomos a perderem seus elétrons.",
12449,smoke,"COD: inhale and exhale the smoke of tobacco or a drug. ",356,Ingest_substance,86,fumo,"COD: Inspire e expire o fumo de tabaco ou uma droga.",
12450,snort,"COD: inhale",356,Ingest_substance,86,Snort,"COD: Inspire-se!",
12451,drag,"COD: inhale the smoke from (a cigarette). ",356,Ingest_substance,86,dragar,"COD: Inspire o fumo de (um cigarro).",
12452,drag,"COD: an act of inhaling smoke from a cigarette. ",356,Ingest_substance,83,dragar,"COD: um ato de inalar fumaça de um cigarro.",
12453,toke,"COD: a pull on a cigarette or pipe, typically one containing cannabis. ",356,Ingest_substance,83,fumo,"COD: um puxão de um cigarro ou cachimbo, tipicamente um que contenha cannabis.",
12455,pop,"COD: take or inject (a drug). ",356,Ingest_substance,86,pop,"COD: tomar ou injetar (um medicamento).",
12458,sniff,"FN: draw intoxicating fumes or other substance through the nose",356,Ingest_substance,86,Sniffar,"FN: inalar vapores ou outra substância tóxica pelo nariz",
12459,do,"COD: regularly take (a narcotic drug). ",356,Ingest_substance,86,de,"COD: tomar regularmente (uma droga narcótica).",
12460,use,"COD: take (an illegal drug).",356,Ingest_substance,86,utilize,"COD: tomar (uma droga ilegal).",
12462,puff,"quickly suck in smoke of tobacco or a drug",356,Ingest_substance,86,Puff,"Inalar rapidamente fumaça de tabaco ou droga",
12470,slammer,"COD: prison. ",357,Prison,83,slammer,"COD: prisão.",
12471,stockade,"COD: a military prison.",357,Prison,83,stockade,"COD: uma prisão militar.",
12474,"correctional institution","FN: a prison",357,Prison,83,"instituição corretiva","FN: uma prisão",
12475,brig,"COD: a prison, especially on a warship [Mil]",357,Prison,83,brig,"COD: uma prisão, especialmente em um navio de guerra [Mil]",
12476,atone,"COD: make amends or reparation for",358,Atonement,86,Pague.,"COD: fazer reparos ou compensação por",
12477,atonement,"COD: reparation for a wrong or injury.",358,Atonement,83,Pena-pecado,"COD: reparação por um erro ou lesão.",
