idLU,lemmaName(en),senseDescription(en),idFrame,frameName,idPOS,lemmaName(pt),senseDescription(pt),idLemma(pt)
16807,nowadays,"COD: at the present time, in contrast with the past.",840,Temporal_collocation,83,atualmente,"COD: no presente, em contraste com o passado.",
16810,"no longer","FN: not any more being the case",840,Temporal_collocation,89,"mais não","FN: não é mais o caso",
16817,"at the time","FN: then; at this partiular point in time",840,Temporal_collocation,89,"no tempo","Então; neste ponto específico no tempo",
16820,early,"FN: happening at or near the beginning point of a given time line.",840,Temporal_collocation,84,cedo,"FN: acontecendo no início ou perto do ponto de partida de uma linha do tempo específica.",
16823,around,"FN: approximately",840,Temporal_collocation,90,"em volta de","FN: aproximadamente",
16825,as,"FN: occuring simultaneously.",840,Temporal_collocation,89,a,"FN: simultâneo.",
16826,"of late","FN: happening in recent times.",840,Temporal_collocation,89,"ultimamente; recentemente","FN: acontecendo nos tempos recentes.",
16830,while,"COD: at the same time as",840,Temporal_collocation,91,enquanto,"COD: ao mesmo tempo que",
16830,while,"COD: at the same time as",840,Temporal_collocation,94,enquanto,"COD: no mesmo tempo que",
16831,overnight,"FN: during the previous night.",840,Temporal_collocation,89,"durante a noite","FN: durante a noite anterior.",
16832,"back then","FN: referring to a past time or period relative to the present time. ",840,Temporal_collocation,83,então,"FN: referindo-se a um tempo ou período passado em relação ao presente.",
16833,over,"FN: during, within the space of: the work was completed over the next two weeks",840,Temporal_collocation,90,"acima de","FN: durante, no espaço de: o trabalho foi concluído nas próximas duas semanas",
16837,coincide,"COD: occur at the same time or place.",841,Simultaneity,86,coincide,"COD: ocorrer ao mesmo tempo ou lugar.",
16838,co-occur,"FN: happen together.",841,Simultaneity,86,co-ocorrem,"FN: acontecer juntos.",
16842,simultaneously,"FN: happening at the same time.",841,Simultaneity,89,simultaneamenteamente,"FN: acontecendo ao mesmo tempo.",
16851,miss,"COD: fail to hit, reach, or come into contact with.",844,Hit_or_miss,86,perdi,"COD: falhar em atingir, alcançar ou entrar em contato com.",
16852,wide,"COD: far from a particular point or mark.",844,Hit_or_miss,89,amplo,"COD: longe de um ponto ou marca particular.",
16853,hit,"COD: an instance of hitting or being hit.",844,Hit_or_miss,83,acertar,"COD: um exemplo de bater ou ser atingido.",
16855,bullseye,"COD: the centre of the target in sports such as archery and darts.  ",844,Hit_or_miss,83,"alvo central","COD: o centro do alvo em esportes como tiro com arco e dardos.",
16856,"hole in one","COD: a shot that enters the hole from the tee.",844,Hit_or_miss,83,buraco-do-gato,"COD: um tiro que entra no buraco do tee.",
16859,on,"FN: of a correct reading",845,Accuracy,90,um,"FN: de uma leitura correta",
16860,off,"FN: not of the correct reading",845,Accuracy,90,desligado,"FN: não da leitura correta",
16861,inaccurate,"COD: not accurate",845,Accuracy,84,Inacurado,"COD: não preciso",
16863,inaccuracy,"FN: a failure to reach the correct reading ",845,Accuracy,83,Inacurácia,"FN: falha em atingir a leitura correta",
16868,accurately,"FN: with precision",845,Accuracy,89,apertadamente,"FN: com precisão",
16869,inaccurately,"FN: without precision",845,Accuracy,89,inacuradamente,"FN: sem precisão",
16870,true,"FN: Especially accurate",845,Accuracy,84,Verdadeiro.,"FN: Especialmente preciso",
16871,busy,"FN: characterized by a high amount of activity.",846,Lively_place,84,ocupado,"FN: caracterizado por um alto nível de atividade.",
16872,bustle,"COD: (of a place) be full of activity.",846,Lively_place,86,bustle,"COD: (de um lugar) estar cheio de atividade.",
16873,hum,"COD: be in a state of great activity.",846,Lively_place,86,um,"COD: estar em um estado de grande atividade.",
16874,abuzz,"FN: filled with activity, as if with buzzing.",846,Lively_place,84,Abuzar,"FN: cheio de atividade, como se estivesse zumbindo.",
16876,hectic,"COD: full of incessant or frantic activity.",846,Lively_place,84,caótico,"COD: cheio de atividade incessante ou frenética.",
16877,hopping,"COD: very active or lively.",846,Lively_place,84,saltando,"COD: muito ativo ou animado.",
16878,jumping,"FN: full of activity.",846,Lively_place,84,saltando,"FN: cheio de atividade.",
16879,abustle,"FN: full of bustling activity.",846,Lively_place,84,abustar,"FN: cheia de atividade movimentada.",
16881,frenetic,"COD: fast and energetic in a rather wild and uncontrolled way.",846,Lively_place,84,frenético,"COD: rápido e enérgico de uma maneira bem selvagem e descontrolada.",
16882,happening,"FN: popular",846,Lively_place,84,acontecendo,"FN: popular",
16884,multiplication,"FN: the act of increasing the number of something.",847,Cause_proliferation_in_number,83,multiplicação,"FN: o ato de aumentar a quantidade de algo.",
16889,tour,"FN: to leisurely visit a location",849,Touring,86,tournée,"FN: visitar um local de forma descontraída",
16890,tour,"COD: a journey for pleasure in which several different places are visited.",849,Touring,83,tournée,"COD: uma viagem de lazer em que são visitados vários lugares diferentes.",
16893,sights,"COD: places of interest to tourists and other visitors.",849,Touring,83,sights,"COD: lugares de interesse para turistas e outros visitantes.",
16894,do,"FN: see/travel around (a place). ",849,Touring,86,de,"FN: ver/viajar (a um lugar).",
16895,"sight seer","FN: a tourist; one who sees the sights of a tourist location.",849,Touring,83,sight-seer,"FN: um turista; alguém que vê as atrações de uma localização turística.",
16896,sight-see,"FN: to visit tourist locations and landmarks",849,Touring,86,turistar,"FN: visitar locais e marcos turísticos",
25372,"check out","to visit an attraction or place.",849,Touring,86,confira,"Visitar um ponto turístico ou local.",
25373,enjoy,"to experience a tourist attraction or place.",849,Touring,86,aproveite,"Visitar um ponto turístico ou atração turística.",
25374,sight,"wide-angle view or representation of a physical space;A site offering such a view.",849,Touring,83,sight,"Visão ou representação de um espaço físico de grande ângulo;Um site que oferece essa visão.",
25375,"spend time","to stay at a particular place or attraction so as to experience its touristic potential.",849,Touring,86,"passar tempo","Ficar em um determinado lugar ou atração para experimentar seu potencial turístico.",
25428,like,"to admire, to enjoy, to aknowledge something as good.",849,Touring,86,"gostar de","Admirar, desfrutar e conhecer algo como bom.",
