idLU,lemmaName(en),senseDescription(en),idFrame,frameName,idPOS,lemmaName(pt),senseDescription(pt),idLemma(pt)
7510,certainly,"COD: definitely; undoubtedly.",103,Likelihood,89,"com certeza","COD: definitivamente; indubitavelmente.",142534
7515,long,"FN: (with respect to ' odds' ) greater than 10:1; (with respect to ' shot' ) unlikely",103,Likelihood,84,longo,"FN: (no que diz respeito a 'odds') maior que 10:1; (no que diz respeito a 'shot') improvável",73317
7518,liable,"FN: [chielfly dialectal] likely.",103,Likelihood,84,responsável,"FN: [chielfly dialectal] provável.",71087
7519,surely,"FN: certainly",103,Likelihood,89,"com certeza","Com certeza.",142534
7521,must,"FN: indicates that the speaker has a high degree of confidence in inferring that the state of affairs described by the caluse is true",103,Likelihood,86,deve,"FN: indica que o falante tem um alto grau de confiança em inferir que o estado das coisas descrito pela frase é verdadeiro",135231
7526,suffer,"COD: experience or be subjected to (something bad or unpleasant).",104,Catastrophe,86,sofrer,"COD: experiência ou ser submetido a (algo ruim ou desagradavel).",120949
7544,victim,"COD: a person harmed, injured, or killed as a result of a crime, accident, etc.",104,Catastrophe,83,vítima,"COD: uma pessoa prejudicada, ferida ou morta como resultado de um crime, acidente, etc.",10743
7546,attempt,"COD: make an effort to achieve or complete",105,Attempt,86,tentativa,"COD: fazer um esforço para alcançar ou completar",10829
7547,endeavor,"COD: try hard to do or achieve something",105,Attempt,86,esforço,"COD: tente muito fazer ou alcançar algo",21312
7548,endeavor,"COD: an act of endeavouring; an enterprise",105,Attempt,83,esforço,"COD: um ato de empreender; uma empresa",21312
7549,try,"COD: make an attempt or effort to do something",105,Attempt,86,provar,"COD: fazer um esforço ou tentativa para fazer algo",117342
7551,effort,"COD: a vigorous or determined attempt.",105,Attempt,83,esforço,"COD: um esforço vigoroso ou determinado.",21312
7553,undertake,"FN: attempt",105,Attempt,86,assumir,Tente,117292
7555,shot,"COD: an attempt to do something.",105,Attempt,83,tiro,"COD: uma tentativa de fazer algo.",38
7566,break,"COD: fail to observe (a law, regulation, or agreement)",106,Compliance,86,pausa,"COD: não observar (uma lei, regulamento ou acordo)",29755
7571,contravention,"FN: an offense against the prohibition or order of a law, treaty, etc.",106,Compliance,83,infração,"FN: um crime contra uma proibição ou ordem de uma lei, tratado, etc.",367
7576,compliant,"COD: meeting or in accordance with rules or standards",106,Compliance,84,compatível,"Reunião ou de acordo com regras ou padrões",78310
7582,keep,"FN: fulfil a commitment ",106,Compliance,86,manter,"FN: cumprir um compromisso",117299
7589,circumvent,"FN: break (a treaty or agreement), us. with the intent of not revealing the breach.",106,Compliance,86,contornar,"FN: quebrar (um tratado ou acordo), com a intenção de não revelar a violação.",125296
7591,line,"FN: to be in compliance (with a rule or expectation). ",106,Compliance,83,linha,"FN: estar em conformidade (com uma regra ou expectativa).",402
7598,lack,"COD: be without or deficient in",107,Possession,86,falta,"COD: sem ou com deficiência de",298
7599,possess,"COD: have as belonging to one",107,Possession,86,possessão,"COD: tem como pertencendo a um",9120
7608,want,"COD: a desire for something. ",107,Possession,83,querer,"COD: o desejo por algo.",8598
