idLU,lemmaName(en),senseDescription(en),idFrame,frameName,idPOS,lemmaName(pt),senseDescription(pt),idLemma(pt)
14611,can,"FN: be able to",498,Capability,86,can,"FN: ser capaz de",
14620,potential,"FN: something characterized as having the ability to develop into something else",498,Capability,84,potencial,"FN: algo caracterizado como tendo a capacidade de se desenvolver em algo mais",
14623,power_((statistical)),"FN: the probability of a statistical test rejecting false negatives.",498,Capability,83,"potência estatística","FN: a probabilidade de um teste estatístico rejeitar falsos negativos.",
14624,powerless,"FN: lacking the ability to perform the actions required in an event",498,Capability,84,"Sem poder.","FN: falta de capacidade para realizar as ações exigidas em um evento",
14625,powerlessness,"FN: the lack of physical strength",498,Capability,83,impotência,"FN: falta de força física",
14626,inability,"FN: the lack of ability or capacity to do something",498,Capability,83,inabilidade,"FN: a falta de capacidade ou habilidade para fazer algo",
34256,cannot,"To be unable to realize a task, or to be prohibited to do something.",498,Capability,86,"não pode","Não conseguir realizar uma tarefa ou ser impedido de fazer algo.",
34396,gifted,"Talented and trained.",498,Capability,84,doteado,"Talentosos e treinados.",
14631,complement,"FN: the thing that goes together with the given part to form an implicit whole ",499,Rest,83,complemento,"FN: o coisa que vai junto com a parte dada para formar um todo implícito",
14633,complement,"COD: serve as a complement to",499,Rest,86,complemento,"COD: serve como complemento de",
14638,further,"COD: additional",500,Increment,84,"mais longe","COD: adicional",
14639,more,"FN: an additional amount ",500,Increment,84,mais,"FN: um valor adicional",
14640,more,"FN: an additional quantity",500,Increment,83,mais,"FN: uma quantidade adicional",
14641,additional,"FN: in addition to existing instances",500,Increment,84,adicional,"Além das instâncias existentes",
14645,remind,"COD: cause someone to think of (something) because of a resemblance",502,Evoking,86,lembrete,"COD: causar que alguém pense em (algo) por causa de uma semelhança",
14646,"bring to mind","FN: evoke",502,Evoking,86,"trazer à mente","FN: evocar",
14647,evoke,"COD: bring or recall to the conscious mind",502,Evoking,86,evocar,"COD: trazer ou lembrar à consciência",
14648,"call to mind","FN: evoke",502,Evoking,86,"lembrar-se de algo","FN: evocar",
14649,"put in mind","FN: remind one of",502,Evoking,86,"tenha em mente","R: lembrar um de",
14650,conjure,"COD: call to the mind",502,Evoking,86,Conjurar,"COD: chamada à mente",
14651,"ring a bell","FN: remind (of something specific)",502,Evoking,86,"Soa como um sino","FN: lembrar (de algo específico)",
14652,recall,"COD: cause one to remember or think of",502,Evoking,86,reclamações,"COD: causar que se lembre ou pense em",
14653,reminder,"COD: a thing that causes someone to remember something.",502,Evoking,83,lembrete,"COD: algo que faz alguém lembrar de algo.",
14654,evocative,"COD: evoking strong images, memories, or feelings.",502,Evoking,84,evocativo,"COD: evocando imagens fortes, memórias ou sentimentos.",
14655,evocation,"FN: the event of causing to come to mind.",502,Evoking,83,evocação,"FN: o evento de causar para vir à mente.",
34204,"bring up","To talk about something in a conversation.",502,Evoking,86,"tratar de","Falar sobre algo em uma conversa.",
14657,beautiful,"COD: pleasing the senses or mind aesthetically",504,Aesthetics,84,bonita,"COD: agradar aos sentidos ou à mente de forma estética",
14670,rattle,"COD: a thing that makes a rattling sound, in particular a baby' s toy consisting of a container filled with small pellets",505,Noise_makers,83,rachar,"COD: um objeto que faz um som de rangido, especialmente um brinquedo de bebê consistindo em um recipiente recheado com pequenas bolinhas",
14671,xylophone,"COD: a musical instrument played by striking a row of wooden bars of graduated length with small beaters",505,Noise_makers,83,Xilofone,"COD: um instrumento musical tocado por bater em uma fileira de barras de madeira graduadas por comprimento com pequenos baquetas",
14673,cello,"COD:  a bass instrument of the violin family, held upright on the floor between the legs of the seated player.",505,Noise_makers,83,violoncelo,"COD: um instrumento de cordas baixo da família do violino, mantido em pé no chão entre as pernas do jogador sentado.",
14674,saxophone,"COD: a member of a family of metal wind instruments with a reed like a clarinet, used especially in jazz and dance music",505,Noise_makers,83,saxofone,"COD: um membro de uma família de instrumentos de sopro metálicos com uma palheta como o clarinete, usado especialmente em música jazz e de dança",
14675,alarm,"COD: a warning sound or device.",505,Noise_makers,83,alarme,"COD: um sinal ou dispositivo de aviso.",
33460,flute,"A wind instrument made from a tube with holes that are stopped by the fingers or keys, held vertically or horizontally (in which case it is also called a transverse flute ) so that the player's breath strikes a narrow edge. ",505,Noise_makers,83,flauta,"Um instrumento de sopro feito de um tubo com buracos que são parados pelos dedos ou teclas, mantido verticalmente ou horizontalmente (no qual o é também chamado de flauta transversal) para que o fôlego do músico atinge uma borda estreita.",
33461,banjo,,505,Noise_makers,83,banjo,,
33462,harmonica,"A small rectangular wind instrument with a row of metal reeds along its length, held against the lips and moved from side to side to produce different notes by blowing or sucking.",505,Noise_makers,83,harpete,"Um pequeno instrumento de sopro retangular com uma fileira de palhetas metálicas ao longo de seu comprimento, mantida contra os lábios e movida de um lado para o outro para produzir notas diferentes por soprar ou sugar.",
33463,harp,"A musical instrument consisting of a frame supporting a graduated series of parallel strings, played by plucking with the fingers.",505,Noise_makers,83,harpa,"Um instrumento musical que consiste em um quadro que sustenta uma série graduada de cordas paralelas, tocado por dedilhados.",
33464,harpsichord,"A keyboard instrument with horizontal strings which run perpendicular to the keyboard in a long tapering case, and are plucked by points of quill, leather, or plastic operated by depressing the keys. It is used chiefly in European classical music of the 16th to 18th centuries.",505,Noise_makers,83,cavaquinho,"Um instrumento de teclado com cordas horizontais que correm perpendicularmente ao teclado em um longo caso em forma de cone, e são percutidas por pontos de pena, couro ou plástico operados pela pressão das teclas. É usado principalmente na música clássica europeia do século XVI aos XVIII.",
33465,oboe,"A woodwind instrument with a double-reed mouthpiece, a slender tubular body, and holes stopped by keys.",505,Noise_makers,83,Oboe,"Um instrumento de sopro de madeira com uma boca de dupla palheta, um corpo tubular esguio e buracos fechados por chaves.",
33540,trombone,"A large brass wind instrument with straight tubing in three sections, ending in a bell over the player's left shoulder, different fundamental notes being made using a forward-pointing extendable slide.",505,Noise_makers,83,trombone,"Um grande instrumento de sopro em latão com tubos retos em três seções, terminando em uma campainha sobre o ombro esquerdo do músico, diferentes notas fundamentais sendo feitas usando um deslize estendível apontando para frente.",
14685,pagan,"COD: a person holding religious beliefs other than those of the main world religions.",507,People_by_religion,83,paganismo,"COD: uma pessoa que possui crenças religiosas diferentes das religiões principais do mundo.",
14689,zealot,"FN: one who fervently, and often militaristically, believes in a religion",507,People_by_religion,83,zealot,"FN: aquele que acredita fervorosamente e frequentemente de forma militarista em uma religião",
34157,jewish,"A person who profess the Jewish faith.",507,People_by_religion,84,judaico,"Uma pessoa que professa a fé judaica.",
