idLU,lemmaName(en),senseDescription(en),idFrame,frameName,idPOS,lemmaName(pt),senseDescription(pt),idLemma(pt)
15771,later,"FN: the late part (as opposed to some other mentioned part of the period)",654,Temporal_subregion,84,"mais tarde","FN: a parte tardia (em oposição a alguma outra parte mencionada do período)",
15776,early,"COD: of, at, or near the beginning of a particular time, period, or sequence.",654,Temporal_subregion,84,cedo,"COD: de, em ou perto do início de um período ou sequência específica de tempo.",
15778,earlier,"FN: the early  part (as opposed to some other mentioned part of the period)",654,Temporal_subregion,84,antes,"FN: a parte inicial (em oposição a alguma outra parte mencionada do período)",
15783,start,"COD: the beginning.",654,Temporal_subregion,83,começar,"COD: o começo.",
15784,dawning,"COD: the beginning or first appearance of something.",654,Temporal_subregion,83,despertar,"COD: o início ou primeira aparição de algo.",
15785,turn,"FN: point at which one century ends and the next century begins. ",654,Temporal_subregion,83,gire,"FN: ponto em que um século termina e o próximo começa.",
15793,accumulate,"COD: gather together a number or quantity of.",657,Amassing,86,acumulado,"COD: reunir uma quantidade ou número de.",
15794,stockpile,"COD: accumulate a large stock of.",657,Amassing,86,acúmulo,"COD: acumular um grande estoque de.",
15795,hoard,"COD: amass and hide or store away. ",657,Amassing,86,acúmulo,"COD: amassar e esconder ou guardar.",
15796,accumulation,"FN: Gathered to one location",657,Amassing,83,acúmulo,"FN: Reunidos em um local",
15801,homeland,"COD: a person' s native land.",658,Foreign_or_domestic_country,83,patria,"COD: a terra natal de uma pessoa.",
15802,shore,"COD: the land along the edge of a sea, lake, etc",659,Relational_natural_features,83,costa,"COD: o terreno ao longo da borda de um mar, lago, etc.",
15803,coast,"COD: the part of the land adjoining or near the sea.",659,Relational_natural_features,83,costa,"COD: a parte da terra adjacente ou próxima ao mar.",
15804,delta,"COD: a triangular tract of sediment deposited at the mouth of a river, typically where it diverges into several outlets",659,Relational_natural_features,83,delta,"COD: uma faixa triangular de sedimentos depositados na boca de um rio, geralmente onde ele se divide em várias bocas",
15806,seaboard,"FN: land near the sea",659,Relational_natural_features,83,"fronteira marítima","FN: terra perto do mar",
15812,estuary,"COD:  the tidal mouth of a large river.",659,Relational_natural_features,83,Estuário,"COD: a boca das marés de um grande rio.",
15815,require,"FN: demand (the meeting of an enabling condition)",660,Have_as_requirement,86,requer,"FN: demanda (a reunião de uma condição habilitante)",
15817,need,"FN: to require something in order to be operational.",660,Have_as_requirement,86,preciso,"FN: exigir algo para ser operacional.",
15818,bind,"COD: impose a legal or contractual obligation on.",663,Imposing_obligation,86,amarre,"COD: impõe uma obrigação legal ou contratual sobre.",
15820,commit,"COD: pledge or bind to a course, policy, or use.",663,Imposing_obligation,86,cometer,"COD: prometer ou se comprometer com um curso, política ou uso.",
15821,pledge,"FN: obligate (someone) by swearing",663,Imposing_obligation,86,promessa,"FN: obrigar (alguém) por juramento",
15822,require,"to specify as compulsory.",663,Imposing_obligation,86,requer,"para especificar como obrigatório.",
15824,charge,"FN: an obligation placed upon another.",663,Imposing_obligation,83,carregar,"FN: uma obrigação imposta a outra pessoa.",
15829,manage,"COD: be in charge of; run.",664,Operating_a_system,86,gerenciar,"COD: ser responsável por; gerenciar.",
15831,"see eye to eye","FN: completeley agree on a topic or issue.",665,Be_in_agreement_on_assessment,86,"ver de olho","FN: concordar completamente em tópico ou questão.",
15832,concur,"FN: agree on an opinion.",665,Be_in_agreement_on_assessment,86,concordo,"FN: concordar com uma opinião.",
30985,disagree,"FN: hold a different view.",665,Be_in_agreement_on_assessment,86,disagréer,"FN: tem uma visão diferente.",
15835,relent,"COD: abandon or mitigate a harsh intention or cruel treatment.",666,Giving_in,86,relent,"COD: abandonar ou mitigar uma intenção severa ou um tratamento cruel.",
15836,acquiesce,"COD: accept or consent to something without protest",666,Giving_in,86,acquiescê,"COD: aceitar ou consentir com algo sem protesto",
15838,"cave in","FN: stop resisting",666,Giving_in,86,enterrar-se,"FN: pare de resistir",
15840,"give way","FN: yield",666,Giving_in,86,"Dê passagem.","FN: render",
15841,capitulate,"COD: cease to resist an opponent or an unwelcome demand; surrender.",666,Giving_in,86,rendição,"COD: Cesse de resistir a um oponente ou a uma exigência indesejada; rendição.",
15843,cave,"FN: (informal) suddenly or unexpectedly submit.",666,Giving_in,86,caviar,"FN: (informal) apresentar-se de repente ou inesperadamente.",
15845,surrender,"COD: give up (a person, right, or possession) on compulsion or demand.",667,Surrendering_possession,86,rendição,"COD: desistir (de uma pessoa, de um direito ou de uma posse) por coação ou exigência.",
15846,yield,"COD: relinquish possession of",667,Surrendering_possession,86,rendimento,"COD: desistir da posse de",
15858,null,"COD: having no legal force; invalid.",668,Being_in_effect,84,Nulo,"COD: sem força jurídica; inválido.",
15859,binding,"FN: (especially of contracts) having legal force.",668,Being_in_effect,84,vinculante,"FN: (especialmente de contratos) com força jurídica.",
15863,stockpile,"COD: a large accumulated stock of goods or materials.",669,Store,83,acúmulo,"COD: uma grande quantidade acumulada de mercadorias ou materiais.",
15864,supply,"COD: a stock or amount of something supplied or available.",669,Store,83,fornecer,"COD: a quantidade ou estoque de algo fornecido ou disponível.",
15866,inventory,"COD: a quantity of goods in stock.",669,Store,83,inventário,"COD: uma quantidade de mercadorias em estoque.",
15867,reserve,"COD: a reserved supply of a commodity.",669,Store,83,reservar,"COD: uma reserva de um bem.",
15873,right,"COD: factually correct.",670,Correctness,84,direita,"COD: corretamente factual.",
15877,true,"FN: tautologically correct, or correct within an ascribed framework.",670,Correctness,84,Verdadeiro.,"FN: corretamente tautológico ou correto dentro de um quadro atribuído.",
