idLU,lemmaName(en),senseDescription(en),idFrame,frameName,idPOS,lemmaName(pt),senseDescription(pt),idLemma(pt)
9755,march,"COD: the third month of the year. Patterns like: Calendric_unit.April.n",206,Calendric_unit,83,março,"COD: o terceiro mês do ano. Padrões como: Calendric_unit.Abril.n",1184
9775,minute,"COD: a period of time equal to sixty seconds or a sixtieth of an hour",206,Calendric_unit,83,minuto,"COD: um período de tempo igual a sessenta segundos ou uma sexagésima de uma hora",6603
9776,second,"COD: a sixtieth of a minute of time, which as the SI unit of time is defined in terms of the natural periodicity of the radiation of a caesium-133 atom",206,Calendric_unit,83,segundo,"COD: um sexagésimo de um minuto de tempo, que como a unidade SI de tempo é definido em termos da periodicidade natural da radiação de um átomo de césio-133",7402
9779,quarter,"COD: a period of three months, used especially in reference to financial transactions",206,Calendric_unit,83,quarto,"COD: um período de três meses, usado especialmente em referência a transações financeiras",1220
9781,age,"COD: a distinct period of history.",206,Calendric_unit,83,idade,"COD: um período histórico distinto.",9474
9787,millennium,"COD: a period of a thousand years, especially when calculated from the traditional date of the birth of Christ.",206,Calendric_unit,83,milênio,"COD: um período de mil anos, especialmente quando calculado a partir da data tradicional do nascimento de Cristo.",7399
9788,holiday,"FN: a day n which festival, celebration, or religious event is observed ",206,Calendric_unit,83,férias,"FN: um dia em que um festival, celebração ou evento religioso é observado",10806
9793,end,"FN: come to an end.",208,Process_end,86,fim,"FN: chega ao fim.",9374
9796,conclude,"FN: come to an end.",208,Process_end,86,concluir,"FN: chegar ao fim.",117031
9797,"draw to a close","FN: to bring to the final stage, as of a meeting or project",208,Process_end,86,encerrar,"FN: levar à etapa final, como de uma reunião ou projeto",117073
9801,final,"COD: coming at the end of a series.",208,Process_end,84,final,"COD: chegando ao final de uma série.",74080
9802,finale,"COD: the last part of a piece of music, an entertainment, or a public event. ",208,Process_end,83,final,"COD: a última parte de uma peça musical, um espetáculo ou um evento público.",310
9803,pass,"COD: come to an end",208,Process_end,86,passar,"COD: acabar",117128
34234,conservation,"The act or process of conserve something or making it be in good conditions.",209,Process,83,conservação,"A ação ou processo de conservar algo ou fazer com que ele esteja em boas condições.",9472
34252,renovate,"The act and process of making things new again.",209,Process,86,renovar,"Ato e processo de fazer as coisas novas novamente.",117227
9828,braise,"COD: fry lightly and then stew slowly in a closed container",212,Apply_heat,86,Refogar,"COD: fritar levemente e depois cozinhar lentamente em um recipiente fechado",133523
9839,toast,"COD: cook or brown by exposure to radiant heat",212,Apply_heat,86,torrada,"COD: cozinhar ou dourar por exposição a calor radiante",34911
9840,saute,"FN: to fry food in a fatty substance",212,Apply_heat,86,salto,"FN: para fritar comida em uma substância gordurosa",991
9842,steam,"COD: cook by heating in steam from boiling water",212,Apply_heat,86,vapor,"COD: cozinhar por aquecimento em vapor de água fervente",35717
