idLU,lemmaName(en),senseDescription(en),idFrame,frameName,idPOS,lemmaName(pt),senseDescription(pt),idLemma(pt)
9547,execrative,"FN: characteristic of or associated with  acts of denouncing",197,Judgment_communication,84,execrável,"FN: característica de ou associada a atos de denunciar",73433
9558,recrimination,"COD: an accusation in response to one from someone else",197,Judgment_communication,83,reclamação,"COD: uma acusação em resposta a uma de alguém",31854
9562,critique,"COD: evaluate in a detailed and analytical way",197,Judgment_communication,86,crítica,"COD: avaliar de forma detalhada e analítica",10824
9569,blast,"COD: criticize fiercely",197,Judgment_communication,86,explosão,"COD: critique ferozmente",22039
9570,censure,"COD: express severe disapproval of; formally reprove",197,Judgment_communication,86,censura,"COD: expressa severa desaprovação de; formalmente reprouver",14416
9572,charge,"COD: accuse (someone) of something, especially an offence under law.",197,Judgment_communication,86,carregar,"COD: acusar alguém de algo, especialmente uma infração legal.",117207
9575,condemn,"COD: express complete disapproval of.",197,Judgment_communication,86,Condenar,"COD: expressa completa desaprovação de.",125201
9576,condemnation,"FN: declaration of utter disapproval.",197,Judgment_communication,83,condenação,"FN: declaração de total desaprovação.",17921
9578,criticize,"COD: indicate the faults of in a disapproving way. ",197,Judgment_communication,86,crítica,"COD: indica as faltas de alguém de maneira desaprovadora.",10824
9583,denounce,"COD: publicly declare to be wrong or evil.",197,Judgment_communication,86,denunciar,"COD: publicamente declarar-se errado ou mau.",125707
9587,deride,"COD:  express contempt for; ridicule. ",197,Judgment_communication,86,Rir,"COD: Expressar desprezo por; ridicularizar.",121095
9597,remonstrance,"COD: a forcefully reproachful protest. ",197,Judgment_communication,83,reclamação,"COD: uma protesta veemente e repreensiva.",31854
9598,remonstrate,"COD:  make a forcefully reproachful protest. ",197,Judgment_communication,86,reclamar,"COD: faça uma protesta vigorosa e repreensiva.",120773
9601,scathing,"COD: witheringly scornful; severely critical. ",197,Judgment_communication,84,escaldante,"COD: escarnencioso; severamente crítico.",73638
9605,castigate,"COD: reprimand severely. ",197,Judgment_communication,86,castigar,"COD: reprime severamente.",124702
9608,dump,"FN: criticize harshly.",197,Judgment_communication,86,descarte,"FN: crítica severamente.",19289
9615,rave,"FN: to praise with energy and enthusiasm",197,Judgment_communication,86,rave,"FN: elogiar com energia e entusiasmo",7794
9617,rip,"FN: to insult or crticize severely. ",197,Judgment_communication,86,rasgar,"FN: insultar ou criticar severamente.",117200
9618,attack,"FN: to direct hostile words or writings at; to blame, abuse or criticize vehemently",197,Judgment_communication,86,ataque,"FN: dirigir palavras ou escritos hostis a; culpar, abusar ou criticar veementemente",90
9619,attack,"FN: the act of blaming, abusing, or criticizing vehemently",197,Judgment_communication,83,ataque,"FN: o ato de culpar, abusar ou criticar veementemente",90
30982,protest,"FN: express objection (to something perceived as wrong).",197,Judgment_communication,86,protestar,"FN: expressar objeção (a algo percebido como errado).",133041
9622,nickname,"COD: give a nickname to",198,Name_conferral,86,apelido,"COD: dar um apelido a",13605
9625,name,"COD: give a name to",198,Name_conferral,86,nome,"COD: dar um nome a",6830
9626,baptize,"COD: give a specified name or nickname to.",198,Name_conferral,86,batizar,"COD: dar um nome ou apelido especificado a.",124171
9633,cane,"COD: beat with a cane as a punishment. ",199,Corporal_punishment,86,Cão,"COD: bater com um pau como punição.",8718
9635,lash,"COD: a sharp blow or stroke with a whip or stick. ",199,Corporal_punishment,83,Corda,"COD: um golpe ou chute forte com uma chicote ou pau.",693
9639,fine,"COD:  punish by a fine. ",200,Fining,86,bem,"COD: punir com uma multa.",9114
