idLU,lemmaName(en),senseDescription(en),idFrame,frameName,idPOS,lemmaName(pt),senseDescription(pt),idLemma(pt)
13720,slay,"FN: to kill violently. ""They vowed to slay their enemies and recapture their land.""",433,Killing,86,"Acabar com","FN: matar violentamente. ""Eles juraram abater seus inimigos e retomar suas terras.",
13723,smother,"FN: to kill by covering the mouth and nose so that the victim cannot breathe",433,Killing,86,Amasar,"FN: matar por cobrir a boca e o nariz de modo que a vítima não possa respirar",
13725,asphyxiate,"FN: to cause to die due to a lowered level of oxygen in the body",433,Killing,86,asfixiar,"FN: causar morte devido a um nível reduzido de oxigênio no corpo",
13729,euthanize,"COD:  put (an animal) to death humanely.",433,Killing,86,eutanásia,"COD: matar (um animal) de forma humana.",
13730,euthanasia,"FN: the killing of a person performed with the intention of helping them avoid a more unpleasant or painful manner of death",433,Killing,83,eutanásia,"FN: o assassinato de uma pessoa realizado com a intenção de ajudá-los a evitar uma maneira mais desagradável ou dolorosa de morrer",
13731,dispatch,"COD: kill",433,Killing,86,despacho,"COD: matar",
13733,annihilation,"FN: killing, esp. of people",433,Killing,83,Annihilamento,"FN: matar, especialmente de pessoas",
13734,liquidation,"FN: elimination; killing",433,Killing,83,liquidação,"FN: eliminação; matar",
13736,crucify,"COD: put (someone) to death by nailing or binding them to a cross.",433,Killing,86,crucificar,"COD: matar alguém enfaixando-o ou amarrando-o a uma cruz.",
13737,crucifixion,"FN: the act of crucifying or being crucified.",433,Killing,83,crucificação,"FN: o ato de crucificar ou ser crucificado.",
13739,decapitate,"COD: cut off the head of",433,Killing,86,decapitar,"COD: corte a cabeça de",
13740,massacre,"COD: deliberately and violently kill (a large number of people)",433,Killing,86,massacre,"COD: matar (deliberadamente e violentamente) um grande número de pessoas",
13741,slaughter,"COD: kill (animals) for food or kill (people) in a cruel or violent way.",433,Killing,86,matança,"COD: matar (animais) para comida ou matar (pessoas) de uma forma cruel ou violenta.",
13742,lynch,"COD: (of a group) kill (someone) for an alleged offence without a legal trial, especially by hanging. ",433,Killing,86,lynch,"COD: (de um grupo) matar (alguém) por uma suposta ofensa sem um julgamento legal, especialmente por enforcamento.",
13743,liquidator,"FN: a person who gets rid of another person, especially by killing.",433,Killing,83,liquidador,"FN: uma pessoa que se livra de outra, especialmente matando-a.",
13744,killing,"COD: an act of causing death.",433,Killing,83,matando,"COD: um ato de causar morte.",
13746,slaughter,"COD: the killing of a large number of people in a cruel or violent way.",433,Killing,83,Abate,"COD: o assassinato de um grande número de pessoas de uma maneira cruel ou violenta.",
13747,killer,"COD: a person or thing that kills.",433,Killing,83,assassino,"COD: uma pessoa ou coisa que mata.",
13748,massacre,"COD: an indiscriminate and brutal slaughter of people",433,Killing,83,massacre,"COD: um massacre indiscriminado e brutal de pessoas",
13749,infanticide,"COD: the killing of an infant.",433,Killing,83,infanticídio,"COD: o assassinato de um bebê.",
13750,smothering,"FN: suffocation by covering the mouth and nose",433,Killing,83,Opressivo,"FN: asfixia por cobertura da boca e do nariz",
13752,slaying,"FN: the act of killing with violence, especially in battle.",433,Killing,83,"Acabando com isso!","FN: o ato de matar com violência, especialmente em batalha.",
13753,regicide,"COD: the killing of a king. ",433,Killing,83,Regicídio,"COD: o assassinato de um rei.",
13754,pogrom,"COD: an organized massacre of a particular ethnic group, originally that of Jews in Russia or eastern Europe. ",433,Killing,83,pogrom,"COD: um massacre organizado de um grupo étnico específico, originalmente o dos judeus na Rússia ou no leste europeu.",
13756,holocaust,"COD: destruction or slaughter on  a large scale. ",433,Killing,83,Holocausto,"COD: destruição ou abate em larga escala.",
13757,matricide,"COD: the killing of one' s mother",433,Killing,83,Matricide,"COD: o assassinato de uma mãe",
13758,genocide,"COD: the deliberate killing of a very large number of people from a particular ethnic group or nation.",433,Killing,83,genocídio,"COD: o assassinato deliberado de um grande número de pessoas de um determinado grupo étnico ou nação.",
13759,butcher,"COD: kill (someone) brutally.",433,Killing,86,churrasqueiro,"COD: matar (alguém) brutalmente.",
13760,beheading,"FN: the act of cutting off the head of somebody.",433,Killing,83,decapitação,"FN: o ato de cortar a cabeça de alguém.",
13762,butchery,"FN: brutal or wholesale killing or murder.",433,Killing,83,mascheria,"FN: assassinato em massa ou brutal.",
13763,carnage,"COD: the killing of a large number of people. ",433,Killing,83,carnegie,"COD: o assassinato de um grande número de pessoas.",
13764,suffocation,"FN: the act of causing someone to suffocate",433,Killing,83,sufocação,"FN: o ato de causar sufocamento em alguém",
13767,blood-bath,"COD: an event in which many people are killed violently.",433,Killing,83,"banho de sangue","COD: um evento no qual muitas pessoas são mortas violentamente.",
13768,decapitation,"FN: the cutting off of somebody' s head",433,Killing,83,decapitação,"FN: a decapitação de alguém",
13770,fratricide,"COD: the killing of one' s brother or sister. ",433,Killing,83,Fratricídio,"COD: o assassinato de um irmão ou irmã.",
13771,garrotte,"COD: kill by strangulation, especially with an iron collar or a length of wire or cord",433,Killing,86,Garrote,"COD: matar por estrangulamento, especialmente com um colar de ferro ou um comprimento de fio ou corda",
13772,murderer,"FN: somebody who has committed murder",433,Killing,83,assassino,"FN: alguém que cometeu assassinato",
13773,slaughterer,"FN: somebody who kills in a violent manner and/or  kills large numbers of people",433,Killing,83,abatador,"FN: alguém que mata de maneira violenta e/ou mata um grande número de pessoas",
13774,slayer,"COD: person that kills with violence, especially in battle.",433,Killing,83,Slayer,"COD: pessoa que mata com violência, especialmente em batalha.",
13775,immolation,"FN: the act of killing or offering as a sacrifice, especially by burning.",433,Killing,83,imolação,"FN: o ato de matar ou oferecer como sacrifício, especialmente por queimar.",
13776,patricide,"COD: the killing of one' s father",433,Killing,83,Patricide,"COD: o assassinato de um pai",
13784,bloodshed,"FN: slaughter; killing.",433,Killing,83,"sangue derramado","FN: abate; matança.",
13785,"do in","FN: to kill someone",433,Killing,86,"fazer em","FN: matar alguém",
13786,"take life","FN: to kill someone",433,Killing,96,"Levar uma vida","FN: matar alguém",
13790,tally,"COD:  a current score or amount.",434,Amounting_to,83,contagem,"COD: uma pontuação ou valor atual.",
13793,"in amount","FN: having quantity amounting (to).",434,Amounting_to,96,"em quantidade","FN: tendo quantidade de (a).",
13795,dye,"FN: apply a liquid to a solid (especially fabric) in order to color it (darker than it originally was)",435,Processing_materials,86,dye,"FN: aplicar um líquido a um sólido (especialmente tecido) para colorir-lo (mais escuro do que era originalmente)",
13796,etch,"FN: apply a chemical (usually an acid) to a surface to make it rougher.",435,Processing_materials,86,rajar,"FN: aplicar um químico (geralmente um ácido) a uma superfície para torná-la mais áspera.",
13798,galvanize,"COD: coat (iron or steel) with a protective layer of zinc. ",435,Processing_materials,86,galvanizar,"COD: revestir (de ferro ou aço) com uma camada protetora de zinco.",
13800,enrichment,"FN: the process of increasing the proportion of a particular isotope in (an element), especially that of the fissile isotope U-235 in uranium.",435,Processing_materials,83,enriquecimento,"FN: o processo de aumentar a proporção de um isótopo específico em (um elemento), especialmente o do isótopo físsil U-235 no urânio.",
13802,reprocess,"COD: process (something, especially spent nuclear fuel) again or differently, in order to reuse it.",435,Processing_materials,86,reprocessar,"COD: processar (algo, especialmente combustível nuclear gasto) novamente ou de forma diferente, a fim de reutilizá-lo.",
13803,reprocessing,"FN: the action of taking an industrial product (often spent nuclear fuel rods) and making it useful again or in a different way.",435,Processing_materials,83,reprocessamento,"FN: a ação de pegar um produto industrial (frequentemente varetas de combustível nuclear gasto) e torná-lo útil novamente ou de uma maneira diferente.",
13807,spin,"FN: process fibers into thread",435,Processing_materials,86,spin,"FN: processar fibras em fio",
13813,tally,"COD: calculate the total number of",436,Adding_up,86,contagem,"CÓD: calcule o número total de",
13814,imperil,"COD: put into danger",437,Endangering,86,imperil,"COD: colocar em perigo",
13815,endanger,"COD:  put at risk or in danger.",437,Endangering,86,endangerar,"COD: colocar em risco ou em perigo.",
13817,jeopardise,"FN: endanger",437,Endangering,86,jeopardize,"FN: colocar em perigo",
13819,hide,"FN: be in a state of obstructing an object from view",438,Eclipse,86,Esconde.,"FN: estar em um estado de obstruindo um objeto da visão",
