idLU,lemmaName(en),senseDescription(en),idFrame,frameName,idPOS,lemmaName(pt),senseDescription(pt),idLemma(pt)
16714,legendary,"COD: remarkable enough to be famous; very well known.",830,Fame,84,Lenda,"COD: notável o suficiente para ser famoso; muito bem conhecido.",
16715,"well known","FN: famous.",830,Fame,84,"bem conhecido",Famosos.,
16719,notorious,"FN: infamous",830,Fame,84,notorious,"F.N.: infame",
16725,known,"in the public awareness for some particular reason.",830,Fame,84,conhecida,"em conscientização pública por alguma razão específica.",
16727,"make a name for oneself","FN: To make a name for oneself, one accomplishes some task to recieve notoriety with some group of people.",830,Fame,86,"fazer um nome para si mesmo","FN: Para fazer um nome para si mesmo, você realiza alguma tarefa para receber notabilidade com algum grupo de pessoas.",
30893,"(one's) name","FN: reputation.",830,Fame,83,"(seu/sua) nome","FN: reputação.",
34049,reputable,"An entity that has a reputation.",830,Fame,84,reputável,"Uma entidade que tem uma reputação.",
16728,"little known","FN: not widely known, obscure.",831,Obscurity,84,"pouco conhecido","FN: não amplamente conhecido, obscuro.",
16729,obscure,"COD: not important or well known.",831,Obscurity,84,obsoleto,"COD: não importante ou bem conhecido.",
16730,unsung,"COD: not celebrated or praised.",831,Obscurity,84,incomum,"COD: não celebrado ou elogiado.",
16731,recondite,"COD: (of a subject or knowledge) obscure.",831,Obscurity,84,recondito,"COD: (de um sujeito ou conhecimento) obscuro.",
16736,"county seat","COD: the town that is the administrative capital of a county.",833,Relational_political_locales,83,"sede do condado","COD: a cidade que é a capital administrativa de um condado.",
16740,hip,"COD: fashionable.",834,Trendiness,84,hip,"COD: elegante.",
24784,craft,"the quality of products made using traditional techniques, usually in small quantities.",834,Trendiness,84,artesanato,"a qualidade de produtos feitos usando técnicas tradicionais, geralmente em pequenas quantidades.",
3491,stay,"to spend some time at a lodge.",835,Temporary_stay,86,fique,"Passar algum tempo em um lodge.",
16748,stay,"COD: a period of staying somewhere.",835,Temporary_stay,83,fique,"COD: um período de ficar em algum lugar.",
16749,lodge,"FN: stay at someone else' s home.",835,Temporary_stay,86,albergaria,"FN: ficar na casa de outra pessoa.",
16752,overnight,"COD: stay overnight.",835,Temporary_stay,86,"durante a noite","COD: pernoite.",
16753,"sleep over","FN: stay overnight at another' s home. ",835,Temporary_stay,86,"dormir na casa de alguém","FN: ficar de noite na casa de outra pessoa.",
16758,host,"COD: a person who receives or entertains other people as guests.",836,Guest_and_host,83,hospedar,"COD: uma pessoa que recebe ou entretém outras pessoas como convidados.",
16762,"plug away","COD: proceed steadily and laboriously with a task.",837,Work,86,"Plugue longe","COD: proceder de forma constante e trabalhosa com uma tarefa.",
16763,"peg away","COD: work hard over a long period.",837,Work,86,Pegue,"COD: trabalhar duro por um longo período de tempo.",
16769,diverse,"COD: widely varied.",838,Diversity,84,diversos,"COD: amplamente variado.",
16771,various,"COD: different from one another; of different kinds or sorts.",838,Diversity,84,vários,"COD: diferente um do outro; de diferentes tipos ou espécies.",
16775,breadth,"COD: wide range",838,Diversity,83,Amplitude,"COD: ampla gama",
16778,miscellany,"COD: a mixture.",838,Diversity,83,miscellânia,"COD: uma mistura.",
16779,array,"COD: an impressive display or range of a particular thing.",838,Diversity,83,array,"COD: uma exibição ou gama impressionante de algo específico.",
16782,assortment,"COD: a miscellaneous collection.",838,Diversity,83,assortimento,"COD: uma coleção diversificada.",
16783,assorted,"COD: of various sorts put together.",838,Diversity,84,variados,"COD: de vários tipos reunidos.",
16784,multifarious,"COD: having great variety and diversity.",838,Diversity,84,multifarioso,"COD: com grande variedade e diversidade.",
16788,"mixed bag","COD: a diverse assortment.",838,Diversity,83,"mistura de tudo","COD: uma variedade diversificada.",
16789,multifariousness,"FN: the quality of having great variety and diversity.",838,Diversity,83,multifariedade,"FN: a qualidade de ter grande variedade e diversidade.",
16790,manifold,"COD: many and various.",838,Diversity,84,manifold,"COD: muitos e diversos.",
16793,scope,"FN: a set of various items.",838,Diversity,83,"Amplo alcance","FN: um conjunto de vários itens.",
34348,"melting pot","Comprised of various cultures.",838,Diversity,83,"fervura cultural","Comprido de várias culturas.",
16799,on,"COD: at the time of.",840,Temporal_collocation,90,um,"COD: no momento de.",
