idLU,lemmaName(en),senseDescription(en),idFrame,frameName,idPOS,lemmaName(pt),senseDescription(pt),idLemma(pt)
14027,stretch,"COD:   be made or be able to be made longer or wider without tearing or breaking.",452,Expansion,86,esticar,"COD:   ser feito ou ser capaz de ser feito mais longo ou mais largo sem rasgar ou quebrar.",129783
14034,spread,"FN: Expansion without loss of initial area.",452,Expansion,86,espalhar,"FN: Expansão sem perda da área inicial.",117334
14040,outstanding,"FN: having exceptionally good features which are needed to fulfill a certain purpose",453,Usefulness,84,notável,"FN: tendo características excepcionais que são necessárias para cumprir um determinado propósito",73746
14046,terrific,"FN: having features that make a certain entity very good at a particular use",453,Usefulness,84,terrível,"FN: ter características que tornam uma determinada entidade muito boa em um uso específico",73453
14050,super,"FN: having features with make an entity very effective at a certain activity ",453,Usefulness,84,super,"FN: possui características que fazem de uma entidade muito eficaz em uma determinada atividade",73451
14060,work,"FN: be effective in performing as it is designed to is expected to do. ",453,Usefulness,86,trabalho,"FN: ser eficaz no que se destina a fazer é esperado para fazer.",6625
14061,strong,"FN: Exceptionally useful or well-adapted",453,Usefulness,84,Forte,"FN: Extremamente útil ou bem adaptado",73749
34350,efficiency,"The act or quality of being efficient.",453,Usefulness,83,Eficiência,"A eficiência ou eficácia é a capacidade de realizar tarefas com rapidez e precisão.",10691
14069,amass,"FN: group together in large number.",454,Come_together,86,amassar,"FN: agrupar em grande número.",122894
14071,band,"FN: to form a specified configuration",454,Come_together,86,banda,"FN: para formar uma configuração especificada",8569
14072,assemble,"FN: to come together to form a group",454,Come_together,86,montar,"FN: vir juntos para formar um grupo",120905
14073,convene,"FN: to come together to form a group",454,Come_together,86,convocar,"FN: se reunir para formar um grupo",125365
14094,advise,"FN: recommend, inform",456,Telling,86,aconselhar,"FN: recomendar, informar",116943
14096,assure,"COD: tell someone something positively in order to dispel potential doubts.",456,Telling,86,assegurar,"COD: dizer algo de forma positiva a alguém para dissipar eventuais dúvidas.",123658
14098,notify,"COD: inform, typically in a formal or official manner. ",456,Telling,86,notificar,"COD: informar, tipicamente de forma formal ou oficial.",132151
14100,assurance,"COD: a positive declaration intended to give confidence",456,Telling,83,Garantia,"COD: uma declaração positiva destinada a dar confiança",8945
14105,stand,"FN: rise to an upright position on one' s feet. ",457,Change_posture,86,parar,"FN: levantar-se em pé com os pés.",116969
14115,squat,"FN: to move into a position low to the ground in which one' s knees are bent and the heels close to or touching the buttocks or thighs. ",457,Change_posture,86,agachar,"FN: se abaixar em uma posição no chão, com os joelhos flexionados e os calcanhares próximos ou tocando nos glúteos ou coxas.",117239
14117,lean,"COD: be in or move into a sloping position. ",457,Change_posture,86,aprender,"COD: estar ou se colocar em posição inclinada.",116970
14118,sprawl,"COD: sit, lie, or fall with one' s limbs spread out in an ungainly way. ",457,Change_posture,86,espalhar,"COD: sentar, deitar ou cair com as extremidades espalhadas de forma desajeitada.",117334
14119,"sprawl out","FN: lie, or fall down with arms and legs spread out in an ungainly way",457,Change_posture,86,espalhar,"FN: mentira, ou cair de braços e pernas estendidos de forma desajeitada",117334
14120,crouch,"FN: to cause one' s body to adopt a position where the knees are bent and the upper body is brought forward and down. ",457,Change_posture,86,agachar,"FN: causar o corpo assumir uma posição onde os joelhos estão flexionados e o tronco superior é levado para frente e para baixo.",117239
14122,huddle,"COD: curl one' s body into a small space. ",457,Change_posture,86,aglomeração,"COD: enrolar o corpo em um pequeno espaço.",12472
14143,combination,"FN: a mixture of two or more parts which forms a single, new whole",458,Amalgamation,83,combinação,"FN: uma mistura de duas ou mais partes que formam um único novo todo",8582
14146,join,"FN: to come together to form a single unit",458,Amalgamation,86,juntar,"FN: para se reunir para formar uma única unidade",116898
14148,mix,"FN: to come together to form one unit",458,Amalgamation,86,mistura,"FN: para se reunir e formar uma unidade",6730
