idLU,lemmaName(en),senseDescription(en),idFrame,frameName,idPOS,lemmaName(pt),senseDescription(pt),idLemma(pt)
14347,echo,"COD: (of a sound) reverberate or be repeated after the original sound has stopped",471,Sound_movement,86,Echo,"COD: (de um som) ressoar ou ser repetido após o som original ter parado",
14348,resound,"COD: spread with a ringing, booming, or echoing sound",471,Sound_movement,86,ressonar,"COD: com um som de zumbido, ressonância ou eco",
14351,on,"FN: (of an electrical appliance or system): being functioning",475,Being_in_operation,90,um,"FN: (de um aparelho ou sistema elétrico): em funcionamento",
14352,off,"COD: (of an electrical appliance or power supply) not functioning or so as to cease to function.",475,Being_in_operation,90,apagar,"COD: (de um aparelho elétrico ou de uma fonte de energia) não funcionando ou para deixar de funcionar.",
14359,depends,"FN: (something said in the immediate discourse) depends (on)",476,Contingency,86,depende,"FN: (algo dito no discurso imediato) depende",
14368,hinge,"COD: depend entirely on.",476,Contingency,86,hinge,"COD: depende inteiramente de.",
14370,variable,"FN: an uncertain fact that something else depends on.",476,Contingency,83,variável,"FN: um fato incerto que depende de outra coisa.",
14371,dictate,"FN: to prescribe",476,Contingency,86,dicionar,"FN: prescrever",
14372,rely,"COD: depend on with full trust.",477,Reliance,86,rely,"COD: depende com plena confiança.",
14375,reliance,"COD: dependence on or trust in someone or something",477,Reliance,83,"relação de dependência","COD: dependência ou confiança em alguém ou algo",
14382,chat,"COD: talk in a friendly and informal way. ",479,Chatting,86,chat,"COD: fale de maneira amigável e informal.",
14383,badinage,"COD: witty conversation. ",479,Chatting,83,Badinage,"COD: conversa espirituosa.",
14384,banter,"COD: the playful and friendly exchange of teasing remarks. ",479,Chatting,83,Bater-papo,"COD: o intercâmbio brincalhão e amigável de comentários maliciosos.",
14385,chat,"COD: an informal conversation. ",479,Chatting,83,chat,"COD: uma conversa informal.",
14387,colloquy,"COD: a formal conference or conversation.",479,Chatting,83,Colóquio,"COD: uma conferência ou conversa formal.",
14393,gossip,"COD: casual conversation or unsubstantiated reports about other people",479,Chatting,83,fofoca,"COD: conversa casual ou relatos não fundamentados sobre outras pessoas",
14394,gossip,"COD: engage in gossip.",479,Chatting,86,Boatos,"COD: envolver-se em fofocas.",
14395,gab,"COD: talk at length. ",479,Chatting,86,gab,"COD: falar extensivamente.",
14396,"shoot the breeze","COD: have a casual conversation",479,Chatting,86,"falar de mais","COD: ter uma conversa informal",
14397,yak,"COD:  talk at length about trivial or boring subjects.",479,Chatting,86,yak,"COD: falar em detalhes sobre assuntos triviais ou entediantes.",
40015,converse,,479,Chatting,84,conversa,,
14398,spatter,"FN: splash liquid in drops",480,Cause_fluidic_motion,86,espatar,"FN: gotejar líquido em gotas",
14399,splatter,"FN: splash (a sticky or viscous liquid) in a messy fashion.",480,Cause_fluidic_motion,86,esguicho,"FN: salpicar (um líquido pegajoso ou viscoso) de forma confusa.",
14400,splash,"COD: make (liquid) strike or fall on something in drops",480,Cause_fluidic_motion,86,Splash,"COD: fazer (líquido) gotejar ou cair em algo em gotas",
14402,squirt,"COD: (with reference to a liquid) be or cause to be ejected in a thin jet from a small opening. ",480,Cause_fluidic_motion,86,Squirt,"COD: (referente a um líquido) ser ou causar que seja ejetado em um jato fino de uma pequena abertura.",
14403,pump,"COD: force (liquid, gas, etc.) to move by or as if by means of a pump.",480,Cause_fluidic_motion,86,bombas,"COD: forçar (líquido, gás, etc.) a se mover por ou como se por meio de uma bomba.",
14404,drip,"COD: fall in small drops",480,Cause_fluidic_motion,86,goteira,"COD: cair em gotas pequenas",
14405,sprinkle,"FN: shoot or drip in drops",480,Cause_fluidic_motion,86,Polvilhe,"FN: atire ou goteje em gotas",
14408,spill,"FN: to pour something out of or over the edge of a container onto a non-canonical location",480,Cause_fluidic_motion,86,derramar,"FN: derramar algo de um recipiente sobre um local não convencional",
14410,arrangement,"COD: the action, process, or result of arranging.",481,Arranging,83,arranjo,"COD: a ação, processo ou resultado de organizar.",
14411,array,"COD: display or arrange in a neat or impressive way.",481,Arranging,86,array,"COD: exibir ou organizar de forma ordenada ou impressionante.",
14417,order,"FN: arrange methodically",481,Arranging,86,encomenda,"FN: organize metódica",
14418,justify,"FN: align text to both the left and right margins",481,Arranging,86,justificar,"FN: alinhar texto para as margens esquerda e direita",
14423,act,"COD: a written ordinance of Parliament, Congress, etc.",482,Law,83,atuar,"COD: uma ordem escrita do Parlamento, Congresso, etc.",
14426,regime,"FN: treaty. ",482,Law,83,regime,"FN: tratado.",
14428,order,"FN: a rule or body of rules which govern an assembly",482,Law,83,encomenda,"FN: uma regra ou corpo de regras que governam uma assembleia",
14432,lie,"COD: be situated in a specified position or direction.",483,Being_located,86,mentira,"COD: situa-se em uma posição ou direção especificada.",
14435,sit,"COD: be or remain in a particular position or state.",483,Being_located,86,Sentar-se,"COD: ser ou permanecer em uma posição ou estado específico.",
14436,whereabouts,"FN: an individual' s location.",483,Being_located,83,"onde está","FN: uma localização individual.",
14437,twenty,"FN: whereabouts.",483,Being_located,83,vinte,"FN: onde está?",
14449,run-through,"FN: discussing or enacting the pieces of a performance in order",484,Practice,83,run-through,"FN: discutir ou encenar os pedaços de uma apresentação para",
14450,"dry run","COD: a rehearsal of a performance or procedure",484,Practice,83,"teste de desempenho","COD: uma repetição de um desempenho ou procedimento",
14453,mock,"COD: imitation; pretended.",484,Practice,84,imitar,"COD: imitação; fingido.",
34212,maritime,"Related to the sea.",485,Attributes,84,maritim,"Relacionado ao mar.",
