idLU,lemmaName(en),senseDescription(en),idFrame,frameName,idPOS,lemmaName(pt),senseDescription(pt),idLemma(pt)
17496,cold,"FN: uncomfortably low body heat",1003,Subjective_temperature,84,frio,"FN: calor corporal desconfortavelmente baixo",71099
17498,"burn up","FN: to be unnaturally, excessively warm",1003,Subjective_temperature,86,Queimar,"FN: ser morno de forma artificial, excessivamente quente",117198
17500,window,"FN: a time period that allows an action to occur",1004,Time_period_of_action,83,janela,"FN: um período de tempo que permite que uma ação ocorra",695
17501,itch,"FN: cause an uncomfortable bodily sensation that makes one wish to scratch",1008,Cause_bodily_experience,86,coceira,"FN: causar uma sensação corporal desconfortável que faz com que alguém tenha vontade de coçar",17597
17502,scratch,"FN: relieve an unpleasant bodily sensation by minor abrasion of the surface of the skin, often with fingernails.",1008,Cause_bodily_experience,86,raspar,"FN: aliviar uma sensação desagradável do corpo por leve abrasão da superfície da pele, muitas vezes com unhas.",133219
17504,rub,"FN: apply deep pressure to muscles and/or joints to bring relief from soreness.",1008,Cause_bodily_experience,86,esfregar,"FN: aplicar pressão profunda nos músculos e/ou articulações para aliviar a dor.",129446
17505,massage,"FN: apply pressure to muscles and/or joints to relieve pain or soreness.",1008,Cause_bodily_experience,86,massagem,"FN: aplicar pressão em músculos e/ou articulações para aliviar dores ou dores.",27300
17509,taste,"FN: to gauge gustatory sensations from a food item",1009,Tasting,86,Sabor,"FN: para avaliar as sensações gustativas de um alimento",6731
17510,try,"FN: to do something (in order to make an assessment)",1010,Trying_out,86,provar,"FN: fazer algo (para avaliar)",117342
17511,"test out","FN: to use something for the first time (to make an assessment)",1010,Trying_out,86,testar,"FN: usar algo pela primeira vez (fazer uma avaliação)",121127
17512,"try out","FN: to do something for the first time (to make an assessment)",1010,Trying_out,86,provar,"FN: para fazer algo pela primeira vez (para fazer uma avaliação)",117342
17518,chance,"FN: the likelihood of an event happening",1012,Probability,83,chance,"FN: a probabilidade de um evento ocorrer",173
17522,significance,"FN: characterization of whether an event occurs randomly",1012,Probability,83,significado,"FN: caracterização da aleatoriedade de um evento",31
17528,maturity,"FN: the date at which a security is due for payment",1014,Bond_maturation,83,maturidade,"FN: a data em que um título é devido para pagamento",8059
17534,hot,"FN: regarded as desirable or popular, according to aesthetic, non-aesthetic, temporal, or categorical factors.",1015,Popularity,84,quente,"FN: considerado desejável ou popular, de acordo com fatores estéticos, não-estéticos, temporais ou categóricos.",73635
17535,officer,"FN: person who holds a position of authority or responsibility in the army, navy, air force, government, or a corporation, or who is a member of a police department",1016,Appellations,83,oficial,"FN: pessoa que detém uma posição de autoridade ou responsabilidade no exército, marinha, força aérea, governo ou uma corporação, ou que é membro de um departamento de polícia",9058
17537,captain,"FN: a licensed mariner who has the highest rank of command on a vessel",1016,Appellations,83,capitão,"FN: um marinheiro licenciado que possui o mais alto posto de comando em um navio",157
17538,president,"FN: an elected official with governing power over a republican state, university, or company",1016,Appellations,83,presidente,"FN: um funcionário eleito com poder de governar sobre um estado, universidade ou empresa republicana",58980
17539,bishop,"FN: a senior member of the Christian clergy, usually in charge of a diocese and empowered to confer holy orders",1016,Appellations,83,bispo,"FN: um membro sênior do clero cristão, geralmente responsável por uma diocese e investido com poderes para conferir ordens sagradas",9542
17540,chairman,"FN: a person in charge of a meeting, committee, company, or other organization",1016,Appellations,83,presidente,"FN: uma pessoa responsável por uma reunião, comitê, empresa ou outra organização",58980
17541,chairperson,"FN: a chairman or chairwoman (used as a neutral alternative)",1016,Appellations,83,presidente,"FN: um/uma presidente (usado como uma alternativa neutra)",58980
17542,chief,"FN: the head of an organization",1016,Appellations,83,chefe,"FN: o chefe de uma organização",10800
17548,director,"FN: person who is in charge of an activity, department, or organization",1016,Appellations,83,diretor,"FN: pessoa responsável por uma atividade, departamento ou organização",9040
17550,emperor,"FN: the ruler of an empire",1016,Appellations,83,Imperador,"FN: o governante de um império",38437
17552,executive,"FN: the head of a business, law, or government agency",1016,Appellations,83,executivo,"FN: o chefe de um negócio, lei ou agência governamental",9567
17553,governor,"FN: head of a public institution or a state, district, etc.",1016,Appellations,83,governador,"FN: chefe de uma instituição pública ou um estado, distrito, etc.",58951
17557,king,"FN: the male ruler of an independent state, especially one who inherits the position by right of birth",1016,Appellations,83,rei,"FN: o governante masculino de um estado independente, especialmente aquele que herda a posição por direito de nascimento",10783
17558,leader,"FN: the person who leads, commands, or precedes a group, organization, or country",1016,Appellations,83,líder,"FN: a pessoa que lidera, comanda ou precede um grupo, organização ou país",11010
17559,legislator,"FN: an elected official working in the legislature; one who makes the laws",1016,Appellations,83,legislador,"FN: um funcionário eleito que trabalha no legislativo; aquele que faz as leis",64459
17562,minister,"FN: a head of an administrative government department",1016,Appellations,83,ministro,"FN: chefe de um departamento governamental administrativo",10812
17565,official,"FN: a person holding public office or having official duties",1016,Appellations,83,oficial,"FN: uma pessoa que ocupa um cargo público ou tem funções oficiais",9058
17566,premier,"FN: a Prime Minister or other head of government",1016,Appellations,83,primeiro-ministro,"FN: um Primeiro-Ministro ou outro chefe de governo",30926
17570,representative,"FN: a politician that represents a constituent in a democratic government",1016,Appellations,83,representante,"FN: um político que representa um eleitor em um governo democrático",38667
17575,sultan,"FN: a Muslim sovereign",1016,Appellations,83,sultão,"FN: um monarca muçulmano",33999
17577,supervisor,"FN: person in charge of a limited jurisdiction, often a county or city",1016,Appellations,83,supervisor,"FN: pessoa responsável por uma jurisdição limitada, frequentemente um condado ou cidade",34068
17579,mother,"FN: the superior of a religious community of women",1016,Appellations,83,mãe,"FN: o superior de uma comunidade religiosa de mulheres",9428
17581,father,"FN: a priest (used especially as a title)",1016,Appellations,83,pai,"FN: um padre (usado especialmente como título)",6551
17583,doctor,"FN: a person who is qualified to practice medicine",1016,Appellations,83,Doutor,"FN: uma pessoa qualificada para praticar medicina",20075
17591,child,"FN: a son or daughter of any age",1016,Appellations,83,criança,"FN: um filho ou filha de qualquer idade",666
17592,aunt,"FN: the sister of one' s father or mother or the wife of one' s uncle",1016,Appellations,83,tia,"FN: a irmã de um pai ou mãe ou a esposa de um tio",69870
17593,uncle,"FN: the brother of one' s father or mother or the husband of one' s aunt",1016,Appellations,83,tio,"FN: o irmão de um pai ou mãe ou o marido de uma tia",34685
17594,sister,"FN: a female member of a religious community that observes vows of poverty, chastity, and obedience",1016,Appellations,83,irmã,"FN: membro feminino de uma comunidade religiosa que observa votos de pobreza, castidade e obediência",37391
17595,brother,"FN: a male member of a religious organization that has a priesthood",1016,Appellations,83,Irmão,"FN: um membro masculino de uma organização religiosa que tem um sacerdócio",10723
17596,cousin,"FN: a child of one' s uncle or aunt",1016,Appellations,83,Cozinha,"FN: filho de um tio ou tia",8640
17597,exercise,"FN: to engage in activities which maintain or improve the state of one' s body",1017,Exercising,86,exercício,"FN: se envolver em atividades que mantenham ou melhorem o estado do corpo",21994
17598,"work out","FN: improve physical strength through directed activity",1017,Exercising,86,Trabalhar,"FN: melhorar a força física através de atividade direcionada",116925
17607,successful,"FN: being in a state of prosperity or renown (according to the goals of an endeavor)",1018,Personal_success,84,bem-sucedido,"FN: estar em um estado de prosperidade ou renome (de acordo com os objetivos de uma empreitada)",76688
