idLU,lemmaName(en),senseDescription(en),idFrame,frameName,idPOS,lemmaName(pt),senseDescription(pt),idLemma(pt)
11342,staff,"COD:  the employees of a particular organization",295,Employing,83,staffo,"COD: os funcionários de uma organização específica",
11349,retire,"COD: leave one' s job and cease to work, especially because one has reached a particular age. ",297,Quitting,86,retire,"COD: abandonar o emprego e deixar de trabalhar, especialmente porque se chegou a uma determinada idade.",
11350,"stand down","FN: to resign from (a job) due to pressure",297,Quitting,86,Desarme-se.,"FN: renunciar a (um emprego) devido à pressão",
11353,"give notice","FN: to notify one' s employer of a resignation",297,Quitting,96,"dar aviso","FN: notificar ao empregador de uma renúncia",
11357,can,"COD: dismiss from a job or reject as inadequate. ",298,Firing,86,"can"" em português é ""pode"".","COD: dispensar de um emprego ou rejeitar como inadequado.",
11361,shitcan,"FN: (informally) fire ",298,Firing,86,"caixote do lixo","FN: (informalmente) fogo",
11364,"let go","FN: (euhpemistically) discharge from a job",298,Firing,86,solte,"FN: (euhpemisticamente) demissão de um emprego",
11365,"lay off","FN: temporarily or permanently discharge worker(s)",298,Firing,86,"Descanse em paz.","FN: demitir temporariamente ou definitivamente o trabalhador",
11366,dismissal,"FN: an instance of discharging from employment",298,Firing,83,demissão,"FN: uma instância de demissão do emprego",
11367,firing,"FN: cease to employ.",298,Firing,83,demissão,"FN: cessar de empregar.",
11368,"give the boot","COD: dismiss from job",298,Firing,86,"dar o pontapé","COD: dispensar do emprego",
11369,lay-off,"COD: a temporary or permanent discharge of a worker or workers.",298,Firing,83,lay-off,"COD: descarga temporária ou permanente de um trabalhador ou trabalhadores.",
11370,"the sack","COD: dismissal from employment. ",298,Firing,83,"a sacola","COD: demissão do emprego.",
11371,termination,"FN: ending the employment of a person",298,Firing,83,terminação,"FN: encerrar o emprego de uma pessoa",
11372,downsize,"COD: (of a company) shed staff. ",298,Firing,86,"redução de pessoal","COD: (de uma empresa) demitir funcionários.",
11374,outside,"COD: situated on or near the outside. ",299,Part_inner_outer,84,fora,"COD: situado no exterior ou perto dele.",
11376,inside,"COD: situated on or in, or derived from, the inside. ",299,Part_inner_outer,84,dentro,"COD: situado no interior ou derivado dele.",
11379,outside,"COD: the external side or surface of something. ",299,Part_inner_outer,83,fora,"COD: o lado externo ou superfície de algo.",
11381,lining,"COD: a layer of different material covering or attached to the inside of something",299,Part_inner_outer,83,encobrir,"COD: uma camada de material diferente cobrindo ou anexada ao interior de algo",
11382,perimeter,"COD: the outermost parts or boundary of an area or object",299,Part_inner_outer,83,Perímetro,"COD: as partes externas ou limite de uma área ou objeto",
11385,inside,"COD: the inner side or surface of a thing",299,Part_inner_outer,83,dentro,"COD: o lado interno ou superfície de um objeto",
11393,square,"COD: a plane figure with four equal straight sides and four right angles.",300,Shapes,83,quadrado,"COD: uma figura geométrica com quatro lados retos iguais e quatro ângulos retos.",
11398,strip,"COD: a long, narrow piece of cloth, paper, etc. ",300,Shapes,83,tira,"COD: uma peça de tecido, papel, etc., longa e estreita.",
11399,stretch,"COD: a continuous expanse",300,Shapes,83,esticar,"COD: uma extensão contínua",
11406,curve,"COD: a line or outline which gradually deviates from being straight for some or all of its length.",300,Shapes,83,curva,"COD: uma linha ou contorno que se afasta gradualmente de ser reto por algum ou todo o seu comprimento.",
11407,circular,"FN: Being in the shape of a circle.",300,Shapes,84,circular,"FN: Ser na forma de um círculo.",
11411,wedge,"FN: a subpart of a circular whole",300,Shapes,83,cunha,"FN: uma subparte de um todo circular",
11415,oval,"FN: egg-shaped; elliptical",300,Shapes,83,ovál,"FN: ovalado; elíptico",
11417,ellipse,"FN: the shape that occurs from slicing a cone with an oblique plane (that is not a parabola or hyperbola)",300,Shapes,83,elipse,"FN: a forma que ocorre da fatiamento de um cone com um plano oblíquo (que não é uma parábola ou hipérbole)",
11418,border,"COD: a line separating two countries or other areas.",301,Boundary,83,fronteira,"COD: uma linha separando dois países ou outras áreas.",
11420,boundary,"COD: a line marking the limits of an area.",301,Boundary,83,limite,"COD: uma linha marcando os limites de uma área.",
11423,edge,"COD:.the outside limit of an object, area, or surface. ",302,Part_edge,83,fronteira,"COD: o limite externo de um objeto, área ou superfície.",
11430,drenched,"FN: to be wet throroughly, soaked",304,Being_wet,84,Enfiado,"FN: estar completamente molhado, encharcado",
11432,moist,"COD: slightly wet",304,Being_wet,84,humido,"COD: ligeiramente molhado",
11435,saturated,"FN: thoroughly soaked",304,Being_wet,84,saturado,"FN: completamente molhado",
11436,soggy,"COD: very wet and soft",304,Being_wet,84,Soggy,"COD: muito molhado e macio",
11437,sopping,"COD: wet through",304,Being_wet,84,Soppante,"COD: molhado",
11438,sodden,"COD: soaked through.",304,Being_wet,84,sodden,"COD: absorvido.",
11439,soaking,"FN: to be very wet",304,Being_wet,84,Soando,"FN: muito molhado",
11440,waterlogged,"COD: saturated with or full of water. ",304,Being_wet,84,"inundado de água","COD: saturado com ou cheio de água.",
11441,humid,"FN: damp",304,Being_wet,84,humido,"FN: úmido",
