idLU,lemmaName(en),senseDescription(en),idFrame,frameName,idPOS,lemmaName(pt),senseDescription(pt),idLemma(pt)
9184,hedge,"COD: a fence or boundary formed by closely growing bushes or shrubs. ",176,Locale_by_use,83,hedge,"COD: uma cerca ou limite formado por arbustos ou arbustos de crescimento próximo.",
9185,mine,"COD:  an excavation in the earth for extracting coal or other minerals.",176,Locale_by_use,83,Minha,"Código: uma escavação no solo para extração de carvão ou outros minerais.",
9188,airfield,"COD:  an area of land set aside for the take-off, landing, and maintenance of aircraft.",176,Locale_by_use,83,"pista de pouso","COD: uma área de terra reservada para decolagem, pouso e manutenção de aeronaves.",
9202,reactor,"COD: an apparatus or structure in which fissile material can be made to undergo a controlled, self-sustaining nuclear reaction releasing energy.",176,Locale_by_use,83,reator,"COD: um aparelho ou estrutura em que o material físsil pode ser feito a sofrer uma reação nuclear controlada e sustentada, liberando energia.",
9209,site,"FN: an area of ground where a particular entity is located or where a particular event has taken or will take place",176,Locale_by_use,83,site,"FN: uma área de terreno onde uma entidade específica está localizada ou onde um evento específico ocorreu ou ocorrerá",
9213,silo,"COD: an underground chamber in which a guided missile is kept ready for firing.",176,Locale_by_use,83,silo,"COD: uma câmara subterrânea na qual um míssil guiado é mantido pronto para ser disparado.",
9216,settlement,"COD: a place where people establish a community.",176,Locale_by_use,83,"acordo extrajudicial","COD: um lugar onde as pessoas estabelecem uma comunidade.",
9218,institute,"COD: an organization for the promotion of science, education, etc.",176,Locale_by_use,83,instituto,"COD: uma organização para a promoção da ciência, educação, etc.",
9231,"post office","COD: a building where postal business is transacted.",176,Locale_by_use,83,Correo,"COD: um edifício onde os negócios postais são transacionados.",
9233,green,"COD: a piece of common grassy land, especially in the centre of a village.",176,Locale_by_use,83,verde,"COD: uma peça de terra gramada comum, especialmente no centro de um vilarejo.",
9238,campus,"FN: the area on which a university is located",176,Locale_by_use,83,campus,"FN: a área em que uma universidade está localizada",
9246,compound,"FN: enclosed area, often with structures and buildings, designated for a particular use.",176,Locale_by_use,83,composto,"FN: área fechada, geralmente com estruturas e edifícios, designada para um uso específico.",
9248,firehouse,"FN: building where firefighters are stationed.",176,Locale_by_use,83,"casa de bombeiros","FN: edifício onde os bombeiros estão estacionados.",
9249,bathhouse,"FN: a building for bathing, typically for public use.",176,Locale_by_use,83,"banheira de hidromassagem","FN: um edifício para banho, geralmente de uso público.",
9253,"safe house","FN:a location designated for one group of people to stay or meet which is kept secret from another group who might harm them or interfere with their activities.
<ex>The police hid the witness in a safe house until after the trial.</ex>
<ex>The terrorists met in a safe house to plan their attack.</ex>
",176,Locale_by_use,83,"casa segura","FN: um local designado para que um grupo de pessoas fique ou se reúna, que é mantido secreto de outro grupo que pode prejudicá-los ou interferir em suas atividades.
<ex>A polícia escondeu o testemunha em uma casa segura até depois do julgamento.</ex>
<ex>Os terroristas se reuniram em uma casa segura para planejar seu ataque.</ex>",
19922,"learning center",,176,Locale_by_use,83,"centro de aprendizagem",,
19935,"art school",,176,Locale_by_use,83,"escola de arte",,
19945,"animal protection organization",,176,Locale_by_use,83,"organização de proteção animal",,
19946,"social services organization",,176,Locale_by_use,83,"Organização de Serviços Sociais",,
19948,"labor union",,176,Locale_by_use,83,"União de trabalhadores",,
19949,"private university",,176,Locale_by_use,83,"universidade privada",,
19950,"amusement center",,176,Locale_by_use,83,"centro de diversões",,
20108,square,,176,Locale_by_use,83,quadrado,,
21878,"business district","The central part of a city, usually the cultural and commercial center.;",176,Locale_by_use,83,"bairro de negócios","A parte central de uma cidade, geralmente o centro cultural e comercial.",
21888,haven,"A sheltered port where ships can take on or discharge cargo;",176,Locale_by_use,83,háben,"Um porto protegido onde os navios podem carregar ou descarregar carga;",
21889,"natural port","A harbor or harbor, or haven, is a body of water where ships, boats, and barges can seek shelter from stormy weather, or else are stored for future use.;MT Haven, formerly Amoco Milford Haven, was a VLCC, leased to Troodos Shipping.;",176,Locale_by_use,83,"natural porto","Um porto ou refúgio é um corpo de água onde os navios, barcos e balsas podem procurar abrigo de mau tempo, ou são armazenados para uso futuro.",
21890,"deep water port","Crude oil carrier that sank off the coast of Genoa, Italy in 1991;A town or harbour with facilities for seagoing ships to dock and take on or discharge cargo.;A sheltered area for ships; a piece of water adjacent to land in which ships may stop to load and unload.;",176,Locale_by_use,83,"porto de águas profundas","Um petroleiro que afundou ao largo da costa de Gênova, Itália, em 1991; Uma cidade ou porto com instalações para navios de mar carregarem e descarregarem carga; Um espaço protegido para navios; uma peça de água adjacente à terra em que os navios podem parar para carregar e descarregar.",
21891,"deepwater pier","A port is a location on a coast or shore containing one or more harbors where ships can dock and transfer people or cargo to or from land.;",176,Locale_by_use,83,"piscina de mar profundo","Um porto é um local em uma costa ou litoral que contém um ou mais portos onde navios podem atracar e transferir pessoas ou carga para ou do litoral.",
21892,"sacred place","A shrine is a holy or sacred place, which is dedicated to a specific deity, ancestor, hero, martyr, saint, daemon or similar figure of awe and respect, at which they are venerated or worshipped.;",176,Locale_by_use,83,"lugar sagrado","Um santuário é um lugar sagrado ou sagrado, dedicado a uma divindade específica, antepassado, herói, mártir, santo, demônio ou figura semelhante de temor e respeito, no qual são venerados ou adorados.",
21894,bethel,"A consecrated place where sacred objects are kept;The consecrated (or sacred) area of a church or temple around its tabernacle or altar.;",176,Locale_by_use,83,Bete-el,"Um lugar sagrado onde objetos sagrados são guardados;A área sagrada (ou sagrada) de uma igreja ou templo em torno da sua tabernáculo ou altar.",
21895,"base of operation","Location where key leadership and coordination functions take place, often recognized as the central home for a disparate organization;The center of an organizations operations or administration.;The main administrative centre for a company or organisation.;Headquarters;The centre of a organisations operations or administration.;",176,Locale_by_use,83,"base de operação","Local onde funções de liderança e coordenação principais são realizadas, frequentemente reconhecido como o lar central para uma organização dispersa;O centro das operações ou administração de uma organização;O principal centro administrativo de uma empresa ou organização;Cabeça;O centro das operações ou administração de uma organização.",
21896,"registered office","A registered office is the official address of an incorporated company, association or any other legal entity.;",176,Locale_by_use,83,"sede registrada","Um endereço registrado é o endereço oficial de uma empresa incorporada, associação ou qualquer outra entidade jurídica.",
21897,"central office","(usually plural) the office that serves as the administrative center of an enterprise;",176,Locale_by_use,83,"escritórios centrais","(geralmente plural) o escritório que serve como centro administrativo de uma empresa;",
21898,"main office","(usually plural) the office that serves as the administrative center of an enterprise;",176,Locale_by_use,83,"sede principal","o escritório que serve como o centro administrativo de uma empresa;",
