idLU,lemmaName(en),senseDescription(en),idFrame,frameName,idPOS,lemmaName(pt),senseDescription(pt),idLemma(pt)
13150,safire,"FN: small arms fire.",393,Attack,83,safira,"FN: tiro de armas pequenas.",32801
13153,assailant,"an individual who makes an attack.",393,Attack,83,assaltante,"um indivíduo que faz um ataque.",59923
13158,forecast,"COD: predict or estimate (a future event or trend).",394,Predicting,86,previsão,"COD: prever ou estimar (um evento ou tendência futuro).",30917
13160,prophesy,"FN: to predict as if by magic.",394,Predicting,86,profecia,"FN: prever como por magia.",30979
13162,claim,"COD: predict the result of (an election or a vote).",394,Predicting,86,reivindicar,"COD: prever o resultado de (uma eleição ou uma votação).",133592
13163,soothsay,"FN: predict the future",394,Predicting,86,adivinhar,"FN: prever o futuro",121229
13167,pistol,"FN: a small gun, designed to be fired with one hand",395,Weapon,83,pistola,"FN: uma pequena arma de fogo projetada para ser disparada com uma mão",821
13182,shooter,"COD: a gun.",395,Weapon,83,tiro,"COD: a arma.",38
13185,handgun,"FN: a pistol",395,Weapon,83,pistola,"FN: uma pistola",821
13186,club,"FN: a heavy rod, often having a thick end and a thinner handle, used as a weapon",395,Weapon,83,clube,"FN: uma vara pesada, muitas vezes com um extremo espesso e uma empunhadura mais fina, usada como arma",8804
13223,chemical,"COD: relating to or denoting the use of poison gas or other chemicals as weapons of war.",395,Weapon,84,Químico,"COD: relacionado ou denotando o uso de gás venenoso ou outros produtos químicos como armas de guerra.",88424
13229,rocket,"FN: explosive weapon fired at a target.",395,Weapon,83,foguete,"FN: arma explosiva disparada em um alvo.",63128
34138,blade,"A sharpened piece of metal used for cutting.",395,Weapon,83,fita,"Uma peça de metal afiada usada para corte.",845
13239,indication,"FN: a sign or symptom",397,Sign,83,indicação,"FN: um sinal ou sintoma",24917
13240,symptom,"COD: an indication of an undesirable situation",397,Sign,83,sintoma,"COD: uma indicação de uma situação indesejável",33452
13241,symptomatic,"COD:  acting as a symptom of something",397,Sign,84,Simbólico,"COD: atuando como um sintoma de algo",89845
13242,indicative,"COD: serving as a sign or indication",397,Sign,84,indicativo,"COD: servindo como sinal ou indicação",83807
13244,signify,"COD: be an indication of",397,Sign,86,significar,"COD: uma indicação de",120714
13245,mark,"FN: designate or commemorate something",397,Sign,86,marca,"FN: designar ou comemorar algo",36669
13246,"usher in","FN: to be part of a larger cause that brings about a later state of affairs. ",397,Sign,86,apresentar,"FN: fazer parte de uma causa maior que leva a um determinado estado das coisas.",116964
