idLU,lemmaName(en),senseDescription(en),idFrame,frameName,idPOS,lemmaName(pt),senseDescription(pt),idLemma(pt)
13254,ferry,"COD: a boat or ship for conveying passengers and goods, especially as a regular service.",398,Vehicle,83,barco-táxi,"COD: um barco ou navio para transportar passageiros e mercadorias, especialmente como serviço regular.",
13259,tram,"COD: a passenger vehicle powered by electricity conveyed by overhead cables, and running on rails laid in a public road. ",398,Vehicle,83,tram,"COD: um veículo de passageiros alimentado por eletricidade transmitida por cabos suspensos e rodando sobre trilhos instalados em uma estrada pública.",
13264,schooner,"COD: a sailing ship with two or more masts, typically with the foremast smaller than the mainmast. ",398,Vehicle,83,schooner,"COD: um navio de vela com dois ou mais mastros, geralmente com o mastro dianteiro menor que o mastro principal.",
13267,cab,"COD: a taxi. ",398,Vehicle,83,cab,"COD: um táxi.",
13274,toboggan,"COD: a light, narrow vehicle, typically on runners, used for sliding downhill over snow or ice. ",398,Vehicle,83,Tobo-gân,"COD: um veículo leve e estreito, tipicamente sobre rodas, utilizado para deslizar pelas encostas nevadas ou de gelo.",
13275,pick-up,"COD: a small van or truck with low sides. ",398,Vehicle,83,"Carro de passeio","COD: uma pequena van ou caminhão com laterais baixas.",
13277,limousine,"COD: a large, luxurious car, typically with a partition behind the driver. ",398,Vehicle,83,limousine,"COD: um carro grande e luxuoso, geralmente com uma divisória atrás do motorista.",
13283,liner,"COD: a large passenger ship of a type formerly used on a regular line.",398,Vehicle,83,"linha de navegação","COD: um grande navio de passageiros do tipo que era usado anteriormente em uma linha regular.",
13286,"tank car","FN: a car of a freight train which is designed to hold liquids.",398,Vehicle,83,cisterna,"FN: um vagão de carga do trem que é projetado para conter líquidos.",
13287,warplane,"FN: a plane used in war",398,Vehicle,83,"avião de guerra","FN: um avião usado na guerra",
13290,helo,"FN: helicopter.",398,Vehicle,83,Olá!,"FN: helicóptero.",
13291,bird,"FN: an aircraft.",398,Vehicle,83,ave,"FN: um avião.",
13295,legally,"FN: of or relating to the law",399,Domain,89,legalmente,"FN: de ou relacionado à lei",
13296,economically,"FN: of or relating to the economy",399,Domain,89,economicamente,"FN: de ou relacionado à economia",
13297,emotionally,"FN: of or relating to emotion",399,Domain,89,emocionalmente,"FN: de ou relacionado com emoção",
13301,socially,"FN: of or relating to society",399,Domain,89,socialmente,"FN: de ou relacionado à sociedade",
13302,culturally,"FN: of or relating to culture",399,Domain,89,culturalmente,"FN: de ou relacionado à cultura",
13303,financially,"FN: of or relating to finance",399,Domain,89,financeiramente,"FN: de ou relacionado com finanças",
13304,"in terms","COD: with regard to the aspect or subject specified",399,Domain,96,"em termos de","COD: em relação ao aspecto ou assunto especificado",
13307,"statutory rape","FN: sexual intercourse with a person younger than an age specified by statute.",400,Offenses,83,"estupro estatutário","FN: relações sexuais com uma pessoa menor de uma idade especificada por lei.",
13308,sabotage,"FN: the act of deliberately destroying property or hindering of normal operations (of an employer' s business)",400,Offenses,83,sabotagem,"FN: a ação deliberada de destruir bens ou atrapalhar as operações normais (dos negócios de um empregador)",
13310,hijacking,"FN: the unlawful act of seizing control of a vehicle while in transit.",400,Offenses,83,"sequestro de avião","FN: o ato ilícito de tomar o controle de um veículo em trânsito.",
13314,conspiracy,"COD: a secret plan by a group to do something unlawful or harmful. ",400,Offenses,83,conspiração,"COD: um plano secreto de um grupo para fazer algo ilegal ou prejudicial.",
13315,larceny,"COD: theft of personal property ",400,Offenses,83,larcência,"COD: furto de bens pessoais",
13316,"copyright infringement","FN: the unauthorized use of copyrighted matieral.",400,Offenses,83,"infração de direitos autorais","FN: uso não autorizado de material protegido por direitos autorais.",
13320,felony,"COD: a crime, typically one involving violence, regarded in the US and other judicial systems (and formerly in the UK) as more serious than a misdemeanour. ",400,Offenses,83,felonia,"COD: um crime, tipicamente envolvendo violência, considerado nos EUA e em outros sistemas judiciais (e anteriormente no Reino Unido) mais grave do que uma contravenção.",
13321,"sexual harassment","COD: he repeated making of unwanted sexual advances or obscene remarks to a person, especially in a workplace. ",400,Offenses,83,"assédio sexual","COD: ele repetiu avanços sexuais indesejados ou comentários obscenos para uma pessoa, especialmente em um local de trabalho.",
13326,"indecent assault","FN: intentional offensive sexual content made without consent of the victim and without intention to rape.",400,Offenses,83,"assalto indécente","FN: conteúdo sexual ofensivo intencional feito sem o consentimento da vítima e sem a intenção de estuprar.",
13328,"sexual assault","FN: non-consentual sexual contact inflicted upon a person unable to give consent, or who trusts the assailant.",400,Offenses,83,"assédio sexual","FN: contato sexual não consensual infligido a uma pessoa incapaz de dar consentimento ou que confia no agressor.",
13330,"child abuse","FN: treat a child with cruelty or violence",400,Offenses,83,"abuso infantil","FN: tratar uma criança com crueldade ou violência",
13332,arson,"COD: the criminal act of deliberately setting fire to property.",400,Offenses,83,"incêndio criminoso","COD: o ato criminoso de incendiar deliberadamente a propriedade.",
13337,"bear arms","FN: have weapons on one' s person.",401,Bearing_arms,86,"armas de fogo","FN: ter armas na posse.",
13340,nuclear,"FN: possessing nuclear weapons.",401,Bearing_arms,84,nuclear,"FN: possuir armas nucleares.",
13341,gunman,"COD: a man who uses a gun to commit a crime or terrorist act.",401,Bearing_arms,83,"armador de mão","COD: um homem que utiliza uma arma para cometer um crime ou ato terrorista.",
13344,hamper,"COD: hinder or impede the movement or progress of. ",402,Hindering,86,hamper,"COD: obstaculiza ou impede o movimento ou progresso de.",
13345,impede,"COD: delay or block the progress or action of.",402,Hindering,86,impede,"COD: atrasar ou bloquear o progresso ou ação de.",
13347,trammel,"COD: constrain or impede. ",402,Hindering,86,trambolho,"COD: restringe ou impede.",
13348,constrain,"COD: severely restrict the scope, extent, or activity of. ",402,Hindering,86,constrain,"COD: restringir severamente o escopo, a extensão ou a atividade de.",
13349,handicap,"COD: to place at a disadvantage",402,Hindering,86,handicap,"COD: colocar em desvantagem",
