idLU,lemmaName(en),senseDescription(en),idFrame,frameName,idPOS,lemmaName(pt),senseDescription(pt),idLemma(pt)
24669,canjiquinha,"a typical Brazilian delicacy from the state of Minas Gerais, which consists of ground corn, cooked with pork (usually ribs) and other homemade seasonings.",621,Ingredients,83,canjiquinha,"Uma delícia típica brasileira do estado de Minas Gerais, que consiste em milho moído, cozido com carne de porco (geralmente costelas) e outros temperos caseiros.",2099
33482,artichoke,"The unopened flower head of the artichoke – a European plant resembling a thistle, cultivated for its large flower heads, – of which the heart and the fleshy bases of the bracts are edible.",621,Ingredients,83,artigo,"A cabeça de arteiro não aberta – uma planta europeia semelhante a um cardo, cultivada por suas grandes cabeças florais – das quais o coração e as bases carnudas dos brácteas são comestíveis.",14100
33484,broccoli,"A cultivated variety of cabbage bearing heads of green or purplish flower buds that are eaten as a vegetable.",621,Ingredients,83,brócolis,"Uma variedade cultivada de couve que produz cabeças de flores verdes ou roxas comestíveis como leguminosas.",15825
33488,lemon,"A pale yellow oval citrus fruit with thick skin and fragrant, acidic juice.",621,Ingredients,83,Limão,"Uma fruta cítrica amarela pálida em forma de ovo com casca grossa e suco aromático e ácido.",64544
33489,mushroom,"A fungal growth that typically takes the form of a domed cap on a stalk, with gills on the underside of the cap.",621,Ingredients,83,cogumelo,"Um crescimento fúngico que normalmente assume a forma de um chapéu com uma cúpula em um caule, com lamelas sob o chapéu.",17640
33490,orange,"A large round juicy citrus fruit with a tough bright reddish-yellow rind.",621,Ingredients,83,laranja,"Uma grande fruta cítrica redonda e suculenta com uma casca dura e brilhante de cor vermelha-amarela.",64419
15548,advance,"FN: to cause to make headway on something",622,Cause_to_make_progress,86,avanço,"FN: fazer avançar em algo",14530
15549,range,"FN: the distance that is possible (for someone or something to do something)",623,Range,83,faixa,"FN: a distância que é possível (para alguém ou algo fazer algo)",856
15553,view,"FN: the distance over which somebody can see (from a particular position)",623,Range,83,ver,"FN: a distância na qual alguém pode ver (a partir de uma posição específica)",8746
15555,strike,"FN: distance from which an attack can be launched.",623,Range,83,greve,"FN: distância a partir da qual um ataque pode ser lançado.",23778
