idLU,lemmaName(en),senseDescription(en),idFrame,frameName,idPOS,lemmaName(pt),senseDescription(pt),idLemma(pt)
28256,trampoliner,"an athlete who practices trampoline.",1341,Athletes_by_sport,83,trampolim,"Um atleta que pratica trampolim.",842
28568,shooter,"an athlete who practices sports shooting.",1341,Athletes_by_sport,83,tiro,"Um atleta que pratica tiro esportivo.",38
28570,"sport shooter","an athlete who practices sports shooting.",1341,Athletes_by_sport,83,"tiro esportivo","Um atleta que pratica tiro esportivo.",952
28575,horseman,"a male athlete who rides his horse in equestrian competitions.",1341,Athletes_by_sport,83,cavalheiro,"Um atleta masculino que monta seu cavalo em competições de equitação.",8998
28584,heptathlete,"an athlete who practices heptathlon.",1341,Athletes_by_sport,83,heptatlo,"um atleta que pratica heptatlo.",980
28601,surfer,"an athlete who practices surf.",1341,Athletes_by_sport,83,Surfe,"Um atleta que pratica surfe.",34095
3207,pool,"a water tank suitable for swimming, diving and other sports.",1342,Sports_venues,83,piscina,"Um tanque de água adequado para natação, mergulho e outros esportes.",873
3221,shore,"the shore of a sea or ocean.",1342,Sports_venues,83,orla,"a costa de um mar ou oceano.",6817
31083,court,"a rectangular area, either open or covered, marked out for the practice of sports.",1342,Sports_venues,83,tribunal,"Uma área retangular, aberta ou coberta, designada para a prática desportiva.",35175
31084,venue,"location where people install equipment, electrical devices, telephone or material for specific purposes.",1342,Sports_venues,83,local,"local onde as pessoas instalam equipamentos, aparelhos elétricos, telefones ou materiais para fins específicos.",957
