idLU,lemmaName(en),senseDescription(en),idFrame,frameName,idPOS,lemmaName(pt),senseDescription(pt),idLemma(pt)
8905,"a little","FN: a small amount",170,Quantified_mass,83,"um pouco","FN: uma pequena quantidade",
8906,both,"FN: the whole quantity, when the set is limited to two",170,Quantified_mass,84,Ambos,"FN: a quantidade total, quando o conjunto é limitado a dois",
8907,smattering,"FN: a small amount of",170,Quantified_mass,83,smattering,"FN: uma pequena quantidade de",
8909,trace,"FN: a very small amount of something",170,Quantified_mass,83,Rastrear,"FN: uma quantidade muito pequena de algo",
30666,oodles,"COD: a very great number or amount",170,Quantified_mass,83,Oodles,"COD: um número ou quantidade muito grande",
3290,basin,"A natural depression in the surface of the land often covered with water (e.g. forming a lake).;An area from which surface runoff is carried away by a single drainage system.;An area of land where all rainwater and melting snow naturally moves to the same body of water.;",171,Natural_features,83,bacim,"Uma depressão natural na superfície da terra, muitas vezes coberta com água (por exemplo, formando um lago); uma área da qual o escoamento superficial é levado embora por um único sistema de drenagem; uma área de terra onde toda a chuva e neve derretida se move naturalmente para o mesmo corpo d'água.",
3292,"catchment basin","A natural depression in the surface of the land often covered with water (e.g. forming a lake).;An area from which surface runoff is carried away by a single drainage system.;An area of land where all rainwater and melting snow naturally moves to the same body of water.;",171,Natural_features,83,"bacia de captação","Uma depressão natural na superfície da terra, geralmente coberta com água (por exemplo, formando um lago); uma área da qual o escoamento superficial é levado embora por um único sistema de drenagem; uma área de terra onde toda a chuva e neve derretida se move naturalmente para o mesmo corpo d'água.",
3293,watershed,"A natural depression in the surface of the land often covered with water (e.g. forming a lake).;An area from which surface runoff is carried away by a single drainage system.;An area of land where all rainwater and melting snow naturally moves to the same body of water.;",171,Natural_features,83,"zona de captação","Uma depressão natural na superfície do terreno, muitas vezes coberta com água (por exemplo, formando um lago); uma área da qual o escoamento superficial é levado embora por um único sistema de drenagem; uma área de terra onde toda a chuva e neve derretida se move naturalmente para o mesmo corpo d'água.",
3294,"drainage basin","A natural depression in the surface of the land often covered with water (e.g. forming a lake).;An area from which surface runoff is carried away by a single drainage system.;An area of land where all rainwater and melting snow naturally moves to the same body of water.;",171,Natural_features,83,"bacia de drenagem","Uma depressão natural na superfície da terra, muitas vezes coberta com água (por exemplo, formando um lago); uma área de onde o escoamento superficial é levado por um único sistema de drenagem; uma área de terra onde toda a chuva e neve derretida se move naturalmente para o mesmo corpo de água.",
3296,"drainage area","The entire geographical area drained by a river and its tributaries; an area characterized by all runoff being conveyed to the same outlet;",171,Natural_features,83,"área de drenagem","A área geográfica inteira drenada por um rio e seus afluentes; uma área caracterizada por todos os efluentes serem conduzidos para a mesma saída;",
3297,"water catchment area","A structural basin is a large-scale structural formation of rock strata formed by tectonic warping of previously flat lying strata.;A drainage basin or watershed is an extent or an area of land where surface water from rain, melting snow, or ice converges to a single point at a lower elevation, usually the exit of the basin, where the waters join another waterbody, such as a river, lake, reservoir, estuary, wetland, sea, or ocean.;",171,Natural_features,83,"área de captação de água","A bacia estrutural é uma formação estrutural em larga escala de estratos rochosos formada pela deformação tectônica de estratos previamente planos. A drenagem da bacia ou da bacia hidrográfica é uma extensão ou área de terra onde a água da superfície da chuva, do derretimento da neve ou do gelo converge para um único ponto de elevação mais baixa, geralmente a saída da bacia, onde as águas se juntam a outro corpo de água, como um rio, lago, reservatório, estuário, zona úmida, mar ou oceano.",
3298,"structural basin","Geological depression;",171,Natural_features,83,"bacia estrutural","Depressão geológica;",
3300,grove,"Small group of trees.",171,Natural_features,83,grove,"Pequeno grupo de árvores.",
3301,woodlet,"Small group of trees;A garden or an area of land to the cultivation of fruit or nut trees.;An orchard of fruit trees.;Area where trees are planted for commercial purposes.;Garden consisting of a small cultivated wood without undergrowth;",171,Natural_features,83,woodlete,"Pequeno grupo de árvores;Um jardim ou uma área de terra para o cultivo de árvores frutíferas ou de nozes;Uma pomar de árvores frutíferas;Área onde as árvores são plantadas para fins comerciais;Jardim composto por um pequeno bosque cultivado sem sub-bosque;",
3304,timberland,"Land covered with woody vegetation.",171,Natural_features,83,timberland,"Terra coberta com vegetação lenhosa.",
3305,copse,"Land that is covered with trees and shrubs;",171,Natural_features,83,copse,"Terra coberta com árvores e arbustos;",
3306,thicket,"A dense, but generally small, growth of shrubs, bushes or small trees.;",171,Natural_features,83,matagalha,"Uma vegetação densa, mas geralmente pequena, de arbustos, arbustos ou pequenas árvores.",
3307,brush,"A dense, but generally small, growth of shrubs, bushes or small trees.;",171,Natural_features,83,escova,"Uma vegetação densa, mas geralmente pequena, de arbustos, arbustos ou pequenas árvores.",
3308,brushwood,"A dense growth of bushes;",171,Natural_features,83,arbustos,"Um denso crescimento de arbustos.",
3309,coppice,"A dense growth of bushes;",171,Natural_features,83,"capa de madeira","Uma densa vegetação de arbustos.",
3313,waterway,"A waterway is any navigable body of water.;",171,Natural_features,83,"via navegável","Uma via navegável é qualquer corpo de água navegável.",
3315,"stream channel","A deep and relatively narrow body of water (as in a river or a harbor or a strait linking two larger bodies) that allows the best passage for vessels;",171,Natural_features,83,"canal de streaming","Um corpo de água profundo e relativamente estreito (como um rio ou um porto ou um estreito que liga dois corpos maiores de água) que permite o melhor percurso para os navios.",
3317,grotto,"a grotto is any type of natural or artificial cave that is associated with modern, historic, or prehistoric use by humans.",171,Natural_features,83,grotto,"Uma gruta é qualquer tipo de caverna natural ou artificial que está associada ao uso moderno, histórico ou pré-histórico por humanos.",
3318,"range of mountains","a mountain range or mountain belt is a geographic area containing numerous geologically related mountains.",171,Natural_features,83,"faixa de montanhas","Uma cordilheira ou cinturão de montanhas é uma área geográfica que contém diversas montanhas geologicamente relacionadas.",
3321,"chain of mountains","a series of hills or mountains.",171,Natural_features,83,"cadeia de montanhas","uma série de colinas ou montanhas.",
3322,"sand dune","a ridge of sand created by the wind; found in deserts or near lakes and oceans.",171,Natural_features,83,"duna de areia","Uma crista de areia criada pelo vento; encontrada em desertos ou perto de lagos e oceanos.",
3323,dune,"in physical geography, a dune is a hill of sand built by either wind or water flow.",171,Natural_features,83,dune,"Duna, em geografia física, é uma colina de areia construída por vento ou fluxo de água.",
3326,cove,"a narrow channel of the sea joining two larger bodies of water.",171,Natural_features,83,cove,"Um estreito canal do mar que liga dois corpos maiores de água.",
3333,lough,"loch (, is the Irish and Scottish Gaelic word for a lake and a sea inlet. In Hiberno-English, the anglicised spelling lough is commonly found in placenames, although it is pronounced the same way as loch. In Scottish English, `loch' is always used. Some lochs could also be called firths, fiords, estuarys, straits or bays. Sea-inlet lochs are often called sea lochs or sea loughs. It is cognate with the Manx logh and the now obsolete Welsh word for lake, llwch.;Scottish Gaelic and Irish word for a lake or a sea inlet;A small loch.;A bay or arm of the sea.;A long narrow inlet of the sea in Scotland (especially when it is nearly landlocked).",171,Natural_features,83,Rir,"lago (; é a palavra em irlandês e gaélico escocês para um lago e uma enseada marítima. No hiberno-inglês, a grafia anglicizada ""lough"" é comumente encontrada em nomes de lugares, embora seja pronunciada da mesma forma que ""loch"". No inglês escocês, ""loch"" é sempre usado. Alguns lagos também poderiam ser chamados de firths, fiordes, estuários, estreitos ou baías. Lagos-inlet são muitas vezes chamados de lagos marinhos ou mares loughs. É cognato com o manx logh e a agora obsoleta palavra galesa para lago, llwch.",
3337,mount,"a mountain is a large landform that stretches above the surrounding land in a limited area, usually in the form of a peak.;Large landform that stretches above the surrounding land.",171,Natural_features,83,montar,"uma montanha é uma grande forma de relevo que se estende acima da terra circundante em uma área limitada, geralmente na forma de um pico; Grande forma de relevo que se estende acima da terra circundante.",
3338,hill,"a natural elevation of the land surface, usually rounded.",171,Natural_features,83,colina,"Uma elevação natural da superfície do solo, geralmente arredondada.",
3340,mound,"a small natural hill.",171,Natural_features,83,molo,"uma pequena colina natural.",
3342,"swimming pond","a natural swimming pool or natural swimming pond is a system consisting of a constructed body of water, where the water is contained by an isolating membrane or membranes, in which no chemicals or devices that disinfect or sterilize water are used, and all clarifying and purifying of the water is achieved through biological filters and plants rooted hydroponically in the system.",171,Natural_features,83,"piscina para natação","Uma piscina ou lagoa de natação natural é um sistema que consiste em um corpo de água construído, onde a água é contida por uma membrana isolante ou membranas, em que não são usados produtos químicos ou dispositivos que desinfetam ou esterilizam a água, e toda a clarificação e purificação da água é alcançada através de filtros biológicos e plantas enraizadas hidroponicamente no sistema.",
3344,coast,"the shore of a sea or ocean.",171,Natural_features,83,costa,"a costa de um mar ou oceano.",
3345,watercourse,"a natural body of running water flowing on or under the earth.",171,Natural_features,83,"curso de água","Um corpo natural de água corrente que flui sobre ou sob a terra.",
3346,brook,"a small river or large creek; a body of moving water confined by banks.;A natural stream arising in a given drainage basin but not wholly dependent for its flow on surface drainage in its immediate area, flowing in a channel with a well-defined bed between visible banks or through a definite depression in the land, having a definite and permanent or periodic supply of water, and usually, but not necessarily, having a perceptible current in a particular direction and discharging at a fixed point into another body of water.",171,Natural_features,83,broque,"Um pequeno rio ou grande riacho; um corpo de água em movimento confinado por margens.; Um curso natural que surge em uma bacia de drenagem específica, mas não depende inteiramente do escoamento superficial em sua área imediata para seu fluxo, fluindo em um canal com uma cama bem definida entre margens visíveis ou através de uma depressão definida no terreno, tendo um suprimento permanente ou periódico de água, e geralmente, mas nem sempre, tem um corrente perceptível em uma direção específica e deságua em outro corpo de água em um ponto fixo.",
3347,creek,"a natural stream of water smaller than a river (and often a tributary of a river).",171,Natural_features,83,creu,"Um curso de água natural menor do que um rio (e muitas vezes um afluente de um rio).",
3348,rill,"a small stream.",171,Natural_features,83,rilho,"Um pequeno riacho.",
3350,valley,"any low-lying land bordered by higher ground; especially an elongate, relatively large, gently sloping depression of the Earth's surface, commonly situated between two mountains or between ranges of hills or mountains, and often containing a stream with an outlet.",171,Natural_features,83,valley,"qualquer terra de baixa altitude circundada por terreno mais alto; especialmente uma depressão alongada, relativamente grande, com inclinação suave na superfície da Terra, comumente situada entre dois montanhas ou entre cadeias de colinas ou montanhas, e frequentemente contendo um riacho com saída.",
3351,glen,"geological depression with predominant extent in one direction;An elongated depression between hills or mountains, often with a river flowing through it.;A valley.",171,Natural_features,83,glên,"Depressão geológica com extensão predominante em uma direção;Uma depressão alongada entre colinas ou montanhas, muitas vezes com um rio fluindo por ela;Uma vale.",
3352,dale,"a dale is an open valley.",171,Natural_features,83,dale,"A dale é uma vale aberta.",
8916,knoll,"COD: a small hill or mound. ",171,Natural_features,83,Knoll,"COD: uma pequena colina ou monte.",
8921,tarn,"COD: a small mountain lake",171,Natural_features,83,tarn,"COD: um pequeno lago de montanha",
8924,crevasse,"COD: a deep open crack in a glacier or ice field. ",171,Natural_features,83,fenda,"COD: uma fenda profunda em um glaciar ou campo de gelo.",
8933,fjord,"COD: a long, narrow, deep inlet of the sea between high cliffs, typically formed by submergence of a glaciated valley and found predominantly in Norway. ",171,Natural_features,83,fiordo,"COD: uma longa e estreita entrada no mar entre falésias altas, tipicamente formada pela submersão de um vale glacial e encontrada principalmente na Noruega.",
8934,outcrop,"COD: a rock formation that is visible on the surface. ",171,Natural_features,83,"Acessório linguístico","COD: uma formação rochosa visível na superfície.",
8937,crag,"COD:  a steep or rugged cliff or rock face. ",171,Natural_features,83,craguejo,"COD: uma falésia íngreme ou acidentada ou uma cara de rocha.",
8938,glacier,"COD: a slowly moving mass of ice formed by the accumulation and compaction of snow on mountains or near the poles. ",171,Natural_features,83,glaciar,"COD: uma massa de gelo em movimento lento, formada pela acumulação e compactação de neve em montanhas ou perto dos polos.",
8939,canyon,"COD: a deep gorge, especially one with a river flowing through it. ",171,Natural_features,83,canyon,"COD: uma garganta profunda, especialmente uma com um rio fluindo através dela.",
8948,isthmus,"COD: a narrow strip of land with sea on either side, linking two larger areas of land",171,Natural_features,83,Istmo,"COD: uma estreita faixa de terra com o mar de ambos os lados, ligando duas áreas terrestres maiores",
8949,cave,"COD: a large natural underground chamber. ",171,Natural_features,83,cavar,"COD: uma grande câmara natural subterrânea.",
8951,iceberg,"COD: a large mass of ice floating in the sea. ",171,Natural_features,83,iceberg,"COD: uma grande massa de gelo flutuando no mar.",
8955,spring,"COD: a place where water wells up from an underground source.",171,Natural_features,83,primavera,"COD: um lugar onde a água brota de uma fonte subterrânea.",
8957,stream,"COD: a small, narrow river",171,Natural_features,83,transmissão,"COD: um pequeno rio estreito",
8959,atoll,"COD: a ring-shaped reef or chain of islands formed of coral. ",171,Natural_features,83,atol,"COD: uma cordilheira ou cadeia de ilhas em forma de anel formada por corais.",
8960,floe,"COD: a sheet of floating ice. ",171,Natural_features,83,flóey,"COD: uma camada de gelo flutuante.",
8962,massif,"COD: a compact group of mountains. ",171,Natural_features,83,Massivo,"COD: um grupo compacto de montanhas.",
8964,butte,"COD:  an isolated hill with steep sides and a flat top. ",171,Natural_features,83,butte,"COD: uma colina isolada com lados íngremes e um topo plano.",
8965,fell,"COD: a hill or stretch of high moorland, especially in northern England. ",171,Natural_features,83,caí,"COD: uma colina ou extensão de alta moita, especialmente no norte da Inglaterra.",
8966,hillock,"COD: a small hill or mound. ",171,Natural_features,83,colina,"COD: uma pequena colina ou monte.",
