idLU,lemmaName(en),senseDescription(en),idFrame,frameName,idPOS,lemmaName(pt),senseDescription(pt),idLemma(pt)
17499,freezing,"FN: extremely cold",1003,Subjective_temperature,84,congelamento,"FN: extremamente frio",
17506,chafe,"FN: rub unpleasantly, causing to experience a feeling of constriction.",1008,Cause_bodily_experience,86,Chafar,"FN: esfregar de forma desagradável, causando uma sensação de constrição.",
17507,hurt,"FN: to cause pain in a body part",1008,Cause_bodily_experience,86,dolorido,"FN: causar dor em uma parte do corpo",
17517,break,"FN: an assiduously sought-after opportunity enabling fulfillment of a deep desire to participate in some particular life-path.",1011,Opportunity,83,Quebra,"FN: uma oportunidade muito procurada que permite satisfazer um desejo profundo de participar de algum caminho de vida específico.",
17519,odds,"FN: ratio describing the probability of an outcome",1012,Probability,83,odds,"Relação que descreve a probabilidade de um resultado",
17523,chances,"FN: the likelihood of an event happening",1012,Probability,83,chances,"FN: a probabilidade de um evento ocorrer",
17525,repayment,"FN: the act of giving money to return a debt",1013,Repayment,83,reembolso,"FN: o ato de dar dinheiro para pagar uma dívida",
17526,"pay back","FN: to give money to someone in return for a loan",1013,Repayment,86,"pagar de volta","FN: dar dinheiro a alguém em troca de um empréstimo",
17527,mature,"FN: be due for payment",1014,Bond_maturation,86,maduro,"FN: devido para pagamento",
17529,endow,"FN: having conditions fulfilled obligating payment ",1014,Bond_maturation,86,endocar,"FN: tendo as condições cumpridas obrigando ao pagamento",
17532,in,"FN: in a state of temporary social acceptability",1015,Popularity,84,em,"FN: em um estado de aceitabilidade social temporária",
17533,"in demand","FN: popular ",1015,Popularity,84,"em alta demanda","FN: popular",
17536,general,"FN: a commissioned officer of the military at the top of the rank structure",1016,Appellations,83,gerais,"FN: oficial comissionado das forças armadas no topo da estrutura hierárquica",
17544,commander,"FN: a person in authority, especially in a military context",1016,Appellations,83,comandante,"FN: uma pessoa em autoridade, especialmente em um contexto militar",
17545,commissioner,"FN: the head of a public organization",1016,Appellations,83,comissário,"FN: o chefe de uma organização pública",
17546,congressman,"FN: a male official who is a member of congress, and especially of the US House of Representatives",1016,Appellations,83,"deputado federal","FN: um oficial masculino que é membro do congresso e, especialmente, da Câmara dos Representantes dos EUA",
17547,congresswoman,"FN: a female official who is a member of congress, and especially of the US House of Representatives",1016,Appellations,83,congressista,"FN: uma funcionária feminina que é membro do congresso e, especialmente, da Câmara dos Representantes dos EUA",
17549,duchess,"FN: the wife/widow of a duke, or a woman holding a rank equivalent to duke",1016,Appellations,83,duquesa,"FN: a esposa/viúva de um duque ou uma mulher com um posto equivalente ao de duque",
17551,empress,"FN: the female ruler of an empire, or the wife/widow of an emperor",1016,Appellations,83,imperatriz,"FN: a governante feminina de um império, ou a esposa/viúva de um imperador",
17554,headmaster,"FN: chiefly Brit. a male head teacher",1016,Appellations,83,diretor-geral,"FN: principalmente britânico; um diretor masculino",
17555,imam,"FN: the person who leads prayers in a mosque",1016,Appellations,83,imã,"FN: a pessoa que lidera as orações em uma mesquita",
17556,kaiser,"FN: the German Emperor, the Emperor of Austria, or the head of the Holy Roman Empire",1016,Appellations,83,caisper,"FN: o Imperador Alemão, o Imperador da Áustria ou o chefe do Sacro Império Romano-Germânico",
17560,maharaja,"FN: historical. an Indian prince",1016,Appellations,83,Maharaja,"FN: histórico. um príncipe indiano",
17561,mayor,"FN: the elected head of the municipal corporation of a city or borough",1016,Appellations,83,maior,"FN: o chefe eleito da corporação municipal de uma cidade ou distrito",
17563,mogul,"FN: a powerful head of a major company, especially with respect to a particular industry",1016,Appellations,83,mogul,"FN: um poderoso chefe de uma grande empresa, especialmente no que diz respeito a uma indústria específica",
17564,monarch,"FN: a sovereign head of state, especially a king, queen, or emperor",1016,Appellations,83,monarca,"FN: um chefe de Estado soberano, especialmente um rei, rainha ou imperador",
17567,prince,"FN: in terms of a monarchical government, the royal heir to kingship",1016,Appellations,83,príncipe,"FN: em termos de um governo monárquico, o herdeiro real do reino",
17568,principal,"FN: the head or senior person in an organization or group, especially a school or college",1016,Appellations,83,principal,"FN: o chefe ou pessoa sênior em uma organização ou grupo, especialmente uma escola ou faculdade",
17569,queen,"FN: the female ruler of an independent state, especially one who inherits the position by right of birth",1016,Appellations,83,rainha,"FN: a governante feminina de um estado independente, especialmente aquela que herda o cargo por direito de nascimento",
17572,secretary,"FN: the person in charge of a subsection of the government, i.e. the Secretary of Defense",1016,Appellations,83,secretária,"FN: a pessoa responsável por uma subseção do governo, ou seja, o Secretário da Defesa",
17573,shah,"FN: formerly, a title of the monarch of Iran",1016,Appellations,83,شاه,"FN: anteriormente, um título do monarca do Irã",
17574,sheik,"FN: an Arab leader, especially the chief or head of a tribe, family, or village",1016,Appellations,83,sheik,"FN: um líder árabe, especialmente o chefe ou cabeça de uma tribo, família ou aldeia",
17576,superintendent,"FN: a person who oversees or directs some work, enterprise, district or institution",1016,Appellations,83,superintendente,"FN: uma pessoa que supervisiona ou dirige algum trabalho, empresa, distrito ou instituição",
17578,tsar,"FN: an emperor of Russia before 1917",1016,Appellations,83,tsar,"FN: um imperador da Rússia antes de 1917",
17584,dr,"FN: abbreviation for doctor",1016,Appellations,83,dr,"FN: abreviatura para médico",
17585,mr,"FN: abbreviation for mister; a respectful title that precedes a man' s name or position",1016,Appellations,83,Sr.,"FN: abreviatura de ""mister""; um título respeitoso que precede o nome ou cargo de um homem",
17586,mrs,"FN: originally an abbreviation for mistress; a respectful title that precedes the name of a married woman",1016,Appellations,83,Sra.,"FN: originalmente uma abreviação para ""mestra""; um título respeitoso que precede o nome de uma mulher casada",
17587,ms,"FN: a respectful title that precedes a woman' s name or position (and which does not indicate marital status)",1016,Appellations,83,ms,"FN: um título respeitoso que precede o nome ou posição de uma mulher (e que não indica estado civil)",
17589,miss,"FN: a respectful title that precedes the name of a unmarried woman",1016,Appellations,83,perdi,Senhora,
