idLU,lemmaName(en),senseDescription(en),idFrame,frameName,idPOS,lemmaName(pt),senseDescription(pt),idLemma(pt)
24687,erva-mate,"a native herb from South America, used dry in the preparation of beverages like chimarrão, tererê or tea.",252,Food,83,Erva-mate,"Uma erva nativa da América do Sul, usada seca na preparação de bebidas como chimarrão, tereré ou chá.",1331
24742,quirera,"thicker fragments of any pulverized or sandy substance, and which do not pass through the mesh of the sieve. A typical example of quirera is the one made with corn seeds.",252,Food,83,Quirera,"fragmentos mais grossos de qualquer substância em pó ou areia, e que não passam pela malha da peneira. Um exemplo típico de quirera é o feito com sementes de milho.",2100
24746,tapa,"various snacks, of Spanish origin, served as a starter, aperitif or even as a substitute for a meal, and always accompanied by drinks, alcoholic or not. Generally, they are composed of small pieces of toasted bread under some type of filling, like parma ham, cheese, tomato, among others.",252,Food,83,tampa,"Vários petiscos, de origem espanhola, servidos como entrada, aperitivo ou até mesmo como substituto de uma refeição, e sempre acompanhados por bebidas, alcoólicas ou não. Geralmente, são compostos por pequenas peças de pão tostado sob algum tipo de recheio, como presunto, queijo, tomate, entre outros.",34317
30701,turkey,"COD: a large mainly domesticated game bird native to North America, having a bald head and (in the male) red wattles. Meleagris gallopavo. [Bird] NB: as used for food.",252,Food,83,peru,"COD: uma grande ave de rapina domesticada nativa da América do Norte, com cabeça careca e (no macho) papo vermelho. Meleagris gallopavo. [Pássaro] NB: usado como alimento.",1246
30703,salmon,"FN: the flesh of a large edible fish that matures in the sea and migrates to freshwater streams to spawn as food",252,Food,83,salmão,"FN: a carne de um grande peixe comestível que amadurece no mar e migra para rios de água doce para desovar como alimento",9450
30706,lobster,"FN: the flesh of a large marine crustacean with a cylindrical body, stalked eyes, and the first of its five pairs of limbs modified as pincers as food. [Food] ",252,Food,83,lagosta,"FN: a carne de um grande crustáceo marinho com corpo cilíndrico, olhos pedunculares e o primeiro par de membros modificado em pinças como alimento. [Alimento]",9517
30709,butter,"COD: mass noun a pale yellow edible fatty substance made by churning cream and used as a spread or in cooking. ",252,Food,83,manteiga,"COD: substantivo massivo de cor pálida, amarelo, comestível e gorduroso, obtido batendo creme e usado como cobertura ou na culinária.",1241
30712,bread,"COD: food made of flour, water, and yeast mixed together and baked. ",252,Food,83,pão,"COD: alimento feito de farinha, água e fermento misturados e assados.",1974
30713,chocolate,"COD: a food made from roasted and ground cacao seeds, typically sweetened and eaten as confectionery. ",252,Food,83,chocolate,"COD: um alimento feito de sementes de cacau torradas e moídas, geralmente adoçado e consumido como confeitaria.",1235
30714,sugar,"COD: mass noun a sweet crystalline substance obtained especially from sugar cane and sugar beet, consisting essentially of sucrose and used as a sweetener in food and drink. [Food] ",252,Food,83,açúcar,"COD: substantivo em massa uma substância cristalina doce obtida, especialmente, de cana-de-açúcar e beterraba, consistindo essencialmente em sacarose e usada como adoçante em alimentos e bebidas. [Alimentos]",1985
30718,mayonnaise,"COD: mass noun a thick creamy dressing consisting of egg yolks beaten with oil and vinegar. ",252,Food,83,maionese,"COD: um molho grosso e cremoso feito de gemas de ovos batidas com óleo e vinagre.",9514
