idLU,lemmaName(en),senseDescription(en),idFrame,frameName,idPOS,lemmaName(pt),senseDescription(pt),idLemma(pt)
6204,overthrow,"COD:  remove forcibly from power",66,Change_of_leadership,86,derrubar,"COD: remover à força do poder",117049
6206,revolt,"COD: rise in rebellion against authority",66,Change_of_leadership,86,revoltar,"COD: subir em rebelião contra a autoridade",117346
6207,revolution,"COD: the forcible overthrow of a government or social order, in favor of a new system.",66,Change_of_leadership,83,revolução,"COD: o derrubamento à força de um governo ou ordem social, em favor de um novo sistema.",6546
6211,dethrone,"COD: with obj. remove (a monarch) from power. ",66,Change_of_leadership,86,derrubar,"COD: com objeto de retirar (um monarca) do poder.",117049
6216,election,"COD: a formal procedure whereby a person is elected, especially to a political office.",66,Change_of_leadership,83,eleição,"COD: um procedimento formal pelo qual uma pessoa é eleita, especialmente para um cargo político.",11021
6218,enthrone,"COD:  install (a monarch or bishop) on a throne with due ceremony.",66,Change_of_leadership,86,derrubar,"COD: instalar (um monarca ou bispo) em um trono com a devida cerimônia.",117049
6220,crown,"COD: ceremonially place a crown on the head of (someone) to invest them as a monarch.",66,Change_of_leadership,86,coroa,"COD: colocar cerimonialmente uma coroa na cabeça de (alguém) para investir como monarca.",18305
6222,install,"FN: place as leader.",66,Change_of_leadership,86,instalar,"FN: lugar como líder.",117270
6223,revolutionary,"COD: a person who revolts or advocates revolution.",66,Change_of_leadership,83,revolucionário,"COD: uma pessoa que se rebela ou defende a revolução.",67097
6224,independence,"FN: freedom from a former leader
",66,Change_of_leadership,83,independência,"FN: liberdade de um ex-líder",24907
6226,freedom,"FN: A state with no overarching control or control defined fairly by those residing in said state.",66,Change_of_leadership,83,liberdade,"FN: Um estado sem controle central ou definido de forma justa por aqueles que residem nesse estado.",26333
6228,bishop,"COD: a senior member of the Christian clergy, usually in charge of a diocese and empowered to confer holy orders.",67,Leadership,83,bispo,"COD: um membro sênior do clero cristão, geralmente responsável por uma diocese e investido para conferir ordens sagradas.",9542
6229,boss,"COD: a person who is in charge of an employee or organization. ",67,Leadership,83,chefe,"COD: uma pessoa responsável por um funcionário ou organização.",10800
6233,chief,"COD: the head of an organization. ",67,Leadership,83,chefe,"COD: o chefe de uma organização.",10800
6235,chieftain,"COD: the leader of a people or clan. ",67,Leadership,83,chefe,"COD: o líder de um povo ou clã.",10800
6236,command,"COD: be in charge of.",67,Leadership,86,comando,"COD: ser responsável por.",17756
6239,director,"COD:  person who is in charge of an activity, department, or organization. ",67,Leadership,83,diretor,"COD: pessoa responsável por uma atividade, departamento ou organização.",9040
6243,governor,"FN: head of a public institution or a state, district, etc.",67,Leadership,83,governador,"FN: chefe de uma instituição pública ou um estado, distrito, etc.",58951
6244,head,"COD: a person in charge; a director or leader. ",67,Leadership,83,cabeça,"COD: uma pessoa responsável; um diretor ou líder.",6542
6245,head,"COD: be or act as the head of. ",67,Leadership,86,cabeça,"COD: ser ou agir como o chefe de.",6542
6248,lead,"COD: be in charge or command of.",67,Leadership,86,chumbo,"COD: estar no comando de ou a cargo de.",17257
6251,minister,"COD: a head of a government department. ",67,Leadership,83,ministro,"COD: a cabeça de um departamento governamental.",10812
6259,rule,"COD: exercise ultimate power over (a people or nation). ",67,Leadership,86,regra,"COD: exercer poder supremo sobre (um povo ou nação).",32050
6261,run,"COD: be in charge of; manage or organize. ",67,Leadership,86,correr,"COD: ser responsável por; gerenciar ou organizar.",116883
6268,vice-principal,"FN: an officer ranking immediately below a principal and serving as his/her deputy",67,Leadership,83,vice-diretor,"FN: um oficial de patente imediatamente abaixo de um principal e servindo como seu vice",70633
6291,official,"COD: a person holding public office or having official duties.",67,Leadership,83,oficial,"COD: uma pessoa que ocupa um cargo público ou tem funções oficiais.",9058
6293,authority,"COD: a person or organization exerting control in a particular political or administrative sphere.",67,Leadership,83,autoridade,"COD: uma pessoa ou organização que exerce controle em uma determinada esfera política ou administrativa.",14493
6295,government,"FN: the collective powers that govern a political entity, conceptualized as a legal person.",67,Leadership,83,governo,"FN: os poderes coletivos que governam uma entidade política, conceituada como uma pessoa jurídica.",6969
6296,power,"COD: a country viewed in terms of its international influence and military strength",67,Leadership,83,poder,"COD: um país visto em termos de sua influência internacional e força militar",8064
