idLU,lemmaName(en),senseDescription(en),idFrame,frameName,idPOS,lemmaName(pt),senseDescription(pt),idLemma(pt)
18333,under,"FN: saliently impinging on and located in the direction of gravity (or the direction relative to the landmark that is conventionally associated with gravity) from.",1190,Non-gradable_proximity,90,"abaixo de","FN: impondo-se notavelmente no e localizado na direção da gravidade (ou na direção relativa ao marco convencional associado à gravidade).",
18334,underneath,"FN: in a place below or beneath (in the direction conventionally associated with gravity) of.",1190,Non-gradable_proximity,90,"abaixo de","FN: em um lugar abaixo ou abaixo (na direção convencionalmente associada à gravidade) de.",
18337,"in back","FN: in a position behind or toward the rear of",1190,Non-gradable_proximity,90,"nas costas","FN: numa posição atrás ou em direção à retaguarda de",
18339,along,"FN: on, over, or parallel to the length of (typically for a rather horizontal axis)",1190,Non-gradable_proximity,90,"Alo longo","FN: em, sobre ou paralelo ao comprimento de (geralmente para um eixo bastante horizontal)",
18340,neighboring,"FN: situated or living (being) near; adjacent",1190,Non-gradable_proximity,84,vizinhança,"FN: situado ou morando (a ser) perto; adjacente",
18342,over,"FN: in a place above (along the axis conventionally associated with gravity) of",1190,Non-gradable_proximity,90,"acima de","FN: em um lugar acima de (ao longo do eixo convencionalmente associado à gravidade) de",
18352,beneath,"COD: extending or directly underneath. ",1190,Non-gradable_proximity,90,"abaixo de","COD: estendendo-se ou diretamente abaixo.",
18353,opposite,"COD: in a position opposite to.",1190,Non-gradable_proximity,90,oposto,"COD: em uma posição oposta a.",
18354,starboard,"FN: the right-hand side; usage is strictly nautical",1190,Non-gradable_proximity,83,Estibordo,"FN: o lado direito; uso estritamente náutico",
18356,on,"FN: in immediate proximity to a side or surface of.",1190,Non-gradable_proximity,90,um,"FN: em proximidade imediata de um lado ou superfície de.",
18357,on,"FN: in contact with and supported by.",1191,Spatial_contact,90,um,"FN: em contato com e apoiado por.",
18358,atop,"FN: in contact with the upper part of and supported by.",1191,Spatial_contact,90,atop,"FN: em contato com a parte superior de e suportado por.",
18359,"on top","FN: supported and in contact with the upper surface.",1191,Spatial_contact,90,"em cima","FN: suportado e em contato com a superfície superior.",
18362,touching,"FN: having surfaces in contact.",1191,Spatial_contact,84,tocar,"FN: tendo superfícies em contato.",
18368,off,"FN: not in contact with.",1191,Spatial_contact,90,desligado,"FN: não em contato com.",
18370,border,"FN: share a boundary with.",1192,Adjacency,86,fronteira,"FN: compartilhar uma fronteira com.",
18372,neighboring,"FN: in an adjacent area.",1192,Adjacency,84,vizinhança,"FN: em uma área adjacente.",
18376,adjoin,"FN: to border on.",1192,Adjacency,86,adjacente,"FN: tocar em.",
18383,abut,"COD: (of land or a building) be next to or have a common boundary with",1192,Adjacency,86,abutu,"COD: (de terra ou de um edifício) ser ao lado ou ter uma fronteira comum com",
18384,bordering,"FN: sharing a boundary with.",1192,Adjacency,84,bordando,"FN: compartilhando uma fronteira com.",
18386,near,"FN: within a short distance (of).",1193,Gradable_proximity,84,perto,"FN: dentro de uma curta distância (de).",
18387,close,"FN: within a very short distance.",1193,Gradable_proximity,84,fechar,"FN: dentro de uma distância muito curta.",
18389,far,"FN: not within a certain distance (of).",1193,Gradable_proximity,84,faro,"FN: não dentro de uma distância certa (de).",
18393,"in the event","FN: if (of a somewhat unlikely situation).",1195,Conditional_occurrence,90,"em caso de","FN: se (de uma situação um pouco improvável).",
18394,assuming,"FN: if.",1195,Conditional_occurrence,93,assumindo,"FN: se.",
18395,supposing,"FN: (very informal) if (of an unlikely situation).",1195,Conditional_occurrence,93,"supondo que","FN: (muito informal) se (de uma situação improvável).",
18396,provided,"FN: if (of a likely situation).",1195,Conditional_occurrence,93,fornecido,"FN: se (de uma situação provável).",
18397,"in case","FN: (of an uncertain situation) occurring dependent on (an unlikely or undesirable possibility).",1195,Conditional_occurrence,93,"no caso de","FN: (de uma situação incerta) ocorrendo dependente de (uma possibilidade improvável ou indesejável).",
18399,"as long as","FN: if / provided that (of a likely situation).",1195,Conditional_occurrence,93,enquanto,"Se / desde que (de uma situação provável).",
18400,"what if","FN: hypothesizing an uncertain situation (where the dependent consequence of the uncertain situation is incorporated by ""what"").",1195,Conditional_occurrence,93,"e se","FN: Hipotetizando uma situação incerta (onde a consequência dependente da situação incerta é incorporada por ""o que"").",
18402,unless,"FN: (of a possible situation) occurring if (a possibility) does not occur.",1196,Negative_conditional,93,"a menos que","FN: (de uma possível situação) ocorre se (uma possibilidade) não ocorre.",
18403,otherwise,"FN: if the previously mentioned event does not occur or had not occurred.",1196,Negative_conditional,89,"de outra forma","FN: se o evento mencionado anteriormente não ocorrer ou não tenha ocorrido.",
18407,there,"FN: at that place.",1197,Spatial_co-location,89,há,"FN: naquele lugar.",
18409,home,"FN: located at the place where one lives.",1197,Spatial_co-location,89,casa,"FN: localizado no lugar onde se vive.",
18410,around,"FN: actually or nearly surrounding.",1199,Surrounding,90,"em volta de","FN: realmente ou quase cercado.",
18414,astride,"FN: with one extreme part on each side of.",1199,Surrounding,90,"Acima de","FN: com uma parte extrema em cada lado de.",
18415,straddle,"FN: be on both sides of.",1199,Surrounding,86,Straddle,"FN: estar de ambos os lados de.",
18416,ring,"FN: be on all sides of, forming a continuous loop around.",1199,Surrounding,86,anel,"FN: estar em todos os lados de, formando um loop contínuo ao redor.",
18418,rim,"FN: surround at the edge.",1199,Surrounding,86,Rima.,"FN: cercar na borda.",
18419,edge,"FN: surround (or nearly surround) around the edge.",1199,Surrounding,86,fronteira,"FN: rodear (ou quase rodear) ao redor da borda.",
18420,straddling,"FN: on both sides of. ",1199,Surrounding,84,estrangulamento,"FN: de ambos os lados de.",
18439,do,"FN: This verb can relate the simplest sense of the completion of a sexual act, or can be combined with the Act FE to relate a more complicated scenario.",1201,Sex,86,de,"FN: Este verbo pode se referir ao sentido mais simples da conclusão de um ato sexual, ou pode ser combinado com o Ato FE para relatar um cenário mais complicado.",
18440,shag,"FN: (Often lewd.) To have sex.",1201,Sex,86,Chamariz,"FN: (Geralmente lascivo.) Fazer sexo.",
18441,mate,"FN: To have sexual intercourse. Often, used as a biological term.",1201,Sex,86,mate,"FN: Ter relações sexuais. Frequentemente usado como um termo biológico.",
18442,bang,"FN: To have sex",1201,Sex,86,BANG!,"FN: Fazer sexo",
18444,"bump uglies","FN: (euphemism) To have sex ",1201,Sex,86,"Acabaram-se as migalhas.","FN: (eufemismo) Fazer sexo",
18445,"knock boots","FN: (euphemism) To have sex",1201,Sex,86,"Arrancar com força","FN: (eufemismo) Fazer sexo",
