idLU,lemmaName(en),senseDescription(en),idFrame,frameName,idPOS,lemmaName(pt),senseDescription(pt),idLemma(pt)
13149,saf,"FN: an acronym for small arms fire.",393,Attack,83,safado,"FN: uma sigla para fogo de armas de pequeno porte.",
13151,drive-by,"FN: a shooting in which the assailants fire weapons from a vehicle and immediately depart to avoid capture.",393,Attack,83,drive-by,"FN: um tiroteio no qual os agressores disparam armas de um veículo e imediatamente partem para evitar a captura.",
13152,airstrike,"FN: attack carried out by aircraft.",393,Attack,83,"ataques aéreos","FN: ataque realizado por aeronaves.",
13154,bombardment,"FN: an attack with launched projectiles and explosives.",393,Attack,83,bombardeio,"FN: um ataque com projéteis e explosivos lançados.",
13155,bombard,"FN: assail with projectiles and/or explosives.",393,Attack,86,bombardar,"FN: atacar com projéteis e/ou explosivos.",
13157,vaticinate,"COD: foretell the future",394,Predicting,86,Vaticinar,"COD: prever o futuro",
13161,prognosticate,"COD: foretell; prophesy. ",394,Predicting,86,prognosticar,"COD: prever; profetizar.",
13166,rifle,"FN: a gun with a long barrel in which spiral grooves are cut so as to cause the bullet to spin as it flies out",395,Weapon,83,rifle,"FN: uma arma com um cano longo no qual são cortados sulcos em espiral para fazer a bala girar ao sair",
13168,six-shooter,"FN: a pistol with a revolving chamber holding six bullets",395,Weapon,83,"saco de pistolas","FN: uma pistola com câmara giratória que contém seis balas",
13171,cannon,"FN: a large-caliber, heavy gun",395,Weapon,83,canhão,"FN: uma arma de grande calibre e pesada",
13173,warhead,"FN: explosives, noxious chemicals, etc. mounted on a missile or artillery shell, usually with some triggering mechanism",395,Weapon,83,"cabeça de guerra","FN: explosivos, produtos químicos nocivos, etc., montados em um míssil ou projétil de artilharia, geralmente com algum mecanismo de acionamento",
13176,gat,"FN: (slang) a pistol",395,Weapon,83,gat,"FN: (gíria) uma pistola",
13177,ak-47,"FN: a Soviet-designed rifle capable of semiautomatic and automatic fire.",395,Weapon,83,AK-47,"FN: uma carabina projetada pelos soviéticos, capaz de fogo semiautomático e automático.",
13178,grenade,"FN: a small bomb, thrown from the hand at an opponent simultaneously releasing a triggering device",395,Weapon,83,granada,"FN: uma pequena bomba, lançada na mão de um oponente, ao mesmo tempo liberando um dispositivo de acionamento",
13179,crossbow,"FN: a bow attached to a stock which holds the arrow, which is release by means of a trigger",395,Weapon,83,balestra,"FN: uma mira presa a um estoque que segura a flecha, que é liberada por meio de um gatilho",
13183,flame-thrower,"FN: a weapon which shoots out a stream of burning liquid",395,Weapon,83,"foguete de fogo","FN: uma arma que dispara um jato de líquido incendiário",
13187,twenty-two,"FN: a twenty-two caliber rifle",395,Weapon,83,"vinte e dois","FN: um fuzil de calibre 22",
13188,forty-four,"FN: a gun firing bullets whose diameter is 0.44 inches.",395,Weapon,83,44,"FN: uma arma que dispara balas cujo diâmetro é de 0,44 polegadas.",
13189,missile,"FN: a weapon consisting of a rocket carrying a warhead",395,Weapon,83,mísseis,"FN: uma arma que consiste em um foguete com uma ogiva",
13190,garrotte,"FN: a weapon used for strangling the opponent, usually of cord or rope",395,Weapon,83,Garrote,"FN: uma arma usada para estrangular o oponente, geralmente de corda ou corda",
13191,revolver,"COD: a pistol with revolving chambers enabling several shots to be fired without reloading",395,Weapon,83,revirar,"COD: uma pistola com câmaras giratórias que permitem vários tiros sem recarregar",
13192,weaponry,"FN: a collection (or the general class) of artifacts used to inflict damage or harm.",395,Weapon,83,armas,"FN: uma coleção (ou classe geral) de artefatos usados para infligir dano ou dano.",
13193,"scud-b missile","FN: a mobile, liquid-fueled, single-stage missile of Russian design",395,Weapon,83,"mísseis Scud-B","FN: um míssil portátil, alimentado por líquido e de uma única etapa, projetado na Rússia",
13194,arsenal,"COD: a store of weapons and ammunition",395,Weapon,83,arsenal,"COD: uma loja de armas e munições",
13195,"chemical weapon","FN: a weapon that produces its effect by the release of a toxic or noxious substance",395,Weapon,83,"arma química","FN: uma arma que produz seu efeito pela liberação de uma substância tóxica ou nociva",
13196,"ballistic missile","FN: a guided missile or rocket which can be steered only during the propulsion phase ",395,Weapon,83,"mísseis balísticos","FN: um míssil guiado ou foguete que pode ser direcionado apenas durante a fase de propulsão",
13197,"biological weapon","FN: a weapon that produces its effect by the release of biological agents such as bacteria or viruses which cause disease in the targeted population",395,Weapon,83,"arma biológica","FN: uma arma que produz seu efeito pela liberação de agentes biológicos, como bactérias ou vírus, que causam doenças na população-alvo",
13198,"nuclear weapon","FN: a weapon deriving its destructive power from the rapid, uncontrolled release of nuclear energy",395,Weapon,83,"arma nuclear","FN: uma arma que deriva seu poder destrutivo da liberação rápida e não controlada de energia nuclear",
13199,"mustard gas","COD: a colourless oily liquid whose vapour is a powerful irritant and vesicant, used in chemical weapons",395,Weapon,83,"gas mostarda","COD: um líquido oleoso incolor cujo vapor é um poderoso irritante e vesicante, usado em armas químicas",
13200,cw,"FN: a (chemical) weapon that produces its effect by the release of a toxic or noxious substance",395,Weapon,83,cw,"FN: uma (química) arma que produz seu efeito pela liberação de uma substância tóxica ou nociva",
13202,bw,"FN: a (biological) weapon that produces its effect by the release of biological agents such as bacteria or viruses which cause disease in the targeted population",395,Weapon,83,bw,"FN: uma (biológica) arma que produz seu efeito pela liberação de agentes biológicos como bactérias ou vírus que causam doenças na população-alvo",
13204,wmd,"FN: weapon of mass destruction",395,Weapon,83,"arma de destruição em massa","FN: arma de destruição em massa",
13205,"weapon of mass destruction","FN: weapons that are capable of a high order of destruction and/or of being used in such a manner as to destroy large numbers of people.",395,Weapon,83,"arma de destruição em massa","FN: armas capazes de causar um alto grau de destruição e/ou que podem ser utilizadas de maneira a destruir grandes números de pessoas.",
13206,mine,"COD: a type of bomb placed on or in the ground or water, which detonates on contact",395,Weapon,83,Minha,"COD: um tipo de bomba colocada no solo ou na água, que detona ao contato",
13208,bow,"FN: a long, thin resilient object fitted with a string and used to propel arrows.",395,Weapon,83,curva,"FN: um objeto longo e fino, resistente, equipado com uma corda e usado para lançar flechas.",
13209,explosive,"FN: Having a tendancy to explode.",395,Weapon,84,explosivo,"FN: Tendência à explosão.",
13210,explosive,"FN: substance, especially a prepared chemical, that explodes or causes explosion.",395,Weapon,83,explosivo,"FN: substância, especialmente uma substância química preparada, que explode ou causa explosão.",
13211,"plastic explosive","COD: a putty-like explosive capable of being moulded by hand.",395,Weapon,83,"explosivo plástico","COD: uma explosiva semelhante à argila capaz de ser moldada manualmente.",
13212,dynamite,"COD: a high explosive consisting of nitroglycerine mixed with an absorbent material.  [Chem]",395,Weapon,83,Dinamite,"COD: uma alta explosiva composta de nitroglicerina misturada com um material absorvente.",
13213,nuclear,"COD: possessing or involving nuclear weapons",395,Weapon,84,nuclear,"COD: possuir ou envolver armas nucleares",
13214,scud-b,"FN: a mobile, liquid-fueled, single-stage missile of Russian design",395,Weapon,83,escud-b,"FN: um míssil movel, alimentado por líquido, de uma única etapa, projetado na Rússia",
13215,"scud-c missile","FN: a later version of the Scud-B missile; had extended range at the cost of greatdly reduced warhead size and accuracy",395,Weapon,83,"Mísseis Scud-C","FN: uma versão posterior do míssil Scud-B; tinha um alcance estendido em troca de um tamanho e precisão muito reduzidos da ogiva",
13216,"atomic weapon","FN: a weapon powered by nuclear reactions.",395,Weapon,83,"arma nuclear","FN: uma arma alimentada por reações nucleares.",
13217,ordnance,"COD: mounted guns; cannon",395,Weapon,83,Ordnance,"Códigos: armas montadas; canhão",
13218,arms,"COD: weapons; armaments.",395,Weapon,83,braços,"COD: armas; armamento.",
13219,artillery,"COD: large-calibre guns used in warfare on land.",395,Weapon,83,artilharia,"Cód: armas de grande calibre utilizadas em guerras terrestres.",
13220,shell,"COD: an explosive artillery projectile or bomb.",395,Weapon,83,"Capa ou concha","COD: uma projétil ou bomba de artilharia explosiva.",
13221,"atomic bomb","FN: a bomb powered by nuclear reactions",395,Weapon,83,"bomba atômica","FN: uma bomba alimentada por reações nucleares",
13222,biological,"COD: relating to, involving, or denoting the use of micro-organisms or toxins of biological origin as weapons of war.",395,Weapon,84,biológico,"COD: relativo a, envolvendo ou denotando o uso de microrganismos ou toxinas de origem biológica como armas de guerra.",
13224,"nerve gas","COD: a poisonous vapour which disrupts the transmission of nerve impulses, causing death or disablement.",395,Weapon,83,"gás nervino","COD: um vapor tóxico que interrompe a transmissão de impulsos nervosos, causando morte ou deficiência.",
13225,strategic,"COD: (of bombing or weapons) done or for use against an enemy' s territory or infrastructure.",395,Weapon,84,Estratégico,"COD: (de bombardeio ou de armas) feito ou para uso contra um território ou infraestrutura inimiga.",
13226,"strategic nuclear weapon","FN: a weapon deriving its destructive power from the rapid, uncontrolled release of nuclear energy for use against an enemy' s territory or infrastructure.",395,Weapon,83,"arma nuclear estratégica","FN: uma arma que deriva seu poder destrutivo da liberação rápida e não controlada de energia nuclear para uso contra o território ou infraestrutura de um inimigo.",
13227,icbm,"FN: an intercontinental ballistic missile",395,Weapon,83,ICBM,"FN: um míssil balístico intercontinental",
13228,rpg,"FN: rocket-propelled grenade.",395,Weapon,83,RPG,"FN: granada propulsada por foguete.",
13230,"small arms","FN: weapons typically used by infantry, including revolvers, rifles, and hand grenades.",395,Weapon,83,"armas pequenas","FN: armas tipicamente usadas por infantaria, incluindo revólveres, rifles e granadas de mão.",
13231,efp,"FN: explosively formed projectile (or penetrator).",395,Weapon,83,efp,"FN: projétil formado explosivamente (ou penetrador).",
13232,"assault rifle","FN: a rifle capable of automatic and semi-automatic fire with detachable magazine, or a rifle with similar design.",395,Weapon,83,"rifle de assalto","FN: uma carabina capaz de fogo automático e semiautomático com revista removível, ou uma carabina com um projeto semelhante.",
13233,mortar,"FN: a cannon with relatively shorter barrel used for hitting closer-range targets.",395,Weapon,83,mortar,"FN: uma metralhadora com cano relativamente curto usada para atingir alvos de curto alcance.",
13234,"automatic weapon","FN: A weapon capable of firing repeatedly as long as the trigger is held down. ",395,Weapon,83,"arma automática","FN: Uma arma capaz de disparar repetidamente enquanto o gatilho estiver pressionado.",
13235,c4,"FN: a common type of plastic explosive",395,Weapon,83,c4,"FN: um tipo comum de explosivo plástico",
13236,phosgene,"FN: carbonyl chloride, a colorless poisonous gas used as a chemical weaphon",395,Weapon,83,Fosgênio,"FN: cloreto de carbono, um gás tóxico incolor usado como arma química",
34130,spike,"Something used to cause harm, a type of entity used to harm an enemy.",395,Weapon,83,espiga,"Algo usado para causar dano, um tipo de entidade usada para danificar um inimigo.",
13237,boulder,"This is not a real frame or a real word.  It was created to facilitate some annotation in collaboration with U Colorado at Boulder",396,Boulder,86,boulder,"Isto não é um quadro real ou uma palavra real. Foi criado para facilitar alguma anotação em colaboração com o U Colorado em Boulder",
13238,sign,"COD: an object, quality, or event whose presence or occurrence indicates the probable presence, occurrence, or advent of something else",397,Sign,83,assinar,"COD: um objeto, qualidade ou evento cuja presença ou ocorrência indica a provável presença, ocorrência ou advento de algo mais",
