idLU,lemmaName(en),senseDescription(en),idFrame,frameName,idPOS,lemmaName(pt),senseDescription(pt),idLemma(pt)
4386,approbation,"COD: approval; praise.",23,Judgment,83,aprovação,"COD: aprovação; elogio.",13709
4392,critical,"COD: expressing adverse or disapproving comments or judgements",23,Judgment,84,crítico,"COD: expressando comentários ou julgamentos adversos ou desaprobatórios",74106
4404,esteem,"COD:  respect and admire. ",23,Judgment,86,estimar,"COD: respeito e admiração.",129792
4405,fault,"COD: an unattractive or unsatisfactory feature",23,Judgment,83,falha,"COD: um recurso desagradável ou insatisfatório",972
4406,fault,"COD: criticize for inadequacy or mistakes.",23,Judgment,86,falha,"COD: crítica por inadequação ou erros.",972
4417,prize,"COD: value highly.",23,Judgment,86,prêmio,"COD: valor altamente.",37297
4425,value,"COD: consider to be important or beneficial",23,Judgment,86,valor,"COD: considerar importante ou benéfico",8752
4427,respect,"COD: feel or have respect for.",23,Judgment,86,respeito,"COD: sentir ou ter respeito por.",2120
4434,accuse,"COD: claim that someone has done something wrong.",23,Judgment,86,acusar,"COD: alegar que alguém fez algo errado.",121104
4436,absent-minded,"COD: forgetful.",24,Mental_property,84,ausente,"COD: esquecível.",76277
4437,absurd,"COD: wildly unreasonable, illogical, or inappropriate",24,Mental_property,84,absurdo,"COD: irracionalmente injusto, ilógico ou inapropriado",73951
4441,brainless,"COD: stupid; foolish.",24,Mental_property,84,idiota,"COD: estúpido; tolo.",83255
4442,brilliance,"COD: brilliance is a derivative of brilliant",24,Mental_property,83,brilho,"COD: brilho é um derivado de brilhante",7389
4445,bull-headed,"FN: obstinate, headstrong, stubborn",24,Mental_property,84,teimoso,"FN: teimoso, cabrocho, obstinado",90574
4456,dim,"COD: not clearly recalled or formulated in the mind. ",24,Mental_property,84,diminuto,"COD: não lembrado ou formulado claramente na mente.",73631
4458,discernment,"COD: discernment is a derivative of discerning",24,Mental_property,83,discernimento,"COD: discernimento é um derivado de discernir",19858
4459,enlightened,"FN: informed",24,Mental_property,84,iluminado,"FN: informado",73308
4466,idiotic,"FN: indicative of foolishness, stupidity",24,Mental_property,84,idiota,"FN: indicativo de loucura, estupidez",83255
4474,ludicrous,"COD: absurd; ridiculous.",24,Mental_property,84,Absurdo,"COD: absurdo; ridículo.",73951
4475,moronic,"COD: moronic is a derivative of moron",24,Mental_property,84,Estúpido,"COD: idiota é um derivado de idiota",81467
4477,narrow-minded,"COD: not willing to listen to or tolerate other people' s views; prejudiced.",24,Mental_property,84,estreito,"COD: não disposto a ouvir ou tolerar as opiniões dos outros; preconceituoso.",73319
4482,sagacious,"COD: having or showing good judgement.",24,Mental_property,84,sábio,"COD: ter ou mostrar bom julgamento.",89365
