idLU,lemmaName(en),senseDescription(en),idFrame,frameName,idPOS,lemmaName(pt),senseDescription(pt),idLemma(pt)
34415,get,"To have, to be in power of an entity.",107,Possession,86,obter,"Ter, ser capaz de uma entidade.",117118
7721,arraign,"COD: call before a court to answer a criminal charge",109,Arraignment,86,arrastar,"COD: chamar antes de um tribunal para responder a uma acusação criminal",120901
7723,set,"FN: To determine an amount of money for bail",110,Bail_decision,86,conjunto,"FN: Para determinar um valor de dinheiro para fiança",8693
7724,fix,"FN: To determine an amount of money for bail;",110,Bail_decision,86,fixar,"FN: Determinar um valor de dinheiro para fiança;",130267
7725,order,"FN: A judge' s decision with regard to confinement or bail for a defendant.",110,Bail_decision,86,pedido,"FN: Decisão do juiz sobre prisão ou fiança de um réu.",7361
7726,bail,"FN: Money paid to a court to guarantee one' s appearance in court.",110,Bail_decision,83,baile,"FN: Dinheiro pago a um tribunal para garantir a presença de alguém no tribunal.",7785
7728,kidnap,"COD: abduct and hold captive, typically to obtain a ransom. ",111,Kidnapping,86,sequestro,"COD: Abdução e detenção ilegal com o objetivo de obter resgate.",33219
7732,snatch,"COD: steal or kidnap by seizing suddenly. ",111,Kidnapping,86,apreender,"COD: roubar ou sequestrar de forma súbita.",120946
7735,kidnapper,"FN: one who abducts and holds (someone) captive, typically to obtain a ransom. ",111,Kidnapping,83,sequestrador,"FN: um que sequestra e mantém (alguém) prisioneiro, tipicamente para obter um resgate.",33218
7737,snatcher,"FN: one who steals or kidnaps by seizing suddenly. ",111,Kidnapping,83,apanhador,"FN: aquele que rouba ou sequestra por meio de uma apreensão súbita.",37331
7740,hijack,"COD: illegally seize control of (an aircraft, ship, or vehicle) while in transit. ",112,Piracy,86,sequestro,"COD: apreender ilegalmente o controle de (uma aeronave, navio ou veículo) em trânsito.",33219
7744,hijacked,"FN: having been illegally seized (as an aircraft, ship, or vehicle) while in transit",112,Piracy,84,roubado,"FN: tendo sido apreendido ilegalmente (como aeronave, navio ou veículo) durante o trânsito",73648
7745,piracy,"COD: the practice of attacking and robbing ships at sea, or a similar practice in other contexts, especially hijacking. ",112,Piracy,83,Pirata,"COD: a prática de atacar e assaltar navios no mar, ou uma prática semelhante em outros contextos, especialmente sequestro.",37085
7746,pirate,"COD: rob or plunder (a ship). ",112,Piracy,86,pirata,"COD: roubo ou saques (a navio).",37085
34404,interact,"To act reciprocally, or to exert an effect over another entity or event.",113,Activity,86,interagir,"Ato recíproco, ou exercer um efeito sobre outra entidade ou evento.",131134
7759,dance,"COD: a social gathering at which people dance. ",114,Social_event,83,dança,"COD: uma reunião social na qual as pessoas dançam.",35
7770,ball,"COD:  a formal social gathering for dancing. ",114,Social_event,83,bola,"COD: uma reunião social formal para dançar.",133
7772,function,"FN: a gathering or celebration.",114,Social_event,83,função,"FN: uma reunião ou celebração.",4
7774,benefit,"FN: A social event held with the host' s intended purpose being to raise money for some cause.",114,Social_event,83,benefício,"FN: Evento social realizado com o objetivo principal do anfitrião de arrecadar dinheiro para alguma causa.",9467
34878,party,"The act or effect of enjoying oneself in a social event.",114,Social_event,86,festa,"O ato ou efeito de se divertir em um evento social.",6638
7789,wave,"COD: A slightly curling lock of hair.  a tendency to curl in a person' s hair.",115,Hair_configuration,83,onda,"COD: Uma leve ondulação no cabelo. uma tendência de ondular no cabelo de alguém.",1122
7791,golden,"COD: made of, coloured like, or shining like gold.",115,Hair_configuration,84,dourado,"COD: feito de, pintado como ou brilhando como ouro.",73485
7792,flaxen,"COD:  (poetic/literary) (especially of hair) of the pale yellow colour of dressed flax.",115,Hair_configuration,84,loiro,"COD: (poético/literário) (especialmente de cabelo) de cor pálida amarelada como linho engomado.",85102
7799,hair,"FN: the collective hairs on someone' s head.",115,Hair_configuration,83,Cabelo,"FN: os pelos coletivos na cabeça de alguém.",15966
7801,part,"FN: the separation of hair at the hairline",115,Hair_configuration,83,parte,"FN: a separação do cabelo na linha do cabelo",2040
7803,rape,"COD: (of a man) force (another person) to have sexual intercourse with him against their will. ",116,Rape,86,estupro,"COD: (de um homem) forçar (outra pessoa) a ter relações sexuais com ele contra a sua vontade.",21822
7809,class,"FN: a category of things having some property in common and different from others by type or quality",117,Type,83,classe,"FN: uma categoria de coisas que possuem alguma propriedade em comum e se diferenciam das outras por tipo ou qualidade",8577
