idLU,lemmaName(en),senseDescription(en),idFrame,frameName,idPOS,lemmaName(pt),senseDescription(pt),idLemma(pt)
25783,bohemian,"cheerful and free person who has fun and goes out to drink. Petence in the style of bohemia.",1046,Manner_of_life,84,boêmia,"Uma pessoa alegre e livre que se diverte e vai beber. Petence no estilo boêmio.",
25784,disabled,"quality of something that is missing or related to some physical or mental impairment of a person.",1046,Manner_of_life,84,desabilitado,"qualidade de algo que está ausente ou relacionado com alguma deficiência física ou mental de uma pessoa.",
25786,impaired,"quality of something that is missing or related to some physical or mental impairment of a person.",1046,Manner_of_life,84,imparado,"qualidade de algo que está ausente ou relacionado a alguma deficiência física ou mental de uma pessoa.",
34206,nightlife,"The activities that are traditionally made during night and by the young generation.",1046,Manner_of_life,83,"noite de diversão","As atividades que são tradicionalmente feitas durante a noite e pela geração jovem.",
34892,incredibly,"An entity or event that isimpossible to believe.",1047,Manner,89,incrivelmente,"Uma entidade ou evento que é impossível de acreditar.",
34960,genuinely,"In an original and real manner.",1047,Manner,89,genuamente,"De uma maneira original e real.",
17724,way,"FN: the trajectory that will lead a theme from some prior location to a desire or intended goal. ",1049,Planned_trajectory,83,caminhar,"FN: a trajetória que levará um tema de alguma localização anterior a um desejo ou objetivo pretendido.",
17729,lifeform,"FN: an entity having or seeming to have life",1050,Biological_entity,83,"formação de vida","FN: uma entidade que possui ou parece possuir vida",
34855,biological,"The characteristic of a biologic entity.",1050,Biological_entity,84,biológico,"A característica de uma entidade biológica.",
17735,vim,"FN: energy and vitality",1051,Gusto,83,"Eu vim.","FN: energia e vitalidade",
17739,fool,"FN: to deceive, often so that the victim seems ridiculous",1052,Intentional_deception,86,tolo,"FN: enganar, muitas vezes para que a vítima pareça ridícula",
17741,deceive,"FN: to cause to come to an incorrect judgment or conclusion.",1052,Intentional_deception,86,decepcionar,"FN: levar alguém a um julgamento ou conclusão errada.",
17742,trick,"FN: to deceive.",1052,Intentional_deception,86,truco,"FN: enganar.",
17743,deception,"FN: an act of deceiving someone.",1052,Intentional_deception,83,decepção,"FN: um ato de enganar alguém.",
30996,"put (something) over on (someone)","FN: to deceive someone into believing something untrue; to trick someone into believing",1052,Intentional_deception,84,"fazer uma (coisa) por (alguém)","FN: enganar alguém para acreditar em algo falso; enganar alguém para acreditar",
17746,"fall for","FN: be deceived; come to have false beliefs or come to an incorrect conclusion as a result of deception.",1053,Fall_for,86,"cai na armadilha de","FN: ser enganado; chegar a ter crenças falsas ou chegar a uma conclusão incorreta como resultado de engano.",
17748,deceit,"FN: an act of deceiving",1054,Deception_success,83,deceit,"FN: um ato de enganar",
17749,deception,"FN: an act of deceiving",1054,Deception_success,83,decepção,"FN: um ato de enganar",
17752,detonate,"FN: cause a explosive device to explode as intended.",1056,Detonate_explosive,86,detonar,"FN: causar uma explosão de dispositivo explosivo conforme pretendido.",
17753,explode,"FN: cause to explode.",1056,Detonate_explosive,86,explode,"FN: causar uma explosão.",
17754,detonation,"FN: the act of setting off an explosive.",1056,Detonate_explosive,83,detonação,"FN: a explosão de uma bomba.",
17758,cache,"FN: a secret supply.",1057,Cache,83,cache,"FN: um suprimento secreto.",
17761,explode,"FN: expand rapidly, causing damage and injury.",1058,Explosion,86,explode,"FN: expandir rapidamente, causando danos e lesões.",
17762,detonate,"FN: explode",1058,Explosion,86,detonar,"FN: explode",
17763,detonation,"FN: the event of an explosive device going off.",1058,Explosion,83,detonação,"FN: o evento de um dispositivo explosivo explodir.",
17765,blow,"FN: explode.",1058,Explosion,86,Puff,"FN: explode.",
17770,trigger,"FN: cause a device to activate or operate.",1060,Triggering,86,disparador,"FN: causar um dispositivo para ativar ou operar.",
34560,"shoot out","To appear in a sudden way.",1061,Becoming_visible,86,"tiro de metralhadora","Aparecer de forma súbita.",
17774,insurgence,"FN: an armed uprising.",1062,Rebellion,83,insurgência,"FN: uma revolta armada.",
17775,insurgency,"FN: an uprising or rebellion, often violent.",1062,Rebellion,83,insurgência,"FN: uma revolta ou rebelião, muitas vezes violenta.",
17776,insurgent,"FN: a person participating in a violent rebellion.",1062,Rebellion,83,insurgente,"FN: uma pessoa que participa de uma rebelião violenta.",
17778,insurge,"FN: rise up in rebellion.",1062,Rebellion,86,insurge,"FN: levante-se em rebelião.",
17782,"practical joke","FN: a trick intended to cause amusement or embarrassment, often with a physical element.",1064,Prank,83,"brincadeira prática","FN: uma artimanha destinada a causar diversão ou constrangimento, muitas vezes com um elemento físico.",
17784,demonstrate,"FN: participate in a gathering to express opinions regarding an issue.",1065,Protest,86,Demonstre,"FN: participar de uma reunião para expressar opiniões sobre um assunto.",
17785,protest,"FN: a public display to support or oppose an idea or take a stance on an issue.",1065,Protest,83,protestar,"FN: uma exposição pública para apoiar ou se opor a uma ideia ou assumir uma posição sobre um problema.",
17787,protester,"FN: a person who demonstrates their support or opposition to an idea.",1065,Protest,83,protestar,"FN: uma pessoa que demonstra seu apoio ou oposição a uma ideia.",
17788,detachment,"FN: a portion of a military (or similar) organization separated and assigned a task.",1066,Temporary_group,83,desacompanhamento,"FN: uma porção de uma organização militar (ou semelhante) separada e atribuída a uma tarefa.",
17790,founder,"FN: Fail; Go under",1067,Business_closure,86,fundador,"FN: Falha; Ir abaixo",
17791,"close its doors","FN:A business location (or multiple locations) are closed permanently.",1067,Business_closure,86,"feche suas portas","FN: Um local de negócios (ou vários locais) estão fechados permanentemente.",
17792,"close down","FN: An Entity closes its physical locales and ceases operation.",1067,Business_closure,86,"fazer o encerramento","FN: Uma entidade fecha suas instalações físicas e encerra as operações.",
17794,entourage,"FN: a group of people attending to an important or famous individual.",1068,Entourage,83,entourage,"FN: um grupo de pessoas que acompanham uma figura importante ou famosa.",
17795,retinue,"FN: a group accompanying and sometimes advising an important person.",1068,Entourage,83,reținue,"FN: um grupo que acompanha e às vezes aconselha uma pessoa importante.",
17798,known,"FN: considered true.",1070,Awareness_status,84,conhecida,"FN: considerado verdadeiro.",
17800,presumed,"FN: assumed to be true absent evidence to the contrary.",1070,Awareness_status,84,presumido,"FN: considerado verdadeiro na ausência de evidências contrárias.",
34105,recognized,"To be known from past situations.",1070,Awareness_status,84,reconhecido,"Ser conhecido por situações passadas.",
34297,unaccounted,"Information lost or without explanation.",1070,Awareness_status,84,"não contabilizado","Informação perdida ou sem explicação.",
17802,convoy,"FN: a group of vehicles transporting items.",1071,Convoy,83,convoi,"FN: um grupo de veículos que transportam itens.",
17805,militant,"FN: a person in a military conflict.",1072,Irregular_combatants,83,militante,"FN: uma pessoa em um conflito militar.",
17807,belligerent,"FN: a person on a side in a conflict (often a war).",1072,Irregular_combatants,83,Belligerente,"FN: uma pessoa de um lado em um conflito (frequentemente uma guerra).",
17808,hostile,"FN: enemy combatant.",1072,Irregular_combatants,83,hostil,"FN: combatente inimigo.",
17809,guerrilla,"COD: a member of a small independent group taking part in irregular warfare, typically against larger regular forces.",1072,Irregular_combatants,83,guerrilha,"COD: um membro de um pequeno grupo independente que participa em guerra irregular, geralmente contra forças regulares e maiores.",
17810,armor,"FN: a solid layer of protection against attacks.",1073,Armor,83,armadura,"FN: uma camada sólida de proteção contra ataques.",
17813,"bulletproof vest","FN: armor that covers the torso and back, providing protection against bullets and other projectiles.",1073,Armor,83,"colete à prova de balas","FN: armadura que cobre o tronco e as costas, proporcionando proteção contra balas e outros projéteis.",
