idLU,lemmaName(en),senseDescription(en),idFrame,frameName,idPOS,lemmaName(pt),senseDescription(pt),idLemma(pt)
4489,crackers,"COD: insane; crazy.",24,Mental_property,84,crackers,"COD: insano; louco.",
4492,narrow-mindedly,"FN: in an intolerant, closed-minded manner.",24,Mental_property,89,"de mente estreita","FN: de uma maneira intolerante e fechada.",
4494,perceptively,"FN: with acute perception.",24,Mental_property,89,perceptivamente,"FN: com percepção aguda.",
4495,insightfully,"FN: with insight.",24,Mental_property,89,insightfully,"FN: com insight.",
4496,wit,"COD: the capacity for inventive thought and quick understanding; keen intelligence.",24,Mental_property,83,"wit"" em português é ""sapiência"".","COD: a capacidade de pensamento inventivo e compreensão rápida; inteligência aguda.",
4498,acquisitive,"FN: willing and eager to acquire knowledge",24,Mental_property,84,adquirir,"FN: disposto e ansioso a adquirir conhecimento",
4499,carefully,"FN: with sufficient attention",24,Mental_property,89,"com cuidado","FN: com atenção suficiente",
30963,wisely,"FN: (performed) as a wise person would.",24,Mental_property,89,sábio,"FN: (realizou) como uma pessoa sábia faria.",
34292,energetic,"Intense, having a lot of energy.",24,Mental_property,84,Enérgico,"Intenso, tendo muita energia.",
38219,idiot,"a stupid person.",24,Mental_property,83,idiota,"Uma pessoa estúpida.",
4510,peruse,"COD: read or examine thoroughly or carefully. ",25,Scrutiny,86,peruse,"COD: ler ou examinar completamente ou cuidadosamente.",
4511,scan,"COD: look at quickly in order to identify relevant features or information. ",25,Scrutiny,86,escaneamento,"COD: olhar rapidamente para identificar características ou informações relevantes.",
4514,search,"COD: an act of searching. ",25,Scrutiny,83,procurar,"COD: um ato de procura.",
4521,probe,"COD: physically explore or examine. ",25,Scrutiny,86,probe,"COD: explorar ou examinar fisicamente.",
4523,inspector,"COD: an official who ensures that regulations are obeyed.",25,Scrutiny,83,inspector,"COD: um funcionário que garante que as regulamentações sejam obedecidas.",
4524,assay,"FN: perform an analysis (e.g. of an ore or a drug) to ascertain the presence, absence, or quantity of certain components",25,Scrutiny,86,assayo,"FN: realizar uma análise (por exemplo, de um minério ou de um medicamento) para determinar a presença, ausência ou quantidade de certos componentes",
4527,rummage,"COD: search unsystematically and untidily for something.",25,Scrutiny,86,Rastejar,"COD: procurar de forma desordenada e desajeitada por algo.",
4528,surveyor,"COD: a person who surveys land, buildings, etc. as a profession.",25,Scrutiny,83,surveyor,"COD: uma pessoa que inspeciona terras, edifícios, etc., como profissão.",
4529,scout,"COD: make a detailed search of a place.",25,Scrutiny,86,escute,"COD: fazer uma busca detalhada de um lugar.",
4533,sweep,"FN: an act of searching a place for something",25,Scrutiny,83,varrer,"FN: um ato de procurar um lugar por algo",
4534,double-check,"COD: check again",25,Scrutiny,86,rever,"COD: cheque novamente",
4535,"spy out the land","FN: to secretely watch a place from hostile motives",25,Scrutiny,86,"Espionar o território","FN: observar secretamente um lugar por motivos hostis",
4536,once-over,"COD: a rapid inspection, search, or piece of work.",25,Scrutiny,83,"Uma olhada","COD: uma inspeção rápida, busca ou peça de trabalho.",
4537,comb,"COD: search carefully and systematically. ",25,Scrutiny,86,"escova de dentes","COD: procure cuidadosamente e sistematicamente.",
4538,frisk,"COD: pass the hands over (someone) in a search for hidden weapons or drugs. ",25,Scrutiny,86,frisar,"COD: passar as mãos sobre (alguém) em busca de armas ou drogas escondidas.",
4539,ransack,"COD: thoroughly search. ",25,Scrutiny,86,saquear,"COD: pesquise a fundo.",
4540,scour,"COD: subject to a thorough search",25,Scrutiny,86,"esfregar vigorosamente","COD: sujeito a uma busca minuciosa",
4542,analytic,"FN: used for or pertaining to analysis.",25,Scrutiny,84,Análise,"FN: usado para ou relacionado à análise.",
4545,unmonitored,"FN: not being monitored. ",25,Scrutiny,84,"não monitorado","FN: não está sendo monitorado.",
4548,explore,"FN: travel or look into an area in order to understand it",25,Scrutiny,86,Explore,"FN: viajar ou investigar uma área a fim de compreendê-la",
4549,rifle,"FN: go through, alert to the possibility of an item of interest.",25,Scrutiny,86,rifle,"FN: passar por, alerta para a possibilidade de um item de interesse.",
4550,pry,"FN: intrude into another' s private affairs by searching ininvited",25,Scrutiny,86,fenda,"FN: intrusar nos assuntos privados de outra pessoa pesquisando sem convite",
4553,blunt,"COD: uncompromisingly forthright in manner. ",26,Candidness,84,bruta,"COD: incondicionalmente franco em sua maneira.",
4554,candid,"COD: truthful and straightforward; frank. ",26,Candidness,84,candidato,"COD: verdadeiro e direto; franco.",
4555,coy,"COD: reluctant to give details about something sensitive. ",26,Candidness,84,coy,"COD: relutante em dar detalhes sobre algo sensível.",
4557,explicit,"COD: clear and detailed, with no room for confusion or doubt. ",26,Candidness,84,explícito,"COD: claro e detalhado, sem espaço para confusão ou dúvida.",
4560,frank,"COD: candid and honest.",26,Candidness,84,frank,"COD: candido e honesto.",
4562,open,"COD: frank and communicative. ",26,Candidness,84,abrir,"COD: franco e comunicativo.",
4563,outspoken,"COD: frank in stating one' s opinions. ",26,Candidness,84,fala-alto,"COD: franco ao expressar suas opiniões.",
4568,disingenuous,"COD: not candid or sincere, especially in pretending that one knows less about something than one really does",26,Candidness,84,desonesto,"COD: não candidato ou sincero, especialmente fingindo que se sabe menos sobre algo do que realmente se sabe",
4569,evasive,"COD: tending to avoid commitment or self-revelation, especially by responding only indirectly. ",26,Candidness,84,Evasivo,"COD: tendência em evitar compromisso ou auto-revelação, especialmente respondendo apenas indiretamente.",
4570,circumspect,"COD: cautious or prudent",26,Candidness,84,circumscrito,"COD: cauteloso ou prudente",
4571,honesty,"COD: the quality of being honest",26,Candidness,83,honestidade,"COD: a qualidade de ser honesto",
4572,ingenuous,"COD: innocent, artless, and unsuspecting",26,Candidness,84,ingenuo,"COD: inocente, ingênuo e despretencioso",
4573,bluntness,"FN: the quality of being blunt",26,Candidness,83,Frankitude,"FN: a qualidade de ser franco",
4574,candour,"COD: the quality of being open and honest. ",26,Candidness,83,Candour,"COD: a qualidade de ser aberto e honesto.",
4575,forthrightness,"FN: being  direct and outspoken",26,Candidness,83,franqueza,"FN: ser direto e franco",
4578,earnestness,"FN: being serious and sincere in intention",26,Candidness,83,Sincereidade,"FN: ser sério e sincero na intenção",
4579,dishonest,"COD: not honest, trustworthy, or sincere",26,Candidness,84,desonesto,"COD: não honesto, confiável ou sincero",
4580,devious,"FN: not straightfoward, characterized by insincerity or deceit",26,Candidness,84,Traiçoeiro,"FN: não direto, caracterizado por insinceridade ou desonestidade",
4581,true,"FN: Honest, forthright",26,Candidness,84,Verdadeiro.,"FN: Honesto, direto",
