idLU,lemmaName(en),senseDescription(en),idFrame,frameName,idPOS,lemmaName(pt),senseDescription(pt),idLemma(pt)
10036,restrict,"COD: deprive of freedom of movement or action. ",221,Inhibit_movement,86,restringir,"COD: privação da liberdade de movimento ou ação.",133850
10040,hold,"COD: keep in a specified position.",221,Inhibit_movement,86,agarrar,"COD: manter em uma posição especificada.",117233
10042,constraint,"FN: something that forcibly confines (someone or something)",221,Inhibit_movement,83,restrição,"FN: algo que confina à força (alguém ou alguma coisa)",32317
10047,braid,"COD: form a braid with three or more strands",222,Rope_manipulation,86,trança,"COD: formar uma trança com três ou mais mechas",70744
10048,tie,"FN: to form (a knot)",223,Knot_creation,86,amarrar,"FN: formar (um nó)",122886
10050,"tie up","FN: immobilize someone or something",225,Immobilization,86,amarrar,"FN: imobilizar alguém ou algo",122886
10052,"lock up","FN: make or become rigidly fixed or immovable by locking",225,Immobilization,86,bloqueio,"FN: fazer ou tornar-se rigidamente fixo ou imóvel por travamento",1042
34110,article,"A specific item.",226,Entity,83,artigo,"Um item específico.",14100
34150,everything,"A collective representing all entities.",226,Entity,88,tudo,"Um coletivo representando todas as entidades.",139299
34232,plate,"A flat and round container, usually used for food serving or eating.",226,Entity,83,prato,"Um recipiente achatado e redondo, geralmente usado para servir ou comer comida.",1969
34238,rainbow,"A curved shape containing seven colors that occurs when the sunlight hits the particles of water in the air after a rain.",226,Entity,83,arco-íris,"A forma curvada contendo sete cores que ocorre quando a luz solar atinge as partículas de água no ar após uma chuva.",13821
34245,trash,"Discarded items.",226,Entity,83,lixo,"Itens descartados.",7973
34261,waste,"Discarded items.",226,Entity,83,descarte,"Itens descartados.",19289
34275,label,"A piece of material attached to an object that gives information about it.",226,Entity,83,rótulo,"Um pedaço de material anexado a um objeto que fornece informações sobre ele.",32737
34337,resource,"A material, or other assets, that can be used by a person or organization in order to achieve a goal..",226,Entity,83,recurso,"Os materiais ou outros ativos que podem ser usados por uma pessoa ou organização para alcançar um objetivo.",31909
10065,link,"COD: make, form, or suggest a link with or between.",227,Make_cognitive_connection,86,ligação,"COD: fazer, forma ou sugerir um vínculo com ou entre.",6654
10068,linked,"FN: The conceptual connectedness between people or things made by a cognizer. ",227,Make_cognitive_connection,84,ligado,"FN: A conectividade conceitual entre pessoas ou coisas feitas por um cognizador.",73281
10071,connection,"COD:  link or relationship between people or things. ",228,Social_connection,83,conexão,"COD:  link ou relação entre pessoas ou coisas.",17946
10075,closeness,"FN: degree of mutual concern and fondness in a relationship.",228,Social_connection,83,Proximidade,"FN: grau de preocupação mútua e afinidade em um relacionamento.",31121
10078,intimate,"FN: of a private or personal nature",228,Social_connection,84,intimo,"FN: de natureza privada ou pessoal",73693
10079,intimate,"FN: promoting or having a friendly atmosphere.",228,Social_connection,84,intimo,"FN: promover ou ter uma atmosfera amigável.",73693
10080,link,"FN: a relationship",228,Social_connection,83,ligação,"FN: um relacionamento",6654
10081,button,"COD: with obj. 1. fasten or be fastened with buttons. ",229,Closure,86,botão,"COD: com botões",697
10084,buckle,"COD: with obj. fasten or decorate with a buckle. ",229,Closure,86,cintura,"COD: com objeto de prender ou decorar com uma fivela.",17365
10085,cap,"COD: a.put or form a lid or cover on. ",229,Closure,86,tampa,"COD: colocar ou formar uma tampa ou cobertura.",34317
10087,lace,"COD:  fasten or be fastened with a lace or laces. ",229,Closure,86,renda,"COD: prender ou ser preso com uma fita ou fitas.",32166
10093,fasten,"COD: close or do up securely",229,Closure,86,Aperto,"COD: fechar ou prender com segurança",13615
10095,tie,"FN: (of shoes or clothing) form a knot in the laces of in order to close.",229,Closure,86,amarrar,"FN: (de calçados ou de vestuário) formar um nó nas amarras para fechar.",122886
34282,envelope,"The act to cover and completely close other entity.",229,Closure,86,Carta,"O ato de cobrir e fechar completamente outra entidade.",8930
