idLU,lemmaName(en),senseDescription(en),idFrame,frameName,idPOS,lemmaName(pt),senseDescription(pt),idLemma(pt)
7299,glister,"FN: to illuminate an object by emitting a sparkle",96,Location_of_light,86,Glister,"FN: iluminar um objeto emitindo um brilho",
7300,glister,"FN: a sparkle which illuminates an object",96,Location_of_light,83,brilhar,"FN: um brilho que ilumina um objeto",
7306,implement,"COD: a tool, utensil, or other piece of equipment, used for a particular purpose. ",97,Gizmo,83,Implementar,"COD: uma ferramenta, utensílio ou outro equipamento utilizado para um propósito específico.",
7312,gadget,"COD: a small mechanical device or tool",97,Gizmo,83,gadget,"COD: um pequeno dispositivo ou ferramenta mecânica",
7314,contraption,"COD: a machine or device that appears strange or unnecessarily complicated.",97,Gizmo,83,contrapção,"COD: uma máquina ou dispositivo que parece estranho ou desnecessariamente complicado.",
7316,mechanical,"FN: of or pertaining to machines or machinery.",97,Gizmo,84,mecânica,"FN: de ou relacionado a máquinas ou maquinaria.",
7317,centrifuge,"COD: a machine with a rapidly rotating container that applies centrifugal force to its contents, used chiefly to separate liquids from solids.",97,Gizmo,83,centrífugo,"COD: uma máquina com um recipiente que gira rapidamente, aplicando força centrífuga ao seu conteúdo, usada principalmente para separar líquidos de sólidos.",
7321,gear,"COD: apparatus or equipment",97,Gizmo,83,engrenagem,"COD: aparelho ou equipamento",
32126,opener,"a device for opening something, especially a container.",97,Gizmo,83,abridor,"Um dispositivo para abrir algo, especialmente um recipiente.",
7332,examine,"COD: test the [knowledge or] proficiency of",98,Examination,86,examine,"COD: teste da [conhecimento ou] proficiência de",
7337,broad,"COD: of a specified distance wide",99,Dimension,84,ampla,"COD: de uma distância especificada de largura",
7338,thick,"FN: the measure of the width of an object (used with a number)",99,Dimension,84,gordo,"FN: medida da largura de um objeto (usado com um número)",
7342,breadth,"COD: the distance or measurement from side to side of something",99,Dimension,83,Amplitude,"COD: a distância ou medida de um lado do outro de algo",
7343,depth,"COD: the distance from the top or surface to the bottom of something or to a specified point within it",99,Dimension,83,profundidade,"COD: a distância do topo ou superfície ao fundo de algo ou a um ponto especificado dentro dele",
7353,circumference,"COD: the enclosing boundary of a circle.",99,Dimension,83,circumferência,"COD: o limite delimitador de um círculo.",
7355,around,"FN: indicating that a measurement pertains to a circumference or perimeter.",99,Dimension,89,"em volta de","FN: indicando que uma medição se refere a um perímetro ou circunferência.",
7361,reside,"COD: have one' s permanent home in a particular place. ",100,Residence,86,reside,"COD: ter uma residência permanente em um lugar específico.",
7364,dwell,"COD: live in or at a place.",100,Residence,86,dwell,"COD: morar em ou em um lugar.",
7365,stay,"COD: stay for the night at someone' s home or a hotel.",100,Residence,86,fique,"COD: ficar de noite na casa de alguém ou em um hotel.",
7366,lodge,"COD: rent accommodation in another person' s house. ",100,Residence,86,albergaria,"COD: alugar hospedagem na casa de outra pessoa.",
7373,camped,"FN: be in camp at a location",100,Residence,84,Acampou,"FN: estar em acampamento num local",
7375,squatter,"FN: somebody who occupies property without right or title or without paying rent",100,Residence,83,esquenta,"FN: alguém que ocupa uma propriedade sem direito ou título ou sem pagar aluguel",
7381,"shack up","FN: stay or reside with (especially unmarried couples)",100,Residence,86,"Arranjar um lugar para ficar","FN: ficar ou residir com (especialmente casais não casados)",
7382,bivouac,"FN: stay in a camp without shelter.",100,Residence,86,bivac,"FN: fique em um acampamento sem abrigo.",
7383,bivouac,"COD: a temporary camp without tents or cover.",100,Residence,83,bivac,"COD: um acampamento temporário sem tendas ou cobertura.",
7384,tenant,"FN: a person living in a rented property",100,Residence,83,inquilino,"FN: uma pessoa que vive em uma propriedade alugada",
7386,pupil,"COD: a person who is taught by another, especially a schoolchild. ",101,Education_teaching,83,pupilo,"COD: uma pessoa que é ensinada por outra, especialmente um estudante escolar.",
7392,schoolmaster,"COD: a male teacher in a school. ",101,Education_teaching,83,escola-mestre,"COD: um professor masculino em uma escola.",
7393,schoolmistress,"COD: a female teacher in a school",101,Education_teaching,83,"diretora de escola","COD: uma professora feminina em uma escola",
