idLU,lemmaName(en),senseDescription(en),idFrame,frameName,idPOS,lemmaName(pt),senseDescription(pt),idLemma(pt)
6510,folder,"COD: a folding cover or wallet for storing loose papers. ",72,Containers,83,pasta,"COD: uma capa ou carteira dobrável para armazenar papéis soltos.",29677
6511,rucksack,"COD: .a bag with two shoulder straps which allow it to be carried on the back, used by hikers. ",72,Containers,83,mochila,"COD: . uma mochila com alças de ombro que a permitem ser carregada nas costas, usada por caminhantes.",27977
6521,"toilet bowl",FN:,72,Containers,83,"vaso sanitário",FN:,70046
6526,tank,"COD: a large receptacle or storage chamber, especially for liquid or gas. ",72,Containers,83,tanque,"COD: um grande recipiente ou câmara de armazenamento, especialmente para líquidos ou gases.",8769
6530,drawer,"COD: a lidless box-like storage compartment made to slide horizontally in and out of a desk or chest.",72,Containers,83,gaveta,"COD: uma compartimento de armazenamento sem tampa, em forma de caixa, projetado para deslizar horizontalmente para dentro e para fora de uma mesa ou baú.",23321
6542,lengthy,"COD: of considerable or unusual duration",73,Duration_description,84,extenso,"COD: de considerável ou duração incomum",81689
