idLU,lemmaName(en),senseDescription(en),idFrame,frameName,idPOS,lemmaName(pt),senseDescription(pt),idLemma(pt)
7205,granddaughter,"COD: a daughter of one' s son or daughter",95,Kinship,83,neta,"COD: uma filha de um filho ou filha",
7206,niece,"COD: a daughter of one' s brother or sister, or of one' s brother-in-law or sister-in-law",95,Kinship,83,neta,"COD: filha do irmão ou da irmã, ou do cunhado ou da cunhada",
7212,mother-in-law,"FN: the mother of a person' s spouse",95,Kinship,83,sogra,"FN: a mãe do cônjuge de uma pessoa",
7217,stepdaughter,"COD: a daughter of one' s husband or wife by a previous marriage",95,Kinship,83,enteada,"COD: filha do marido ou esposa de alguém por um casamento anterior",
7220,stepbrother,"COD: a son of one' s step-parent, by a marriage other than that with one' s own father or mother",95,Kinship,83,irmão-de-criação,"COD: filho do padrasto ou da madrasta por um casamento diferente daquele com o próprio pai ou mãe",
7221,stepsister,"COD: a daughter of one' s step-parent by a marriage other than with one' s own father or mother",95,Kinship,83,"irmã de criação","COD: uma filha de um padrasto ou madrasta por um casamento diferente do que com o próprio pai ou mãe",
7223,sister-in-law,"COD: the sister of one' s wife or husband, or the wife of one' s brother or brother-in-law. ",95,Kinship,83,cunhada,"COD: a irmã da esposa ou do marido de alguém, ou a esposa do irmão ou do cunhado de alguém.",
7228,great-granddaughter,"FN: the daughter of one' s child' s son or daughter.",95,Kinship,83,bisneta,"FN: filha do filho de alguém.",
7236,descendant,"COD: a person, animal, etc. that is descended from a particular ancestor",95,Kinship,83,descendente,"COD: uma pessoa, animal, etc. que descende de um ancestral específico",
7239,kinsman,"COD: pl. -men or -women (in anthropological or formal use) one of a person' s blood relations",95,Kinship,83,Quinão,"COD: pl. -men ou -women (em uso antropológico ou formal) um dos parentes de sangue de uma pessoa",
7240,kinsfolk,"COD: (in anthropological or formal use) a person' s blood relations, regarded collectively",95,Kinship,83,kinsfolk,"COD: (em uso antropológico ou formal) os laços sanguíneos de uma pessoa, considerados coletivamente",
7241,kinswoman,"FN: one of a person' s female blood relations",95,Kinship,83,"parente do sexo feminino","FN: uma das relações femininas de sangue de uma pessoa",
7243,kin,"COD: in sing. treated as pl. one' s family and relations. ",95,Kinship,83,cin,"COD: no singular. Trata-se do plural de um substantivo que significa ""um(a)'s família e parentes"".",
7244,maternal,"COD: of or relating to a mother.",95,Kinship,84,maternal,"COD: de ou relacionado à mãe.",
7245,paternal,"COD: of or appropriate to a father",95,Kinship,84,Patrocinador,"COD: de ou adequado a um pai",
7247,filial,"COD: of, relating to, or due from a son or daughter.",95,Kinship,84,filial,"COD: de, relativo a ou devido de um filho ou filha.",
7248,ancestral,"FN: pertaining to (one' s) ancestors. ",95,Kinship,84,ancestral,"FN: referente aos ancestrais de alguém.",
7249,scion,"COD: a descendant of a notable family or one with a long lineage",95,Kinship,83,escória,"COD: um descendente de uma família notável ou com uma longa linhagem",
7251,offspring,"COD: a person' s child or children, or the young of an animal.",95,Kinship,83,offspring,"COD: o filho ou filhos de uma pessoa, ou os filhotes de um animal.",
7255,kinship,"FN: The relations between anthropomorphic entities which constitute a classification as ""kinship""",95,Kinship,83,kinship,"FN: As relações entre entidades antropomórficas que constituem uma classificação como ""parentesco",
31023,ma,"informal one's mother",95,Kinship,83,ma,"informal uma mãe",
7258,glimmer,"FN: to light up an entity faintly with a wavering light",96,Location_of_light,86,"brilho fraco","FN: para iluminar uma entidade com luz fraca e vacilante",
7266,shine,"FN: to illuminate an object by giving out a bright light",96,Location_of_light,86,brilhe,"FN: iluminar um objeto emitindo uma luz brilhante",
7268,flicker,"FN: to reflect light off of or from an object intermittenly",96,Location_of_light,86,flicker,"FN: refletir luz de ou em um objeto de forma intermitente",
7269,coruscate,"FN: to flash or sparkle as an object because the reflection or emission of light ",96,Location_of_light,86,Coruscate,"FN: brilhar ou cintilar como um objeto devido à reflexão ou emissão de luz",
7271,scintillate,"FN: to illuminate an entity by emitting flashes of light ",96,Location_of_light,86,scintilar,"FN: iluminar uma entidade emitindo flashes de luz",
7272,flare,"FN: to suddenly light up, as though the object is on fire",96,Location_of_light,86,flamejante,"FN: acender de repente, como se o objeto estivesse em chamas",
7275,glimmer,"FN: a faint or wavering light shining on an entity",96,Location_of_light,83,"brilho fraco","FN: uma luz fraca ou vacilante brilhando em uma entidade",
7278,scintillation,"COD: a flash of light. ",96,Location_of_light,83,scintilação,"COD: um relâmpago.",
7281,twinkle,"FN: a sparkle or gleam that illuminates an object",96,Location_of_light,83,brilhar,"FN: um brilho ou um reluzir que ilumina um objeto",
7282,flashing,"FN: giving off light in bright, sudden and/or intermittent bursts.",96,Location_of_light,84,piscar,"FN: emitindo luz em feixes brilhantes, súbitos e/ou intermitentes.",
7286,glistening,"FN: illuminating an object by giving off a sparkle",96,Location_of_light,84,brilhando,"FN: iluminar um objeto emitindo um brilho",
7287,shining,"FN: reflecting light brightly.",96,Location_of_light,84,brilhando,"FN: refletindo luz intensamente.",
7288,shine,"FN: a glow of bright light which illuminates an object",96,Location_of_light,83,brilhe,"FN: um brilho de luz brilhante que ilumina um objeto",
7291,lambent,"COD: glowing or flickering with a soft radiance. ",96,Location_of_light,84,lambente,"COD: brilhante ou piscando com um brilho suave.",
7293,lambency,"FN: a glow or soft radiant flicker",96,Location_of_light,83,lambência,"FN: um brilho ou uma luz suave e radiante",
