idLU,lemmaName(en),senseDescription(en),idFrame,frameName,idPOS,lemmaName(pt),senseDescription(pt),idLemma(pt)
31796,"foul pole","in a baseball field, the foul pole at the end of each foul line helps the umpire judge whether a fly ball hit over the fence is foul (out of play), or fair (home run).",1364,Sports_venues_subparts,83,"mastro de impedimento","Em um campo de beisebol, o poste de falta no final de cada linha de falta ajuda o árbitro a julgar se uma bola voadora rebatida por cima da cerca é justa (homerun) ou fora de jogo.",
31799,"warning track","in a baseball field, it is a strip of dirt or gravel running along the fence. It warns the outfielder trying to make a deep catch that he is fast approaching the fence.",1364,Sports_venues_subparts,83,"faixa de segurança","Em um campo de beisebol, é uma faixa de terra ou cascalho que corre ao longo da cerca. Ele avisa o jardineiro que está tentando fazer uma captura profunda que ele está se aproximando rapidamente da cerca.",
31800,"infield boundary","in a baseball field, most action takes place in the infield area to the right. The grass line marks the limit with the outfield boundary.",1364,Sports_venues_subparts,83,"limite interno","No campo de beisebol, a maior parte da ação acontece na área do infield à direita. A linha de grama marca o limite com a fronteira do outfield.",
31801,"outfield boundary","in a baseball field, it is the area beginning at the grass line and ending at the fence.",1364,Sports_venues_subparts,83,"limite do campo de jogo","No campo de beisebol, é a área que começa na linha do gramado e termina no cercado.",
31803,"landing area","area used for landing in certain sports involving jumping.",1364,Sports_venues_subparts,83,"área de pouso","Área usada para pouso em alguns esportes que envolvem salto.",
31808,"restricted area","in basketball, it is also called the demijohn. It consists of the free-throw line and two lines that start from the free-throw line and continue until the end. Within the restricted area, attacking players can only remain for 3 seconds.",1364,Sports_venues_subparts,83,"área restrita","No basquete, também é chamado de ""demijohn"". Consiste na linha de lance livre e duas linhas que partem da linha de lance livre e continuam até o final. Dentro da área restrita, os jogadores atacantes só podem permanecer por 3 segundos.",
31810,paint,"in basketball, it is also called the demijohn. It consists of the free-throw line and two lines that start from the free-throw line and continue until the end. Within the restricted area, attacking players can only remain for 3 seconds.",1364,Sports_venues_subparts,83,pinte,"No basquete, também é chamado de ""demijohn"". Consiste na linha de lance livre e duas linhas que partem da linha de lance livre e continuam até o final. Dentro da área restrita, os jogadores atacantes podem permanecer apenas por 3 segundos.",
31815,"penalty line","in the handball court, it is a nine-meter line dashed three meters away from the goal area line.",1364,Sports_venues_subparts,83,"linha de penalidade","Na quadra de handebol, é uma linha de nove metros traçada três metros atrás da linha do gol.",
31819,"shooting circle","in field hockey, it is the semicircle next to the goal, which marks the area where it is allowed to throw the ball into the goal.",1364,Sports_venues_subparts,83,"círculo de tiro","No hóquei em campo, é o semicírculo ao lado do gol, que marca a área onde é permitido jogar a bola no gol.",
31820,"striking circle","in field hockey, it is the semicircle next to the goal, which marks the area where it is allowed to throw the ball into the goal.",1364,Sports_venues_subparts,83,"circuito de ataque","No hóquei em campo, é o semicírculo ao lado do gol, que marca a área onde é permitido jogar a bola dentro do gol.",
31823,"flag post","flag-shaped structure in the corners of the field.",1364,Sports_venues_subparts,83,"bandeira posta","Estrutura em forma de bandeira nos cantos do campo.",
31826,three-pointer,"in a basketball court, a player who scores a field goal from anywhere outside this line, earns three points.",1364,Sports_venues_subparts,83,triplo,"Em uma quadra de basquete, um jogador que acerta um cesto de fora desta linha, ganha três pontos.",
31829,"base line","in the basketball court, this line marks the boundary of play at either side of the court.",1364,Sports_venues_subparts,83,"linha de base","No campo de basquete, esta linha marca o limite do jogo em cada lado da quadra.",
31830,baseline,"in the basketball court, this line marks the boundary of play at either side of the court.",1364,Sports_venues_subparts,83,"linha de base","Na quadra de basquete, esta linha marca a fronteira do jogo em cada lado da quadra.",
31834,"ten-meter line","in the rugby field, When the game starts or re-starts with a kickoff, the player taking the kick must hit it past the ten-meter line. The teamreceiving the ball must stand behind this line.",1364,Sports_venues_subparts,83,"linha de 10 metros","No campo de rúgbi, quando o jogo começa ou recomeça com um chute inicial, o jogador que chuta deve acertar o chute além da linha dos dez metros. A equipe que recebe a bola deve ficar atrás dessa linha.",
31836,"in-goal area","in the rugby field, a player scores a try by touching the ball down on the ground within the in-goal area. The try line counts as part of the in-goal area.",1364,Sports_venues_subparts,83,"área de meta","No campo de rúgbi, um jogador marca um ""try"" tocando o bola no chão dentro da área de meta. A linha de ""try"" é considerada parte da área de meta.",
31838,"dead-ball line","in the rugby field, the dead-ball line marks the end of the
in-goal area.",1364,Sports_venues_subparts,83,"linha de bola morta","No campo de rúgbi, a linha de escanteio marca o fim da área de meta.",
31840,"try line","in the rugby field, the try line marks the start of the in-goal area.",1364,Sports_venues_subparts,83,"Tente linha","No campo de rúgbi, a linha de tentativa marca o início da área de meta.",
31842,"throw-in line","in the rugby field, this line is marked five meters from the touchline. At a line-out, players line up next to each other, with the first player in the line standing on the throw-in line.",1364,Sports_venues_subparts,83,"linha de arremesso","No campo de rúgbi, esta linha é marcada a cinco metros da linha de toque. Em um line-out, os jogadores se alinham uns ao lado dos outros, com o primeiro jogador na linha ficando na linha de chute.",
31847,"back line","in the hockey field, this is the limit of the field at each end.
The part of the back line between the posts is known as the goal line.",1364,Sports_venues_subparts,83,"linha de trás","No campo de hóquei, é o limite do campo em cada extremidade.
A parte da linha de trás entre os postes é conhecida como linha de gol.",
31849,"back zone","in the volleyball court, it is the area patrolled by the defenders.",1364,Sports_venues_subparts,83,"zona de retrocesso","No campo de vôlei, é a área patrulhada pelos defensores.",
31853,"free zone","in the volleyball court, it is a five-meter wide area in internationals.",1364,Sports_venues_subparts,83,"zona franca","No campo de voleibol, é uma área de cinco metros de largura em internacionais.",
31861,"goalkeeper line","in the handball court, the keeper must not stand in front
of it when facing a seven-meter throw.",1364,Sports_venues_subparts,83,"linha de goleiro","No campo de handebol, o goleiro não deve ficar na frente do lance de sete metros.",
32139,"hand-off zone","part of the athletics track where it is allowed to pass the baton in relay races.",1364,Sports_venues_subparts,83,"zona de entrega","Parte da pista de atletismo onde é permitido passar o bastão nas corridas de revezamento.",
22096,"base of operation","headquarters denotes the location where most, if not all, of the important functions of an organization are coordinated.",1365,Hosting_event,83,"base de operações","denota a sede onde a maioria, se não todas, as funções importantes de uma organização são coordenadas.",
22098,"central office","the office that serves as the administrative center of an enterprise. Tt is usually used in the plural form.",1365,Hosting_event,83,"escritório central","o escritório que serve como centro administrativo de uma empresa; costuma ser usado no plural.",
22099,"main office","the office that serves as the administrative center of an enterprise. It is usually used in the plural form.",1365,Hosting_event,83,"sede principal","o escritório que serve como centro administrativo de uma empresa. É geralmente usado no plural.",
24577,host,"to organize and run an event.",1365,Hosting_event,86,anfitrião,"Organizar e executar um evento.",
24578,organize,"to arrange an event by systematic planning.",1365,Hosting_event,86,organize,"arrumar um evento por planejamento sistemático.",
24581,host,"a place, city or country which host events.",1365,Hosting_event,83,host,"Um lugar, cidade ou país que recebe eventos.",
29517,"host nation","the country that organizes a big event and where the event takes place.",1365,Hosting_event,83,"nação anfitriã","o país que organiza um grande evento e onde o evento acontece.",
18496,concede,"FN: to finally admit or agree that something is true",1367,Affirm_or_deny,86,concede,"FN: finalmente admitir ou concordar que algo é verdade",
14074,"button lip","FN: stop speaking and remain silent",1371,Becoming_silent,86,"botão lábio","FN: pare de falar e fique em silêncio",
14075,"hold tongue","COD: remain silent",1371,Becoming_silent,96,"Segure a língua.","COD: permanecer em silêncio",
14076,hush,"COD: to become quiet",1371,Becoming_silent,86,Calem-se!,"COD: ficar quieto",
14077,"hush up","FN: to be made silent",1371,Becoming_silent,86,"Feche a boca.","FN: para ser silenciada",
14079,"quiet down","FN: to make less noise than one was previously making",1371,Becoming_silent,86,Acalme-se.,"FN: fazer menos barulho do que se fazia antes",
14080,shush,"COD: be quiet.",1371,Becoming_silent,86,Calma!,"COD: fique quieto.",
14081,"shut up","FN: to stop making noise",1371,Becoming_silent,86,Cale-se!,"FN: para parar de fazer barulho",
14082,"stow it","FN: refrain from speaking any further",1371,Becoming_silent,86,Guarde-o.,"FN: refreie-se de falar mais",
14085,sh,"COD: used to call for silence.",1371,Becoming_silent,92,sh,"COD: usado para pedir silêncio.",
14088,"pipe down","FN: lower one' s volume",1371,Becoming_silent,86,Acalme-se!,"FN: abaixe o volume",
14089,quiet,"FN: the state of being silent. Often occurs with verbs (keeping, remaining, staying).",1371,Becoming_silent,83,calmo,"FN: o estado de silêncio. Frequentemente ocorre com verbos (manter, permanecer, ficar).",
14090,"seal lips","FN: to not discuss an event",1371,Becoming_silent,86,"selar lábios","FN: não discutir um evento",
14091,"not a word","FN: (imperative only) refrain from saying anything else",1371,Becoming_silent,96,"não uma palavra","FN: (somente imperativo) abstenha-se de dizer mais alguma coisa",
13651,questionable,"COD: of suspect morality, honesty, value, etc.",1373,Being_questionable,84,questionável,"COD: de suspeita de moralidade, honestidade, valor, etc.",
13652,fishy,"COD: arousing feelings of doubt or suspicion.",1373,Being_questionable,84,Fedorento,"COD: provocando sentimentos de dúvida ou suspeita.",
13653,dubious,"COD: not to be relied upon.",1373,Being_questionable,84,dubioso,"COD: não pode ser confiável.",
18512,bill,"FN: to inform of a debt in writing.",1374,Billing,86,bilhete,"FN: para informar de uma dívida por escrito.",
7626,back,"COD: he rear surface of the human body from the shoulders to the hips. ",1375,Body_parts,83,"de volta","COD: a superfície posterior do corpo humano, desde os ombros até as ancas.",
7628,belly,"COD: the front part of the human trunk below the ribs, containing the stomach and bowels. ",1375,Body_parts,83,barrigas,"COD: a parte frontal do tronco humano abaixo das costelas, contendo o estômago e os intestinos.",
