idLU,lemmaName(en),senseDescription(en),idFrame,frameName,idPOS,lemmaName(pt),senseDescription(pt),idLemma(pt)
7197,son,"COD: a boy or man in relation to his parents",95,Kinship,83,sono,"COD: um menino ou homem em relação aos seus pais",33648
7213,father-in-law,"FN: the father of a person' s spouse",95,Kinship,83,sogro,"FN: o pai da pessoa cônjuge",33588
7214,son-in-law,"FN: the husband of a person' s daughter",95,Kinship,83,genro,"FN: o marido de uma filha da pessoa",23369
7222,brother-in-law,"COD: the brother of one' s wife or husband, or the husband of one' s sister or sister-in-law. ",95,Kinship,83,cunhado,"COD: o irmão da esposa ou do marido de alguém, ou o marido da irmã ou da cunhada de alguém.",61844
7231,child,"COD: a son or daughter of any age",95,Kinship,83,criança,"COD: o filho ou filha de qualquer idade",666
7232,in-law,"COD: a relative by marriage",95,Kinship,83,cunhado,"COD: um parente por casamento",61844
7250,kid,"COD: (informal) a child or young person. ",95,Kinship,83,criança,"COD: (informal) uma criança ou jovem.",666
7252,clan,"FN: group of people who are related by blood or by marriage",95,Kinship,83,clã,"FN: grupo de pessoas relacionadas por sangue ou casamento",17562
7253,people,"FN: a noun which describes a general familial lineage. ",95,Kinship,83,pessoas,"FN: um substantivo que descreve uma linhagem familiar geral.",9003
7254,name,"FN: Refers to a surname, literally or figuratively, to which members of a family are bound, as with a Dynasty or House.",95,Kinship,83,nome,"FN: Refere-se a um sobrenome, literalmente ou metaforicamente, ao qual os membros de uma família estão ligados, como em uma Dinastia ou Casa.",6830
34354,heritage,"Features belonging to the traditions, languages, or buildings, of one's ancestor.",95,Kinship,83,herança,"Características pertencentes às tradições, idiomas ou edifícios de um ancestral.",24156
7256,glow,"COD:  give out steady light without flame.",96,Location_of_light,86,brilho,"COD: dar luz estável sem chama.",7389
7260,shimmer,"COD:  shine with a soft tremulous light. ",96,Location_of_light,86,brilho,"COD: brilhar com uma luz tremulante suave.",7389
7261,glint,"FN: to illuminate an entity by giving out or reflecting small flashes of light. ",96,Location_of_light,86,brilho,"FN: iluminar uma entidade emitindo ou refletindo pequenos lampejos de luz.",7389
7262,flash,"COD: shine or cause to shine in a bright but brief, sudden, or intermittent way. ",96,Location_of_light,86,flash,"COD: brilhar ou causar para brilhar de uma maneira brilhante mas breve, súbita ou intermitente.",7387
7263,sparkle,"COD: shine brightly with flashes of light. ",96,Location_of_light,86,brilho,"COD: brilhe intensamente com faíscas de luz.",7389
7264,gleam,"FN: to light up an entity brighly",96,Location_of_light,86,brilho,"FN: para iluminar uma entidade brilhantemente",7389
7265,glitter,"FN: to illuminate by emitting a shimmering light",96,Location_of_light,86,brilho,"FN: iluminar emitindo uma luz cintilante",7389
7270,flame,"FN: to shine light on an object as if by fire light",96,Location_of_light,86,fogo,"FN: para iluminar um objeto como se fosse luz de fogo",10788
7276,flicker,"FN: the reflection of light off of or from an object intermittently",96,Location_of_light,83,piscar,"FN: a reflexão da luz de um objeto intermitentemente",66158
7290,lustre,"COD: a gentle sheen or soft glow. ",96,Location_of_light,83,lustre,"COD: um brilho suave ou suave.",26682
